date,symbol,sector,day_return_pct,intraday_return_pct,range_pct,open,high,low,close,volume,prev_setup_types,setup_types,prev_gamma_regime,gamma_regime,prev_structural_bias,structural_bias,prev_ifs_score,ifs_score,prev_ml_breakout_prob,ml_breakout_prob,prev_net_inv_shift,net_inv_shift,prev_gex_shift,gex_shift,prev_iv_shift,iv_shift,trend_ret20_pct,trend_rs20_pct
2025-06-26,TIINDIA,NIFTY AUTO,5.220222673482255,4.205963938973656,5.440033606385208,2884.0,3012.0,2856.6,3005.3,1595455,,REGIME_SHIFT|PINCH_ZONE,,TRANSITION_REGIME,,Expansion,,19.6,,49.2,,218600.0,,-6778.8887101653545,,-0.48452884700008636,,
2025-06-26,HINDCOPPER,Other,4.9610369570249,4.365170694284615,6.251212603313805,260.7,273.82,257.71,272.08,15247596,,,,TRANSITION_REGIME,,Expansion,,-51.8,,56.2,,-1089150.0,,-287596.954145474,,-0.43089624478812966,,
2025-06-26,DALBHARAT,NIFTY COMMODITIES,4.660490879572166,4.421152929966654,4.780078236809482,2099.0,2196.4,2096.2,2191.8,727820,,,,TRANSITION_REGIME,,Expansion,,0.0,,51.0,,-136050.0,,-9178.718326439146,,-0.5501148397443598,,
2025-06-26,SAIL,NIFTY METAL,4.1790113831280395,3.6617532971295663,4.26392779333955,128.9,134.0,128.52,133.62,24148009,,IV_SKEW_ACCUMULATION,,TRANSITION_REGIME,,Expansion,,100.0,,49.2,,6434900.0,,-32049.002500026545,,-0.3849217042914533,,
2025-06-26,SHRIRAMFIN,NIFTY FIN SERVICE,4.162346319063848,4.154632303932471,4.938820912124586,675.15,707.55,674.25,703.2,19068571,,,,TRANSITION_REGIME,,Expansion,,61.9,,49.2,,1064400.0,,-59390.725666397106,,-0.3492256903032763,,
2025-06-26,JINDALSTEL,NIFTY METAL,3.8047613871073027,3.2882639264467217,4.082519001085783,924.5,958.6,921.0,954.9,2568931,,,,TRANSITION_REGIME,,Expansion,,27.1,,56.2,,403750.0,,8795.125734536057,,-0.3192910603047226,,
2025-06-26,SHREECEM,NIFTY COMMODITIES,3.5425623387790095,3.347064881565398,3.501544799176104,29130.0,30150.0,29130.0,30105.0,98924,,REGIME_SHIFT,,TRANSITION_REGIME,,Expansion,,8.2,,49.2,,21875.0,,-3252.4288392547246,,-0.3779719491492076,,
2025-06-26,BPCL,NIFTY OIL & GAS,3.1758448060074995,3.4185353614552216,3.8105692331817487,318.85,331.0,318.85,329.75,15528180,,IV_SKEW_ACCUMULATION,,LONG_GAMMA,,Expansion,,100.0,,49.2,,4454825.0,,-242419.1923868914,,-0.33907001946485327,,
2025-06-26,VEDL,NIFTY METAL,3.0659576875212258,2.8216704288938965,3.5928822396010585,443.0,457.0,441.15,455.5,10412097,,,,TRANSITION_REGIME,,Expansion,,100.0,,47.8,,4069850.0,,-96555.33444825222,,-0.3175947004843086,,
2025-06-26,JSL,Other,3.0359263657957047,3.0359263657957047,3.9821693907875044,673.6,699.8,673.0,694.05,1859912,,PINCH_ZONE|IV_SKEW_ACCUMULATION,,TRANSITION_REGIME,,Expansion,,15.9,,47.8,,217475.0,,-18590.10155718609,,-0.5227140344538119,,
2025-06-27,ATGL,Other,5.716056076214104,5.31635802469137,7.116393948749611,648.0,693.9,647.8,682.45,11651442,IV_SKEW_ACCUMULATION,REGIME_SHIFT|INVENTORY_MIGRATION,TRANSITION_REGIME,TRANSITION_REGIME,Dealer Controlled,Expansion,11.0,-42.5,44.0,57.9,165950.0,-991375.0,-54194.77123865219,39164.084127696755,-0.33695613316967055,0.21459946382028605,,
2025-06-27,MGL,Other,4.47101098749223,4.47101098749223,5.924845453914007,1447.1,1525.0,1439.7,1511.8,1986072,VOLATILITY_COIL,INVENTORY_MIGRATION,TRANSITION_REGIME,TRANSITION_REGIME,Compression,Expansion,14.2,-22.3,42.1,62.9,287600.0,-563200.0,-79022.36403660214,26093.67278887291,-0.4194956939880476,0.1860215505632638,,
2025-06-27,HINDPETRO,NIFTY OIL & GAS,4.449202950273601,4.287920180544003,4.970795088806779,420.95,440.3,419.45,439.0,15352970,REGIME_SHIFT|PINCH_ZONE,INVENTORY_MIGRATION|IV_SKEW_ACCUMULATION,TRANSITION_REGIME,TRANSITION_REGIME,Expansion,Expansion,58.2,100.0,47.1,61.3,1081350.0,2379375.0,-446600.8395168507,-38162.175174810516,-0.4211812580053458,0.14331199614652934,,
2025-06-27,TORNTPHARM,NIFTY PHARMA,3.689681923972077,-0.25671641791044086,2.738059020383332,3350.0,3377.0,3287.0,3341.4,1739609,VOLATILITY_COIL|REGIME_SHIFT|IV_SKEW_ACCUMULATION,INVENTORY_MIGRATION|IV_SKEW_ACCUMULATION,TRANSITION_REGIME,TRANSITION_REGIME,Compression,Expansion,2.9,3.7,41.5,57.9,62750.0,-40500.0,-18861.476572915344,1121.2969472804361,-0.3968417943609831,0.15887508201711012,,
2025-06-27,JIOFIN,NIFTY FIN SERVICE,3.503999999999996,2.9767589939509564,5.258110915774328,314.1,329.3,312.85,323.45,60666211,FLOOR_BOUNCE|REGIME_SHIFT|IV_SKEW_ACCUMULATION,INVENTORY_MIGRATION|IV_SKEW_ACCUMULATION,LONG_GAMMA,LONG_GAMMA,Expansion,Expansion,100.0,-100.0,47.8,60.7,9804550.0,-2902250.0,-1122568.9523552272,164748.2633409624,-0.2746957844824508,0.15258260269782675,,
2025-06-27,BDL,NIFTY INFRA,3.4367646254035877,3.008338329064242,4.361626443386424,1834.9,1907.0,1827.3,1890.1,3184051,PINCH_ZONE,REGIME_SHIFT|PINCH_ZONE,TRANSITION_REGIME,TRANSITION_REGIME,Support Building,Expansion,24.5,8.0,42.1,57.9,448500.0,54925.0,5037.350712820022,11922.636238797964,-0.5579203933284881,0.169528901554094,,
2025-06-27,LAURUSLABS,NIFTY PHARMA,3.1527890056588515,2.752562225475841,3.771916899955774,683.0,704.3,678.7,701.8,3178596,REGIME_SHIFT|IV_SKEW_ACCUMULATION,INVENTORY_MIGRATION,TRANSITION_REGIME,TRANSITION_REGIME,Flip Zone,Expansion,66.2,21.5,49.5,61.3,1229100.0,316200.0,-100971.27403441348,19825.535202728854,-0.4025309281412665,0.16416224425771558,,
2025-06-27,SHREECEM,NIFTY COMMODITIES,3.072579305763168,3.4160973171138087,4.266666666666663,30005.0,31280.0,30000.0,31030.0,218128,REGIME_SHIFT,INVENTORY_MIGRATION,TRANSITION_REGIME,TRANSITION_REGIME,Expansion,Expansion,8.2,2.1,49.2,57.1,21875.0,-21925.0,-3252.4288392547246,1463.0814375702607,-0.3779719491492076,0.1375583259293387,,
2025-06-27,ASIANPAINT,NIFTY FMCG,3.0089964189011997,3.3158125273762495,3.8382152738131836,2283.0,2364.5,2277.1,2358.7,1555259,REGIME_SHIFT|PINCH_ZONE,INVENTORY_MIGRATION|IV_SKEW_ACCUMULATION,TRANSITION_REGIME,TRANSITION_REGIME,Flip Zone,Expansion,3.2,-19.0,41.5,56.8,146900.0,-460500.0,-639864.1586005056,41187.3085920061,-0.293953855467455,0.10975016939897934,,
2025-06-27,APOLLOHOSP,NIFTY PHARMA,2.9148771386326766,2.5035063113604483,2.901299613628372,7130.0,7324.0,7117.5,7308.5,523582,,INVENTORY_MIGRATION|IV_SKEW_ACCUMULATION,TRANSITION_REGIME,TRANSITION_REGIME,Support Building,Expansion,12.3,-2.6,41.8,60.1,225500.0,-139875.0,-108108.469796115,12420.175624783778,-0.3640816688965615,0.13422817158576184,,
2025-06-30,PNB,NIFTY PSU BANK,3.9119804400977953,3.20351172130382,3.7019681349578226,107.07,110.65,106.7,110.5,46860515,VOLATILITY_COIL|REGIME_SHIFT|INVENTORY_MIGRATION,REGIME_SHIFT,LONG_GAMMA,LONG_GAMMA,Expansion,Expansion,-100.0,-53.0,53.3,53.1,-5720000.0,-1208000.0,123638.7215173117,571554.0101298972,0.14061358003885432,0.006004391720971836,,
2025-06-30,KAYNES,NIFTY INFRA,3.877290157648061,3.2875783765463407,5.901806156194356,5901.0,6244.5,5896.5,6095.0,1566145,IV_SKEW_ACCUMULATION,INVENTORY_MIGRATION,TRANSITION_REGIME,TRANSITION_REGIME,Dealer Controlled,Expansion,0.1,1.7,55.6,49.7,-47500.0,-89300.0,1408.0563785324348,3782.6886535180565,0.2775674732563568,-0.013439020673844282,,
2025-06-30,RBLBANK,NIFTY PVT BANK,3.8014871752026114,2.8902691511387024,3.4368530020703947,241.5,249.8,241.5,248.48,16634506,REGIME_SHIFT|INVENTORY_MIGRATION,,LONG_GAMMA,LONG_GAMMA,Expansion,Expansion,-100.0,-99.9,59.8,50.2,-3641725.0,-2047875.0,117576.83031743142,209628.62448196206,0.22526591797145346,-0.0532429989288159,,
2025-06-30,DIXON,NIFTY CONS DURABLES,3.52380294341188,2.7077049629832706,4.73483535528596,14588.0,15108.0,14425.0,14983.0,884481,REGIME_SHIFT|INVENTORY_MIGRATION,REGIME_SHIFT|IV_SKEW_ACCUMULATION,TRANSITION_REGIME,TRANSITION_REGIME,Expansion,Expansion,-4.4,10.2,54.7,49.8,-120300.0,108850.0,4113.004133542953,3249.379028590125,0.1682221873174916,0.013490047513290138,,
2025-06-30,TRENT,NIFTY FMCG,3.289309743334168,2.7685950413223193,4.9095174262734576,6050.0,6261.0,5968.0,6217.5,2136461,REGIME_SHIFT|IV_SKEW_ACCUMULATION,,TRANSITION_REGIME,TRANSITION_REGIME,Flip Zone,Expansion,-10.1,7.0,53.3,49.8,-144800.0,15800.0,-3850.119694759527,15098.557748035544,0.15114147179472764,-0.017186575590394104,,
2025-06-30,LAURUSLABS,NIFTY PHARMA,3.2844115132516505,2.1203155818540598,3.2670454545454586,709.8,727.0,704.0,724.85,4837432,INVENTORY_MIGRATION,INVENTORY_MIGRATION,TRANSITION_REGIME,TRANSITION_REGIME,Expansion,Expansion,21.5,-30.7,61.3,53.1,316200.0,-686800.0,19825.535202728854,46465.244493930746,0.16416224425771558,0.00012714498895349813,,
2025-06-30,BANKBARODA,NIFTY PSU BANK,3.087059213525034,2.610847597442767,3.04155833436508,242.45,249.68,242.31,248.78,19051358,INVENTORY_MIGRATION,REGIME_SHIFT|INVENTORY_MIGRATION|IV_SKEW_ACCUMULATION,LONG_GAMMA,TRANSITION_REGIME,Expansion,Expansion,-100.0,100.0,53.6,48.7,-7075575.0,4826250.0,314299.1673935664,-85524.21643344966,0.1536964230280083,0.0073540004820316085,,
2025-06-30,UNIONBANK,NIFTY PSU BANK,3.0457533878974763,2.4409763905562265,3.671995184268617,149.94,155.0,149.51,153.6,21423582,REGIME_SHIFT|INVENTORY_MIGRATION,INVENTORY_MIGRATION,TRANSITION_REGIME,LONG_GAMMA,Expansion,Expansion,-89.2,-100.0,59.6,52.6,-1725750.0,-3088650.0,54210.902596808824,178664.75162701443,0.19196470341854868,0.001599297928454091,,
2025-06-30,CANBK,NIFTY PSU BANK,2.9014236799423276,2.3664395840803154,2.8169014084507005,111.56,114.61,111.47,114.2,34766391,VOLATILITY_COIL,INVENTORY_MIGRATION,LONG_GAMMA,LONG_GAMMA,Compression,Expansion,-100.0,41.4,54.4,51.1,-2517750.0,654750.0,5856.26341282588,324142.70426712715,0.1475913766122035,0.003976709412340573,,
2025-06-30,BDL,NIFTY INFRA,2.8093751653351706,2.3275408109531437,3.7853047356126712,1899.0,1954.9,1883.6,1943.2,3054172,REGIME_SHIFT|PINCH_ZONE,PINCH_ZONE,TRANSITION_REGIME,TRANSITION_REGIME,Expansion,Expansion,8.0,3.4,57.9,48.5,54925.0,-18850.0,11922.636238797964,-447.41504863412047,0.169528901554094,0.03218708733743203,,
2025-07-01,IDFCFIRSTB,NIFTY PVT BANK,6.040637012630401,5.447098976109199,5.651877133105798,73.25,77.39,73.25,77.24,129486596,IV_SKEW_ACCUMULATION,REGIME_SHIFT|INVENTORY_MIGRATION,LONG_GAMMA,LONG_GAMMA,Support Weakening,Expansion,-100.0,100.0,47.4,48.9,-6538875.0,9831500.0,304819.8143299364,471710.11544628977,0.008842171837018298,0.0014627907320953204,,
2025-07-01,RBLBANK,NIFTY PVT BANK,4.644236960721182,5.271255060728741,5.74670719351571,247.0,260.93,246.75,260.02,21841823,,,LONG_GAMMA,LONG_GAMMA,Expansion,Expansion,-99.9,100.0,50.2,53.7,-2047875.0,3346450.0,209628.62448196206,-23656.397705699666,-0.0532429989288159,0.015988265046804173,,
2025-07-01,AMBER,NIFTY CONS DURABLES,4.631065809882551,4.161764705882343,5.772091639393029,6800.0,7110.0,6722.0,7083.0,719035,,INVENTORY_MIGRATION,TRANSITION_REGIME,TRANSITION_REGIME,Dealer Controlled,Expansion,-5.7,6.9,45.1,50.3,-77400.0,-2300.0,2543.115558728873,595.2435541433588,0.007790894248939861,0.03327920450504984,,
2025-07-01,BLUESTARCO,NIFTY CONS DURABLES,4.236977256052832,4.236977256052832,5.117675900956109,1635.6,1715.1,1631.6,1704.9,1194162,,REGIME_SHIFT,TRANSITION_REGIME,TRANSITION_REGIME,Dealer Controlled,Expansion,-0.1,-3.7,46.7,53.7,-21450.0,-194675.0,2160.883270318797,11225.760530308655,0.014746543886088204,-0.0006021084950907918,,
2025-07-01,APOLLOHOSP,NIFTY PHARMA,3.507318420325878,0.2809364548495008,2.4309541495036724,7475.0,7584.5,7404.5,7496.0,1872535,,INVENTORY_MIGRATION|IV_SKEW_ACCUMULATION,TRANSITION_REGIME,TRANSITION_REGIME,Dealer Controlled,Expansion,-11.2,-2.3,46.8,50.3,-182375.0,-189375.0,4362.139223488448,25748.543648661354,0.003470649912826834,0.006201212134837569,,
2025-07-01,LAURUSLABS,NIFTY PHARMA,2.9247430502862493,2.1986301369862904,4.014978156854587,730.0,750.0,721.05,746.05,4704542,INVENTORY_MIGRATION,INVENTORY_MIGRATION,TRANSITION_REGIME,TRANSITION_REGIME,Expansion,Expansion,-30.7,57.1,53.1,48.8,-686800.0,1006400.0,46465.244493930746,-11188.478409373987,0.00012714498895349813,-0.007198588733381084,,
2025-07-01,CESC,Other,2.736535662299855,2.587209302325566,2.9069767441860517,172.0,177.0,172.0,176.45,8696693,INVENTORY_MIGRATION,IV_SKEW_ACCUMULATION,TRANSITION_REGIME,LONG_GAMMA,Expansion,Expansion,21.8,-80.9,47.2,45.9,427750.0,-1631250.0,-15503.252857004205,69761.6732277241,-0.0150890194250336,0.001011597307436718,,
2025-07-01,FEDERALBNK,NIFTY PVT BANK,2.6276276276276267,2.0387217168182925,3.709829867674852,214.35,219.45,211.6,218.72,16637063,INVENTORY_MIGRATION,IV_SKEW_ACCUMULATION,LONG_GAMMA,LONG_GAMMA,Expansion,Expansion,-100.0,16.6,48.0,48.2,-3625000.0,220000.0,425383.7046752738,145277.72950211726,0.0028941384823105154,0.000985181625639986,,
2025-07-01,KALYANKJIL,NIFTY FMCG,2.6086174327606404,2.304932735426024,3.9685409510034297,557.5,575.05,553.1,570.35,5261401,REGIME_SHIFT|INVENTORY_MIGRATION,REGIME_SHIFT,TRANSITION_REGIME,TRANSITION_REGIME,Expansion,Expansion,1.4,19.3,52.6,41.4,-34075.0,293750.0,11848.266526072606,773.8470852628088,0.009204377057635993,0.005458641245658424,,
2025-07-01,AUBANK,NIFTY PVT BANK,2.5504587155963376,2.237804878048788,2.4390243902439046,820.0,840.0,820.0,838.35,3760593,INVENTORY_MIGRATION|IV_SKEW_ACCUMULATION,INVENTORY_MIGRATION|IV_SKEW_ACCUMULATION,TRANSITION_REGIME,TRANSITION_REGIME,Expansion,Expansion,-2.4,7.3,45.7,48.8,-75000.0,62000.0,-3872.926985698912,19749.904453259456,0.012460175169473009,0.0009025303347094393,,
2025-07-02,TATACOMM,Other,4.734036388921092,0.9212730318257867,4.098219907274925,1791.0,1818.7,1747.1,1807.5,3532942,INVENTORY_MIGRATION,REGIME_SHIFT|INVENTORY_MIGRATION,TRANSITION_REGIME,TRANSITION_REGIME,Expansion,Expansion,-3.4,-10.9,43.9,51.9,-127750.0,-364350.0,6535.532714857429,25316.909561211985,0.019741564277690804,-0.011953401034173916,,
2025-07-02,ABFRL,Other,4.536303851831969,4.536303851831969,5.753646677471624,74.51,78.3,74.04,77.89,32268804,REGIME_SHIFT|PINCH_ZONE|IV_SKEW_ACCUMULATION,INVENTORY_MIGRATION|IV_SKEW_ACCUMULATION,TRANSITION_REGIME,LONG_GAMMA,Flip Zone,Expansion,-28.4,-57.2,42.4,53.1,-522600.0,-1240200.0,10919.222686330439,116698.85492897597,-0.01031786683305902,0.032693763531736864,,
2025-07-02,MANKIND,NIFTY PHARMA,4.271972015741143,3.592528236316239,5.633495039552461,2302.0,2417.0,2288.1,2384.7,1642680,REGIME_SHIFT|INVENTORY_MIGRATION,REGIME_SHIFT|INVENTORY_MIGRATION|IV_SKEW_ACCUMULATION,TRANSITION_REGIME,TRANSITION_REGIME,Expansion,Expansion,-7.9,7.0,43.2,52.0,-112725.0,2925.0,2718.6551400551143,3420.69749128303,0.009424627556479326,-0.009867748587452874,,
2025-07-02,TATASTEEL,NIFTY METAL,3.6361364488316728,3.6361364488316728,3.9542013389225916,160.06,166.15,159.83,165.88,63315210,VOLATILITY_COIL|REGIME_SHIFT|INVENTORY_MIGRATION,REGIME_SHIFT|INVENTORY_MIGRATION|IV_SKEW_ACCUMULATION,LONG_GAMMA,LONG_GAMMA,Expansion,Expansion,-100.0,100.0,42.4,52.0,-12512500.0,14377000.0,944670.6092678667,-312175.0488999055,-0.010949071063982463,0.005076620448321578,,
2025-07-02,BALKRISIND,Other,3.6094961240309864,3.3091787439613496,4.184454289166339,2484.0,2586.9,2483.0,2566.2,1363309,,INVENTORY_MIGRATION|IV_SKEW_ACCUMULATION,TRANSITION_REGIME,TRANSITION_REGIME,Dealer Controlled,Expansion,-1.5,-23.0,43.2,55.3,-64800.0,-557100.0,6688.4755115483495,32004.01130114115,0.005030039520079105,0.022534932770498173,,
2025-07-02,PGEL,NIFTY CONS DURABLES,3.1742738589211728,2.6842865992153575,3.6212854181064236,726.45,749.7,723.5,745.95,3613641,,,TRANSITION_REGIME,TRANSITION_REGIME,Expansion,Expansion,-17.7,-22.9,44.6,51.1,-218400.0,-532000.0,4525.206585875949,21454.68467359432,0.010982649017777235,0.01590350459233547,,
2025-07-02,SAIL,NIFTY METAL,3.104844757762093,3.0971128608923815,3.62694300518136,133.35,138.0,133.17,137.48,28463371,IV_SKEW_ACCUMULATION,FLOOR_BOUNCE|REGIME_SHIFT|INVENTORY_MIGRATION|IV_SKEW_ACCUMULATION,LONG_GAMMA,LONG_GAMMA,Resistance Weakening,Expansion,8.3,100.0,42.8,50.6,117500.0,2077400.0,84754.63603577245,-26157.310513518925,-0.003106847225505638,0.014035168682684618,,
2025-07-02,DIXON,NIFTY CONS DURABLES,3.037510192987214,3.037510192987214,3.937866194304407,14716.0,15256.0,14678.0,15163.0,899590,,,TRANSITION_REGIME,TRANSITION_REGIME,Dealer Controlled,Expansion,-11.1,17.6,44.2,54.0,-168250.0,244050.0,2857.5379349666873,-3252.0797813320787,0.007878627110659231,-0.00860135115404942,,
2025-07-02,BLUESTARCO,NIFTY CONS DURABLES,3.0031086867264856,2.6959064327485294,4.365337913877876,1710.0,1762.0,1688.3,1756.1,1857196,REGIME_SHIFT,INVENTORY_MIGRATION,TRANSITION_REGIME,TRANSITION_REGIME,Expansion,Expansion,-3.7,21.6,53.7,53.7,-194675.0,324675.0,11225.760530308655,-3119.1617014709554,-0.0006021084950907918,-0.013531448129679213,,
2025-07-02,JSWSTEEL,NIFTY METAL,2.9428904428904668,2.803103782735228,3.28806983511154,1031.0,1064.9,1031.0,1059.9,3166924,,INVENTORY_MIGRATION,TRANSITION_REGIME,TRANSITION_REGIME,Dealer Controlled,Expansion,-4.7,19.2,42.8,52.2,-120150.0,261900.0,29744.17734332099,44755.94338437362,-0.0044252619698024465,0.006488415417989807,,
2025-07-03,BOSCHLTD,NIFTY AUTO,6.040992448759441,5.715163619603625,7.473035439137132,32545.0,34875.0,32450.0,34405.0,120903,IV_SKEW_ACCUMULATION,INVENTORY_MIGRATION|IV_SKEW_ACCUMULATION,TRANSITION_REGIME,TRANSITION_REGIME,Dealer Controlled,Expansion,0.4,10.7,46.5,46.5,-3475.0,4375.0,449.50797529787087,2791.317906000878,0.010415185110260461,0.020822011153152298,,
2025-07-03,BLUESTARCO,NIFTY CONS DURABLES,4.908604293605157,4.397347991159961,6.389592447616854,1764.7,1848.2,1737.2,1842.3,3061466,INVENTORY_MIGRATION,INVENTORY_MIGRATION,TRANSITION_REGIME,TRANSITION_REGIME,Expansion,Expansion,21.6,13.3,53.7,46.5,324675.0,103350.0,-3119.1617014709554,13013.790613825993,-0.013531448129679213,0.014380616241829403,,
2025-07-03,360ONE,NIFTY FIN SERVICE,4.196398233095477,4.134476610917726,5.157885777512972,1177.9,1235.5,1174.9,1226.6,931488,VOLATILITY_COIL,INVENTORY_MIGRATION,TRANSITION_REGIME,TRANSITION_REGIME,Compression,Expansion,0.2,-8.4,46.5,44.6,0.0,-282000.0,108.28729763487354,10145.474413843018,-0.014067395393655313,0.02105289255161613,,
2025-07-03,OIL,NIFTY OIL & GAS,3.9114475797201287,3.3424595026237736,4.042601923957845,438.3,454.25,436.6,452.95,8737201,VOLATILITY_COIL|INVENTORY_MIGRATION,REGIME_SHIFT|INVENTORY_MIGRATION|IV_SKEW_ACCUMULATION,TRANSITION_REGIME,TRANSITION_REGIME,Expansion,Expansion,-2.1,-35.3,43.9,46.5,-51800.0,-800800.0,11130.630103977117,77531.44728765583,-0.005051437836017858,0.0026581737407411765,,
2025-07-03,CHAMBLFERT,Other,2.773231496635753,2.521541950113382,3.7003197807217836,551.25,567.5,547.25,565.15,2248641,IV_SKEW_ACCUMULATION,INVENTORY_MIGRATION|IV_SKEW_ACCUMULATION,TRANSITION_REGIME,TRANSITION_REGIME,Support Weakening,Expansion,-16.3,3.5,45.0,42.2,-262200.0,-18050.0,-3267.2564810993645,29073.976652168232,-0.011704005943894535,0.014127627739362825,,
2025-07-03,VOLTAS,NIFTY CONS DURABLES,2.566026410564226,2.2438294689603566,3.970466360280267,1337.0,1380.0,1327.3,1367.0,2797627,,INVENTORY_MIGRATION|IV_SKEW_ACCUMULATION,TRANSITION_REGIME,TRANSITION_REGIME,Resistance Weakening,Expansion,3.6,8.2,43.9,49.0,55125.0,70875.0,4331.732405155715,4289.283107635529,-0.006577023267950843,-0.005268122212126913,,
2025-07-03,BSE,NIFTY FIN SERVICE,2.459671559366372,2.181238450668488,3.041020966271657,2759.9,2825.9,2742.5,2820.1,3789412,PINCH_ZONE,REGIME_SHIFT|PINCH_ZONE,TRANSITION_REGIME,TRANSITION_REGIME,Dealer Controlled,Flip Zone,-6.1,-5.9,43.9,41.7,-88500.0,-198000.0,-2729.0179095769054,38147.24490936229,-0.00016600796992943812,0.013450000060509004,,
2025-07-03,PGEL,NIFTY CONS DURABLES,2.185133051813115,1.9050802139037426,4.443690637720499,748.0,769.75,737.0,762.25,2919087,,,TRANSITION_REGIME,TRANSITION_REGIME,Expansion,Support Building,-22.9,20.1,51.1,45.6,-532000.0,322700.0,21454.68467359432,-6673.769738814419,0.01590350459233547,-1.6580680766709044e-06,,
2025-07-03,KEI,NIFTY INFRA,2.0377258235919182,2.010624169986719,3.0236949179586636,3765.0,3874.0,3760.3,3840.7,612719,,,TRANSITION_REGIME,TRANSITION_REGIME,Support Building,Dealer Controlled,0.6,2.6,44.3,41.2,46025.0,-10500.0,-2377.8272698005894,2282.038712658201,0.01823493214127425,-0.0038520880033500182,,
2025-07-03,M&MFIN,Other,1.8147086914995114,1.3307984790874583,4.225352112676073,263.0,273.8,262.7,266.5,6776014,PINCH_ZONE,PINCH_ZONE|IV_SKEW_ACCUMULATION,TRANSITION_REGIME,TRANSITION_REGIME,Dealer Controlled,Support Weakening,-14.1,-29.1,45.7,41.7,-211768.0,-614744.0,-7717.150903345813,40124.829876579344,0.011557921434186602,-0.0037972885270085577,,
2025-07-04,BPCL,NIFTY OIL & GAS,4.4343891402715,3.6526946107784397,4.760470021090701,334.0,347.7,331.9,346.2,13743465,VOLATILITY_COIL|REGIME_SHIFT|INVENTORY_MIGRATION|IV_SKEW_ACCUMULATION,INVENTORY_MIGRATION|IV_SKEW_ACCUMULATION,LONG_GAMMA,LONG_GAMMA,Expansion,Expansion,-21.0,95.3,38.8,51.9,-400925.0,1676775.0,26007.331541355583,30488.754806303477,-0.00034629919838174983,0.004225651859203594,,
2025-07-04,BOSCHLTD,NIFTY AUTO,4.432495276849302,4.508435136707378,4.922808039615489,34380.0,36020.0,34330.0,35930.0,173114,INVENTORY_MIGRATION|IV_SKEW_ACCUMULATION,INVENTORY_MIGRATION|IV_SKEW_ACCUMULATION,TRANSITION_REGIME,TRANSITION_REGIME,Expansion,Expansion,10.7,6.8,46.5,51.9,4375.0,-31775.0,2791.317906000878,3238.219750924677,0.020822011153152298,0.015352275592722564,,
2025-07-04,MANKIND,NIFTY PHARMA,3.2942372020155153,3.2942372020155153,4.268111953254028,2361.7,2462.5,2361.7,2439.5,1061825,IV_SKEW_ACCUMULATION,INVENTORY_MIGRATION|IV_SKEW_ACCUMULATION,TRANSITION_REGIME,TRANSITION_REGIME,Dealer Controlled,Expansion,-1.6,-0.8,38.9,51.9,6075.0,-117675.0,184.2109148834079,6526.787940134018,-0.01269300805338125,0.015588680236756358,,
2025-07-04,AUROPHARMA,NIFTY PHARMA,3.044719314938149,2.6894233255753797,3.314344899016053,1160.1,1197.0,1158.6,1191.3,1933477,VOLATILITY_COIL,IV_SKEW_ACCUMULATION,TRANSITION_REGIME,TRANSITION_REGIME,Compression,Expansion,-24.0,12.0,39.4,50.5,-452650.0,135300.0,14831.996757694083,13946.612782107004,-0.0005890085448450044,0.029270219612399506,,
2025-07-04,IGL,Other,3.0209140201394202,4.140758141034495,5.476486573626271,217.11,229.0,217.11,226.1,12834315,IV_SKEW_ACCUMULATION,INVENTORY_MIGRATION|IV_SKEW_ACCUMULATION,LONG_GAMMA,LONG_GAMMA,Support Weakening,Expansion,-57.3,75.0,45.2,43.4,-1083500.0,1342000.0,68619.80031076478,-43261.41565721351,-0.0020136558341328215,-0.00892826807302094,,
2025-07-04,NAUKRI,NIFTY IT,2.8508164959867077,2.376196707762235,2.959889349930833,1451.9,1488.8,1446.0,1486.4,1069466,,INVENTORY_MIGRATION,TRANSITION_REGIME,TRANSITION_REGIME,Dealer Controlled,Expansion,-2.3,6.8,39.5,42.6,-30375.0,44250.0,841.9240848734335,12465.277394966179,-0.007231553082264863,0.0003564470761584504,,
2025-07-04,GLENMARK,NIFTY PHARMA,2.629660779366416,2.941341881783943,3.847887323943655,1778.1,1843.3,1775.0,1830.4,814811,IV_SKEW_ACCUMULATION,INVENTORY_MIGRATION,TRANSITION_REGIME,TRANSITION_REGIME,Dealer Controlled,Expansion,-5.2,-20.7,45.2,45.5,-121500.0,-479625.0,15088.263506292475,18570.54985181852,-0.00681186356994723,0.0335041798661056,,
2025-07-04,IOC,NIFTY OIL & GAS,2.536011361330903,1.2825651302605268,2.7931827404301224,149.7,151.99,147.86,151.62,22612766,VOLATILITY_COIL|PINCH_ZONE|IV_SKEW_ACCUMULATION,FLOOR_BOUNCE|REGIME_SHIFT|PINCH_ZONE,LONG_GAMMA,LONG_GAMMA,Compression,Expansion,-27.6,100.0,38.8,39.0,-536250.0,3056625.0,71565.3509504227,-41964.28350471053,0.0004180478991924197,0.011898588857269354,,
2025-07-04,IIFL,Other,2.448759439050696,3.060227889310907,4.038419559048245,460.75,476.6,458.1,474.85,4174789,VOLATILITY_COIL|PINCH_ZONE,PINCH_ZONE,TRANSITION_REGIME,TRANSITION_REGIME,Compression,Support Building,-2.4,12.7,39.4,39.0,-52800.0,169950.0,5648.934170425157,13083.655788425855,-0.0033756911657549793,0.009588443402264557,,
2025-07-04,ABFRL,Other,2.311912225705326,2.125162972620598,3.9558417663293266,76.7,79.1,76.09,78.33,16838260,,IV_SKEW_ACCUMULATION,LONG_GAMMA,LONG_GAMMA,Support Weakening,Support Weakening,-16.6,-99.8,40.7,46.1,-267800.0,-1991600.0,17108.477901009755,139760.26900168104,-0.016519742962790296,-0.004913601130716705,,
2025-07-07,GODREJCP,NIFTY FMCG,6.329113924050622,3.525954946131238,3.8116225922298463,1225.2,1271.9,1225.2,1268.4,7790654,REGIME_SHIFT|INVENTORY_MIGRATION,REGIME_SHIFT|INVENTORY_MIGRATION|IV_SKEW_ACCUMULATION,TRANSITION_REGIME,TRANSITION_REGIME,Expansion,Expansion,4.3,29.4,39.0,43.2,26500.0,359000.0,8336.418176824402,-6136.053863149769,0.013484245471739098,0.008566051110051265,,
2025-07-07,DABUR,NIFTY FMCG,3.5649363764896025,2.1617852161785356,4.36447938715856,501.9,517.7,496.05,512.75,10017201,IV_SKEW_ACCUMULATION,FLOOR_BOUNCE|REGIME_SHIFT|INVENTORY_MIGRATION|IV_SKEW_ACCUMULATION,LONG_GAMMA,LONG_GAMMA,Support Weakening,Expansion,-24.2,96.9,36.3,43.2,-493750.0,1698750.0,76173.50261423993,101193.25520614744,0.0026127669224089156,-0.011465114036113888,,
2025-07-07,HINDUNILVR,NIFTY FMCG,3.039370751934345,2.9645450662110218,3.1909440410081036,2341.0,2415.7,2341.0,2410.4,2701583,FLOOR_BOUNCE|IV_SKEW_ACCUMULATION,REGIME_SHIFT,LONG_GAMMA,LONG_GAMMA,Support Building,Expansion,32.8,-41.3,36.7,49.1,590700.0,-926100.0,7522.745221958263,84897.7627341525,0.011899889501258865,0.02456037019605023,,
2025-07-07,CUMMINSIND,NIFTY INFRA,2.8156792339916192,2.5579035339063916,3.369065849923425,3350.4,3442.5,3330.3,3436.1,626858,IV_SKEW_ACCUMULATION,INVENTORY_MIGRATION|IV_SKEW_ACCUMULATION,TRANSITION_REGIME,TRANSITION_REGIME,Dealer Controlled,Expansion,-0.8,4.9,36.2,43.3,-23400.0,6600.0,2722.562110264873,6842.927491913251,0.0017435865988034704,0.01630505790298692,,
2025-07-07,IIFL,Other,2.600821311993262,2.5360412501315377,4.282858044827953,475.15,495.5,475.15,487.2,5969585,PINCH_ZONE,INVENTORY_MIGRATION|IV_SKEW_ACCUMULATION,TRANSITION_REGIME,TRANSITION_REGIME,Support Building,Expansion,12.7,-100.0,39.0,38.0,169950.0,-3153150.0,13083.655788425855,110816.02776862527,0.009588443402264557,0.0016227438408061845,,
2025-07-07,PETRONET,NIFTY OIL & GAS,2.5854879065888348,1.1346817957572641,2.971619365609346,304.05,308.4,299.5,307.5,9168133,REGIME_SHIFT,INVENTORY_MIGRATION,TRANSITION_REGIME,LONG_GAMMA,Flip Zone,Expansion,-21.3,-88.7,36.7,41.6,-369000.0,-1805400.0,-125068.8964413893,198928.0277730603,-0.0007837624027672296,0.011074344344380094,,
2025-07-07,ICICIPRULI,NIFTY FIN SERVICE,2.319686611874938,2.319686611874938,2.6038866272370953,650.95,667.9,650.95,666.05,1032527,REGIME_SHIFT|INVENTORY_MIGRATION|IV_SKEW_ACCUMULATION,,TRANSITION_REGIME,TRANSITION_REGIME,Expansion,Resistance Weakening,4.7,9.4,38.2,38.0,37925.0,111000.0,11730.589309155548,8854.680044056258,-0.013478557543528558,0.007866049521032092,,
2025-07-07,BRITANNIA,NIFTY FMCG,1.949233301568043,1.4482758620689706,1.926399447131999,5800.0,5899.5,5788.0,5884.0,259829,VOLATILITY_COIL|REGIME_SHIFT,INVENTORY_MIGRATION|IV_SKEW_ACCUMULATION,TRANSITION_REGIME,TRANSITION_REGIME,Compression,Expansion,-1.3,2.4,36.7,38.0,-12000.0,-13375.0,-178.12773162409394,8088.370284398377,0.003961010390390124,0.017175460638316736,,
2025-07-07,VBL,NIFTY FMCG,1.7318864408637502,1.6316250547525168,2.8539823008849607,456.6,464.9,452.0,464.05,5985198,,,LONG_GAMMA,LONG_GAMMA,Support Weakening,Support Weakening,-36.6,-100.0,36.5,37.2,-746200.0,-3371225.0,99610.48097278335,196099.01708425407,-0.005165851209339711,0.01927858347779038,,
2025-07-07,POLICYBZR,NIFTY FIN SERVICE,1.7168338907469272,1.1922586369433885,2.942003712662422,1803.3,1830.0,1777.7,1824.8,1009248,REGIME_SHIFT,,TRANSITION_REGIME,TRANSITION_REGIME,Flip Zone,Dealer Controlled,1.0,0.5,38.3,37.2,43400.0,-39550.0,-2944.5994263685025,5986.219530343278,-0.008585321170673121,0.0010716213834526256,,
2025-07-08,NHPC,NIFTY ENERGY,4.168640454760775,3.640862495581465,4.107648725212476,84.87,88.2,84.72,87.96,40393002,REGIME_SHIFT|INVENTORY_MIGRATION,INVENTORY_MIGRATION|IV_SKEW_ACCUMULATION,LONG_GAMMA,LONG_GAMMA,Expansion,Expansion,-28.1,-100.0,35.2,44.8,-512000.0,-4396800.0,-25562.432935508434,361887.7268683463,0.00392636492741133,0.033506983742390084,,
2025-07-08,KOTAKBANK,NIFTY PVT BANK,3.4747418364498905,1.8077803203661258,3.0006433232239837,2185.0,2241.5,2176.2,2224.5,7526291,REGIME_SHIFT|IV_SKEW_ACCUMULATION,REGIME_SHIFT|INVENTORY_MIGRATION,TRANSITION_REGIME,TRANSITION_REGIME,Flip Zone,Expansion,25.4,25.5,35.5,44.7,454800.0,332400.0,23716.159911801813,65685.23613933282,-0.0013112915863707497,-0.015044452097965039,,
2025-07-08,DELHIVERY,NIFTY SERVICES,3.206261045190595,2.713567839195985,4.333460414283907,398.0,410.5,393.45,408.8,5250563,IV_SKEW_ACCUMULATION,INVENTORY_MIGRATION|IV_SKEW_ACCUMULATION,TRANSITION_REGIME,TRANSITION_REGIME,Resistance Weakening,Expansion,28.5,30.4,41.1,51.9,498000.0,485550.0,3682.460108571453,-2210.671502578538,-0.00021538588169445205,0.017023351240165185,,
2025-07-08,IIFL,Other,2.8838259441707814,2.7151639344262346,4.573547589616811,488.0,507.6,485.4,501.25,5491661,INVENTORY_MIGRATION|IV_SKEW_ACCUMULATION,,TRANSITION_REGIME,TRANSITION_REGIME,Expansion,Expansion,-100.0,100.0,38.0,49.8,-3153150.0,2135100.0,110816.02776862527,-59871.13645669662,0.0016227438408061845,0.005367105679278283,,
2025-07-08,HDFCAMC,NIFTY FIN SERVICE,2.200440088017608,1.7323775388291551,2.957578171678943,5022.0,5169.5,5021.0,5109.0,872206,REGIME_SHIFT,REGIME_SHIFT|INVENTORY_MIGRATION|IV_SKEW_ACCUMULATION,TRANSITION_REGIME,TRANSITION_REGIME,Flip Zone,Expansion,-4.1,-0.3,35.7,39.0,-59250.0,-77850.0,1066.5236290211105,5242.91192938311,0.020218908020212423,-0.008419321518629785,,
2025-07-08,PFC,NIFTY FIN SERVICE,2.017010935601471,2.017010935601471,2.408466123342645,411.5,420.95,411.05,419.8,4918959,PINCH_ZONE|IV_SKEW_ACCUMULATION,FLOOR_BOUNCE|REGIME_SHIFT|PINCH_ZONE,LONG_GAMMA,LONG_GAMMA,Support Weakening,Flip Zone,-19.0,79.3,35.2,39.0,-354900.0,1452100.0,36430.533093378355,-19941.18105866888,0.0005833621306040593,0.0034804527033546195,,
2025-07-08,NAUKRI,NIFTY IT,1.94256166585145,1.9496855345912056,2.795248078266943,1431.0,1471.0,1431.0,1458.9,1922385,INVENTORY_MIGRATION|IV_SKEW_ACCUMULATION,REGIME_SHIFT,TRANSITION_REGIME,TRANSITION_REGIME,Expansion,Flip Zone,-3.3,13.8,37.1,43.8,36750.0,213375.0,-14070.082745052663,2719.508426435852,-0.024047781894191655,0.008620361498272333,,
2025-07-08,ETERNAL,NIFTY SERVICES,1.9145233030361641,1.4827652609281872,1.8111753371868877,259.65,264.2,259.5,263.5,18312891,REGIME_SHIFT,REGIME_SHIFT|IV_SKEW_ACCUMULATION,LONG_GAMMA,LONG_GAMMA,Flip Zone,Flip Zone,-6.7,73.1,35.8,46.1,-82450.0,1314350.0,-110618.66733167134,148485.02989665908,0.022587475009090197,-0.024421563667297197,,
2025-07-08,ABFRL,Other,1.81818181818183,1.6619790334952755,2.8000000000000025,78.22,79.67,77.5,79.52,12780624,VOLATILITY_COIL|IV_SKEW_ACCUMULATION,IV_SKEW_ACCUMULATION,LONG_GAMMA,LONG_GAMMA,Compression,Support Weakening,-82.7,-100.0,39.4,46.1,-1570400.0,-2238600.0,54282.29314222303,108166.83755466237,0.014105984830451501,0.01909871722860823,,
2025-07-08,PRESTIGE,NIFTY REALTY,1.7540631708064858,1.2263575350823563,3.013054507207813,1639.0,1665.0,1616.3,1659.1,307630,IV_SKEW_ACCUMULATION,INVENTORY_MIGRATION,TRANSITION_REGIME,TRANSITION_REGIME,Support Building,Expansion,4.2,12.0,37.5,38.3,49950.0,177750.0,1245.15718930012,-1128.1546869558188,0.022731208312497808,0.010341256040453939,,
2025-07-09,PGEL,NIFTY CONS DURABLES,6.515867656988528,6.587837837837829,7.689189189189194,740.0,796.9,740.0,788.75,7080442,,INVENTORY_MIGRATION|IV_SKEW_ACCUMULATION,TRANSITION_REGIME,TRANSITION_REGIME,Dealer Controlled,Expansion,-7.7,8.7,44.2,44.7,-76300.0,-28700.0,-2936.797955659462,14399.622474755215,0.005560744729066314,0.0029493110930589594,,
2025-07-09,NYKAA,NIFTY FMCG,5.321091860407723,5.165360540194208,6.453370313506013,202.89,214.94,201.91,213.37,20223587,FLOOR_BOUNCE,,LONG_GAMMA,LONG_GAMMA,Support Building,Expansion,28.1,100.0,36.7,51.9,521875.0,3087500.0,7323.714639808284,54806.18219580804,-0.007156703334101178,0.01465158583058751,,
2025-07-09,RBLBANK,NIFTY PVT BANK,4.264852970594135,4.244000000000003,4.664746359417515,250.0,261.62,249.96,260.61,12832588,,,LONG_GAMMA,LONG_GAMMA,Dealer Controlled,Expansion,-2.5,16.9,42.3,51.9,19050.0,184150.0,-104810.05844041356,115420.93597436289,0.006118782300039927,0.020818954422303748,,
2025-07-09,MANKIND,NIFTY PHARMA,3.902619566558374,4.426534407935523,5.2117802779616085,2419.5,2543.6,2417.6,2526.6,1449204,IV_SKEW_ACCUMULATION,INVENTORY_MIGRATION,TRANSITION_REGIME,TRANSITION_REGIME,Dealer Controlled,Expansion,0.2,6.8,42.6,44.7,-22050.0,-2700.0,5111.755349185023,3066.9614309083518,-0.006141266571524195,0.038839546350511345,,
2025-07-09,IEX,NIFTY OIL & GAS,3.4678342206079904,3.462686567164175,6.3803064556644085,201.0,211.75,199.05,207.96,23167001,REGIME_SHIFT,INVENTORY_MIGRATION|IV_SKEW_ACCUMULATION,LONG_GAMMA,LONG_GAMMA,Flip Zone,Expansion,-25.3,-100.0,42.6,49.3,-525000.0,-3123750.0,84295.23895130941,152494.6126624421,0.001068510781973453,0.031109408481336698,,
2025-07-09,DELHIVERY,NIFTY SERVICES,3.057729941291587,2.059108527131781,3.6539166564829584,412.8,424.1,409.15,421.3,9609855,INVENTORY_MIGRATION|IV_SKEW_ACCUMULATION,INVENTORY_MIGRATION,TRANSITION_REGIME,TRANSITION_REGIME,Expansion,Expansion,30.4,31.4,51.9,50.5,485550.0,508375.0,-2210.671502578538,4976.580366187351,0.017023351240165185,-0.021167018435350737,,
2025-07-09,CONCOR,NIFTY SERVICES,2.8411464861703095,2.8411464861703095,3.6395730015970296,598.35,616.5,594.85,615.35,2743583,VOLATILITY_COIL|REGIME_SHIFT|PINCH_ZONE,INVENTORY_MIGRATION,TRANSITION_REGIME,TRANSITION_REGIME,Compression,Expansion,12.6,-0.5,36.2,42.1,236250.0,-102500.0,-16337.432372324896,61348.6740685032,-0.003902088041642271,-0.011704433443541162,,
2025-07-09,CHOLAFIN,NIFTY FIN SERVICE,2.7206413879213853,2.3641126391617417,3.4255599472990728,1527.0,1570.0,1518.0,1563.1,2507920,,REGIME_SHIFT,TRANSITION_REGIME,TRANSITION_REGIME,Dealer Controlled,Expansion,-4.2,14.1,36.3,43.8,-93750.0,183125.0,5596.199592693778,34770.0169692153,-0.014311918266871781,-0.007341554437485354,,
2025-07-09,KFINTECH,NIFTY FIN SERVICE,2.638812534359558,2.719484398333738,4.467408585055654,1272.3,1314.2,1258.0,1306.9,1078958,,,TRANSITION_REGIME,TRANSITION_REGIME,Dealer Controlled,Expansion,0.2,3.8,38.5,39.0,-20250.0,-5400.0,2073.154886381544,5045.72682658888,-0.00973871336461285,0.006101888456760185,,
2025-07-09,AMBER,NIFTY CONS DURABLES,2.4099593901870664,2.4850099933377834,3.610738255033552,7505.0,7719.0,7450.0,7691.5,323841,,,TRANSITION_REGIME,TRANSITION_REGIME,Dealer Controlled,Dealer Controlled,3.2,3.5,42.9,46.1,30500.0,-3300.0,-961.3656098345123,-0.6255369224704737,-0.0022587202624526626,-0.0013255514374304056,,
2025-07-10,GLENMARK,NIFTY PHARMA,4.68440730151749,4.5062846478950425,5.8959792620373985,1821.9,1920.0,1813.1,1904.0,3420276,INVENTORY_MIGRATION,INVENTORY_MIGRATION,TRANSITION_REGIME,LONG_GAMMA,Expansion,Expansion,-53.6,-17.8,42.9,50.3,-1007250.0,-506250.0,22528.60227918491,67436.02446946545,0.026527572900811203,-0.0016598389843462402,,
2025-07-10,PAYTM,NIFTY FIN SERVICE,3.6190371268040034,3.5905060851368464,4.014538245498089,907.95,944.4,907.95,940.55,6509036,VOLATILITY_COIL,INVENTORY_MIGRATION,SHORT_GAMMA,TRANSITION_REGIME,Compression,Expansion,13.1,-100.0,38.3,54.3,266075.0,-2182250.0,-10926.015661348301,116236.06544512916,0.005135992185453742,0.03087018590693802,,
2025-07-10,JSWENERGY,NIFTY ENERGY,3.0394251310934095,2.7202323330106415,4.103210786691225,516.5,536.6,515.45,530.55,6941032,VOLATILITY_COIL|PINCH_ZONE|IV_SKEW_ACCUMULATION,REGIME_SHIFT|INVENTORY_MIGRATION,TRANSITION_REGIME,TRANSITION_REGIME,Compression,Expansion,26.7,27.3,36.2,52.9,502000.0,426000.0,-17254.227905686013,6230.520217680896,-0.012736767542115501,0.029524789729335033,,
2025-07-10,PRESTIGE,NIFTY REALTY,2.8181818181818086,1.9960319846089147,3.1435493640218137,1663.3,1702.9,1651.0,1696.5,1458403,,REGIME_SHIFT|IV_SKEW_ACCUMULATION,TRANSITION_REGIME,TRANSITION_REGIME,Dealer Controlled,Expansion,-4.4,8.8,36.3,49.5,-69750.0,83250.0,3422.8619837905135,591.9463751448711,-0.01577427362470535,-0.0017384594764581762,,
2025-07-10,PFC,NIFTY FIN SERVICE,2.800718132854585,0.8690546095126317,2.40350461757044,425.75,432.45,422.3,429.45,26178377,REGIME_SHIFT|PINCH_ZONE,FLOOR_BOUNCE|REGIME_SHIFT|INVENTORY_MIGRATION|IV_SKEW_ACCUMULATION,LONG_GAMMA,LONG_GAMMA,Flip Zone,Expansion,-88.5,100.0,36.2,42.1,-1678300.0,2512900.0,62848.56347386801,-32291.503517050412,0.0009542714684240838,0.014177769306931598,,
2025-07-10,IIFL,Other,2.428473109822038,2.7416173570019575,3.414151410192967,507.0,522.5,505.25,520.9,4601660,,INVENTORY_MIGRATION,TRANSITION_REGIME,TRANSITION_REGIME,Support Weakening,Expansion,-15.6,-4.4,42.9,46.7,-338250.0,-156750.0,25716.91205828637,9573.230322573218,-0.0029344897022361427,-0.01254710660084446,,
2025-07-10,IREDA,NIFTY ENERGY,2.248206859140489,1.5808383233532952,1.8922155688622766,167.0,170.16,167.0,169.64,20692786,VOLATILITY_COIL|REGIME_SHIFT,REGIME_SHIFT|INVENTORY_MIGRATION,LONG_GAMMA,LONG_GAMMA,Compression,Expansion,-16.6,-100.0,36.3,41.7,-310500.0,-3946800.0,19129.70780017518,220487.47012136824,0.0038189537662156603,0.0332187067972507,,
2025-07-10,CONCOR,NIFTY SERVICES,2.0313642642398655,1.593851132686086,2.2341376228775633,618.0,629.2,615.45,627.85,2800958,INVENTORY_MIGRATION,FLOOR_BOUNCE|INVENTORY_MIGRATION,TRANSITION_REGIME,LONG_GAMMA,Expansion,Expansion,-0.5,15.8,42.1,41.7,-102500.0,238750.0,61348.6740685032,22144.1837380637,-0.011704433443541162,0.011412796346915832,,
2025-07-10,NYKAA,NIFTY FMCG,1.7668838168439782,2.424528301886797,3.467386670456163,212.0,218.43,211.11,217.14,15986720,,INVENTORY_MIGRATION|IV_SKEW_ACCUMULATION,LONG_GAMMA,LONG_GAMMA,Expansion,Expansion,100.0,-6.7,51.9,41.0,3087500.0,-178125.0,54806.18219580804,13019.112361026462,0.01465158583058751,-0.004478700659877322,,
2025-07-10,LODHA,NIFTY REALTY,1.5610387741889165,1.8614718614718528,2.2342733188720265,1386.0,1413.9,1383.0,1411.8,657475,REGIME_SHIFT|INVENTORY_MIGRATION,REGIME_SHIFT|PINCH_ZONE,TRANSITION_REGIME,TRANSITION_REGIME,Expansion,Flip Zone,8.6,8.1,36.7,40.6,133200.0,108450.0,-676.2558812755051,4457.489356304264,0.008123730758252401,-0.0072782302110002695,,
2025-07-11,GLENMARK,NIFTY PHARMA,14.553571428571432,4.139610389610371,9.090909090909104,2094.4,2284.8,2094.4,2181.1,15680321,INVENTORY_MIGRATION,INVENTORY_MIGRATION|IV_SKEW_ACCUMULATION,LONG_GAMMA,TRANSITION_REGIME,Expansion,Expansion,-17.8,100.0,50.3,55.5,-506250.0,5056500.0,67436.02446946545,-127142.59928618291,-0.0016598389843462402,-0.01160744283339643,,
2025-07-11,PEL,Other,4.686156491831461,4.9659453401155185,6.334685423319231,1159.9,1232.1,1158.7,1217.5,2508951,VOLATILITY_COIL|REGIME_SHIFT,INVENTORY_MIGRATION,TRANSITION_REGIME,TRANSITION_REGIME,Compression,Expansion,-8.5,-1.3,45.2,54.2,-165750.0,-169500.0,11611.725618254888,19229.692991379685,0.006439880730868375,0.028039633152926513,,
2025-07-11,HINDUNILVR,NIFTY FMCG,4.617173227038696,0.7840000000000069,2.8037383177569986,2500.0,2530.0,2461.0,2519.6,7242235,REGIME_SHIFT,FLOOR_BOUNCE|REGIME_SHIFT|INVENTORY_MIGRATION|IV_SKEW_ACCUMULATION,LONG_GAMMA,LONG_GAMMA,Flip Zone,Expansion,-18.6,85.4,38.8,54.2,-324600.0,1439100.0,565.4909886195092,-52584.046084779024,-0.005053576119732339,-0.01815290063806907,,
2025-07-11,RBLBANK,NIFTY PVT BANK,3.734537600628318,4.0000000000000036,5.369526451357243,254.0,265.9,252.35,264.16,14953011,IV_SKEW_ACCUMULATION,,LONG_GAMMA,LONG_GAMMA,Dealer Controlled,Expansion,-7.3,11.4,47.0,57.6,-60325.0,92075.0,-96778.02355803753,129647.66121705575,0.018787360380166318,-0.028857015940549846,,
2025-07-11,DABUR,NIFTY FMCG,1.6175344563552851,1.7929050814956993,3.335904357886599,521.5,535.9,518.6,530.85,4512466,,INVENTORY_MIGRATION|IV_SKEW_ACCUMULATION,LONG_GAMMA,LONG_GAMMA,Support Weakening,Expansion,-21.5,-72.6,45.2,53.7,-408750.0,-1460000.0,40470.54173597664,112229.89037398493,0.004384489267561326,0.006803540132117453,,
2025-07-11,ALKEM,NIFTY PHARMA,1.5614435429344153,0.5606811857988614,2.4241271451517443,4779.9,4846.3,4731.6,4806.7,183075,,REGIME_SHIFT|IV_SKEW_ACCUMULATION,TRANSITION_REGIME,TRANSITION_REGIME,Dealer Controlled,Flip Zone,-2.6,2.3,40.3,52.1,-7000.0,-4000.0,-2497.7055199560627,3270.7036914050504,0.006904039389654226,0.002431205566555572,,
2025-07-11,SBILIFE,NIFTY FIN SERVICE,1.3810628659816526,1.1686879823594287,1.5452538631346657,1814.0,1840.0,1812.0,1835.2,770854,REGIME_SHIFT|IV_SKEW_ACCUMULATION,REGIME_SHIFT|INVENTORY_MIGRATION,TRANSITION_REGIME,LONG_GAMMA,Flip Zone,Expansion,-0.2,-26.9,38.2,50.2,4500.0,-571500.0,-7606.852376172552,108464.42756934665,-0.0012912814812438278,0.005665367841030888,,
2025-07-11,MANKIND,NIFTY PHARMA,1.3482704402515866,1.3084479371316293,5.225933202357558,2545.0,2678.0,2545.0,2578.3,2780534,,INVENTORY_MIGRATION,TRANSITION_REGIME,TRANSITION_REGIME,Support Building,Expansion,1.3,-16.7,38.8,50.9,24300.0,-385875.0,-444.3486366266552,11295.751780039784,-0.00012324421322656987,0.07952499720329537,,
2025-07-11,INDIGO,NIFTY SERVICES,1.3270547945205546,0.877940675076716,1.7126220243192325,5866.0,5939.0,5839.0,5917.5,1332425,VOLATILITY_COIL|REGIME_SHIFT,,TRANSITION_REGIME,TRANSITION_REGIME,Compression,Dealer Controlled,5.7,7.4,39.4,50.3,117900.0,97350.0,-17801.811950148418,18837.33840220717,0.0006028635486687306,-0.0014707828567154801,,
2025-07-11,KPITTECH,NIFTY IT,1.2128949888285945,2.2903225806451655,3.0325026211791117,1240.0,1277.5,1239.9,1268.4,1095318,,,TRANSITION_REGIME,TRANSITION_REGIME,Dealer Controlled,Dealer Controlled,0.2,2.0,45.8,52.8,18800.0,800.0,-3810.7019180877687,12465.866454256742,0.030616104501416497,-0.017429869389891772,,
2025-07-14,IDEA,NIFTY MEDIA & COMM,7.531380753138084,7.531380753138084,8.976157082748948,7.17,7.77,7.13,7.71,939070587,IV_SKEW_ACCUMULATION,,LONG_GAMMA,LONG_GAMMA,Support Weakening,Expansion,-100.0,100.0,56.1,57.3,-5146200.0,53606250.0,-3524751.494111363,5095789.256984146,-0.007462367352362553,0.0712528992112414,,
2025-07-14,PEL,Other,6.225872689938394,6.121276770329032,7.4865424430641925,1218.7,1297.9,1207.5,1293.3,5344893,INVENTORY_MIGRATION,INVENTORY_MIGRATION|IV_SKEW_ACCUMULATION,TRANSITION_REGIME,TRANSITION_REGIME,Expansion,Expansion,-1.3,20.7,54.2,56.6,-169500.0,204000.0,19229.692991379685,6443.789558094504,0.028039633152926513,0.008578137922384377,,
2025-07-14,MANKIND,NIFTY PHARMA,4.58441608812008,7.0209557072551165,7.397999682489287,2519.6,2706.0,2519.6,2696.5,2132999,INVENTORY_MIGRATION,REGIME_SHIFT|IV_SKEW_ACCUMULATION,TRANSITION_REGIME,TRANSITION_REGIME,Expansion,Expansion,-16.7,21.9,50.9,53.3,-385875.0,299475.0,11295.751780039784,-6760.2692227824555,0.07952499720329537,-0.011226862694718731,,
2025-07-14,LAURUSLABS,NIFTY PHARMA,4.258415590989628,4.522963714793193,4.986044151230651,788.2,827.5,788.2,823.85,5083453,IV_SKEW_ACCUMULATION,INVENTORY_MIGRATION,TRANSITION_REGIME,TRANSITION_REGIME,Resistance Weakening,Expansion,4.2,65.8,52.0,53.3,96900.0,1115200.0,-33518.34724928887,48152.76293825256,0.012969162872709883,0.011542343764455731,,
2025-07-14,BSE,NIFTY FIN SERVICE,3.778836826789256,1.4721649484535915,3.6138531035636356,2425.0,2477.2,2390.8,2460.7,7628961,INVENTORY_MIGRATION,INVENTORY_MIGRATION,TRANSITION_REGIME,TRANSITION_REGIME,Expansion,Expansion,-95.0,52.0,56.6,51.1,-1709625.0,864375.0,-27797.55325131883,58927.01107546657,0.0041612977041337595,-0.006583192921151115,,
2025-07-14,BOSCHLTD,NIFTY AUTO,3.6139630390143784,2.8816093516379038,3.997262149212877,36785.0,37985.0,36525.0,37845.0,75464,INVENTORY_MIGRATION,IV_SKEW_ACCUMULATION,TRANSITION_REGIME,TRANSITION_REGIME,Expansion,Expansion,3.8,11.0,53.2,56.6,13375.0,109775.0,-33.98163327933253,-1901.2748868785075,0.01992371827264705,0.01567843007566999,,
2025-07-14,GRANULES,Other,3.571428571428581,3.571428571428581,4.817987152034253,469.0,489.5,467.0,485.75,792132,,PINCH_ZONE,TRANSITION_REGIME,TRANSITION_REGIME,Dealer Controlled,Expansion,-11.1,16.8,55.7,53.1,-181675.0,213925.0,2583.533975390681,15824.36992951265,-0.006287275847830398,0.010609979379918033,,
2025-07-14,PPLPHARMA,Other,3.4331774305901064,3.3303509295158573,5.007304417913461,201.18,208.45,198.51,207.88,11733938,VOLATILITY_COIL|REGIME_SHIFT,IV_SKEW_ACCUMULATION,TRANSITION_REGIME,TRANSITION_REGIME,Compression,Expansion,3.8,-38.3,50.5,55.9,67500.0,-837500.0,1299.8491631350626,52164.17399908471,0.004422663947763972,0.007541432426851791,,
2025-07-14,KEI,NIFTY INFRA,3.330288182044683,2.263013698630134,3.959025470653388,3650.0,3755.0,3612.0,3732.6,541391,,PINCH_ZONE,TRANSITION_REGIME,TRANSITION_REGIME,Dealer Controlled,Expansion,-5.2,6.2,55.0,53.1,-33600.0,16450.0,-506.7094129996158,2588.317668957332,0.053113562848880025,-0.0093535328019978,,
2025-07-14,OIL,NIFTY OIL & GAS,3.1343974092065796,2.9676674364896183,3.65514040380599,433.0,446.65,430.9,445.85,2603352,,PINCH_ZONE,TRANSITION_REGIME,TRANSITION_REGIME,Support Weakening,Expansion,-19.0,61.0,50.5,53.1,-324800.0,1068200.0,-17429.850788630138,24295.902294819447,-0.006093030304615166,0.012980626831223419,,
2025-07-15,HEROMOTOCO,NIFTY AUTO,4.758096761295483,4.1676411431778915,4.8097462500880095,4275.8,4465.0,4260.1,4454.0,1756329,IV_SKEW_ACCUMULATION,INVENTORY_MIGRATION,TRANSITION_REGIME,LONG_GAMMA,Dealer Controlled,Expansion,-2.5,25.8,45.2,48.2,-70650.0,278250.0,27107.822531378915,28860.954460638226,0.01396329732236351,0.017533349999050152,,
2025-07-15,KEI,NIFTY INFRA,4.281198092482463,3.57637040979244,4.033290653008947,3758.0,3900.0,3748.8,3892.4,428669,PINCH_ZONE,REGIME_SHIFT|INVENTORY_MIGRATION|IV_SKEW_ACCUMULATION,TRANSITION_REGIME,TRANSITION_REGIME,Expansion,Expansion,6.2,8.4,53.1,48.1,16450.0,39375.0,2588.317668957332,2395.3090880271657,-0.0093535328019978,0.02592144957854281,,
2025-07-15,PATANJALI,NIFTY FMCG,4.230148772181397,3.3165531536867077,4.802631578947358,1688.5,1752.3,1672.0,1744.5,1937989,,REGIME_SHIFT|INVENTORY_MIGRATION,TRANSITION_REGIME,TRANSITION_REGIME,Dealer Controlled,Expansion,-4.1,21.5,47.5,48.2,-94200.0,279000.0,5484.86176116881,-1772.0832770498528,0.02617044538913027,-0.0048327167043306085,,
2025-07-15,PPLPHARMA,Other,4.011929959592075,3.50406893250359,4.3132749293886885,208.9,217.9,208.89,216.22,18359436,IV_SKEW_ACCUMULATION,INVENTORY_MIGRATION|IV_SKEW_ACCUMULATION,TRANSITION_REGIME,TRANSITION_REGIME,Expansion,Expansion,-38.3,-36.1,55.9,48.2,-837500.0,-812500.0,52164.17399908471,49047.88960453673,0.007541432426851791,0.019582849105766464,,
2025-07-15,CROMPTON,NIFTY CONS DURABLES,3.897829617599302,3.6377025036818944,4.020618556701017,339.5,353.15,339.5,351.85,3626870,REGIME_SHIFT,FLOOR_BOUNCE|REGIME_SHIFT|INVENTORY_MIGRATION|IV_SKEW_ACCUMULATION,TRANSITION_REGIME,LONG_GAMMA,Flip Zone,Expansion,-2.9,11.7,46.6,48.1,-84600.0,93600.0,22535.025245962563,117004.82655302546,0.0038970382122213154,0.024245132009276027,,
2025-07-15,HDFCAMC,NIFTY FIN SERVICE,3.770990867131485,3.112802498048395,3.7080520497015934,5124.0,5300.0,5110.5,5283.5,907464,REGIME_SHIFT|INVENTORY_MIGRATION|IV_SKEW_ACCUMULATION,INVENTORY_MIGRATION,TRANSITION_REGIME,TRANSITION_REGIME,Expansion,Expansion,-1.2,5.7,44.9,51.5,-9300.0,-7200.0,72.512381337041,7962.007294810155,0.021894729974650418,0.012422068900386884,,
2025-07-15,BSE,NIFTY FIN SERVICE,3.4664932742715537,2.7027027027026973,4.474803664921456,2479.0,2554.2,2444.8,2546.0,5731544,INVENTORY_MIGRATION,REGIME_SHIFT|INVENTORY_MIGRATION,TRANSITION_REGIME,TRANSITION_REGIME,Expansion,Expansion,52.0,100.0,51.1,51.3,864375.0,1850250.0,58927.01107546657,35521.28989919757,-0.006583192921151115,-0.03966700424845465,,
2025-07-15,TATAELXSI,NIFTY IT,3.2529535523547537,3.1527890056588515,3.9644012944983764,6185.0,6425.0,6180.0,6380.0,770631,INVENTORY_MIGRATION|IV_SKEW_ACCUMULATION,INVENTORY_MIGRATION|IV_SKEW_ACCUMULATION,TRANSITION_REGIME,TRANSITION_REGIME,Expansion,Expansion,6.7,18.4,48.0,51.5,97500.0,245100.0,4595.097501376236,-3355.84749664391,0.004099907749331777,-0.010216140170945132,,
2025-07-15,PGEL,NIFTY CONS DURABLES,3.222101703566649,2.3924050632911253,3.8270187523918864,790.0,813.9,783.9,808.9,4936560,REGIME_SHIFT|IV_SKEW_ACCUMULATION,,TRANSITION_REGIME,TRANSITION_REGIME,Flip Zone,Expansion,8.7,-12.3,47.9,48.2,105000.0,-333200.0,1262.4258860235059,15901.635798904652,0.026578415069477945,0.058393844420721486,,
2025-07-15,SUPREMEIND,NIFTY CONS DURABLES,3.125,2.551390568319234,3.0225173909881997,4135.0,4250.4,4125.7,4240.5,140399,VOLATILITY_COIL|INVENTORY_MIGRATION,INVENTORY_MIGRATION,TRANSITION_REGIME,TRANSITION_REGIME,Expansion,Expansion,-0.6,4.5,45.7,48.0,-9975.0,-4025.0,254.96186358279147,3061.49739059842,0.002062844112960205,0.0009044301452070802,,
2025-07-16,PATANJALI,NIFTY FMCG,6.597879048437938,6.567335243552996,7.377049180327866,1745.0,1873.3,1744.6,1859.6,5313544,REGIME_SHIFT|INVENTORY_MIGRATION,INVENTORY_MIGRATION|IV_SKEW_ACCUMULATION,TRANSITION_REGIME,TRANSITION_REGIME,Expansion,Expansion,21.5,-46.4,48.2,49.1,279000.0,-1122900.0,-1772.0832770498528,50958.387661372595,-0.0048327167043306085,0.06696750854540068,,
2025-07-16,HINDPETRO,NIFTY OIL & GAS,2.9184450340293155,2.681551386810921,3.4240258243025234,434.45,448.55,433.7,446.1,6690619,,FLOOR_BOUNCE|REGIME_SHIFT|INVENTORY_MIGRATION|IV_SKEW_ACCUMULATION,LONG_GAMMA,LONG_GAMMA,Dealer Controlled,Expansion,-8.2,58.3,41.3,47.1,-188325.0,1014525.0,53868.19092779915,69164.23186101386,0.011159937782283857,0.009545022679629256,,
2025-07-16,LICHSGFIN,NIFTY FIN SERVICE,2.9159935379644564,2.841230123496641,3.423160961398386,619.45,639.0,617.85,637.05,4955226,REGIME_SHIFT,INVENTORY_MIGRATION|IV_SKEW_ACCUMULATION,TRANSITION_REGIME,LONG_GAMMA,Flip Zone,Expansion,-25.3,-18.7,43.0,54.4,-555000.0,-460000.0,99107.78903519071,90440.33893266896,0.0005015122504398173,0.013240836498238873,,
2025-07-16,TATAPOWER,NIFTY ENERGY,2.6739291903936646,2.890460240664927,3.5403726708074457,403.05,416.75,402.5,414.7,13501549,VOLATILITY_COIL|IV_SKEW_ACCUMULATION,,LONG_GAMMA,LONG_GAMMA,Compression,Expansion,-6.2,100.0,39.9,43.9,-143550.0,3899050.0,117604.2388819767,-83679.03584202356,-0.007039166382898643,0.00552375751022427,,
2025-07-16,PNB,NIFTY PSU BANK,2.432287954383461,2.3137848180119214,3.4418022528160064,112.37,115.71,111.86,114.97,38340707,FLOOR_BOUNCE|IV_SKEW_ACCUMULATION,REGIME_SHIFT|IV_SKEW_ACCUMULATION,LONG_GAMMA,LONG_GAMMA,Support Building,Flip Zone,100.0,100.0,40.6,51.1,6304000.0,9608000.0,-290029.65644880943,212763.524006841,0.003540697817008276,6.301922864082599e-05,,
2025-07-16,PGEL,NIFTY CONS DURABLES,2.361231301767841,1.476806176849066,3.5689858857178347,815.95,832.85,804.15,828.0,4190276,,INVENTORY_MIGRATION|IV_SKEW_ACCUMULATION,TRANSITION_REGIME,TRANSITION_REGIME,Expansion,Expansion,-12.3,30.0,48.2,51.1,-333200.0,506100.0,15901.635798904652,-15246.56133821592,0.058393844420721486,-0.03833075005778952,,
2025-07-16,RBLBANK,NIFTY PVT BANK,2.2335333890450393,2.451465550057108,3.1165466529508024,262.7,270.65,262.47,269.14,14867323,,,LONG_GAMMA,LONG_GAMMA,Dealer Controlled,Support Building,1.9,24.3,42.4,51.1,44450.0,406400.0,-45576.66604818514,-57483.75724042283,0.025549082641969534,0.030386774336489952,,
2025-07-16,IDEA,NIFTY MEDIA & COMM,2.2193211488250597,2.35294117647058,5.1655629139072845,7.65,7.94,7.55,7.83,629952754,,,LONG_GAMMA,LONG_GAMMA,Support Building,Support Building,100.0,100.0,44.6,51.1,7790775.0,63326850.0,1223895.7802349143,-225040.95184125006,-0.03051287964418603,0.04042772366039338,,
2025-07-16,VBL,NIFTY FMCG,2.1924223073648275,2.1706746116195053,3.656307129798897,469.9,481.95,464.95,480.1,15026248,FLOOR_BOUNCE,,LONG_GAMMA,LONG_GAMMA,Support Building,Resistance Weakening,14.7,100.0,42.9,48.8,205000.0,3093450.0,139967.34143543663,-46383.675507274456,0.013941844216027954,-0.01943029742212493,,
2025-07-16,GMRAIRPORT,NIFTY INFRA,2.18763604701786,2.18763604701786,2.6761332605133914,91.88,94.0,91.55,93.89,12770323,,,LONG_GAMMA,LONG_GAMMA,Dealer Controlled,Support Building,-11.3,100.0,46.6,45.8,-237150.0,3696750.0,119065.10032586707,565425.411191036,-0.009714534989700652,0.0014004118288260536,,
2025-07-17,SONACOMS,NIFTY AUTO,6.801450390067032,6.742806940478796,8.499890182297376,455.3,494.0,455.3,486.0,34339361,VOLATILITY_COIL|IV_SKEW_ACCUMULATION,INVENTORY_MIGRATION,TRANSITION_REGIME,TRANSITION_REGIME,Compression,Expansion,-4.4,-93.0,42.3,46.1,-82950.0,-2028600.0,5557.232642261133,132319.8600384139,0.002327036084775025,0.030016958185274945,,
2025-07-17,PRESTIGE,NIFTY REALTY,3.758873501687421,3.7951105937136242,4.639115250291037,1718.0,1797.7,1718.0,1783.2,1954595,VOLATILITY_COIL,IV_SKEW_ACCUMULATION,TRANSITION_REGIME,TRANSITION_REGIME,Compression,Expansion,0.6,-10.2,41.4,53.5,24300.0,-313650.0,-1539.2424878378952,24899.988419204157,-0.005889214449223634,0.017284641136471157,,
2025-07-17,BALKRISIND,Other,3.362358174073643,3.74952705259175,5.145667801740439,2643.0,2779.0,2643.0,2742.1,1207633,IV_SKEW_ACCUMULATION,INVENTORY_MIGRATION,TRANSITION_REGIME,TRANSITION_REGIME,Support Building,Expansion,0.1,-23.1,40.8,46.1,22800.0,-556500.0,-152.12394509206206,17039.251016083443,-0.0013711763667698662,0.037468087554768936,,
2025-07-17,UPL,NIFTY COMMODITIES,3.1573460421475907,2.919762258543823,4.011632242189256,673.0,697.45,670.55,692.65,5685069,REGIME_SHIFT|IV_SKEW_ACCUMULATION,FLOOR_BOUNCE|INVENTORY_MIGRATION|IV_SKEW_ACCUMULATION,LONG_GAMMA,LONG_GAMMA,Flip Zone,Expansion,-6.6,23.5,40.9,46.1,-111110.0,348235.0,-6487.959861321782,-47312.278609513334,-0.001061107161681285,0.006626307298479572,,
2025-07-17,MGL,Other,2.9684224761647116,2.8224172856178287,3.0317353139770464,1481.0,1525.9,1481.0,1522.8,1039184,VOLATILITY_COIL|REGIME_SHIFT|INVENTORY_MIGRATION|IV_SKEW_ACCUMULATION,REGIME_SHIFT|INVENTORY_MIGRATION,TRANSITION_REGIME,TRANSITION_REGIME,Expansion,Expansion,3.2,17.2,47.2,40.5,52000.0,236800.0,5123.376395996667,8026.408970432731,0.017294329287800392,-0.003934367977685926,,
2025-07-17,HDFCAMC,NIFTY FIN SERVICE,2.923321191743722,2.368787738039946,3.855872718764619,5382.5,5548.5,5342.5,5510.0,1608642,INVENTORY_MIGRATION|IV_SKEW_ACCUMULATION,INVENTORY_MIGRATION,TRANSITION_REGIME,TRANSITION_REGIME,Expansion,Expansion,1.0,-12.9,41.6,44.2,-20100.0,-361800.0,6321.311076567617,20830.080701968735,-0.029872055997524793,-0.027106777212876576,,
2025-07-17,PATANJALI,NIFTY FMCG,2.6726177672617757,3.0383162439287625,4.143870862900179,1853.0,1922.6,1846.1,1909.3,4058569,INVENTORY_MIGRATION|IV_SKEW_ACCUMULATION,,TRANSITION_REGIME,TRANSITION_REGIME,Expansion,Expansion,-46.4,-0.8,49.1,48.2,-1122900.0,-73200.0,50958.387661372595,13641.785863700497,0.06696750854540068,-0.028991982175162856,,
2025-07-17,TATACONSUM,NIFTY FMCG,2.2468793342579785,2.2468793342579785,2.750000000000008,1081.5,1109.7,1080.0,1105.8,1193262,VOLATILITY_COIL|PINCH_ZONE,REGIME_SHIFT|PINCH_ZONE,TRANSITION_REGIME,TRANSITION_REGIME,Compression,Flip Zone,1.3,15.7,40.8,40.9,24200.0,222750.0,-454.01655476007727,44710.452563974715,0.003395766647958487,0.015174422767366136,,
2025-07-17,VBL,NIFTY FMCG,2.093313892938964,1.7753322259136173,2.410139206316231,481.6,492.9,481.3,490.15,16465830,,FLOOR_BOUNCE|REGIME_SHIFT|INVENTORY_MIGRATION,LONG_GAMMA,LONG_GAMMA,Resistance Weakening,Expansion,100.0,100.0,48.8,40.9,3093450.0,3880650.0,-46383.675507274456,-146107.20222300908,-0.01943029742212493,-0.018551663748716862,,
2025-07-17,GODREJPROP,NIFTY REALTY,2.092525446682103,1.212646167171938,2.5217049866934405,2309.0,2349.9,2292.1,2337.0,1475182,REGIME_SHIFT,REGIME_SHIFT|IV_SKEW_ACCUMULATION,TRANSITION_REGIME,TRANSITION_REGIME,Flip Zone,Flip Zone,2.8,13.4,41.5,40.9,27225.0,182600.0,11658.923754788448,10268.843104730171,-0.0116044268817041,0.0029390193970883494,,
2025-07-18,DALBHARAT,NIFTY COMMODITIES,2.8407014979905165,2.466326902075,3.2087028064722523,2197.6,2258.0,2187.8,2251.8,580404,REGIME_SHIFT|INVENTORY_MIGRATION,INVENTORY_MIGRATION|IV_SKEW_ACCUMULATION,TRANSITION_REGIME,TRANSITION_REGIME,Expansion,Expansion,3.8,-4.5,38.6,49.6,38675.0,-175500.0,1724.5918191923265,11566.583239532887,-0.010401335202398831,0.01969352649146805,,
2025-07-18,NMDC,NIFTY METAL,2.7027027027026973,2.3202520767688473,2.783357245337159,69.82,71.64,69.7,71.44,58872250,FLOOR_BOUNCE|REGIME_SHIFT|IV_SKEW_ACCUMULATION,FLOOR_BOUNCE|REGIME_SHIFT|INVENTORY_MIGRATION,LONG_GAMMA,LONG_GAMMA,Flip Zone,Expansion,60.7,100.0,38.7,49.2,1053000.0,19278000.0,427473.11650226684,686086.3500664695,0.007939021872999996,0.016039674769851908,,
2025-07-18,WIPRO,NIFTY IT,2.4366845740598553,-0.6142963514519817,2.3719879518072196,268.6,271.9,265.6,266.95,30319126,REGIME_SHIFT|INVENTORY_MIGRATION|IV_SKEW_ACCUMULATION,IV_SKEW_ACCUMULATION,LONG_GAMMA,LONG_GAMMA,Expansion,Support Weakening,-100.0,-100.0,38.6,49.3,-4611000.0,-9879000.0,443380.82173608744,3036298.597964954,-0.006588547351152274,-0.027603844799041488,,
2025-07-18,SAIL,NIFTY METAL,2.133233532934131,2.240371646935402,2.5035604527396726,133.46,136.75,133.41,136.45,10612550,VOLATILITY_COIL|FLOOR_BOUNCE|INVENTORY_MIGRATION,FLOOR_BOUNCE|REGIME_SHIFT|IV_SKEW_ACCUMULATION,LONG_GAMMA,LONG_GAMMA,Expansion,Flip Zone,100.0,100.0,38.5,49.2,3022100.0,2444000.0,-227152.20531068114,169842.87012354052,0.002555678537593642,-0.03376760300350612,,
2025-07-18,BAJFINANCE,NIFTY FIN SERVICE,2.025343875230168,2.3356871265616475,2.706521739130441,920.5,944.9,920.0,942.0,7893820,VOLATILITY_COIL|IV_SKEW_ACCUMULATION,IV_SKEW_ACCUMULATION,TRANSITION_REGIME,LONG_GAMMA,Compression,Resistance Weakening,47.8,100.0,38.2,52.7,909000.0,1855500.0,-24963.510350250173,92335.89740135646,0.007839573543537426,-0.004496073059464867,,
2025-07-18,TATACOMM,Other,1.8595518595518667,3.7346350644003934,6.63412338999001,1700.3,1813.1,1700.3,1763.8,3463462,REGIME_SHIFT,INVENTORY_MIGRATION|IV_SKEW_ACCUMULATION,TRANSITION_REGIME,TRANSITION_REGIME,Flip Zone,Expansion,-14.5,-34.9,38.6,49.2,-292950.0,-763700.0,17642.292996622982,42058.81847371632,-0.007381572991155716,-0.02483404478575235,,
2025-07-18,PATANJALI,NIFTY FMCG,1.6969569999476297,1.9800420168067268,3.1888495855551424,1904.0,1954.5,1894.1,1941.7,1966830,,INVENTORY_MIGRATION|IV_SKEW_ACCUMULATION,TRANSITION_REGIME,TRANSITION_REGIME,Expansion,Expansion,-0.8,-17.7,48.2,48.3,-73200.0,-380100.0,13641.785863700497,25264.533268847124,-0.028991982175162856,-0.008975366352667657,,
2025-07-18,LTF,NIFTY FIN SERVICE,1.6868555410952002,1.0646236505646556,3.508859745720283,201.01,206.79,199.78,203.15,20357652,REGIME_SHIFT|INVENTORY_MIGRATION|IV_SKEW_ACCUMULATION,INVENTORY_MIGRATION,LONG_GAMMA,LONG_GAMMA,Expansion,Expansion,-23.8,-100.0,39.8,48.1,-379270.0,-6679614.0,-169674.83101439232,351509.8550814765,0.023989030227661745,-0.0344807347707512,,
2025-07-18,INDHOTEL,NIFTY CONS DURABLES,1.624776178791687,0.6833114323258949,2.396166134185296,761.0,769.2,751.2,766.2,8263373,VOLATILITY_COIL|REGIME_SHIFT|INVENTORY_MIGRATION|IV_SKEW_ACCUMULATION,FLOOR_BOUNCE|IV_SKEW_ACCUMULATION,LONG_GAMMA,LONG_GAMMA,Expansion,Support Building,-87.5,38.1,39.5,48.8,-1688000.0,654000.0,62030.54341893655,105238.35994393117,-0.016695758438239394,-0.036607106571551085,,
2025-07-18,TATASTEEL,NIFTY METAL,1.5447154471544655,1.4178638351030726,1.6552154903185512,160.1,162.75,160.1,162.37,30728478,FLOOR_BOUNCE|REGIME_SHIFT|INVENTORY_MIGRATION,FLOOR_BOUNCE|REGIME_SHIFT|INVENTORY_MIGRATION,LONG_GAMMA,LONG_GAMMA,Expansion,Expansion,100.0,82.3,39.8,48.8,3993000.0,1419000.0,997577.3672802097,633065.888016915,-0.024545191560691793,-0.005961001027735169,,
2025-07-21,ETERNAL,NIFTY SERVICES,5.637636080870911,5.719844357976656,7.929086304305488,257.0,277.0,256.65,271.7,67508530,INVENTORY_MIGRATION,REGIME_SHIFT|INVENTORY_MIGRATION,LONG_GAMMA,LONG_GAMMA,Expansion,Expansion,-52.3,100.0,51.1,49.5,-955450.0,4054600.0,-80646.25289443327,744076.6713551094,-0.018971595718745737,0.007665967696234288,,
2025-07-21,PERSISTENT,NIFTY IT,4.173050923839572,3.9388489208633137,4.424460431654675,5560.0,5806.0,5560.0,5779.0,688971,,REGIME_SHIFT|INVENTORY_MIGRATION,TRANSITION_REGIME,TRANSITION_REGIME,Dealer Controlled,Expansion,1.6,15.9,46.5,46.0,-4300.0,179100.0,2322.4604541299886,4706.408962594165,-0.09131423205320294,0.03572416125536576,,
2025-07-21,UPL,NIFTY COMMODITIES,3.9164300793477436,3.7427325581395277,5.143233936552116,688.0,717.55,682.45,713.75,8073738,IV_SKEW_ACCUMULATION,INVENTORY_MIGRATION,LONG_GAMMA,LONG_GAMMA,Support Weakening,Expansion,-17.6,3.9,46.1,46.1,-302165.0,-56910.0,18841.109333661996,3196.854944434599,-0.002668048399098455,0.005036495204701619,,
2025-07-21,NATIONALUM,NIFTY METAL,3.7070524412296635,2.062287359330006,2.9249593026308807,191.05,196.0,190.43,194.99,23279564,,REGIME_SHIFT|INVENTORY_MIGRATION,LONG_GAMMA,LONG_GAMMA,Support Weakening,Expansion,-28.8,100.0,47.2,46.2,-521250.0,2085000.0,-74363.48368041508,197984.03321414703,0.02085857820583148,-0.034954267265682404,,
2025-07-21,LTF,NIFTY FIN SERVICE,3.6573960127984195,4.2991579990094175,5.732452436540658,201.9,212.85,201.31,210.58,28403671,INVENTORY_MIGRATION,REGIME_SHIFT|INVENTORY_MIGRATION|IV_SKEW_ACCUMULATION,LONG_GAMMA,LONG_GAMMA,Expansion,Expansion,-100.0,100.0,48.1,49.5,-6679614.0,10726648.0,351509.8550814765,71439.53123788408,-0.0344807347707512,-0.00909897736821541,,
2025-07-21,ABB,NIFTY INFRA,3.356061276897182,3.0003529827038466,3.7263774287995766,5666.0,5845.5,5635.5,5836.0,428913,VOLATILITY_COIL|INVENTORY_MIGRATION,REGIME_SHIFT|INVENTORY_MIGRATION,TRANSITION_REGIME,TRANSITION_REGIME,Expansion,Expansion,-8.9,23.2,46.2,46.1,-157500.0,339875.0,8622.405495390809,6035.234133983682,-0.01007864761425975,0.016171331314399018,,
2025-07-21,JSL,Other,3.148326066070517,2.4743024963289395,3.5446389174878634,681.0,704.0,679.9,697.85,1586538,VOLATILITY_COIL|INVENTORY_MIGRATION,REGIME_SHIFT|PINCH_ZONE,TRANSITION_REGIME,TRANSITION_REGIME,Expansion,Expansion,-16.3,15.2,46.1,46.1,-305150.0,198050.0,11744.604105630457,3208.1955365208632,-0.00899962907258045,0.05467337593751703,,
2025-07-21,BSE,NIFTY FIN SERVICE,2.973248927915062,2.91020408163265,4.188072828901412,2450.0,2535.0,2433.1,2521.3,4732364,INVENTORY_MIGRATION,REGIME_SHIFT|INVENTORY_MIGRATION,TRANSITION_REGIME,TRANSITION_REGIME,Expansion,Expansion,-36.0,50.0,52.4,44.5,-644625.0,837750.0,-16919.62521539953,66972.23741752215,-0.014686841910693249,-0.002152606345831476,,
2025-07-21,ICICIBANK,NIFTY PVT BANK,2.805442558563609,1.2292817679558032,2.136395267919289,1448.0,1467.7,1437.0,1465.8,13867136,FLOOR_BOUNCE|REGIME_SHIFT|IV_SKEW_ACCUMULATION,FLOOR_BOUNCE|REGIME_SHIFT|INVENTORY_MIGRATION,LONG_GAMMA,LONG_GAMMA,Flip Zone,Expansion,100.0,100.0,46.1,44.5,3119200.0,3224200.0,-69941.58746186737,635163.8127172685,0.02036339323433392,-0.04378728865406806,,
2025-07-21,BDL,NIFTY INFRA,2.79971284996412,2.79971284996412,4.814230208839243,1671.6,1726.5,1647.2,1718.4,2581371,,INVENTORY_MIGRATION|IV_SKEW_ACCUMULATION,TRANSITION_REGIME,TRANSITION_REGIME,Expansion,Expansion,-37.6,-1.5,53.2,47.9,-602875.0,-112125.0,-18254.77713445233,29604.73365449593,-0.024259085740740982,0.023306171635148865,,
2025-07-22,ETERNAL,NIFTY SERVICES,10.342289289657725,2.320819112627981,7.457276022786119,293.0,311.25,289.65,299.8,269332774,REGIME_SHIFT|INVENTORY_MIGRATION,FLOOR_BOUNCE|REGIME_SHIFT|INVENTORY_MIGRATION|IV_SKEW_ACCUMULATION,LONG_GAMMA,LONG_GAMMA,Expansion,Expansion,100.0,100.0,49.5,45.9,4054600.0,21007775.0,744076.6713551094,-478560.40220558364,0.007665967696234288,0.007859623601740695,,
2025-07-22,NAUKRI,NIFTY IT,4.214887841120163,3.903133903133904,4.5227920227920215,1404.0,1467.5,1404.0,1458.8,4076845,REGIME_SHIFT,REGIME_SHIFT|IV_SKEW_ACCUMULATION,TRANSITION_REGIME,TRANSITION_REGIME,Expansion,Expansion,11.7,22.5,47.9,48.8,146625.0,286500.0,16327.371206123076,35172.081864519736,0.019887089216448717,-0.01811170071645707,,
2025-07-22,ANGELONE,NIFTY FIN SERVICE,3.6618261094483184,2.3868613138686268,4.468864468864475,2740.0,2852.0,2730.0,2805.4,3433443,REGIME_SHIFT,REGIME_SHIFT|INVENTORY_MIGRATION,TRANSITION_REGIME,TRANSITION_REGIME,Flip Zone,Expansion,1.6,-15.1,41.7,45.9,-2500.0,-434750.0,15708.434084451932,37789.86962511125,0.0006575831343024197,0.019971739920826237,,
2025-07-22,PAYTM,NIFTY FIN SERVICE,3.2769971504372553,2.842465753424661,3.8197845249755114,1022.0,1060.0,1021.0,1051.05,8721904,,INVENTORY_MIGRATION,TRANSITION_REGIME,LONG_GAMMA,Dealer Controlled,Expansion,-4.6,-100.0,45.5,49.3,-133400.0,-2385975.0,18471.098576659177,64478.94163775048,0.042979984944040706,0.08628562974463849,,
2025-07-22,HAVELLS,NIFTY CONS DURABLES,3.068686341081217,1.5176848874598026,4.521153719226456,1555.0,1583.6,1515.1,1578.6,5086878,REGIME_SHIFT|INVENTORY_MIGRATION|IV_SKEW_ACCUMULATION,INVENTORY_MIGRATION,TRANSITION_REGIME,TRANSITION_REGIME,Expansion,Expansion,8.5,39.2,42.4,44.8,136500.0,627500.0,-8807.697563430382,36745.74203230895,0.016182119273284945,-0.0503835750419383,,
2025-07-22,SHREECEM,NIFTY COMMODITIES,2.5685745996511855,2.5685745996511855,3.142857142857136,31535.0,32490.0,31500.0,32345.0,59832,REGIME_SHIFT|INVENTORY_MIGRATION,INVENTORY_MIGRATION|IV_SKEW_ACCUMULATION,TRANSITION_REGIME,TRANSITION_REGIME,Expansion,Expansion,3.8,3.3,44.1,43.9,175.0,-21425.0,1210.6291247262527,2774.311801394103,0.025210939521418896,0.01986259107953331,,
2025-07-22,DALBHARAT,NIFTY COMMODITIES,2.5638758730439415,2.031662269129275,3.034300791556732,2274.0,2343.0,2274.0,2320.2,854735,IV_SKEW_ACCUMULATION,INVENTORY_MIGRATION,TRANSITION_REGIME,TRANSITION_REGIME,Resistance Weakening,Expansion,6.1,3.8,41.2,43.9,108550.0,-4875.0,-1631.2857487944275,7215.596950220628,0.0026263168337832266,-0.035040523446359495,,
2025-07-22,TATACHEM,Other,2.3660144619310985,1.8677248677248626,3.3155080213903787,945.0,966.0,935.0,962.65,1169600,,INVENTORY_MIGRATION,TRANSITION_REGIME,LONG_GAMMA,Resistance Weakening,Expansion,13.8,-8.3,44.0,43.8,234650.0,-241800.0,9248.9912703265,79435.25170219908,0.033367306098581906,0.025504876237870455,,
2025-07-22,NYKAA,NIFTY FMCG,2.325256940891962,1.8657407407407511,3.494122037693592,216.0,221.85,214.36,220.03,7203519,FLOOR_BOUNCE|IV_SKEW_ACCUMULATION,REGIME_SHIFT|INVENTORY_MIGRATION,LONG_GAMMA,LONG_GAMMA,Support Building,Expansion,21.6,-100.0,41.4,43.8,381250.0,-6837500.0,3095.151921046141,420331.65069409244,0.006431473381930619,0.0427569868619469,,
2025-07-22,HDFCLIFE,NIFTY FIN SERVICE,1.462182639904297,1.5026595744680682,2.2619918834408947,752.0,768.55,751.55,763.3,4334529,FLOOR_BOUNCE,FLOOR_BOUNCE|REGIME_SHIFT|INVENTORY_MIGRATION,LONG_GAMMA,LONG_GAMMA,Support Building,Expansion,69.6,100.0,43.2,42.7,1241900.0,2387000.0,256137.80951103184,40051.10553712922,0.007581413694150996,-0.011663311184188618,,
2025-07-23,SONACOMS,NIFTY AUTO,3.393593403108164,3.0775716694772415,5.105746635334318,474.4,492.0,468.1,489.0,4471528,INVENTORY_MIGRATION,FLOOR_BOUNCE|REGIME_SHIFT|INVENTORY_MIGRATION,TRANSITION_REGIME,LONG_GAMMA,Expansion,Expansion,-16.8,24.4,42.5,48.3,-215250.0,351750.0,-73037.18466709423,58411.74409094729,0.015249523271434362,0.01722452803179414,1.705490848585689,
2025-07-23,KALYANKJIL,NIFTY FMCG,3.1616221229238795,2.633786277470218,4.997875053123657,596.1,617.65,588.25,611.8,6492596,PINCH_ZONE|IV_SKEW_ACCUMULATION,REGIME_SHIFT|PINCH_ZONE,TRANSITION_REGIME,TRANSITION_REGIME,Support Building,Expansion,14.0,17.9,40.8,48.3,257325.0,243225.0,3916.8380912315333,25726.66609227404,-0.025707204717571985,0.0025857109152379043,13.222911076154343,
2025-07-23,IRFC,NIFTY ENERGY,3.1199816471667585,0.852591429212457,2.8262176788935722,133.71,136.8,133.04,134.85,53101661,INVENTORY_MIGRATION|IV_SKEW_ACCUMULATION,REGIME_SHIFT|INVENTORY_MIGRATION,LONG_GAMMA,LONG_GAMMA,Expansion,Expansion,-100.0,-100.0,47.6,48.7,-5661000.0,-5214750.0,191717.50670365518,682019.1068543113,0.028904586769863017,-0.03976705434162353,-3.381815576413272,
2025-07-23,MAXHEALTH,NIFTY PHARMA,3.002953724975388,3.760641375320284,3.9755351681957096,1209.9,1258.0,1209.9,1255.4,1364458,VOLATILITY_COIL|IV_SKEW_ACCUMULATION,REGIME_SHIFT|INVENTORY_MIGRATION,TRANSITION_REGIME,TRANSITION_REGIME,Compression,Expansion,7.5,20.8,47.2,47.2,143850.0,302400.0,-2903.0003392115977,21219.73911980351,0.011997498579282617,-0.01927178314736755,1.3236481033091385,
2025-07-23,DIXON,NIFTY CONS DURABLES,2.7557100297914694,0.7055961070559613,2.844274432379068,16440.0,16669.0,16208.0,16556.0,866173,REGIME_SHIFT|INVENTORY_MIGRATION|IV_SKEW_ACCUMULATION,REGIME_SHIFT|INVENTORY_MIGRATION,TRANSITION_REGIME,TRANSITION_REGIME,Expansion,Expansion,-9.6,18.7,40.8,46.7,-153800.0,192200.0,3603.6109345154655,2767.165008704833,0.016438684790163527,-0.08624558441952479,16.879632897987996,
2025-07-23,BIOCON,NIFTY PHARMA,2.518078512396693,3.211128445137801,3.5881435257410166,384.6,398.4,384.6,396.95,3735346,REGIME_SHIFT,IV_SKEW_ACCUMULATION,LONG_GAMMA,LONG_GAMMA,Flip Zone,Expansion,-70.2,-15.7,41.6,46.3,-1285000.0,-400000.0,9301.125012714358,182425.95936432778,0.0155989625018782,-0.037872625613264155,12.962435970404096,
2025-07-23,TATAMOTORS,Other,2.4799524799524963,1.980198019801982,2.4916820702403086,676.7,693.1,676.25,690.1,14460727,,FLOOR_BOUNCE,LONG_GAMMA,LONG_GAMMA,Support Weakening,Support Building,-100.0,100.0,42.3,46.3,-2996000.0,3172800.0,-282387.5926118477,265803.2271912617,0.005463072667331703,-0.009867736512249758,2.312824314306905,
2025-07-23,PAGEIND,NIFTY FMCG,2.4084674370882464,1.9569892473118244,3.598525905050942,46500.0,47790.0,46130.0,47410.0,20541,,INVENTORY_MIGRATION,TRANSITION_REGIME,TRANSITION_REGIME,Dealer Controlled,Expansion,-1.0,3.2,47.2,46.3,6915.0,-8325.0,-1247.277987303627,4426.735578875077,-0.004229581098145696,0.04864119943337558,-1.8121569845707786,
2025-07-23,LTIM,Other,2.366921070427974,1.8846153846153957,2.9369002617039897,5200.0,5310.0,5158.5,5298.0,312770,REGIME_SHIFT|PINCH_ZONE,REGIME_SHIFT|INVENTORY_MIGRATION,TRANSITION_REGIME,TRANSITION_REGIME,Flip Zone,Expansion,5.1,7.5,40.8,46.3,87600.0,70200.0,-7330.952576993022,3301.44753540288,-0.0001051668534711725,0.03261960842109224,-2.5386313465783683,
2025-07-23,INDUSTOWER,NIFTY MEDIA & COMM,2.2583901085036606,2.2583901085036606,3.0537252914343505,396.3,406.65,394.6,405.25,4580827,,FLOOR_BOUNCE|REGIME_SHIFT|IV_SKEW_ACCUMULATION,TRANSITION_REGIME,LONG_GAMMA,Support Building,Flip Zone,-2.7,32.6,41.6,46.3,22100.0,537200.0,-129998.43481423121,124031.93872666176,0.044330971408887254,-0.04218848977028328,-2.466907340553548,
2025-07-24,CANBK,NIFTY PSU BANK,5.2968460111317395,4.617511520737327,6.333955223880583,108.5,113.99,107.2,113.51,86127146,VOLATILITY_COIL|INVENTORY_MIGRATION,REGIME_SHIFT|INVENTORY_MIGRATION,LONG_GAMMA,LONG_GAMMA,Expansion,Expansion,-100.0,100.0,43.3,48.9,-6250500.0,44408250.0,46170.350885082036,888639.279512374,-0.0016708549172433917,-0.0427193056279111,2.1968128207436877,4.102562556545486
2025-07-24,INDIANB,NIFTY PSU BANK,4.444266495836002,3.9282868525896353,5.07796881247502,627.5,657.0,625.25,652.15,5451574,IV_SKEW_ACCUMULATION,REGIME_SHIFT|INVENTORY_MIGRATION,TRANSITION_REGIME,TRANSITION_REGIME,Support Building,Expansion,1.6,-10.1,44.9,46.1,49000.0,-334000.0,-13749.733191903299,68919.86146549591,-0.013641456061415813,0.013256376686253901,2.547370076263844,4.453119812065642
2025-07-24,MOTHERSON,NIFTY AUTO,4.269958514621064,3.975380889920288,4.692230070635728,99.11,103.75,99.1,103.05,34498069,PINCH_ZONE|IV_SKEW_ACCUMULATION,REGIME_SHIFT|INVENTORY_MIGRATION,LONG_GAMMA,LONG_GAMMA,Dealer Controlled,Expansion,-11.2,100.0,45.1,46.2,-282900.0,9501750.0,148551.6961459234,197026.14168836328,-0.021811089981509657,0.027897777083616737,-33.25344905758144,-31.347699321779643
2025-07-24,ETERNAL,NIFTY SERVICES,3.6748882635325053,3.606286186931351,4.122516556291389,302.25,314.45,302.0,313.15,120603751,FLOOR_BOUNCE|REGIME_SHIFT|PINCH_ZONE,INVENTORY_MIGRATION|IV_SKEW_ACCUMULATION,LONG_GAMMA,LONG_GAMMA,Flip Zone,Expansion,100.0,100.0,43.3,49.0,2776625.0,10619075.0,157045.74035247194,162027.64033877605,-0.03615991116305778,0.01914844447764802,18.089599517308997,19.995349253110795
2025-07-24,PAYTM,NIFTY FIN SERVICE,3.276851981515194,3.8732394366197243,6.663516068052933,1065.0,1128.5,1058.0,1106.25,16825080,FLOOR_BOUNCE|INVENTORY_MIGRATION,REGIME_SHIFT|INVENTORY_MIGRATION,LONG_GAMMA,TRANSITION_REGIME,Expansion,Expansion,100.0,100.0,46.3,46.1,1822650.0,2217050.0,17499.165448467684,-65429.793682737945,-0.16647866154779623,0.014290064457585683,20.802620802620808,22.708370538422606
2025-07-24,FORTIS,NIFTY PHARMA,2.774068228724036,1.8957631198844416,2.5402763531044537,830.8,849.7,828.65,846.55,3454820,REGIME_SHIFT|INVENTORY_MIGRATION,REGIME_SHIFT|INVENTORY_MIGRATION|IV_SKEW_ACCUMULATION,TRANSITION_REGIME,TRANSITION_REGIME,Expansion,Expansion,4.5,-0.7,46.3,44.5,32550.0,-103075.0,4255.360631554286,40896.79703306864,0.03052705595849059,-0.023619836634930336,7.063361578348282,8.96911131415008
2025-07-24,SUPREMEIND,NIFTY CONS DURABLES,2.644312188513087,2.9781553398058103,5.983331260106972,4120.0,4260.0,4019.5,4242.7,562779,,REGIME_SHIFT|INVENTORY_MIGRATION,TRANSITION_REGIME,TRANSITION_REGIME,Dealer Controlled,Expansion,1.4,9.5,45.2,44.2,-3850.0,95200.0,1981.3972972881602,3135.042065297437,-0.027169813128267273,0.047832955396211796,-3.012915761801349,-1.1071660259995508
2025-07-24,JINDALSTEL,NIFTY METAL,2.3582975240433957,2.0867346938775455,2.8777346145982374,980.0,1006.35,978.2,1000.45,3629756,INVENTORY_MIGRATION,REGIME_SHIFT|INVENTORY_MIGRATION,TRANSITION_REGIME,TRANSITION_REGIME,Expansion,Expansion,17.1,16.2,44.1,44.1,286250.0,233750.0,10476.577057711474,6527.930185339603,0.0007889804264117339,-0.005802792300350912,4.770132998219712,6.67588273402151
2025-07-24,OFSS,NIFTY IT,1.8225310399817785,-0.09499860296172669,2.6147522265357326,8947.5,8987.0,8758.0,8939.0,475675,PINCH_ZONE,REGIME_SHIFT|PINCH_ZONE,TRANSITION_REGIME,TRANSITION_REGIME,Dealer Controlled,Flip Zone,-1.7,6.6,43.6,44.1,-61350.0,53100.0,3813.370893432286,8437.901194790458,-0.002202899136223291,-0.046770128398363975,-1.493195217367349,0.41255451843444924
2025-07-24,LAURUSLABS,NIFTY PHARMA,1.7021276595744705,1.523150676618723,3.0410573334149316,823.95,842.0,817.15,836.5,2358313,VOLATILITY_COIL|REGIME_SHIFT|IV_SKEW_ACCUMULATION,INVENTORY_MIGRATION|IV_SKEW_ACCUMULATION,TRANSITION_REGIME,LONG_GAMMA,Compression,Expansion,-36.2,-27.2,43.4,43.2,-686800.0,-584800.0,-1693.1570530528115,111885.19848797689,0.005432739068052972,0.015608573420950678,22.951422062173886,24.857171797975685
2025-07-25,IEX,NIFTY OIL & GAS,9.597944377267243,5.2394775036284535,9.52276226083133,137.8,149.4,136.41,145.02,298471535,INVENTORY_MIGRATION,GAMMA_SQUEEZE|INVENTORY_MIGRATION,SHORT_GAMMA,SHORT_GAMMA,Expansion,Expansion,21.4,-100.0,48.1,54.7,1038750.0,-2448750.0,1490260.5714014599,-121612.2403818205,0.9344586488202548,-0.8363467488527911,-23.383347421808953,-20.259834483881367
2025-07-25,PHOENIXLTD,NIFTY REALTY,5.372557143843659,5.307108350586609,6.645962732919242,1449.0,1545.3,1449.0,1525.9,5546416,VOLATILITY_COIL|PINCH_ZONE,INVENTORY_MIGRATION,TRANSITION_REGIME,TRANSITION_REGIME,Compression,Expansion,0.6,6.7,42.1,55.1,22750.0,-44450.0,432.9759624674216,21317.4824197385,0.030247467743683365,-0.08228419518565777,-2.8460460970329726,0.2774668408946135
2025-07-25,CIPLA,NIFTY PHARMA,2.9975132737415144,3.1986531986532007,5.7658270932607225,1485.0,1553.7,1469.0,1532.5,5226395,PINCH_ZONE,REGIME_SHIFT|INVENTORY_MIGRATION|IV_SKEW_ACCUMULATION,TRANSITION_REGIME,LONG_GAMMA,Dealer Controlled,Expansion,1.6,-10.0,41.4,53.6,-5250.0,-369000.0,37308.43148761969,100434.63513704165,0.021221489427872442,0.058309413687079314,2.003461128860473,5.126974066788059
2025-07-25,TORNTPHARM,NIFTY PHARMA,2.3835904429103216,2.2818868138729576,2.965980967576498,3523.4,3613.9,3509.8,3603.8,837877,REGIME_SHIFT|IV_SKEW_ACCUMULATION,,TRANSITION_REGIME,TRANSITION_REGIME,Flip Zone,Dealer Controlled,1.9,1.5,41.1,53.3,65250.0,-50500.0,-4160.109291268847,5611.49422840753,-0.008239337819280657,0.024352557898784988,7.852995750284308,10.976508688211894
2025-07-25,SBILIFE,NIFTY FIN SERVICE,2.1465209634255134,0.9977949283351606,1.9934839030316454,1814.0,1847.0,1810.9,1832.1,1821229,REGIME_SHIFT,FLOOR_BOUNCE|REGIME_SHIFT|IV_SKEW_ACCUMULATION,TRANSITION_REGIME,LONG_GAMMA,Flip Zone,Flip Zone,-16.4,9.4,42.1,53.2,-286500.0,63000.0,-53586.26889481454,225365.3527748799,0.006486114445595548,-0.037337309930454976,-0.9996757808278356,2.1238371570997505
2025-07-25,SYNGENE,Other,1.6946621873833445,2.0527419838177963,4.100946372239744,667.4,693.0,665.7,681.1,3025346,INVENTORY_MIGRATION,REGIME_SHIFT|INVENTORY_MIGRATION|IV_SKEW_ACCUMULATION,TRANSITION_REGIME,TRANSITION_REGIME,Expansion,Expansion,27.0,-0.7,41.8,52.4,577000.0,-70000.0,-81701.89639638971,40741.807560864676,-0.05362427576555345,0.02840871757614183,5.983038979226651,9.106551917154238
2025-07-25,SUPREMEIND,NIFTY CONS DURABLES,1.6263228604426416,2.630200894982382,4.5707405177603855,4201.2,4342.3,4152.5,4311.7,441380,REGIME_SHIFT|INVENTORY_MIGRATION,REGIME_SHIFT|INVENTORY_MIGRATION,TRANSITION_REGIME,TRANSITION_REGIME,Expansion,Expansion,9.5,7.9,44.2,52.5,95200.0,107450.0,3135.042065297437,376.03110071882475,0.047832955396211796,-0.054720953756501656,-0.6978350990327065,2.4256778388948796
2025-07-25,APOLLOHOSP,NIFTY PHARMA,1.4259523324505974,1.4052953156822756,1.9064478790767447,7365.0,7483.5,7343.5,7468.5,434232,INVENTORY_MIGRATION|IV_SKEW_ACCUMULATION,REGIME_SHIFT|INVENTORY_MIGRATION|IV_SKEW_ACCUMULATION,TRANSITION_REGIME,TRANSITION_REGIME,Expansion,Expansion,1.1,6.8,41.1,51.2,23250.0,90750.0,-18635.992065220948,31228.01298816932,0.007698879643481427,8.817084772411166e-05,2.1892317164944997,5.312744654422086
2025-07-25,MAXHEALTH,NIFTY PHARMA,1.0336121192993541,1.5302886140183825,2.3585657370517765,1261.2,1284.6,1255.0,1280.5,3090257,INVENTORY_MIGRATION,PINCH_ZONE|IV_SKEW_ACCUMULATION,TRANSITION_REGIME,TRANSITION_REGIME,Expansion,Dealer Controlled,1.3,1.7,41.4,50.8,-4200.0,2625.0,8121.290607490999,18215.55348323431,0.0071612291409218765,-0.016544502709746833,0.09380129758462807,3.217314235512214
2025-07-25,DRREDDY,NIFTY PHARMA,0.9798498617147544,0.9399684044233858,2.1646051379638376,1266.0,1288.5,1261.2,1277.9,1621138,INVENTORY_MIGRATION,FLOOR_BOUNCE|REGIME_SHIFT|INVENTORY_MIGRATION,LONG_GAMMA,LONG_GAMMA,Expansion,Expansion,-88.4,22.7,41.8,50.8,-1792500.0,403750.0,260815.86902670132,182113.93175530003,-0.030876611678436472,-0.011720854861391738,-1.7755572636433459,1.3479556742842402
2025-07-28,LAURUSLABS,NIFTY PHARMA,6.147418680990757,6.752701080432177,8.870237304510598,833.0,901.5,828.05,889.25,17617498,VOLATILITY_COIL|INVENTORY_MIGRATION|IV_SKEW_ACCUMULATION,FLOOR_BOUNCE|INVENTORY_MIGRATION|IV_SKEW_ACCUMULATION,LONG_GAMMA,LONG_GAMMA,Expansion,Expansion,-52.3,100.0,53.2,47.2,-1014900.0,2845800.0,31592.950286714506,104400.19215194881,0.02230380825944578,-0.028227605684966517,22.680554597502933,25.9573832277717
2025-07-28,MPHASIS,NIFTY IT,3.001904761904761,0.5130111524163539,3.3364643997745747,2690.0,2750.3,2661.5,2703.8,1505713,INVENTORY_MIGRATION,REGIME_SHIFT|INVENTORY_MIGRATION,TRANSITION_REGIME,TRANSITION_REGIME,Expansion,Expansion,-49.0,12.5,50.4,45.6,-921525.0,155100.0,27651.55039945557,19051.25109601471,-0.07303531086093157,0.0589319394997177,-4.97645322274548,-1.6996245924767113
2025-07-28,ADANIGREEN,NIFTY ENERGY,2.869146428937386,2.4701439216086474,3.5342185903983747,979.7,1013.6,979.0,1003.9,4051716,PINCH_ZONE,REGIME_SHIFT|PINCH_ZONE|IV_SKEW_ACCUMULATION,TRANSITION_REGIME,LONG_GAMMA,Expansion,Expansion,-38.6,-84.2,51.1,45.6,-607200.0,-1728000.0,-36113.187587374894,134500.31915344542,0.05189806515826545,0.0840269582627059,-2.1158346333853273,1.1609939968834415
2025-07-28,SHRIRAMFIN,NIFTY FIN SERVICE,2.8578387594381693,2.8578387594381693,4.5495458636772845,615.85,638.85,611.05,633.45,11583112,REGIME_SHIFT|INVENTORY_MIGRATION|IV_SKEW_ACCUMULATION,REGIME_SHIFT|INVENTORY_MIGRATION,TRANSITION_REGIME,TRANSITION_REGIME,Expansion,Expansion,-100.0,100.0,51.1,45.6,-3523575.0,1942050.0,47047.91028917364,63597.570927505265,-0.03698458990315956,0.0026291084897773764,-10.384098465020863,-7.107269834752094
2025-07-28,AMBER,NIFTY CONS DURABLES,2.6397195297999554,2.6397195297999554,3.004055819069218,7273.5,7492.0,7273.5,7465.5,243036,INVENTORY_MIGRATION,REGIME_SHIFT|INVENTORY_MIGRATION,TRANSITION_REGIME,TRANSITION_REGIME,Expansion,Expansion,-2.4,5.1,50.4,45.3,-8100.0,19100.0,-1026.6807426447212,2724.2032810541223,-0.04045234368474104,0.14502748490367268,10.281409262131614,13.558237892400383
2025-07-28,CIPLA,NIFTY PHARMA,2.5774877650897254,1.9984427718660713,3.715882933245651,1541.2,1577.0,1520.5,1572.0,3843168,REGIME_SHIFT|INVENTORY_MIGRATION|IV_SKEW_ACCUMULATION,FLOOR_BOUNCE|REGIME_SHIFT|INVENTORY_MIGRATION|IV_SKEW_ACCUMULATION,LONG_GAMMA,LONG_GAMMA,Expansion,Expansion,-10.0,59.5,53.6,45.3,-369000.0,1072875.0,100434.63513704165,117434.40719283544,0.058309413687079314,0.006307065058327621,4.389401686698968,7.666230316967737
2025-07-28,PAYTM,NIFTY FIN SERVICE,2.4771716225708396,2.4531835205992447,4.486817325800385,1068.0,1109.65,1062.0,1094.2,6721352,INVENTORY_MIGRATION,FLOOR_BOUNCE|REGIME_SHIFT|INVENTORY_MIGRATION|IV_SKEW_ACCUMULATION,TRANSITION_REGIME,LONG_GAMMA,Expansion,Expansion,-100.0,39.4,51.1,45.3,-2320725.0,663375.0,-11522.2046149495,91082.00720822244,-0.01707009294140943,0.046668375100094805,18.419913419913424,21.696742050182195
2025-07-28,COFORGE,NIFTY IT,2.125769777356701,2.125769777356701,3.8680659670164985,1688.8,1732.0,1667.5,1724.7,2064973,FLOOR_BOUNCE|REGIME_SHIFT|PINCH_ZONE,FLOOR_BOUNCE|REGIME_SHIFT|INVENTORY_MIGRATION|IV_SKEW_ACCUMULATION,LONG_GAMMA,LONG_GAMMA,Flip Zone,Expansion,26.4,80.0,50.4,45.2,519000.0,1468875.0,25252.201329042786,73099.23466885087,-0.04012117871648596,0.06621504863805971,-10.381917381137951,-7.105088750869182
2025-07-28,DABUR,NIFTY FMCG,2.0827222059254913,2.9585798816567976,3.343195266272203,507.0,523.95,507.0,522.0,2759206,VOLATILITY_COIL|REGIME_SHIFT,REGIME_SHIFT|INVENTORY_MIGRATION,LONG_GAMMA,LONG_GAMMA,Compression,Expansion,-4.7,-16.5,50.4,45.3,-95000.0,-426250.0,78650.5106223137,342051.8236455346,0.008510230461859947,0.06226286167920225,7.573415765069558,10.850244395338326
2025-07-28,VBL,NIFTY FMCG,2.011945928953174,2.689873417721511,3.1596745218218425,474.0,488.1,473.15,486.75,8143141,FLOOR_BOUNCE|REGIME_SHIFT|INVENTORY_MIGRATION,FLOOR_BOUNCE|REGIME_SHIFT|INVENTORY_MIGRATION,LONG_GAMMA,LONG_GAMMA,Expansion,Expansion,18.3,20.4,51.2,45.3,414100.0,318775.0,-122740.02425353928,79234.09784088621,0.030062630909215016,0.05494542698936167,6.381816194951373,9.658644825220142
2025-07-29,TATACHEM,Other,7.026274950500344,5.20225132817842,5.890410958904102,950.55,1004.9,949.0,1000.0,9619563,INVENTORY_MIGRATION,REGIME_SHIFT|INVENTORY_MIGRATION,TRANSITION_REGIME,TRANSITION_REGIME,Expansion,Expansion,-33.5,89.2,42.6,46.6,-619450.0,1454700.0,12520.520424950708,34043.77978209892,0.03462722473968011,0.01985704425379814,7.463328139272485,10.284977357416858
2025-07-29,BSOFT,Other,6.3595068137572985,6.525412712855849,7.528002083876029,384.65,412.8,383.9,409.75,4454416,PINCH_ZONE,REGIME_SHIFT|INVENTORY_MIGRATION,TRANSITION_REGIME,TRANSITION_REGIME,Expansion,Expansion,-12.1,56.4,43.6,46.6,-145600.0,878800.0,-51271.11275967406,74178.59300177931,0.1834065564660402,0.03809432881498098,-6.503137478608101,-3.6814882604637282
2025-07-29,GRANULES,Other,5.882987910189974,5.700431034482767,6.034482758620685,464.0,492.0,464.0,490.45,1819374,INVENTORY_MIGRATION|IV_SKEW_ACCUMULATION,INVENTORY_MIGRATION,TRANSITION_REGIME,TRANSITION_REGIME,Expansion,Expansion,-6.3,41.3,42.5,46.6,-81700.0,611675.0,-17587.486079528724,28406.787349026185,-0.00387559548330485,0.14989367940453358,0.26576714709189986,3.087416365236273
2025-07-29,VBL,NIFTY FMCG,5.21828454031843,5.358979633820193,7.687480389080625,486.1,514.8,478.05,512.15,24363407,FLOOR_BOUNCE|REGIME_SHIFT|INVENTORY_MIGRATION,FLOOR_BOUNCE|REGIME_SHIFT|INVENTORY_MIGRATION,LONG_GAMMA,LONG_GAMMA,Expansion,Expansion,20.4,100.0,45.3,46.6,318775.0,3827350.0,79234.09784088621,-347396.0113948649,0.05494542698936167,-0.0038970657329997493,13.407883082373772,16.229532300518144
2025-07-29,AMBER,NIFTY CONS DURABLES,4.621257785814747,4.628265237776286,10.431605074462214,7465.0,8008.5,7252.0,7810.5,1350156,REGIME_SHIFT|INVENTORY_MIGRATION,INVENTORY_MIGRATION|IV_SKEW_ACCUMULATION,TRANSITION_REGIME,TRANSITION_REGIME,Expansion,Expansion,5.1,3.5,45.3,49.7,19100.0,-85700.0,2724.2032810541223,5645.5131925136875,0.14502748490367268,-0.06587715240547043,10.271071579839042,13.092720797983414
2025-07-29,JIOFIN,NIFTY FIN SERVICE,4.4737270213112135,4.831864185439105,5.288932419196857,306.3,322.5,306.3,321.1,27086587,INVENTORY_MIGRATION,FLOOR_BOUNCE|REGIME_SHIFT|INVENTORY_MIGRATION|IV_SKEW_ACCUMULATION,LONG_GAMMA,LONG_GAMMA,Expansion,Expansion,-100.0,100.0,43.3,46.6,-2154950.0,14567650.0,-546453.8368760706,1307482.47830768,0.11301372363841383,0.002763368255709886,-2.578883495145634,0.242765722998739
2025-07-29,BOSCHLTD,NIFTY AUTO,4.393879952922708,5.875331564986741,6.6595772962913635,37700.0,40120.0,37615.0,39915.0,89125,REGIME_SHIFT|INVENTORY_MIGRATION|IV_SKEW_ACCUMULATION,INVENTORY_MIGRATION|IV_SKEW_ACCUMULATION,TRANSITION_REGIME,TRANSITION_REGIME,Expansion,Expansion,2.3,13.5,43.3,46.6,8650.0,101600.0,3521.8809591586632,-8602.736066849367,0.0691989352115871,0.04078320773383037,23.518489865387583,26.340139083531955
2025-07-29,HINDCOPPER,Other,4.067660088602487,4.551891563827626,6.241076891698949,247.15,260.45,245.15,258.4,5737676,INVENTORY_MIGRATION,REGIME_SHIFT|INVENTORY_MIGRATION,TRANSITION_REGIME,TRANSITION_REGIME,Expansion,Expansion,-23.2,40.4,43.9,46.6,-304750.0,638650.0,-123853.16820253036,95016.79203484373,0.2983339259084701,-0.05557114903262095,-8.885754583921035,-6.064105365776662
2025-07-29,TORNTPHARM,NIFTY PHARMA,4.007839023986315,2.947926342822793,3.404185563630402,3660.2,3784.8,3660.2,3768.1,1677573,REGIME_SHIFT|INVENTORY_MIGRATION,INVENTORY_MIGRATION|IV_SKEW_ACCUMULATION,TRANSITION_REGIME,TRANSITION_REGIME,Expansion,Expansion,-5.4,21.1,42.5,46.6,-113000.0,267500.0,-4829.771237488429,-15965.488939073475,0.08297670343653707,-0.020067318918725485,10.28477770948577,13.106426927630142
2025-07-29,IIFL,Other,3.758186397984886,3.601609657947691,5.050505050505061,497.0,520.0,495.0,514.9,1698933,REGIME_SHIFT|INVENTORY_MIGRATION|IV_SKEW_ACCUMULATION,REGIME_SHIFT|INVENTORY_MIGRATION|IV_SKEW_ACCUMULATION,TRANSITION_REGIME,TRANSITION_REGIME,Expansion,Expansion,-6.2,15.8,43.6,46.7,0.0,193050.0,-36362.55474749736,-524.2122264476384,0.3380583301455802,-0.08260515868833018,9.70491104719291,12.526560265337283
2025-07-30,DMART,NIFTY FMCG,7.061765441360324,7.061765441360324,8.127031757939495,3999.0,4324.0,3999.0,4281.4,3389361,REGIME_SHIFT,REGIME_SHIFT|INVENTORY_MIGRATION,TRANSITION_REGIME,TRANSITION_REGIME,Flip Zone,Expansion,16.0,38.6,42.6,47.2,270900.0,428550.0,-962.8792104863824,40609.05012207056,0.04006512840883536,0.11756788911833504,-2.5159953550854985,-0.1652288563073312
2025-07-30,LT,NIFTY INFRA,4.8489529694472955,1.1899503036996162,2.654596100278561,3622.0,3685.3,3590.0,3665.1,8760659,REGIME_SHIFT|INVENTORY_MIGRATION,FLOOR_BOUNCE|REGIME_SHIFT|INVENTORY_MIGRATION|IV_SKEW_ACCUMULATION,LONG_GAMMA,LONG_GAMMA,Expansion,Expansion,-10.9,100.0,44.6,47.2,-333375.0,3145975.0,236567.6039935503,295595.300455329,0.12939191452515048,-0.020521010448973087,1.898910142348753,4.2496766411269205
2025-07-30,KPITTECH,NIFTY IT,4.111950098489814,4.111950098489814,7.607783928871004,1218.4,1282.9,1192.2,1268.5,4133160,GAMMA_SQUEEZE|REGIME_SHIFT|IV_SKEW_ACCUMULATION,REGIME_SHIFT|INVENTORY_MIGRATION,SHORT_GAMMA,TRANSITION_REGIME,Expansion,Expansion,15.0,77.7,47.6,47.2,223200.0,1322800.0,19141.781679879536,53916.569920122565,0.10647214075140432,-0.1231358070762768,2.1665592783505216,4.517325777128689
2025-07-30,APLAPOLLO,NIFTY INFRA,3.392963231896484,3.3520290333223235,3.708110251834218,1515.5,1569.0,1512.9,1566.3,1212306,IV_SKEW_ACCUMULATION,INVENTORY_MIGRATION,TRANSITION_REGIME,TRANSITION_REGIME,Dealer Controlled,Expansion,-4.1,1.3,47.2,47.2,-98700.0,-80150.0,24281.20510889313,-969.0583590411334,0.03408143820118703,0.17086709386697585,-10.148003671408912,-7.797237172630744
2025-07-30,AMBER,NIFTY CONS DURABLES,2.944753856987381,2.9315752416309238,4.878836833602596,7811.5,8115.0,7737.5,8040.5,895074,INVENTORY_MIGRATION|IV_SKEW_ACCUMULATION,REGIME_SHIFT|INVENTORY_MIGRATION,TRANSITION_REGIME,TRANSITION_REGIME,Expansion,Expansion,3.5,10.3,49.7,45.6,-85700.0,119000.0,5645.5131925136875,-2229.1011825445294,-0.06587715240547043,0.06993907800737109,11.29489930098968,13.645665799767848
2025-07-30,RBLBANK,NIFTY PVT BANK,2.346041055718473,1.465286661239662,3.6209613869188306,257.97,262.99,253.8,261.75,23816281,INVENTORY_MIGRATION|IV_SKEW_ACCUMULATION,REGIME_SHIFT|PINCH_ZONE,TRANSITION_REGIME,LONG_GAMMA,Expansion,Flip Zone,-6.3,0.8,42.3,45.3,-149225.0,-73025.0,4055.0116907324846,146933.6162445182,0.03348772730586336,0.11967273362585695,5.006619328439044,7.357385827217211
2025-07-30,PAGEIND,NIFTY FMCG,2.3297680821772637,2.318932655654393,3.6820261785676323,47220.0,48715.0,46985.0,48315.0,64163,INVENTORY_MIGRATION,REGIME_SHIFT|INVENTORY_MIGRATION|IV_SKEW_ACCUMULATION,TRANSITION_REGIME,TRANSITION_REGIME,Expansion,Expansion,3.3,4.5,43.8,45.3,18600.0,13515.0,94.05790672404646,-276.76808558860284,0.0944362284680092,0.2731833254645812,1.7157894736842039,4.066555972462371
2025-07-30,M&MFIN,Other,2.262353641595549,1.0392156862744972,1.6535433070866024,255.0,258.2,254.0,257.65,6187624,FLOOR_BOUNCE|REGIME_SHIFT|IV_SKEW_ACCUMULATION,FLOOR_BOUNCE|REGIME_SHIFT|INVENTORY_MIGRATION,LONG_GAMMA,LONG_GAMMA,Flip Zone,Expansion,5.9,65.0,43.0,45.3,67848.0,1159584.0,88716.87841481064,86435.10919242716,0.0399327431090406,0.17540196105531802,-1.5663801337153838,0.7843863650627836
2025-07-30,BRITANNIA,NIFTY FMCG,2.150728759331666,2.132575084414423,2.3369468633374746,5627.0,5758.5,5627.0,5747.0,176798,VOLATILITY_COIL|IV_SKEW_ACCUMULATION,REGIME_SHIFT|INVENTORY_MIGRATION,TRANSITION_REGIME,TRANSITION_REGIME,Compression,Expansion,1.7,5.8,41.9,45.3,33125.0,44500.0,-5032.525812859774,15391.325425579622,-0.010132965576928332,0.05545330312548935,-0.7426597582038008,1.6081067405743665
2025-07-30,VBL,NIFTY FMCG,1.94279019818413,1.378640776699025,3.7281553398058387,515.0,534.2,515.0,522.1,25521111,FLOOR_BOUNCE|REGIME_SHIFT|INVENTORY_MIGRATION,REGIME_SHIFT|INVENTORY_MIGRATION|IV_SKEW_ACCUMULATION,LONG_GAMMA,LONG_GAMMA,Expansion,Expansion,100.0,-100.0,46.6,45.3,3827350.0,-2220150.0,-347396.0113948649,82334.57264158473,-0.0038970657329997493,0.059640857055892504,15.24114336165987,17.591909860438037
2025-07-31,KAYNES,NIFTY INFRA,9.471443774388089,10.411449016100182,14.734343618769397,5590.0,6284.0,5477.0,6172.0,3889665,INVENTORY_MIGRATION,REGIME_SHIFT|INVENTORY_MIGRATION|IV_SKEW_ACCUMULATION,TRANSITION_REGIME,TRANSITION_REGIME,Expansion,Expansion,4.1,17.5,48.8,58.9,14400.0,34600.0,2921.9305907161006,-374.39158457764006,0.22773614832205857,-0.6308202320244423,-0.056675572828113197,2.450478446215165
2025-07-31,DELHIVERY,NIFTY SERVICES,3.9349871685200988,4.496866936970156,6.223707003217016,406.95,429.25,404.1,425.25,6815743,REGIME_SHIFT|INVENTORY_MIGRATION|IV_SKEW_ACCUMULATION,REGIME_SHIFT|INVENTORY_MIGRATION,TRANSITION_REGIME,TRANSITION_REGIME,Expansion,Expansion,-15.1,11.8,44.9,62.2,-188825.0,114125.0,-65842.17571155685,-31366.67995365482,0.1871275138178221,-0.48302335888960507,9.36093609360935,11.868090112652629
2025-07-31,GODREJCP,NIFTY FMCG,3.4851224724642416,4.2822827797564855,5.012032196498217,1207.3,1265.5,1205.1,1259.0,1600452,INVENTORY_MIGRATION,INVENTORY_MIGRATION,TRANSITION_REGIME,TRANSITION_REGIME,Expansion,Expansion,13.3,13.0,42.5,62.2,240000.0,143500.0,-7536.768743039231,7967.4631563410385,0.10329066984803903,-0.4977658537042244,7.496584699453557,10.003738718496836
2025-07-31,HINDUNILVR,NIFTY FMCG,3.438089767785324,4.177513325895621,5.326226189000449,2420.1,2549.0,2420.1,2521.2,5505507,FLOOR_BOUNCE|REGIME_SHIFT|INVENTORY_MIGRATION,REGIME_SHIFT|INVENTORY_MIGRATION,LONG_GAMMA,TRANSITION_REGIME,Expansion,Expansion,1.5,84.3,42.5,62.2,70200.0,1474800.0,-270491.85661667335,-220863.92998428323,0.1299758207676922,-0.36789943761445515,8.982450073484905,11.489604092528184
2025-07-31,ABCAPITAL,NIFTY FIN SERVICE,3.1551446945337513,3.9910858995137577,7.078189300411508,246.8,260.2,243.0,256.65,8649553,REGIME_SHIFT|INVENTORY_MIGRATION,INVENTORY_MIGRATION|IV_SKEW_ACCUMULATION,TRANSITION_REGIME,TRANSITION_REGIME,Expansion,Expansion,2.5,20.3,42.5,60.6,89900.0,285200.0,-10365.699859774308,67992.94838178188,0.010489307360132427,-0.4403872937204083,-5.85106382978725,-3.343909810743972
2025-07-31,INDIGO,NIFTY SERVICES,2.9703832752613346,5.0755555555555665,5.779006510300544,5625.0,5930.5,5606.5,5910.5,2572409,VOLATILITY_COIL|REGIME_SHIFT|INVENTORY_MIGRATION,INVENTORY_MIGRATION|IV_SKEW_ACCUMULATION,TRANSITION_REGIME,TRANSITION_REGIME,Expansion,Expansion,23.7,19.2,42.5,57.3,441600.0,264600.0,3217.7396918739087,20587.619251675133,0.12183612197444482,-0.5898862092433392,2.506070065903576,5.013224084946854
2025-07-31,JIOFIN,NIFTY FIN SERVICE,2.7942553855760277,3.8643533123028373,5.119292147258658,317.0,332.65,316.45,329.25,49292436,VOLATILITY_COIL|FLOOR_BOUNCE|REGIME_SHIFT,INVENTORY_MIGRATION,LONG_GAMMA,LONG_GAMMA,Compression,Expansion,46.2,100.0,42.5,57.3,956450.0,16177400.0,-345618.4357345116,-973571.1148481738,0.09221661355174016,-0.41312113885700663,1.292108906322098,3.7992629253653765
2025-07-31,APLAPOLLO,NIFTY INFRA,2.228181063653212,2.8387925497752153,3.993548387096779,1557.0,1611.9,1550.0,1601.2,1507354,INVENTORY_MIGRATION,REGIME_SHIFT|PINCH_ZONE|IV_SKEW_ACCUMULATION,TRANSITION_REGIME,TRANSITION_REGIME,Expansion,Flip Zone,1.3,27.6,47.2,56.9,-80150.0,469700.0,-969.0583590411334,-3870.101136432924,0.17086709386697585,-0.4433324867459198,-7.402266944251679,-4.8951129252084
2025-07-31,POONAWALLA,Other,1.9927536231884035,3.08837890625,5.216860109957255,409.6,430.6,409.25,422.25,2267648,,REGIME_SHIFT|INVENTORY_MIGRATION,TRANSITION_REGIME,TRANSITION_REGIME,Support Weakening,Expansion,-39.8,55.8,42.6,60.3,-746300.0,1014900.0,26439.992635449344,-56458.287458824765,0.0913080744796958,-0.5149244756756624,-9.466123499142364,-6.958969480099086
2025-07-31,PAYTM,NIFTY FIN SERVICE,1.9799662984459676,3.1630285524882673,5.199522102747922,1055.95,1100.65,1046.25,1089.35,5521235,IV_SKEW_ACCUMULATION,INVENTORY_MIGRATION|IV_SKEW_ACCUMULATION,TRANSITION_REGIME,TRANSITION_REGIME,Support Weakening,Expansion,-22.2,100.0,42.5,60.3,-406725.0,1867600.0,14273.699238974368,-102818.95561797087,0.08243655813881123,-0.32276764415086767,17.72938506430346,20.236539083346738
2025-08-01,KAYNES,NIFTY INFRA,3.232339598185363,2.724707779121327,5.119896305897598,6202.5,6488.0,6172.0,6371.5,2057574,REGIME_SHIFT|INVENTORY_MIGRATION|IV_SKEW_ACCUMULATION,INVENTORY_MIGRATION,TRANSITION_REGIME,TRANSITION_REGIME,Expansion,Expansion,17.5,4.1,58.9,63.2,34600.0,7600.0,-374.39158457764006,2426.8973481409384,-0.6308202320244423,0.18880873978081833,3.4922439697880225,7.009976973205023
2025-08-01,TRENT,NIFTY FMCG,3.228377839776808,2.900278108859755,5.404595404595414,5034.0,5275.5,5005.0,5180.0,2034517,INVENTORY_MIGRATION|IV_SKEW_ACCUMULATION,INVENTORY_MIGRATION,TRANSITION_REGIME,TRANSITION_REGIME,Expansion,Expansion,35.3,3.3,59.2,61.2,695100.0,-48800.0,-5815.871482416243,12028.594643687342,-0.31613276740135254,0.16679240471457396,-5.058651026392957,-1.5409180229759567
2025-08-01,AMBUJACEM,NIFTY COMMODITIES,2.572971148979253,2.2022358577792778,4.5180467091295196,594.85,615.35,588.75,607.95,4599912,INVENTORY_MIGRATION,IV_SKEW_ACCUMULATION,TRANSITION_REGIME,TRANSITION_REGIME,Expansion,Expansion,-100.0,16.9,55.5,56.8,-3178350.0,245700.0,-25048.087643589228,73673.75390636576,-0.3572312324584399,0.12063896304361515,2.0478388585816187,5.565571861998619
2025-08-01,TVSMOTOR,NIFTY AUTO,2.0129916482261256,1.1752212389380512,3.0366903647601085,2825.0,2884.1,2799.1,2858.2,2512045,VOLATILITY_COIL|REGIME_SHIFT|INVENTORY_MIGRATION|IV_SKEW_ACCUMULATION,IV_SKEW_ACCUMULATION,TRANSITION_REGIME,TRANSITION_REGIME,Expansion,Resistance Weakening,-34.3,32.4,54.1,56.8,-676550.0,560000.0,42685.30621199871,-15519.23654166938,-0.41520371368724807,0.16355491034382313,-0.76039026422694,2.7573427391900607
2025-08-01,JSL,Other,1.7216539403543951,1.7363112391930668,3.809523809523818,694.0,708.5,682.5,706.05,1295136,INVENTORY_MIGRATION,PINCH_ZONE,TRANSITION_REGIME,TRANSITION_REGIME,Expansion,Dealer Controlled,2.2,-2.2,56.9,55.9,-5100.0,-91800.0,-50698.239032714926,7606.904304239333,-0.4692238372389392,0.24229711651293,3.8461538461538325,7.363886849570833
2025-08-01,KFINTECH,NIFTY FIN SERVICE,1.7176101209714467,1.7176101209714467,3.852193995381059,1082.9,1124.2,1082.5,1101.5,2136082,INVENTORY_MIGRATION,REGIME_SHIFT|INVENTORY_MIGRATION|IV_SKEW_ACCUMULATION,TRANSITION_REGIME,TRANSITION_REGIME,Expansion,Expansion,-10.0,-0.8,59.5,56.5,-122850.0,-66150.0,5664.998125071017,5497.805444054693,-0.4160062333996667,0.19878415435604788,-14.93551625608156,-11.41778325266456
2025-08-01,ASIANPAINT,NIFTY FMCG,1.4565335336588658,2.22876366694702,3.952901597981495,2378.0,2472.0,2378.0,2431.0,2225293,REGIME_SHIFT|INVENTORY_MIGRATION,INVENTORY_MIGRATION,TRANSITION_REGIME,TRANSITION_REGIME,Expansion,Expansion,-1.3,-40.2,54.1,53.9,72250.0,-843000.0,-313923.4204261601,97570.62305172288,-0.30665157570381907,0.1184195884594278,0.28050490883591017,3.798237912252911
2025-08-01,HINDUNILVR,NIFTY FMCG,1.28906869744565,0.1450980392156742,7.513106547360948,2550.0,2727.5,2536.9,2553.7,4259653,REGIME_SHIFT|INVENTORY_MIGRATION,INVENTORY_MIGRATION|IV_SKEW_ACCUMULATION,TRANSITION_REGIME,LONG_GAMMA,Expansion,Expansion,84.3,-100.0,62.2,53.9,1474800.0,-3604800.0,-220863.92998428323,221059.96964911342,-0.36789943761445515,0.11438901959192695,9.165134869405357,12.682867872822357
2025-08-01,NESTLEIND,NIFTY FMCG,1.2813097833340725,1.2813097833340725,1.9883197360795357,2247.7,2287.7,2243.1,2276.5,705012,INVENTORY_MIGRATION,INVENTORY_MIGRATION|IV_SKEW_ACCUMULATION,TRANSITION_REGIME,TRANSITION_REGIME,Expansion,Expansion,14.0,-2.0,59.2,54.5,241750.0,-78750.0,17774.07931101087,28596.296708988437,-0.25425542034247806,0.09537840318431845,-4.860414577064532,-1.342681573647531
2025-08-01,ABFRL,Other,1.2487992315081575,1.2487992315081575,2.36523652365237,72.87,74.44,72.72,73.78,5398627,INVENTORY_MIGRATION,,SHORT_GAMMA,TRANSITION_REGIME,Expansion,Support Weakening,-26.5,-100.0,60.5,60.8,-468000.0,-3845400.0,211597.01473221285,206083.7815961564,-0.5631978991169776,0.2558052338471205,-5.808757819481681,-2.29102481606468
2025-08-04,ABCAPITAL,NIFTY FIN SERVICE,10.737721216941743,10.715705765407545,11.709741550695817,251.5,280.95,251.5,278.45,31881799,,INVENTORY_MIGRATION|IV_SKEW_ACCUMULATION,TRANSITION_REGIME,LONG_GAMMA,Support Building,Expansion,35.0,-100.0,60.2,56.3,737800.0,-4380300.0,-78778.56314467182,392607.3173528678,0.20237937386938287,-0.0024351440039104277,0.7963800904977392,3.697056803784171
2025-08-04,DELHIVERY,NIFTY SERVICES,7.386297545655451,4.909090909090907,5.443181818181819,440.0,463.95,440.0,461.6,24276110,IV_SKEW_ACCUMULATION,INVENTORY_MIGRATION,TRANSITION_REGIME,TRANSITION_REGIME,Support Weakening,Expansion,-42.7,100.0,57.0,56.3,-852825.0,2944425.0,57313.24440663915,-17958.57719767916,0.2280938594901109,-0.0539731865361871,16.53622822519565,19.436904938482083
2025-08-04,UPL,NIFTY COMMODITIES,6.9984214087048136,5.671863400148491,7.053046648314876,673.5,719.45,672.05,711.7,12572025,INVENTORY_MIGRATION,REGIME_SHIFT|INVENTORY_MIGRATION|IV_SKEW_ACCUMULATION,TRANSITION_REGIME,TRANSITION_REGIME,Expansion,Expansion,-100.0,100.0,59.3,56.2,-3436280.0,5039245.0,76120.44996514927,29931.44666061178,0.1898831992090301,-0.07851374981208625,4.623300257258367,7.523976970544799
2025-08-04,MANAPPURAM,NIFTY FIN SERVICE,6.534893102057282,7.357723577235786,7.811228641171675,246.0,265.0,245.8,264.1,8070831,GAMMA_SQUEEZE|INVENTORY_MIGRATION,INVENTORY_MIGRATION|IV_SKEW_ACCUMULATION,SHORT_GAMMA,TRANSITION_REGIME,Expansion,Expansion,31.8,-20.8,54.6,60.3,684000.0,-642000.0,-139083.18167493312,393663.9052191257,0.12359360498060243,0.025539116272966678,-2.564102564102555,0.33657414918387696
2025-08-04,CDSL,NIFTY FIN SERVICE,6.329456315931847,6.243243243243257,6.940020332090824,1480.0,1577.9,1475.5,1572.4,5011132,VOLATILITY_COIL|INVENTORY_MIGRATION,INVENTORY_MIGRATION,TRANSITION_REGIME,TRANSITION_REGIME,Expansion,Expansion,-11.9,11.8,56.3,56.2,-225625.0,20900.0,15957.07282663637,79811.51297929432,0.1642236765359218,0.010281222713731275,-11.58841720551026,-8.687740492223828
2025-08-04,IIFL,Other,5.243445692883908,6.288416075650116,7.480643240023821,423.0,451.15,419.75,449.6,3552231,INVENTORY_MIGRATION,REGIME_SHIFT|INVENTORY_MIGRATION,TRANSITION_REGIME,TRANSITION_REGIME,Expansion,Expansion,-47.9,27.8,60.5,59.2,-610500.0,376200.0,-10294.55199014502,40061.63446988855,0.3576597957728555,-0.09151032573298479,-7.717569786535295,-4.816893073248863
2025-08-04,HEROMOTOCO,NIFTY AUTO,5.202245106225045,5.097430431659666,5.56599614858122,4315.9,4550.0,4310.1,4535.9,1454995,REGIME_SHIFT|INVENTORY_MIGRATION,REGIME_SHIFT|INVENTORY_MIGRATION,TRANSITION_REGIME,TRANSITION_REGIME,Expansion,Expansion,-3.1,-25.8,55.2,56.2,-93150.0,-680400.0,12494.885980649931,51319.11278411497,0.16008763751560334,0.012096749299574272,5.314604132807044,8.215280846093476
2025-08-04,JSWENERGY,NIFTY ENERGY,5.110915665005367,4.427184466019418,5.387468280304519,515.0,539.9,512.3,537.8,9051726,,INVENTORY_MIGRATION|IV_SKEW_ACCUMULATION,TRANSITION_REGIME,TRANSITION_REGIME,Support Weakening,Expansion,-95.5,100.0,54.8,56.2,-1819000.0,2255000.0,78329.30760265276,-29026.684886128787,0.1988868856614539,-0.05758937822613536,5.523398410673996,8.424075123960428
2025-08-04,MCX,NIFTY FIN SERVICE,5.029293660720158,2.1512260708111963,3.906149284517202,7809.5,8060.0,7757.0,7977.5,1376194,INVENTORY_MIGRATION|IV_SKEW_ACCUMULATION,REGIME_SHIFT|INVENTORY_MIGRATION,TRANSITION_REGIME,TRANSITION_REGIME,Expansion,Expansion,-7.3,6.1,58.6,56.2,-100125.0,-55375.0,3787.5843610195293,17354.253556230073,0.19372608252582252,-0.04284705866157401,-8.792088263876984,-5.891411550590552
2025-08-04,SAIL,NIFTY METAL,4.4622044622044665,3.994695839549145,4.519774011299438,120.66,125.8,120.36,125.48,13578202,,FLOOR_BOUNCE|REGIME_SHIFT,TRANSITION_REGIME,LONG_GAMMA,Expansion,Expansion,-100.0,100.0,60.5,56.1,-2011600.0,1950500.0,-82847.8191644309,188038.16515347717,0.14895780834756783,-0.0277374070126416,-5.986363976923648,-3.0856872636372157
2025-08-05,UNOMINDA,NIFTY AUTO,3.8602768100932217,3.460889138998291,5.373077653313074,1066.2,1110.0,1053.4,1103.1,2153345,,REGIME_SHIFT,TRANSITION_REGIME,TRANSITION_REGIME,Dealer Controlled,Expansion,-0.8,-6.7,58.3,50.2,-66000.0,-244200.0,3477.8639146152827,16158.113719441011,-0.011479123126736324,0.019216750855775178,-0.009064539521408399,3.411250868451954
2025-08-05,SOLARINDS,NIFTY INFRA,3.8563274397883873,3.424372660474151,4.858384744812105,14426.0,14957.0,14264.0,14920.0,182223,INVENTORY_MIGRATION,INVENTORY_MIGRATION,TRANSITION_REGIME,TRANSITION_REGIME,Expansion,Expansion,4.6,4.2,56.1,45.4,-28050.0,-34650.0,2160.410242553537,2244.4260114961166,0.010710194248163718,0.04313225982652219,-9.636000242262732,-6.21568483428937
2025-08-05,SIEMENS,NIFTY INFRA,2.9195617316942757,1.6865243077329284,2.7908988091277953,3029.9,3090.1,3006.2,3081.0,772626,REGIME_SHIFT,REGIME_SHIFT,TRANSITION_REGIME,TRANSITION_REGIME,Flip Zone,Expansion,-3.3,0.4,52.5,45.3,-39250.0,-80875.0,-1107.4061040581419,9428.06928217268,-0.009483196970242858,0.01012809890025318,-6.545741324921139,-3.125425916947777
2025-08-05,MAZDOCK,NIFTY INFRA,2.912691529343747,2.166893879601073,2.9846442217576374,2787.4,2857.0,2774.2,2847.8,1746787,,REGIME_SHIFT|INVENTORY_MIGRATION,TRANSITION_REGIME,TRANSITION_REGIME,Dealer Controlled,Expansion,2.3,9.1,59.4,44.0,-4025.0,84000.0,-211.85639581645592,5910.355651684809,0.009217488455630085,0.00046981012157587543,-13.4775475481558,-10.057232140182437
2025-08-05,BHEL,NIFTY INFRA,2.8248353560038186,2.1562898646146245,2.4691358024691468,243.01,249.0,243.0,248.25,16107703,REGIME_SHIFT,INVENTORY_MIGRATION,LONG_GAMMA,LONG_GAMMA,Expansion,Expansion,-51.5,100.0,59.2,45.3,-1128750.0,2680125.0,172333.000875378,-4293.994746360346,0.004837601266829972,-0.017894399000930483,-3.8163502518403836,-0.39603484386702137
2025-08-05,CGPOWER,NIFTY INFRA,2.7180067950169917,2.216378662659646,3.2411965164710344,665.5,681.65,660.25,680.25,4324035,,REGIME_SHIFT|INVENTORY_MIGRATION,TRANSITION_REGIME,TRANSITION_REGIME,Resistance Weakening,Expansion,9.6,9.4,53.3,41.5,131750.0,97750.0,14349.678245687759,12648.67338313573,-0.011728049202685109,0.023529741298972284,0.6584788398934727,4.078794247866835
2025-08-05,NHPC,NIFTY ENERGY,2.0840819259791754,1.8279569892473146,2.3353293413173715,83.7,85.45,83.5,85.23,10380355,VOLATILITY_COIL,REGIME_SHIFT|INVENTORY_MIGRATION,TRANSITION_REGIME,TRANSITION_REGIME,Compression,Expansion,7.6,55.4,54.5,41.5,140800.0,992000.0,-29525.205788375315,24122.795305628766,0.005604049597678684,0.004831977487954109,-3.1036834924965784,0.3166319154767838
2025-08-05,JINDALSTEL,NIFTY METAL,1.9995919200163081,1.709053916581893,2.5766871165644245,983.0,1003.2,978.0,999.8,1411354,IV_SKEW_ACCUMULATION,REGIME_SHIFT|IV_SKEW_ACCUMULATION,TRANSITION_REGIME,TRANSITION_REGIME,Expansion,Flip Zone,2.8,4.9,56.3,44.8,-56875.0,34375.0,18657.48586317965,21967.293816568737,0.006693620568958059,-0.01161914047708057,5.120386920407949,8.540702328381311
2025-08-05,MAXHEALTH,NIFTY PHARMA,1.8793985924504097,2.2719974309569846,3.4343434343434343,1245.6,1280.0,1237.5,1273.9,1607681,VOLATILITY_COIL|PINCH_ZONE,PINCH_ZONE|IV_SKEW_ACCUMULATION,TRANSITION_REGIME,TRANSITION_REGIME,Compression,Dealer Controlled,-3.7,-5.5,52.5,41.5,-80850.0,-161175.0,3391.0243563521035,12302.923526298606,-0.012800900568298301,0.00694915803892604,-1.6824882303002164,1.7378271776731458
2025-08-05,INDUSINDBK,NIFTY PVT BANK,1.877992662147876,-0.1036585365853715,4.7713104129374795,820.0,848.7,810.05,819.15,18982770,REGIME_SHIFT|PINCH_ZONE,INVENTORY_MIGRATION,TRANSITION_REGIME,LONG_GAMMA,Expansion,Expansion,-42.0,-100.0,54.5,41.2,-880600.0,-3166800.0,89915.58353279645,194107.70863806427,-0.010455630911942682,-0.012112239226979737,-3.663412913089492,-0.24309750511612993
2025-08-06,IIFL,Other,3.4068823596661746,3.1592153284671687,4.641833810888252,438.4,456.5,436.25,452.25,3539104,REGIME_SHIFT|INVENTORY_MIGRATION,INVENTORY_MIGRATION,TRANSITION_REGIME,TRANSITION_REGIME,Expansion,Expansion,-21.9,-5.8,40.4,52.5,-334950.0,-217800.0,-17078.794112444208,35711.25589708662,0.03048318156722435,-0.0005798208695898532,-11.07069118080818,-7.530510383904421
2025-08-06,UNIONBANK,NIFTY PSU BANK,2.375371151742467,2.2395630120952026,2.988811517095691,128.15,131.63,127.81,131.02,11985730,PINCH_ZONE,REGIME_SHIFT|PINCH_ZONE|IV_SKEW_ACCUMULATION,TRANSITION_REGIME,LONG_GAMMA,Support Weakening,Flip Zone,-42.2,-100.0,38.6,47.8,-787650.0,-2655000.0,54716.236614640904,201678.54972372268,0.004892958160035155,-0.002712588867245125,-9.385158033058993,-5.844977236155234
2025-08-06,ASIANPAINT,NIFTY FMCG,2.2324359816152217,2.0983606557376966,2.688524590163932,2440.0,2505.6,2440.0,2491.2,2019109,IV_SKEW_ACCUMULATION,REGIME_SHIFT|INVENTORY_MIGRATION|IV_SKEW_ACCUMULATION,TRANSITION_REGIME,LONG_GAMMA,Dealer Controlled,Expansion,-12.3,-6.1,38.6,47.9,-218000.0,-218000.0,14050.769099229743,22926.858951316593,0.00012333306933315358,0.011386428715643382,-0.30813557965505556,3.2320452172487024
2025-08-06,TIINDIA,NIFTY AUTO,2.005513439007567,2.0090285674902564,4.893019992984926,2901.9,2990.5,2851.0,2960.2,1570696,VOLATILITY_COIL|REGIME_SHIFT,INVENTORY_MIGRATION,TRANSITION_REGIME,TRANSITION_REGIME,Compression,Expansion,1.2,4.4,38.7,47.8,32600.0,24600.0,-424.6611997739774,-545.8271570886336,-0.005128466231404449,0.008715490903565548,2.2415639139294674,5.781744710833225
2025-08-06,INDIGO,NIFTY SERVICES,1.9372135259015932,1.6120689655172438,2.326385886015747,5800.0,5916.0,5781.5,5893.5,980678,VOLATILITY_COIL|INVENTORY_MIGRATION|IV_SKEW_ACCUMULATION,INVENTORY_MIGRATION,TRANSITION_REGIME,TRANSITION_REGIME,Expansion,Expansion,-0.0,-1.4,38.6,47.9,-1350.0,-99450.0,2115.8825293403715,23098.854414291316,0.004845050909262794,0.00748447493359411,0.7091592617908482,4.249340058694607
2025-08-06,HDFCLIFE,NIFTY FIN SERVICE,1.9025050778605168,2.5132815692684884,2.8470235662716226,734.1,755.0,734.1,752.55,1797969,VOLATILITY_COIL|INVENTORY_MIGRATION,REGIME_SHIFT,TRANSITION_REGIME,TRANSITION_REGIME,Expansion,Flip Zone,-13.2,-14.1,40.9,51.5,-244200.0,-341000.0,-8220.816755932996,110895.19533966607,-0.007440764244823456,0.00204662826649199,-4.292254864555511,-0.7520740676517534
2025-08-06,NCC,Other,1.8529927491587994,2.3428571428571354,5.6459330143540765,210.0,220.8,209.0,214.92,18998547,VOLATILITY_COIL|REGIME_SHIFT,,TRANSITION_REGIME,TRANSITION_REGIME,Compression,Dealer Controlled,-99.9,-14.4,39.4,47.8,-1911600.0,-340200.0,92328.48201515077,32082.998387634987,-0.0225953066335845,-0.04886920936286032,-4.6960223493415,-1.155841552437742
2025-08-06,ABFRL,Other,1.7161101503259113,0.8707124010554068,3.4115138592750283,75.8,77.6,75.04,76.46,13101425,REGIME_SHIFT,,LONG_GAMMA,LONG_GAMMA,Flip Zone,Support Building,-100.0,100.0,42.1,50.1,-5662800.0,2584400.0,150480.33504110962,-11596.350359376695,0.03917595052392897,-0.020081656280738658,-3.0310716550412176,0.5091091418625404
2025-08-06,PIDILITIND,NIFTY COMMODITIES,1.4745129436882998,0.5221414408460134,2.855605260502503,3026.0,3058.0,2973.1,3041.8,819116,IV_SKEW_ACCUMULATION,INVENTORY_MIGRATION|IV_SKEW_ACCUMULATION,TRANSITION_REGIME,TRANSITION_REGIME,Dealer Controlled,Expansion,3.0,-12.0,40.5,46.7,12500.0,-280500.0,866.4051618940975,29332.09541335403,0.0033165483446060406,-0.014365343247646878,-0.2132336056162476,3.3269471912875104
2025-08-06,PAGEIND,NIFTY FMCG,1.2464465340039421,0.7836308228123645,1.6303753145858302,45940.0,46440.0,45695.0,46300.0,9433,,,TRANSITION_REGIME,TRANSITION_REGIME,Dealer Controlled,Dealer Controlled,-1.8,1.8,42.1,52.7,-2925.0,-3165.0,42.216479736770964,383.7059124933677,-0.007767739424865749,0.010191514977975547,-4.712903889689235,-1.172723092785477
2025-08-07,LUPIN,NIFTY PHARMA,4.989739712711971,4.757799450401423,5.266846361185995,1855.9,1952.7,1855.0,1944.2,4166570,INVENTORY_MIGRATION|IV_SKEW_ACCUMULATION,REGIME_SHIFT|INVENTORY_MIGRATION,TRANSITION_REGIME,TRANSITION_REGIME,Expansion,Expansion,-26.1,43.5,44.8,51.9,-488750.0,668950.0,12391.601690403128,21988.343646653353,-0.019074183280022305,-0.0189751943737132,2.6071353177116396,5.600992605650035
2025-08-07,HEROMOTOCO,NIFTY AUTO,4.152048090460125,5.207674943566598,5.711959839902292,4430.0,4674.9,4422.3,4660.7,2121194,REGIME_SHIFT|IV_SKEW_ACCUMULATION,REGIME_SHIFT|INVENTORY_MIGRATION,TRANSITION_REGIME,TRANSITION_REGIME,Flip Zone,Expansion,-12.1,32.8,45.5,51.9,-177750.0,453450.0,-7341.86404631086,6097.59933339899,-0.00950888060310795,-0.011569251612171205,7.854117973757879,10.847975261696273
2025-08-07,COFORGE,NIFTY IT,4.016358420313737,4.016358420313737,4.599179374119666,1638.3,1708.0,1632.9,1704.1,2503589,INVENTORY_MIGRATION,REGIME_SHIFT|INVENTORY_MIGRATION|IV_SKEW_ACCUMULATION,TRANSITION_REGIME,TRANSITION_REGIME,Expansion,Expansion,-37.8,26.1,46.4,48.9,-610125.0,376125.0,-9769.638669700631,32636.892802994793,0.02168997501939146,-0.034467240288604706,-9.72612173544526,-6.732264447506864
2025-08-07,NCC,Other,3.4757118927973174,3.6300093196644845,6.129852996607599,214.6,225.25,212.24,222.39,5828688,,,TRANSITION_REGIME,TRANSITION_REGIME,Dealer Controlled,Expansion,-14.4,89.2,47.8,55.3,-340200.0,1611900.0,32082.998387634987,-37340.567219101824,-0.04886920936286032,-0.01138362539495652,-0.4966442953020178,2.4972129926363773
2025-08-07,BLUESTARCO,NIFTY CONS DURABLES,3.2252598282873857,5.319271553711391,5.982019363762103,1735.2,1839.0,1735.2,1827.5,1574061,REGIME_SHIFT,INVENTORY_MIGRATION,TRANSITION_REGIME,TRANSITION_REGIME,Flip Zone,Expansion,-4.4,12.2,51.3,50.4,-118625.0,136825.0,5451.901505986973,-1209.7960285025492,0.016181247422912992,-0.03220584243251706,1.7142539099460175,4.708111197884413
2025-08-07,FORTIS,NIFTY PHARMA,3.0122938880149164,-0.1129943502824804,3.489702517162474,885.0,904.5,874.0,884.0,10596141,REGIME_SHIFT|INVENTORY_MIGRATION|IV_SKEW_ACCUMULATION,INVENTORY_MIGRATION|IV_SKEW_ACCUMULATION,TRANSITION_REGIME,TRANSITION_REGIME,Expansion,Expansion,4.6,-49.1,44.7,50.6,119350.0,-1040825.0,-3198.8841606565984,48373.79803505416,-0.01634405574388259,-0.024709209347758776,14.293102333699647,17.28695962163804
2025-08-07,NAUKRI,NIFTY IT,2.971869328493648,3.551330798479091,4.560707748627202,1315.0,1371.0,1311.2,1361.7,1124107,INVENTORY_MIGRATION|IV_SKEW_ACCUMULATION,INVENTORY_MIGRATION,TRANSITION_REGIME,TRANSITION_REGIME,Expansion,Expansion,-5.5,1.0,51.0,50.3,-63375.0,-68250.0,-66.82306012824029,10279.491713392723,-0.0024143268941080875,-0.01482154468292285,-4.112386451658323,-1.118529163719928
2025-08-07,PPLPHARMA,Other,2.9624859120914504,2.973538725779612,3.6002149382052817,186.31,192.8,186.1,191.85,4941675,,IV_SKEW_ACCUMULATION,SHORT_GAMMA,TRANSITION_REGIME,Expansion,Expansion,-53.0,-21.1,51.6,48.8,-905000.0,-495000.0,3834.2641114604194,61772.53040715783,-0.023029767350910557,-0.02715302687372234,-4.38098086124401,-1.3871235733056153
2025-08-07,TORNTPOWER,Other,2.848700659140846,3.633865180548135,3.8881674432816427,1309.9,1360.0,1309.1,1357.5,575035,,,TRANSITION_REGIME,TRANSITION_REGIME,Support Building,Expansion,13.4,8.7,51.0,53.7,239625.0,86250.0,-7799.847830463604,507.25124450723797,-0.04226322606923322,0.016805687047596052,-4.850353963692444,-1.856496675754049
2025-08-07,RBLBANK,NIFTY PVT BANK,2.7110171120938276,3.527131782945747,5.078809106830118,258.0,270.0,256.95,267.1,11752448,,IV_SKEW_ACCUMULATION,TRANSITION_REGIME,LONG_GAMMA,Support Building,Expansion,-2.6,-90.8,46.2,47.0,25400.0,-1831975.0,-110885.35695521923,157586.84139679786,0.014006274666824858,0.005573864067885459,4.8890634203809125,7.882920708319308
2025-08-08,CUMMINSIND,NIFTY INFRA,3.6173108328797055,0.7116402116402076,6.618370694368503,3780.0,3900.1,3658.0,3806.9,3620871,INVENTORY_MIGRATION|IV_SKEW_ACCUMULATION,REGIME_SHIFT|INVENTORY_MIGRATION|IV_SKEW_ACCUMULATION,TRANSITION_REGIME,TRANSITION_REGIME,Expansion,Expansion,5.3,-1.4,44.5,57.9,70000.0,-176000.0,-1038.3529816437785,14178.49273678922,-0.03357965267490992,-0.014256206531562565,7.345477103541609,10.472931144022956
2025-08-08,IEX,NIFTY OIL & GAS,3.4317398471451988,3.4317398471451988,5.398069963811847,133.46,139.8,132.64,138.04,29027613,,FLOOR_BOUNCE|REGIME_SHIFT|INVENTORY_MIGRATION,LONG_GAMMA,LONG_GAMMA,Support Weakening,Expansion,-59.6,56.0,42.9,57.9,-1173750.0,937500.0,77428.53765473742,171706.6166928766,-0.014864974235518524,-0.0064643792570648895,-33.12987453374026,-30.00242049325891
2025-08-08,LICI,NIFTY FIN SERVICE,3.158192090395495,0.878453038674043,2.555309734513278,905.0,927.1,904.0,912.95,4531839,PINCH_ZONE,INVENTORY_MIGRATION,TRANSITION_REGIME,TRANSITION_REGIME,Support Weakening,Expansion,-16.7,-62.7,43.9,57.9,-297500.0,-1313900.0,14104.340404749772,98696.38142343781,0.009919748141216322,-0.024015027402968847,-1.0245013009540282,2.1029527395273195
2025-08-08,MFSL,NIFTY FIN SERVICE,3.096551265864833,0.4662306546655559,2.9209958831601712,1544.3,1575.0,1530.3,1551.5,1440860,REGIME_SHIFT|PINCH_ZONE,REGIME_SHIFT|INVENTORY_MIGRATION|IV_SKEW_ACCUMULATION,TRANSITION_REGIME,TRANSITION_REGIME,Flip Zone,Expansion,2.1,3.5,44.2,57.0,9600.0,-25600.0,2789.7277630387853,11683.810652433029,-0.033598184211105164,-0.04102049581739703,-1.0017866258295038,2.125667414651844
2025-08-08,BPCL,NIFTY OIL & GAS,2.932173352666334,2.8824476650563646,4.0991574854180035,310.5,321.25,308.6,319.45,10028343,INVENTORY_MIGRATION,REGIME_SHIFT|INVENTORY_MIGRATION,TRANSITION_REGIME,TRANSITION_REGIME,Expansion,Expansion,-38.6,-2.6,45.7,56.7,-677425.0,-159975.0,-64638.05045564381,131499.40274919337,-0.014519320734695695,0.027904439542599024,-7.365521241119333,-4.238067200637985
2025-08-08,HINDPETRO,NIFTY OIL & GAS,1.764413518886676,0.6142506142506221,3.967459324155209,407.0,415.35,399.5,409.5,12286666,VOLATILITY_COIL|REGIME_SHIFT,INVENTORY_MIGRATION|IV_SKEW_ACCUMULATION,TRANSITION_REGIME,LONG_GAMMA,Compression,Expansion,-64.6,-100.0,43.6,55.4,-1245375.0,-3169125.0,35829.48725303294,183660.58818786277,-0.016887231850139517,0.006351085635074694,-6.056434962147272,-2.9289809216659246
2025-08-08,PNBHOUSING,NIFTY FIN SERVICE,1.5882430473177722,0.6595272299856347,2.850574712643694,765.7,782.95,761.25,770.75,3559039,,,SHORT_GAMMA,SHORT_GAMMA,Dealer Controlled,Dealer Controlled,-1.0,3.5,45.7,59.5,47450.0,16250.0,-45086.72412001006,34467.58001945903,0.04905623036489848,-0.0497774895690038,-28.422176820208023,-25.294722779726676
2025-08-08,NTPC,NIFTY ENERGY,1.5163002274450443,1.4393939393939403,2.381313514333394,330.0,337.5,329.65,334.75,11247218,REGIME_SHIFT,INVENTORY_MIGRATION,LONG_GAMMA,LONG_GAMMA,Flip Zone,Expansion,-100.0,-100.0,43.9,55.1,-1995000.0,-5149500.0,-68878.03020841326,1331132.3921709706,-0.006412130503555519,0.020234094346801845,-2.3198132477385447,0.8076407927428031
2025-08-08,FORTIS,NIFTY PHARMA,1.5101809954751078,1.5044397941293086,2.8550304271171,884.05,904.25,879.15,897.35,3789175,INVENTORY_MIGRATION|IV_SKEW_ACCUMULATION,REGIME_SHIFT|IV_SKEW_ACCUMULATION,TRANSITION_REGIME,TRANSITION_REGIME,Expansion,Flip Zone,-49.1,12.2,50.6,55.1,-1040825.0,196850.0,48373.79803505416,13559.491067619034,-0.024709209347758776,-0.008120993810513455,17.369694591589834,20.49714863207118
2025-08-08,TITAN,NIFTY FMCG,1.302807623620339,0.29274513782209244,2.547677117921898,3450.1,3489.8,3403.1,3460.2,2184271,VOLATILITY_COIL|REGIME_SHIFT|PINCH_ZONE|IV_SKEW_ACCUMULATION,INVENTORY_MIGRATION,TRANSITION_REGIME,TRANSITION_REGIME,Compression,Expansion,-9.7,-9.4,43.9,54.0,-188475.0,-265475.0,10408.616557781883,45084.87323501753,-0.01891578685335768,-0.017330233090874697,2.9331270823417466,6.060581122823095
2025-08-11,PAYTM,NIFTY FIN SERVICE,5.609939759036142,5.55032925682033,7.578065498857578,1063.0,1130.0,1050.4,1122.0,9410105,VOLATILITY_COIL,REGIME_SHIFT|INVENTORY_MIGRATION,TRANSITION_REGIME,TRANSITION_REGIME,Compression,Expansion,38.0,81.4,57.6,51.2,738050.0,1371700.0,-29054.09243875979,22786.465361494527,-0.0008796252554689188,0.006943250121412392,15.112342259156652,17.094815955747478
2025-08-11,POLICYBZR,NIFTY FIN SERVICE,5.154289589691419,4.58096790512057,5.695237019040622,1779.1,1870.7,1769.9,1860.6,2505626,VOLATILITY_COIL,REGIME_SHIFT|INVENTORY_MIGRATION|IV_SKEW_ACCUMULATION,TRANSITION_REGIME,TRANSITION_REGIME,Compression,Expansion,-3.7,10.0,56.3,51.3,-63000.0,34650.0,3854.1184869017807,12033.58406116258,0.0018122354197616097,0.04274760323335447,1.6055045871559592,3.5879782837467844
2025-08-11,SUPREMEIND,NIFTY CONS DURABLES,4.919889169979519,4.907251264755486,5.314651527962311,4151.0,4359.5,4139.5,4354.7,201475,,INVENTORY_MIGRATION,TRANSITION_REGIME,TRANSITION_REGIME,Dealer Controlled,Expansion,-0.9,5.6,54.3,51.3,1050.0,-39550.0,-261.48406410476423,5013.265245392957,0.005786475874017705,0.022408939342023038,5.902237354085593,7.884711050676419
2025-08-11,ADANIENT,NIFTY SERVICES,4.834488774620094,3.9799635701275093,5.451213925790199,2196.0,2302.0,2183.0,2283.4,2376286,INVENTORY_MIGRATION,REGIME_SHIFT|INVENTORY_MIGRATION,TRANSITION_REGIME,TRANSITION_REGIME,Expansion,Expansion,-30.6,85.3,59.9,51.2,-492600.0,1472700.0,-3014.097774031543,15681.378543338746,0.03302836370902629,-0.002566130737890304,-11.540696548250883,-9.558222851660059
2025-08-11,ASHOKLEY,NIFTY AUTO,3.985444463697796,3.55478861087144,4.679888656924147,115.9,120.34,114.96,120.02,13024457,INVENTORY_MIGRATION|IV_SKEW_ACCUMULATION,REGIME_SHIFT,SHORT_GAMMA,TRANSITION_REGIME,Expansion,Expansion,-74.6,100.0,59.9,54.5,-1305000.0,4685000.0,-93345.70891490694,65898.8592721511,0.026685953898864023,-0.007459315215848306,-52.5518877248468,-50.56941402825598
2025-08-11,TIINDIA,NIFTY AUTO,3.9817028797172194,3.6870658972321113,4.7559492791384494,2893.9,3015.4,2878.5,3000.6,315016,REGIME_SHIFT,REGIME_SHIFT|INVENTORY_MIGRATION,TRANSITION_REGIME,TRANSITION_REGIME,Flip Zone,Expansion,-3.7,7.5,54.7,51.2,-13400.0,28800.0,-562.8655691765634,2199.3931361624736,0.009487081962220034,6.364782422141335e-05,4.514106583072097,6.496580279662922
2025-08-11,INDIANB,NIFTY PSU BANK,3.5568871475762487,3.5568871475762487,4.153846153846152,650.85,677.0,650.0,674.0,2887066,REGIME_SHIFT,INVENTORY_MIGRATION,TRANSITION_REGIME,TRANSITION_REGIME,Flip Zone,Expansion,1.4,-9.2,53.3,51.2,11000.0,-283000.0,10449.737662543623,17588.37215876554,0.0010152088105223056,0.03468561972816775,6.125019681939858,8.107493378530684
2025-08-11,PFC,NIFTY FIN SERVICE,3.496849128876822,3.1781226903178306,3.563941299790363,405.9,419.9,405.45,418.8,9713008,INVENTORY_MIGRATION|IV_SKEW_ACCUMULATION,FLOOR_BOUNCE|REGIME_SHIFT|INVENTORY_MIGRATION|IV_SKEW_ACCUMULATION,LONG_GAMMA,LONG_GAMMA,Expansion,Expansion,-10.6,100.0,54.3,51.2,-167700.0,2571400.0,3589.271258064371,14215.73272721452,0.007211863180443423,0.018873527865626127,-1.5051740357478804,0.47729966084294473
2025-08-11,JSWENERGY,NIFTY ENERGY,3.24136600424465,2.607861936721001,3.6079490642485057,521.5,537.0,518.3,535.1,2511889,INVENTORY_MIGRATION,REGIME_SHIFT|INVENTORY_MIGRATION,TRANSITION_REGIME,TRANSITION_REGIME,Expansion,Expansion,-19.0,50.2,54.7,51.3,-275000.0,859000.0,-41731.905578893784,29451.103360858193,0.032514699361489485,-0.02458511917697448,0.8671065032987757,2.849580199889601
2025-08-11,TATAMOTORS,Other,3.1639577086949533,2.7585664885256156,4.449051188008291,636.2,655.0,627.1,653.75,17275390,INVENTORY_MIGRATION,FLOOR_BOUNCE|REGIME_SHIFT|INVENTORY_MIGRATION,TRANSITION_REGIME,LONG_GAMMA,Expansion,Expansion,-100.0,100.0,60.9,55.2,-2061600.0,2571200.0,-30039.222584277828,208572.2669026209,0.02252756199868633,-0.04089692823610852,-3.0763528539659024,-1.0938791573750772
2025-08-12,ALKEM,NIFTY PHARMA,6.285478377541542,5.848494192620013,7.994608046453755,4864.5,5207.5,4822.0,5149.0,951630,INVENTORY_MIGRATION|IV_SKEW_ACCUMULATION,INVENTORY_MIGRATION|IV_SKEW_ACCUMULATION,TRANSITION_REGIME,TRANSITION_REGIME,Expansion,Expansion,-0.7,6.3,48.0,54.1,-62625.0,-79875.0,4715.20023176101,7372.798487987491,0.03625145422148418,-0.021816230712313422,4.374442552501412,7.186022260230473
2025-08-12,SJVN,Other,5.354262982474989,5.376922249704275,6.803455723542129,92.99,98.9,92.6,97.99,40276916,INVENTORY_MIGRATION,REGIME_SHIFT|INVENTORY_MIGRATION|IV_SKEW_ACCUMULATION,TRANSITION_REGIME,TRANSITION_REGIME,Expansion,Expansion,15.1,17.1,55.3,54.2,252625.0,158625.0,37829.06098515449,64501.05572969362,0.05389651444701221,-0.08622388304422446,-1.0501868120771585,1.7613928956519032
2025-08-12,JSL,Other,5.137844611528819,5.4955621301775,5.968159940762674,676.0,715.55,675.25,713.15,1356611,PINCH_ZONE,REGIME_SHIFT|INVENTORY_MIGRATION|IV_SKEW_ACCUMULATION,TRANSITION_REGIME,TRANSITION_REGIME,Dealer Controlled,Expansion,2.8,24.0,46.1,54.1,76500.0,305150.0,-1888.7811459943114,23609.842924728357,0.022715000096493188,-0.0047472263174671014,3.647990698350423,6.459570406079484
2025-08-12,BIOCON,NIFTY PHARMA,3.741596024554217,3.741596024554217,5.11614231108497,342.1,357.5,340.1,354.9,7056392,VOLATILITY_COIL,REGIME_SHIFT,TRANSITION_REGIME,TRANSITION_REGIME,Compression,Expansion,-100.0,100.0,51.9,54.1,-2267500.0,3907500.0,110083.22914337969,59244.76049418104,0.004539394183270429,-0.0014085530040651162,-9.104878985785636,-6.293299278056574
2025-08-12,GRANULES,Other,3.302689819543758,2.835837758445381,4.749999999999988,442.55,460.9,440.0,455.1,2097834,VOLATILITY_COIL|INVENTORY_MIGRATION,INVENTORY_MIGRATION,TRANSITION_REGIME,TRANSITION_REGIME,Expansion,Expansion,2.6,-8.3,53.8,58.0,44075.0,-263375.0,-6008.454755672021,34297.86714742673,0.021662084844529916,-0.06792290458450156,-7.452974072191154,-4.6413943644620925
2025-08-12,TITAGARH,Other,3.0019970366552906,3.0219072164948457,5.4123711340206215,776.0,818.0,776.0,799.45,9274181,INVENTORY_MIGRATION|IV_SKEW_ACCUMULATION,REGIME_SHIFT|INVENTORY_MIGRATION|IV_SKEW_ACCUMULATION,TRANSITION_REGIME,TRANSITION_REGIME,Expansion,Expansion,-5.9,-26.4,55.6,52.8,-21025.0,-615525.0,3892.398671082424,40627.53112994331,0.06060471989216776,-0.1452050367185661,-15.146208140954197,-12.334628433225136
2025-08-12,ATGL,Other,2.607747777964131,2.1452420701168595,3.2631490646757966,599.0,615.5,596.05,611.85,927355,REGIME_SHIFT,REGIME_SHIFT,TRANSITION_REGIME,TRANSITION_REGIME,Flip Zone,Expansion,3.6,9.7,54.0,52.8,10500.0,108500.0,3638.4083565917917,11009.176185386264,0.011440437582251717,-0.032367077526410104,-5.542261675028948,-2.7306819672998865
2025-08-12,MCX,NIFTY FIN SERVICE,2.5732980999119137,2.341494036409286,3.9863541600859254,7965.0,8230.0,7914.5,8151.5,765567,REGIME_SHIFT|INVENTORY_MIGRATION,REGIME_SHIFT|INVENTORY_MIGRATION,TRANSITION_REGIME,TRANSITION_REGIME,Expansion,Expansion,19.6,12.9,50.1,52.8,282125.0,160375.0,6042.949358184307,11087.032899961585,0.007874969021936518,-0.01717401364321719,-2.0487863494352276,0.762793358293834
2025-08-12,PETRONET,NIFTY OIL & GAS,2.3617722445990363,2.268154380830434,3.5078053259871567,273.35,281.8,272.25,279.55,1758970,VOLATILITY_COIL|PINCH_ZONE,REGIME_SHIFT|PINCH_ZONE,SHORT_GAMMA,TRANSITION_REGIME,Compression,Flip Zone,-22.4,42.6,46.1,52.3,-424800.0,730800.0,-5262.363273144831,83724.48779500277,-0.011977677367138395,-0.0008305839575448726,-10.515364916773361,-7.7037852090443
2025-08-12,MFSL,NIFTY FIN SERVICE,2.05602672834746,2.477419354838717,3.9478827361563384,1550.0,1595.6,1535.0,1588.4,545170,VOLATILITY_COIL|REGIME_SHIFT|IV_SKEW_ACCUMULATION,REGIME_SHIFT|INVENTORY_MIGRATION|IV_SKEW_ACCUMULATION,TRANSITION_REGIME,TRANSITION_REGIME,Compression,Expansion,-1.8,6.6,46.3,52.5,-41600.0,67200.0,5565.454223042765,600.7114981833256,0.0012975184754197566,-0.008945992447367379,0.35380338640385034,3.165383094132912
2025-08-13,APOLLOHOSP,NIFTY PHARMA,7.904373661300346,5.477509117925172,6.103667614020836,7403.0,7840.0,7389.0,7808.5,2291645,REGIME_SHIFT,INVENTORY_MIGRATION|IV_SKEW_ACCUMULATION,TRANSITION_REGIME,TRANSITION_REGIME,Flip Zone,Expansion,-8.1,47.4,51.1,53.4,-148500.0,576625.0,5118.352675896109,9592.009013948456,-0.0009623263829892093,-0.022123816543055563,6.201972118327093,8.552832123761
2025-08-13,BDL,NIFTY INFRA,7.065948855989235,4.650397947773466,7.183754993342206,1520.3,1609.9,1502.0,1591.0,5047289,INVENTORY_MIGRATION,REGIME_SHIFT,TRANSITION_REGIME,TRANSITION_REGIME,Expansion,Expansion,-16.4,45.5,58.0,56.8,-262275.0,645125.0,10365.018917907983,7789.709302212032,-0.02087792733342625,-0.04992524702270679,-11.709211986681467,-9.358351981247559
2025-08-13,BSE,NIFTY FIN SERVICE,5.391142820956651,4.670859538784078,5.037994878038532,2385.0,2501.9,2381.9,2496.4,5393999,,REGIME_SHIFT|INVENTORY_MIGRATION|IV_SKEW_ACCUMULATION,TRANSITION_REGIME,TRANSITION_REGIME,Support Weakening,Expansion,-25.0,100.0,56.7,53.4,-444000.0,3079500.0,4678.991649833057,-6882.73977785281,-0.0010218514756172858,-0.051459624634322854,-1.328063241106714,1.022796764327194
2025-08-13,NYKAA,NIFTY FMCG,5.082095387021113,0.018604651162790198,5.128571428571438,215.0,220.77,210.0,215.04,45277971,REGIME_SHIFT|INVENTORY_MIGRATION,INVENTORY_MIGRATION,TRANSITION_REGIME,LONG_GAMMA,Expansion,Expansion,-69.6,-100.0,49.3,53.4,-1353125.0,-3140625.0,75163.8356205629,326521.8743453423,-0.006839763550304689,-0.05404478248794076,-0.3059805285118178,2.04487947692209
2025-08-13,HINDALCO,NIFTY METAL,5.0146165954576105,4.086181277860335,5.067441687160001,673.0,704.95,670.95,700.5,13151356,REGIME_SHIFT|INVENTORY_MIGRATION|IV_SKEW_ACCUMULATION,FLOOR_BOUNCE|REGIME_SHIFT|INVENTORY_MIGRATION,LONG_GAMMA,LONG_GAMMA,Expansion,Expansion,-100.0,100.0,54.7,53.4,-3736600.0,5826800.0,127533.10154346816,-44227.12213610098,-0.041399775444451004,-0.01092333134052903,5.06186726659168,7.412727272025588
2025-08-13,ANGELONE,NIFTY FIN SERVICE,4.9864368916547,4.477967447399767,4.720127034537525,2519.0,2637.9,2519.0,2631.8,912332,,REGIME_SHIFT|INVENTORY_MIGRATION,TRANSITION_REGIME,TRANSITION_REGIME,Dealer Controlled,Expansion,-8.1,24.6,58.0,53.4,-107750.0,315500.0,-4793.387050858606,18375.605002616358,0.01562888794147954,-0.08438119857100262,-3.128680800942285,-0.7778207955083771
2025-08-13,ALKEM,NIFTY PHARMA,4.651388619149355,2.8339694656488446,3.053435114503822,5240.0,5400.0,5240.0,5388.5,899624,INVENTORY_MIGRATION|IV_SKEW_ACCUMULATION,INVENTORY_MIGRATION|IV_SKEW_ACCUMULATION,TRANSITION_REGIME,TRANSITION_REGIME,Expansion,Expansion,6.3,18.8,54.1,53.4,-79875.0,230125.0,7372.798487987491,-4583.232106394984,-0.021816230712313422,-0.047592480501229883,7.722602055095762,10.07346206052967
2025-08-13,KAYNES,NIFTY INFRA,4.329861410002578,3.8649412974548047,5.83784713266271,5834.5,6155.0,5815.5,6060.0,890291,INVENTORY_MIGRATION,REGIME_SHIFT|INVENTORY_MIGRATION,TRANSITION_REGIME,TRANSITION_REGIME,Expansion,Expansion,-3.8,11.2,49.3,57.1,-49400.0,78900.0,-1029.8774652105803,8457.244808149439,0.016872620184114617,-0.03144407654183479,1.3801756587201952,3.731035664154103
2025-08-13,UNOMINDA,NIFTY AUTO,4.207967084346365,4.149532710280379,4.542056074766343,1070.0,1118.6,1070.0,1114.4,728728,IV_SKEW_ACCUMULATION,INVENTORY_MIGRATION,TRANSITION_REGIME,TRANSITION_REGIME,Dealer Controlled,Expansion,-6.7,6.1,52.0,53.9,-89100.0,-7150.0,-1161.956164590123,11535.261914276514,0.006765012349900457,0.007543558047089727,-0.455560518088427,1.895299487345481
2025-08-13,LAURUSLABS,NIFTY PHARMA,3.8750827366267337,3.173559646186952,3.9553448172378713,836.6,866.0,833.05,863.15,2817582,VOLATILITY_COIL,REGIME_SHIFT|INVENTORY_MIGRATION,TRANSITION_REGIME,TRANSITION_REGIME,Compression,Expansion,2.7,46.5,50.6,53.9,49300.0,758200.0,15157.46969946759,98130.35606659841,-0.004731183135959938,0.016559235508957715,4.935870159868694,7.286730165302602
2025-08-14,MUTHOOTFIN,NIFTY FIN SERVICE,9.86095063548349,1.0036630036630134,4.8178789353498175,2730.0,2800.0,2671.3,2757.4,8765092,REGIME_SHIFT,INVENTORY_MIGRATION|IV_SKEW_ACCUMULATION,TRANSITION_REGIME,TRANSITION_REGIME,Flip Zone,Expansion,10.5,-10.9,50.0,53.1,220825.0,-568975.0,-8406.984223028216,48703.26385951867,0.012406779473173535,-0.059791334127549,3.6616541353383436,5.573730100684838
2025-08-14,MANAPPURAM,NIFTY FIN SERVICE,3.9468542399374806,2.3076923076922995,3.594897564746824,260.0,268.0,258.7,266.0,17532209,,INVENTORY_MIGRATION,TRANSITION_REGIME,LONG_GAMMA,Resistance Weakening,Expansion,11.9,-27.7,51.0,53.1,201000.0,-696000.0,42124.99453451854,282558.7236663647,-0.02515429769567551,-5.2523151361394405e-05,-1.7362393793867725,0.17583658595972107
2025-08-14,KALYANKJIL,NIFTY FMCG,3.461650344225742,3.1914893617021267,6.813960308925604,517.0,546.3,511.45,533.5,16235146,INVENTORY_MIGRATION,REGIME_SHIFT|INVENTORY_MIGRATION,TRANSITION_REGIME,LONG_GAMMA,Expansion,Expansion,-74.9,100.0,55.8,53.2,-1374750.0,3872800.0,-76350.00268866154,98035.69736848754,-0.015062082297607915,-0.028405890068640804,-11.157368859283935,-9.24529289393744
2025-08-14,UNOMINDA,NIFTY AUTO,3.176597272074644,3.1673396141767673,3.553481694185212,1114.5,1154.0,1114.4,1149.8,1860177,INVENTORY_MIGRATION,IV_SKEW_ACCUMULATION,TRANSITION_REGIME,TRANSITION_REGIME,Expansion,Expansion,6.1,15.9,53.9,56.6,-7150.0,206800.0,11535.261914276514,9585.053366268508,0.007543558047089727,-0.01931852230199288,2.9548710601719153,4.866947025518408
2025-08-14,NAUKRI,NIFTY IT,2.9791085300550524,2.7389014296463676,5.001894657067063,1329.0,1385.5,1319.5,1365.4,6756189,VOLATILITY_COIL|IV_SKEW_ACCUMULATION,REGIME_SHIFT|INVENTORY_MIGRATION,TRANSITION_REGIME,TRANSITION_REGIME,Compression,Expansion,3.7,18.0,55.7,51.8,63750.0,246750.0,-2726.2313204657403,12736.579980208895,-0.00448682289174146,-0.011291248478055016,-1.0077575581816767,0.9043184071648169
2025-08-14,GMRAIRPORT,NIFTY INFRA,2.3914269599548676,2.287581699346397,2.4340770791075217,88.74,90.9,88.74,90.77,7283392,FLOOR_BOUNCE|PINCH_ZONE,FLOOR_BOUNCE|REGIME_SHIFT|INVENTORY_MIGRATION,LONG_GAMMA,LONG_GAMMA,Support Building,Expansion,67.9,100.0,48.4,51.9,1276425.0,3180600.0,33769.33008002979,790222.5281530309,-0.005198081674390842,0.0014181402849410274,-4.1297000422475865,-2.217624076901093
2025-08-14,WIPRO,NIFTY IT,2.1353196772191163,1.5261209378856444,2.4833958995091,243.1,248.43,242.41,246.81,12857225,REGIME_SHIFT|INVENTORY_MIGRATION|IV_SKEW_ACCUMULATION,INVENTORY_MIGRATION|IV_SKEW_ACCUMULATION,LONG_GAMMA,LONG_GAMMA,Expansion,Expansion,-100.0,100.0,48.4,51.5,-3000000.0,4566000.0,388442.6769694026,335344.4894187923,0.0011182704084415906,0.011602545626653027,-5.291634689178826,-3.3795587238323326
2025-08-14,ETERNAL,NIFTY SERVICES,1.9369297262685992,1.7252396166134165,2.945436986962835,313.0,319.8,310.65,318.4,45892250,REGIME_SHIFT|IV_SKEW_ACCUMULATION,IV_SKEW_ACCUMULATION,LONG_GAMMA,LONG_GAMMA,Flip Zone,Resistance Weakening,100.0,100.0,54.1,54.8,3702975.0,4845150.0,136535.3390460153,102997.60143397655,-0.014924668717568701,-0.008388487605511086,22.626612747929897,24.53868871327639
2025-08-14,ASHOKLEY,NIFTY AUTO,1.862524012361133,1.633333333333331,3.948361136725631,120.0,124.0,119.29,121.96,19020549,VOLATILITY_COIL|REGIME_SHIFT,INVENTORY_MIGRATION,TRANSITION_REGIME,LONG_GAMMA,Compression,Expansion,-96.7,-100.0,52.3,51.4,-1860000.0,-6805000.0,60614.95302650483,684704.7480148661,-0.006826736442410164,-0.003988960244288464,-1.4464646464646513,0.46561131888184226
2025-08-14,AUBANK,NIFTY PVT BANK,1.7073170731707332,0.8870967741935409,1.6204172574437958,744.0,752.55,740.55,750.6,2621099,FLOOR_BOUNCE|PINCH_ZONE,FLOOR_BOUNCE|REGIME_SHIFT|PINCH_ZONE,LONG_GAMMA,LONG_GAMMA,Support Building,Flip Zone,86.5,48.5,51.4,50.5,1598000.0,860000.0,-23835.024184275942,104001.10753707681,-0.03512802606386911,-0.024925495281323262,-5.8159232072275575,-3.903847241881064
2025-08-18,MARUTI,NIFTY AUTO,8.750773036487324,2.6636502955557084,3.373829039812648,13703.0,14125.0,13664.0,14068.0,2154781,IV_SKEW_ACCUMULATION,REGIME_SHIFT|INVENTORY_MIGRATION,TRANSITION_REGIME,TRANSITION_REGIME,Dealer Controlled,Expansion,1.6,71.7,48.7,45.9,9700.0,891100.0,32386.70976729403,-86537.76385438761,0.002442636491702732,0.047514320555380074,13.27804171028264,13.644304666659501
2025-08-18,ASHOKLEY,NIFTY AUTO,8.035421449655633,5.323741007194238,6.155075939248622,125.1,132.8,125.1,131.76,80821577,INVENTORY_MIGRATION,FLOOR_BOUNCE|INVENTORY_MIGRATION|IV_SKEW_ACCUMULATION,LONG_GAMMA,LONG_GAMMA,Expansion,Expansion,-100.0,100.0,51.4,45.9,-6805000.0,11305000.0,684704.7480148661,-285051.3720313355,-0.003988960244288464,0.047081016327097214,7.779141104294474,8.145404060671336
2025-08-18,PGEL,NIFTY CONS DURABLES,7.9546614929031145,1.2643678160919603,7.490347490347471,522.0,556.8,518.0,528.6,23765080,PINCH_ZONE,REGIME_SHIFT|INVENTORY_MIGRATION,TRANSITION_REGIME,TRANSITION_REGIME,Dealer Controlled,Expansion,3.9,59.0,48.4,51.2,53200.0,887600.0,3033.7859310046842,54094.55812087808,-0.01947935669087031,-0.045916912547129596,-34.66411223039366,-34.2978492740168
2025-08-18,AMBER,NIFTY CONS DURABLES,7.882523567802746,3.204994797086358,4.34358902965335,7207.5,7495.0,7183.0,7438.5,1139141,PINCH_ZONE|IV_SKEW_ACCUMULATION,INVENTORY_MIGRATION,TRANSITION_REGIME,TRANSITION_REGIME,Dealer Controlled,Expansion,-1.8,28.2,48.4,49.1,-10600.0,293400.0,252.5339152134793,6792.468946903287,0.050223717557701386,-0.03721511382535303,-2.170053264943772,-1.8037903085669105
2025-08-18,BLUESTARCO,NIFTY CONS DURABLES,7.3101053103293845,3.5513513513513617,4.843243243243234,1850.0,1939.6,1850.0,1915.7,1751520,IV_SKEW_ACCUMULATION,INVENTORY_MIGRATION,TRANSITION_REGIME,TRANSITION_REGIME,Dealer Controlled,Expansion,2.6,12.7,50.3,45.9,-650.0,27950.0,6861.055514217247,7120.36045189045,-0.017642217270974925,0.01648151869233494,3.8150978160732762,4.181360772450137
2025-08-18,TVSMOTOR,NIFTY AUTO,6.601993179485466,2.0216103171836863,3.939471331886102,3155.9,3255.8,3132.4,3219.7,3748828,REGIME_SHIFT|INVENTORY_MIGRATION,REGIME_SHIFT|INVENTORY_MIGRATION,TRANSITION_REGIME,TRANSITION_REGIME,Expansion,Expansion,-4.8,69.5,50.8,47.9,-88550.0,1118600.0,8759.732159734995,-37804.042378358936,5.0415943656734186e-05,0.01894245506503167,12.999684132944921,13.365947089321782
2025-08-18,UNOMINDA,NIFTY AUTO,6.1315011306314116,2.978902953586493,4.3135593220339,1185.0,1230.9,1180.0,1220.3,2817223,IV_SKEW_ACCUMULATION,INVENTORY_MIGRATION|IV_SKEW_ACCUMULATION,TRANSITION_REGIME,TRANSITION_REGIME,Expansion,Expansion,15.9,25.7,56.6,45.9,206800.0,315150.0,9585.053366268508,-10357.36083481153,-0.01931852230199288,0.03102039227882486,12.056932966023881,12.423195922400742
2025-08-18,HEROMOTOCO,NIFTY AUTO,5.860113421550084,1.7142857142857126,4.469387755102039,4900.0,5119.0,4900.0,4984.0,3698091,PINCH_ZONE,REGIME_SHIFT|INVENTORY_MIGRATION|IV_SKEW_ACCUMULATION,TRANSITION_REGIME,TRANSITION_REGIME,Dealer Controlled,Expansion,1.3,3.6,48.4,45.9,95700.0,-185550.0,-17485.567785537598,13444.425519367622,0.013300712988354224,0.050257243614211355,13.357745581913715,13.724008538290576
2025-08-18,VOLTAS,NIFTY CONS DURABLES,5.836209601506126,0.8446072202705768,5.746606334841631,1337.9,1402.2,1326.0,1349.2,5466642,VOLATILITY_COIL|INVENTORY_MIGRATION|IV_SKEW_ACCUMULATION,INVENTORY_MIGRATION,TRANSITION_REGIME,TRANSITION_REGIME,Expansion,Expansion,-2.8,-1.0,48.4,45.9,-42375.0,-217875.0,-16919.406063102622,20391.882318675838,-0.006958635024976678,0.05794467930046643,-2.0188816267247556,-1.652618670347894
2025-08-18,ADANIENSOL,NIFTY ENERGY,5.536220675431824,4.034307496823386,4.936143039591312,787.0,821.65,783.0,818.75,1776385,PINCH_ZONE,REGIME_SHIFT|INVENTORY_MIGRATION,TRANSITION_REGIME,TRANSITION_REGIME,Dealer Controlled,Expansion,4.1,34.7,48.4,45.9,118125.0,494775.0,-12890.881071745534,22975.386660356948,0.009727645274234475,0.06013943664695903,-5.8204405590383645,-5.4541776026615025
2025-08-19,MOTHERSON,NIFTY AUTO,5.654761904761907,5.632306057385783,6.336528221512228,94.1,99.85,93.9,99.4,30083383,,REGIME_SHIFT|INVENTORY_MIGRATION,LONG_GAMMA,LONG_GAMMA,Support Building,Expansion,34.7,100.0,49.2,49.3,615000.0,8566950.0,116664.6681201201,409818.70295679435,-0.005805521692441307,0.041311536244608815,-1.3986707667890008,-0.9600620392525072
2025-08-19,IIFL,Other,5.100222717149205,5.111927831607077,5.979173664763171,448.95,473.25,446.55,471.9,2263754,,INVENTORY_MIGRATION,TRANSITION_REGIME,TRANSITION_REGIME,Resistance Weakening,Expansion,15.0,5.6,42.7,51.2,235950.0,-52800.0,23921.49280956878,66269.1970452053,-0.037288628940732926,0.02204889481709832,-12.032808276633434,-11.59419954909694
2025-08-19,PAYTM,NIFTY FIN SERVICE,4.464133583233942,4.02986340884024,5.689802913453312,1178.7,1233.4,1167.0,1226.2,7923718,FLOOR_BOUNCE|INVENTORY_MIGRATION|IV_SKEW_ACCUMULATION,REGIME_SHIFT|PINCH_ZONE,LONG_GAMMA,TRANSITION_REGIME,Expansion,Expansion,39.7,100.0,43.9,45.9,691650.0,2319275.0,34623.20413922085,-62334.8951956041,0.03912660387179745,0.03495571783112844,20.487373489240433,20.925982216776926
2025-08-19,EXIDEIND,NIFTY AUTO,4.3847993622110115,4.0667638097761305,4.906914893617009,377.45,394.45,376.0,392.8,24457473,,REGIME_SHIFT|INVENTORY_MIGRATION,LONG_GAMMA,LONG_GAMMA,Dealer Controlled,Expansion,-5.3,-4.7,47.5,45.9,-117000.0,-266400.0,2747.579403264477,258670.1473855785,0.02554655549171725,0.03884760441100399,0.9509123618607118,1.3895210893972054
2025-08-19,BANDHANBNK,NIFTY PVT BANK,4.104098115465149,3.998326559885257,5.364262413918075,167.32,174.42,165.54,174.01,7951208,,FLOOR_BOUNCE|REGIME_SHIFT|INVENTORY_MIGRATION,LONG_GAMMA,LONG_GAMMA,Resistance Weakening,Expansion,21.7,100.0,48.0,45.9,320400.0,2260800.0,181986.4530245318,228235.46097427187,-0.002927472746543369,0.033833739598011225,-4.521262002743487,-4.082653275206994
2025-08-19,PNBHOUSING,NIFTY FIN SERVICE,4.006614093106076,3.716387620497219,5.238307918075691,788.4,824.7,783.65,817.7,10253695,GAMMA_SQUEEZE,,SHORT_GAMMA,TRANSITION_REGIME,Expansion,Expansion,19.9,-100.0,47.9,45.9,301600.0,-3374150.0,32973.76688050687,207481.45111742755,0.038139320315513925,-0.1558023756135714,-24.58033573141487,-24.141727003878376
2025-08-19,ASTRAL,NIFTY CONS DURABLES,3.988734109766301,3.4767459475836926,5.130368098159521,1320.2,1370.9,1304.0,1366.1,1853945,REGIME_SHIFT|PINCH_ZONE,REGIME_SHIFT|INVENTORY_MIGRATION,TRANSITION_REGIME,TRANSITION_REGIME,Expansion,Expansion,46.0,25.9,43.9,49.3,796450.0,374425.0,-32446.52799981218,38209.258452986825,0.025583444344727646,-0.002052584958302295,-8.987341772151902,-8.548733044615409
2025-08-19,TATAMOTORS,Other,3.5872781065088732,3.472478758773545,4.494131629772702,676.75,703.35,673.1,700.25,19440384,FLOOR_BOUNCE|REGIME_SHIFT|INVENTORY_MIGRATION,FLOOR_BOUNCE|REGIME_SHIFT|INVENTORY_MIGRATION,LONG_GAMMA,LONG_GAMMA,Expansion,Expansion,93.4,100.0,43.6,45.9,1688800.0,4792800.0,16003.580941554159,11468.96998280182,0.029997839053181763,0.002703286708031327,1.8619535966251988,2.3005623241616924
2025-08-19,NYKAA,NIFTY FMCG,3.4950038782680215,3.4950038782680215,5.524374971009793,219.17,227.5,215.59,226.83,8440492,FLOOR_BOUNCE|INVENTORY_MIGRATION|IV_SKEW_ACCUMULATION,INVENTORY_MIGRATION|IV_SKEW_ACCUMULATION,LONG_GAMMA,LONG_GAMMA,Expansion,Expansion,63.3,100.0,43.9,46.0,1162500.0,2550000.0,-66780.83270374051,-3404.049906107306,-0.0037044106820663947,0.016512755357702136,5.48760638050505,5.926215108041544
2025-08-19,ADANIGREEN,NIFTY ENERGY,3.3717410927627034,3.327848840295111,4.058883140434144,942.05,975.5,937.45,973.4,1886130,,INVENTORY_MIGRATION,TRANSITION_REGIME,TRANSITION_REGIME,Expansion,Expansion,35.3,45.4,50.0,45.9,590400.0,764400.0,9661.402853582993,27685.392082363112,0.0569731687962563,-0.046678444844155786,-6.096855103222065,-5.658246375685572
2025-08-20,INDHOTEL,NIFTY CONS DURABLES,4.083080694059205,4.015986591890663,4.642166344293996,775.65,811.5,775.5,806.8,9310646,REGIME_SHIFT,INVENTORY_MIGRATION,TRANSITION_REGIME,LONG_GAMMA,Flip Zone,Expansion,7.5,1.7,40.8,45.9,150000.0,-127000.0,-29086.176720584248,73392.6644748913,-0.003732666449819011,0.022865117685042347,6.677244479703814,6.7185438743783905
2025-08-20,PHOENIXLTD,NIFTY REALTY,4.004523381893166,4.004523381893166,4.729594891239275,1503.3,1574.4,1503.3,1563.5,1063752,REGIME_SHIFT|PINCH_ZONE,INVENTORY_MIGRATION,TRANSITION_REGIME,TRANSITION_REGIME,Flip Zone,Expansion,5.1,9.2,41.2,48.8,70350.0,54950.0,1439.0625351111921,12667.102814348418,-0.012811288693874878,-0.024803270188178628,6.100705754614566,6.142005149289142
2025-08-20,INFY,NIFTY IT,3.9027777777777883,3.852294023738456,4.046643992503651,1440.7,1499.0,1440.7,1496.2,10413061,VOLATILITY_COIL|FLOOR_BOUNCE|REGIME_SHIFT|INVENTORY_MIGRATION,FLOOR_BOUNCE|REGIME_SHIFT|INVENTORY_MIGRATION,LONG_GAMMA,LONG_GAMMA,Expansion,Expansion,7.2,100.0,41.9,45.9,132800.0,4350800.0,40204.3952160257,306118.67948675354,-0.00319491460062582,0.015623031191587478,-4.755235852059336,-4.71393645738476
2025-08-20,BRITANNIA,NIFTY FMCG,3.673395162756865,3.9948923750456,4.73016162907498,5482.0,5734.5,5475.5,5701.0,453573,REGIME_SHIFT|IV_SKEW_ACCUMULATION,REGIME_SHIFT|INVENTORY_MIGRATION|IV_SKEW_ACCUMULATION,TRANSITION_REGIME,TRANSITION_REGIME,Flip Zone,Expansion,5.6,18.0,41.5,45.9,79625.0,213375.0,10517.862307505362,21298.128892531826,0.004918039150531295,0.025689804401785754,-0.1313830253131254,-0.09008363063854885
2025-08-20,COLPAL,NIFTY FMCG,3.6507587420277154,3.810572687224667,4.396574556369726,2270.0,2365.0,2265.4,2356.5,1013700,INVENTORY_MIGRATION,REGIME_SHIFT|INVENTORY_MIGRATION,TRANSITION_REGIME,TRANSITION_REGIME,Expansion,Expansion,16.2,21.8,43.9,45.9,247275.0,297225.0,18428.919261823714,-17890.888554349905,0.0138507821116301,0.014393910448254665,-0.9665896196680013,-0.9252902249934247
2025-08-20,MPHASIS,NIFTY IT,3.387296725734701,3.70871584799386,4.888495052429476,2734.1,2840.8,2708.4,2835.5,489453,INVENTORY_MIGRATION|IV_SKEW_ACCUMULATION,INVENTORY_MIGRATION,TRANSITION_REGIME,TRANSITION_REGIME,Expansion,Expansion,0.2,14.5,42.7,45.9,-45650.0,172150.0,11453.716305714399,6284.889911823469,-0.03901327031268398,-0.030966525797229638,2.0992366412213803,2.140536035895957
2025-08-20,COFORGE,NIFTY IT,3.3702426332667734,4.018509498295186,5.408219513688972,1642.4,1721.0,1632.7,1708.4,2185643,VOLATILITY_COIL|INVENTORY_MIGRATION,REGIME_SHIFT|PINCH_ZONE|IV_SKEW_ACCUMULATION,TRANSITION_REGIME,TRANSITION_REGIME,Expansion,Expansion,5.5,52.1,40.8,45.9,112500.0,874125.0,-13918.243491355242,31312.74835032542,-0.0149505972188555,0.014976782685115597,-8.071459319845031,-8.030159925170455
2025-08-20,LODHA,NIFTY REALTY,3.355064398155516,3.2237573447673418,3.8596491228070295,1259.4,1302.4,1254.0,1300.0,1941354,,INVENTORY_MIGRATION,TRANSITION_REGIME,TRANSITION_REGIME,Dealer Controlled,Expansion,0.1,22.5,43.8,45.9,-24750.0,325350.0,15703.440057749358,4677.022901048491,0.017902801950387515,0.003464495046056393,-9.866185952991746,-9.82488655831717
2025-08-20,MARICO,NIFTY FMCG,3.2831925269592555,3.2973827024799007,5.0108021464910335,727.85,753.4,717.45,751.85,2543319,FLOOR_BOUNCE|INVENTORY_MIGRATION,FLOOR_BOUNCE|INVENTORY_MIGRATION,LONG_GAMMA,LONG_GAMMA,Expansion,Expansion,36.2,100.0,41.5,45.9,662400.0,2286000.0,-9905.471164007147,-37581.12347405558,0.012804465344255611,0.017866332778220362,4.955678090318982,4.996977484993559
2025-08-20,IDEA,NIFTY MEDIA & COMM,3.1914893617021267,2.7231467473525006,5.631659056316596,6.61,6.94,6.57,6.79,546082602,,,LONG_GAMMA,LONG_GAMMA,Support Building,Expansion,100.0,100.0,51.2,50.4,2716050.0,40597800.0,3597892.4465822433,1824978.1224025832,-0.0020836327436339896,-0.004008188304511107,-7.869742198100404,-7.828442803425828
2025-08-21,PGEL,NIFTY CONS DURABLES,4.20238538948936,3.546296296296303,4.810836057916856,540.0,561.0,535.25,559.15,7773150,REGIME_SHIFT|INVENTORY_MIGRATION,REGIME_SHIFT,TRANSITION_REGIME,TRANSITION_REGIME,Expansion,Expansion,-100.0,100.0,41.9,46.0,-2469600.0,1998500.0,68638.0301450198,30756.138861812884,-0.022586032052662186,-0.025622483913973815,-29.324401188143845,-28.78454972164318
2025-08-21,MANKIND,NIFTY PHARMA,3.730152397670161,3.7549880287310433,5.489346334416756,2506.0,2628.9,2492.1,2600.1,1200361,REGIME_SHIFT,,TRANSITION_REGIME,TRANSITION_REGIME,Flip Zone,Expansion,1.4,9.3,41.9,48.6,10800.0,51525.0,2405.4569506608714,5329.720642371758,0.00028971273692918187,0.028468802856424558,0.042323970757984775,0.5821754372586474
2025-08-21,CIPLA,NIFTY PHARMA,3.02050320160403,3.4218557236543212,3.723922791967249,1540.1,1596.0,1538.7,1592.8,1698280,REGIME_SHIFT|INVENTORY_MIGRATION,REGIME_SHIFT|IV_SKEW_ACCUMULATION,TRANSITION_REGIME,LONG_GAMMA,Expansion,Expansion,3.3,14.2,40.8,44.9,69375.0,151875.0,-24767.760843268974,113067.75578354753,0.0066704422480892145,0.03819814593079379,8.09636918900576,8.636220655506422
2025-08-21,ABCAPITAL,NIFTY FIN SERVICE,2.7694478744046735,2.7694478744046735,3.1255518276531946,283.45,292.0,283.15,291.3,7184086,INVENTORY_MIGRATION,REGIME_SHIFT|INVENTORY_MIGRATION|IV_SKEW_ACCUMULATION,LONG_GAMMA,LONG_GAMMA,Expansion,Expansion,-100.0,-2.6,40.8,47.0,-2179300.0,-173600.0,-42381.97513439186,292126.75052260974,-0.02874653230399682,0.015363854113596698,8.451228592702908,8.99108005920357
2025-08-21,TITAGARH,Other,2.5607196401799204,2.5176837309675015,3.06917635775088,834.1,859.7,834.1,855.1,2009519,,REGIME_SHIFT|INVENTORY_MIGRATION,TRANSITION_REGIME,TRANSITION_REGIME,Dealer Controlled,Expansion,2.5,13.8,43.2,43.9,28275.0,189950.0,14463.867197801243,-7908.675185639804,-0.01665649494119309,0.15273663259327264,-7.240874328795355,-6.701022862294693
2025-08-21,DRREDDY,NIFTY PHARMA,2.5052192066805645,2.5052192066805645,3.3459646859630654,1245.4,1281.8,1240.3,1276.6,2008295,FLOOR_BOUNCE|REGIME_SHIFT,INVENTORY_MIGRATION,LONG_GAMMA,LONG_GAMMA,Flip Zone,Expansion,7.3,1.2,40.8,43.9,131875.0,-109375.0,35786.60655357284,332978.1058744369,-0.002570332632600092,0.043581142823825525,2.340869007535651,2.8807204740363135
2025-08-21,LTF,NIFTY FIN SERVICE,2.429224587816936,2.490757855822534,3.4626423479307444,216.4,223.5,216.02,221.79,10194494,VOLATILITY_COIL|REGIME_SHIFT|PINCH_ZONE,FLOOR_BOUNCE|INVENTORY_MIGRATION,LONG_GAMMA,LONG_GAMMA,Compression,Expansion,-20.6,100.0,40.8,43.9,-383732.0,3873016.0,15415.490565946791,-138143.6140601379,-0.011303092372136558,-0.0012700986861091668,3.8780384993677197,4.417889965868382
2025-08-21,MAXHEALTH,NIFTY PHARMA,1.9990208877284532,0.830779157928685,2.18859327963552,1239.8,1256.0,1229.1,1250.1,2051298,REGIME_SHIFT|INVENTORY_MIGRATION|IV_SKEW_ACCUMULATION,INVENTORY_MIGRATION,TRANSITION_REGIME,TRANSITION_REGIME,Expansion,Expansion,-4.0,38.3,47.3,43.8,-66675.0,667275.0,2152.3883613167127,6697.0705404261535,0.0034487280615421723,0.00429106582933958,-0.42217619882111146,0.11767526767955117
2025-08-21,ASTRAL,NIFTY CONS DURABLES,1.980198019801982,0.16913319238900382,4.26267281105992,1419.0,1448.0,1388.8,1421.4,2230880,REGIME_SHIFT|INVENTORY_MIGRATION,INVENTORY_MIGRATION,TRANSITION_REGIME,TRANSITION_REGIME,Expansion,Expansion,2.8,-0.2,43.9,43.9,-10625.0,-69275.0,30830.843119841185,11695.769637053876,0.04425770537163615,-0.013418883477252397,-4.160204976063642,-3.620353509562979
2025-08-21,PIIND,NIFTY COMMODITIES,1.9226717235566682,1.9226717235566682,2.85835386367852,3796.8,3882.8,3774.9,3869.8,162383,REGIME_SHIFT|PINCH_ZONE,INVENTORY_MIGRATION|IV_SKEW_ACCUMULATION,TRANSITION_REGIME,TRANSITION_REGIME,Flip Zone,Expansion,4.7,1.7,41.2,43.9,64750.0,-25725.0,-1679.8651543854448,8158.715422672853,-0.0027941183044298823,0.02224315155016321,-5.0215982721382275,-4.481746805637565
2025-08-22,IDEA,NIFTY MEDIA & COMM,7.938931297709928,5.5223880597014885,11.094224924012153,6.7,7.31,6.58,7.07,1659929445,,FLOOR_BOUNCE|REGIME_SHIFT|INVENTORY_MIGRATION|IV_SKEW_ACCUMULATION,LONG_GAMMA,LONG_GAMMA,Expansion,Expansion,-100.0,100.0,51.4,45.8,-165035775.0,114288525.0,3544024.826909297,19829268.45707632,-0.008822653383246504,0.05539164416561215,-4.0705563093622725,-3.304459294347573
2025-08-22,ABFRL,Other,7.402511566424308,7.402511566424308,8.452380952380945,75.65,81.99,75.6,81.25,87482262,FLOOR_BOUNCE,INVENTORY_MIGRATION,LONG_GAMMA,LONG_GAMMA,Support Building,Expansion,0.3,-100.0,47.2,45.8,33800.0,-3624400.0,-38505.41583209904,375086.1576879403,-0.027439990399177994,0.07286064948410609,7.374124487908018,8.140221502922717
2025-08-22,POONAWALLA,Other,3.272323904603436,3.2150776053215147,3.8816594372149904,451.0,467.0,449.55,465.5,1707005,REGIME_SHIFT|INVENTORY_MIGRATION,INVENTORY_MIGRATION|IV_SKEW_ACCUMULATION,TRANSITION_REGIME,TRANSITION_REGIME,Expansion,Expansion,-16.0,23.1,42.3,45.8,-232900.0,346800.0,11180.019097210461,-17175.813614320272,0.007447916469478455,0.008043958137443574,7.642502023355302,8.408599038370001
2025-08-22,UNOMINDA,NIFTY AUTO,2.860393304079323,2.860393304079323,3.953602352556751,1230.6,1272.6,1224.2,1265.8,1589290,VOLATILITY_COIL|INVENTORY_MIGRATION|IV_SKEW_ACCUMULATION,INVENTORY_MIGRATION|IV_SKEW_ACCUMULATION,TRANSITION_REGIME,TRANSITION_REGIME,Expansion,Expansion,1.3,-50.7,40.8,44.5,36300.0,-1059300.0,-7287.52792106555,44655.83057848743,-1.5249486175705762e-05,-0.012206433730632349,17.09528214616096,17.861379161175662
2025-08-22,SJVN,Other,2.2496147919876863,2.0923076923077044,3.225143796220209,97.5,100.5,97.36,99.54,13565811,VOLATILITY_COIL|REGIME_SHIFT,FLOOR_BOUNCE|REGIME_SHIFT,LONG_GAMMA,LONG_GAMMA,Compression,Flip Zone,-29.6,11.6,40.8,44.1,-558125.0,117500.0,18666.86769721459,267476.3338943966,-0.068309896023099,0.01805096108046783,0.7591861524445687,1.5252831674592682
2025-08-22,DIVISLAB,NIFTY PHARMA,2.04877239548773,1.0430354796320707,1.6425755584756896,6088.0,6188.0,6088.0,6151.5,681524,VOLATILITY_COIL|REGIME_SHIFT|IV_SKEW_ACCUMULATION,INVENTORY_MIGRATION|IV_SKEW_ACCUMULATION,TRANSITION_REGIME,TRANSITION_REGIME,Compression,Expansion,1.7,-4.3,40.8,44.1,27200.0,-173900.0,10226.158156864087,41415.323536671494,-0.012428171369919971,0.011929215393452097,-7.055979451537353,-6.289882436522653
2025-08-22,SOLARINDS,NIFTY INFRA,1.810575406350723,1.8315269584305183,3.1906134211609816,14578.0,15039.0,14574.0,14845.0,140765,,INVENTORY_MIGRATION,TRANSITION_REGIME,TRANSITION_REGIME,Dealer Controlled,Expansion,2.0,6.6,43.6,44.1,10425.0,68775.0,2128.0825143051115,1600.9008136051816,-0.017171609717185066,-0.010441925605404911,0.6304229934924077,1.3965200085071072
2025-08-22,SONACOMS,NIFTY AUTO,1.581384841296729,1.1586051743532,1.928281461434378,444.5,451.95,443.4,449.65,894867,INVENTORY_MIGRATION|IV_SKEW_ACCUMULATION,REGIME_SHIFT|INVENTORY_MIGRATION,TRANSITION_REGIME,TRANSITION_REGIME,Expansion,Expansion,-6.0,12.8,41.6,43.0,-60900.0,196350.0,-27499.36147388965,22059.134064456877,0.030940196813733056,-0.06681382301515915,-8.384270578647113,-7.618173563632414
2025-08-22,INDUSTOWER,NIFTY MEDIA & COMM,1.5802327251831727,0.29787234042553123,3.153669724770647,352.5,359.8,348.8,353.55,16977389,VOLATILITY_COIL|REGIME_SHIFT|PINCH_ZONE,INVENTORY_MIGRATION,LONG_GAMMA,LONG_GAMMA,Compression,Expansion,-39.3,-82.0,40.8,43.0,-729300.0,-1666000.0,36042.78415956913,163644.66751380067,0.009842534793489621,0.008623165752107198,-11.953679491968616,-11.187582476953917
2025-08-22,PAYTM,NIFTY FIN SERVICE,1.5253692999357638,1.4113873295910073,2.832769998390483,1247.0,1277.8,1242.6,1264.6,6068853,VOLATILITY_COIL|INVENTORY_MIGRATION|IV_SKEW_ACCUMULATION,INVENTORY_MIGRATION|IV_SKEW_ACCUMULATION,LONG_GAMMA,LONG_GAMMA,Expansion,Expansion,-35.2,-100.0,41.0,45.5,-658300.0,-2445425.0,14831.056371982879,173661.69918900612,-0.0029404266101084597,-0.017202439649320278,14.314124293785312,15.080221308800011
2025-08-25,IDEA,NIFTY MEDIA & COMM,4.667609618104662,4.667609618104662,8.571428571428562,7.07,7.6,7.0,7.4,1166246458,FLOOR_BOUNCE|REGIME_SHIFT|INVENTORY_MIGRATION|IV_SKEW_ACCUMULATION,INVENTORY_MIGRATION,LONG_GAMMA,LONG_GAMMA,Expansion,Expansion,100.0,100.0,45.8,51.3,114288525.0,139662150.0,19829268.45707632,-18863188.836442154,0.05539164416561215,-0.0023948427069901967,2.77777777777779,2.251345438928487
2025-08-25,JUBLFOOD,NIFTY FMCG,4.627311636921583,4.4922977659488605,5.555555555555558,619.95,650.75,616.5,647.8,5226858,INVENTORY_MIGRATION,FLOOR_BOUNCE|REGIME_SHIFT|INVENTORY_MIGRATION|IV_SKEW_ACCUMULATION,TRANSITION_REGIME,LONG_GAMMA,Expansion,Expansion,-27.1,74.8,41.1,45.9,-473750.0,1248750.0,-44024.74806606272,206947.65581012584,0.01394020587686956,0.02471934415766175,-0.1925891687851511,-0.7190215076344542
2025-08-25,PGEL,NIFTY CONS DURABLES,3.6012063154159835,2.4561403508772006,3.973860826563058,570.0,588.7,566.2,584.0,5784148,REGIME_SHIFT|INVENTORY_MIGRATION,INVENTORY_MIGRATION,TRANSITION_REGIME,TRANSITION_REGIME,Expansion,Expansion,63.3,65.2,41.4,45.9,1186500.0,1142400.0,-27620.742054694856,-35920.97321853788,-0.01982613752685658,0.17352566346026388,-27.063819158236548,-27.590251497085852
2025-08-25,ZYDUSLIFE,NIFTY PHARMA,3.473907766990303,3.1349226349478343,3.895448582097094,992.05,1029.5,990.9,1023.15,2565579,PINCH_ZONE,REGIME_SHIFT|INVENTORY_MIGRATION|IV_SKEW_ACCUMULATION,TRANSITION_REGIME,TRANSITION_REGIME,Dealer Controlled,Expansion,-5.0,-21.6,41.1,45.9,-106200.0,-530100.0,16999.22887909846,51416.16626469235,-0.008945887861958102,0.06956283106078737,4.787996722654642,4.2615643838053385
2025-08-25,INFY,NIFTY IT,2.9983193277310916,1.6858034114289433,2.1437578814627933,1506.7,1539.0,1506.7,1532.1,10694531,REGIME_SHIFT,FLOOR_BOUNCE|INVENTORY_MIGRATION,LONG_GAMMA,LONG_GAMMA,Flip Zone,Expansion,-42.1,100.0,41.1,44.3,-769600.0,4486000.0,-69974.96699927817,-191593.29515500297,-0.015656017003523703,0.04513139525147841,1.0820083129906788,0.5555759741413757
2025-08-25,IRB,Other,2.9008679762448475,2.6195899772209597,4.123711340206193,43.9,45.45,43.65,45.05,18170815,FLOOR_BOUNCE|REGIME_SHIFT|INVENTORY_MIGRATION,FLOOR_BOUNCE|INVENTORY_MIGRATION,LONG_GAMMA,LONG_GAMMA,Expansion,Expansion,29.5,100.0,41.8,44.3,665475.0,3432450.0,-356411.4637920306,190351.09837417168,0.05686705220818733,0.044459371242621004,-3.0974403097440373,-3.6238726485933404
2025-08-25,TCS,NIFTY IT,2.8356254092992694,1.726427622841964,2.4341100386727765,3087.3,3152.0,3077.1,3140.6,3448370,INVENTORY_MIGRATION|IV_SKEW_ACCUMULATION,FLOOR_BOUNCE|REGIME_SHIFT|INVENTORY_MIGRATION|IV_SKEW_ACCUMULATION,LONG_GAMMA,LONG_GAMMA,Expansion,Expansion,-27.8,86.9,41.8,44.3,-450450.0,1457400.0,-202444.54797147843,141719.8444194406,-0.004255331347229718,0.06879715836354033,0.15307098667005636,-0.3733613521792467
2025-08-25,PAGEIND,NIFTY FMCG,2.6174570145657716,3.000989337144122,4.012311751126751,45485.0,47310.0,45485.0,46850.0,28088,REGIME_SHIFT|INVENTORY_MIGRATION,REGIME_SHIFT|INVENTORY_MIGRATION,TRANSITION_REGIME,TRANSITION_REGIME,Expansion,Expansion,-0.9,6.2,41.1,43.9,1710.0,26865.0,-876.1058846734691,367.41428134943635,0.022304034004195672,0.10616179617835386,1.2535119948130502,0.7270796559637471
2025-08-25,HCLTECH,NIFTY IT,2.5847370933642644,1.635135135135135,2.269340197805181,1480.0,1509.7,1476.2,1504.2,2764914,PINCH_ZONE,FLOOR_BOUNCE|REGIME_SHIFT|PINCH_ZONE|IV_SKEW_ACCUMULATION,TRANSITION_REGIME,LONG_GAMMA,Support Weakening,Expansion,-21.0,44.8,41.8,43.9,-333550.0,750050.0,-114347.65976169874,148033.62046036153,0.019295418977468337,0.02971487535204992,0.9462452184417325,0.4198128795924294
2025-08-25,JSL,Other,2.4307118513279047,2.4307118513279047,5.567382749500038,777.55,818.2,775.05,796.45,3922228,REGIME_SHIFT|IV_SKEW_ACCUMULATION,INVENTORY_MIGRATION|IV_SKEW_ACCUMULATION,TRANSITION_REGIME,TRANSITION_REGIME,Flip Zone,Expansion,22.0,-5.0,41.1,43.9,419900.0,-177650.0,-26784.210956594936,13612.13546260164,0.00639273476558877,0.17497678004549466,21.40080786525418,20.874375526404876
2025-08-26,BRITANNIA,NIFTY FMCG,3.8735249076659706,3.4263162615481235,3.946542290788413,5574.5,5794.5,5574.5,5765.5,1307463,VOLATILITY_COIL|IV_SKEW_ACCUMULATION,REGIME_SHIFT|INVENTORY_MIGRATION|IV_SKEW_ACCUMULATION,TRANSITION_REGIME,TRANSITION_REGIME,Compression,Expansion,3.6,24.5,40.8,58.8,68375.0,302375.0,-1423.5655568752663,24586.628026219394,0.05573659651997981,0.03794872158626489,2.5068895012890113,2.380678544638326
2025-08-26,EICHERMOT,NIFTY AUTO,2.679242133377846,2.8595317725752523,4.194630872483218,5980.0,6210.0,5960.0,6151.0,1474805,REGIME_SHIFT|INVENTORY_MIGRATION|IV_SKEW_ACCUMULATION,REGIME_SHIFT|INVENTORY_MIGRATION|IV_SKEW_ACCUMULATION,TRANSITION_REGIME,TRANSITION_REGIME,Expansion,Expansion,-0.9,20.4,41.5,56.9,-61600.0,277550.0,26602.957214063106,-37458.41054748279,0.03522820988268244,-0.049615341390024326,14.203490531006313,14.077279574355629
2025-08-26,HINDUNILVR,NIFTY FMCG,2.3179814561483436,2.590870989865124,3.0633239350758235,2624.6,2705.0,2624.6,2692.6,4348648,PINCH_ZONE,FLOOR_BOUNCE|REGIME_SHIFT|INVENTORY_MIGRATION|IV_SKEW_ACCUMULATION,LONG_GAMMA,LONG_GAMMA,Dealer Controlled,Expansion,-1.6,37.5,40.8,56.9,-22800.0,619200.0,-40074.425394707476,-87130.27349401085,0.030717468322230046,-0.013061188289246795,10.280144167758841,10.153933211108157
2025-08-26,GRANULES,Other,1.9101367484263054,2.287581699346397,4.251588866973477,459.0,475.7,456.3,469.5,5766181,REGIME_SHIFT|INVENTORY_MIGRATION,REGIME_SHIFT|INVENTORY_MIGRATION|IV_SKEW_ACCUMULATION,TRANSITION_REGIME,TRANSITION_REGIME,Expansion,Expansion,-6.1,52.8,40.8,56.9,-138675.0,957825.0,52373.02207113405,-78249.50293975446,0.0988489279371087,0.002763182522577845,1.36010362694301,1.2338926702923247
2025-08-26,MARUTI,NIFTY AUTO,1.8128978688070951,1.8128978688070951,3.015773747481054,14452.0,14825.0,14391.0,14714.0,962974,INVENTORY_MIGRATION|IV_SKEW_ACCUMULATION,INVENTORY_MIGRATION,TRANSITION_REGIME,TRANSITION_REGIME,Expansion,Expansion,10.9,-3.1,40.8,56.9,192850.0,-284400.0,49145.64770325739,-22821.87508413859,0.03319842456932498,0.006242170675558101,19.238249594813617,19.112038638162932
2025-08-26,BOSCHLTD,NIFTY AUTO,1.08737367276448,0.790816326530619,2.2036082474226726,39200.0,39655.0,38800.0,39510.0,32640,REGIME_SHIFT|INVENTORY_MIGRATION,INVENTORY_MIGRATION,TRANSITION_REGIME,TRANSITION_REGIME,Expansion,Expansion,-1.9,5.2,40.8,54.8,-17750.0,66250.0,-1925.936759835513,1238.6882538064083,0.0628754290449342,0.004566730723617851,3.33464103570027,3.2084300790495845
2025-08-26,LTF,NIFTY FIN SERVICE,1.0611419909045017,1.2658227848101333,2.3406720741599107,217.25,220.8,215.75,220.0,15435312,INVENTORY_MIGRATION|IV_SKEW_ACCUMULATION,FLOOR_BOUNCE|REGIME_SHIFT|PINCH_ZONE,TRANSITION_REGIME,LONG_GAMMA,Expansion,Flip Zone,-51.2,16.8,41.6,54.8,-838856.0,281106.0,-485922.00587416405,64702.59786206705,0.07739070619550703,-0.027740099368709248,8.916282984306157,8.790072027655473
2025-08-26,ITC,NIFTY FMCG,1.0016276449229977,1.0142749812171337,1.7570281124497988,399.3,405.4,398.4,403.35,13715752,VOLATILITY_COIL|FLOOR_BOUNCE|REGIME_SHIFT|INVENTORY_MIGRATION,FLOOR_BOUNCE|REGIME_SHIFT|INVENTORY_MIGRATION|IV_SKEW_ACCUMULATION,LONG_GAMMA,LONG_GAMMA,Expansion,Expansion,28.9,100.0,40.8,54.5,524800.0,4358400.0,168128.03594656312,265447.14874471223,0.002639894433514478,0.028073575652108357,-1.597950719687713,-1.7241616763383982
2025-08-26,TITAGARH,Other,0.9581325126299278,0.9581325126299278,2.679623085983507,861.05,871.75,849.0,869.3,1489952,REGIME_SHIFT|PINCH_ZONE,INVENTORY_MIGRATION,TRANSITION_REGIME,TRANSITION_REGIME,Flip Zone,Expansion,33.3,21.2,40.8,54.5,649600.0,379175.0,-42768.42845674498,-17548.592962860595,0.07346398510947788,0.0697204296765005,2.5299286430382706,2.4037176863875853
2025-08-26,NYKAA,NIFTY FMCG,0.9192297638755731,0.9148333696362476,2.980219780219784,229.55,234.28,227.5,231.65,22792751,REGIME_SHIFT|IV_SKEW_ACCUMULATION,FLOOR_BOUNCE|REGIME_SHIFT|INVENTORY_MIGRATION,LONG_GAMMA,LONG_GAMMA,Flip Zone,Expansion,-48.4,52.6,43.9,54.5,-1000000.0,981250.0,90172.98075419205,1207.8209867415717,0.05315384466728623,0.017009794972952408,10.970059880239514,10.84384892358883
2025-08-28,KALYANKJIL,NIFTY FMCG,2.3575441412519993,3.154382772217157,4.432498224972092,494.55,514.8,492.95,510.15,7354852,REGIME_SHIFT|INVENTORY_MIGRATION,IV_SKEW_ACCUMULATION,TRANSITION_REGIME,TRANSITION_REGIME,Expansion,Support Building,25.1,100.0,55.2,56.9,572225.0,2884625.0,-174898.74619951867,23256.076670992792,0.10810160478337871,-0.35435229961678555,-15.593977498345469,-14.30394603318076
2025-08-28,UNOMINDA,NIFTY AUTO,1.4724310776942362,1.575852606820849,2.3191823899371133,1275.5,1301.5,1272.0,1295.6,1525485,REGIME_SHIFT|IV_SKEW_ACCUMULATION,INVENTORY_MIGRATION|IV_SKEW_ACCUMULATION,TRANSITION_REGIME,TRANSITION_REGIME,Flip Zone,Expansion,12.9,-2.5,54.1,56.1,268950.0,-89100.0,-23695.828801690786,-5463.385730266935,0.03675838426306316,-0.25048867046894974,20.81312942931739,22.103160894482098
2025-08-28,JSL,Other,1.4083621502672283,1.433872083516774,4.725063938618934,795.05,818.95,782.0,806.45,2350479,VOLATILITY_COIL|INVENTORY_MIGRATION|IV_SKEW_ACCUMULATION,,TRANSITION_REGIME,TRANSITION_REGIME,Expansion,Support Building,35.9,34.3,54.1,0.0,704650.0,623900.0,-45116.604669171036,-56527.40867366039,0.06480925964234918,-0.564274614519653,18.971748912001175,20.261780377165884
2025-08-28,TITAN,NIFTY FMCG,1.21591541457986,2.4098420652571617,2.7814532248529034,3552.1,3650.9,3552.1,3637.7,989246,REGIME_SHIFT|INVENTORY_MIGRATION|IV_SKEW_ACCUMULATION,PINCH_ZONE,TRANSITION_REGIME,TRANSITION_REGIME,Expansion,Dealer Controlled,-23.0,-3.4,54.9,54.9,-394625.0,-101675.0,-32040.92988290085,27624.923180199385,0.04588633161344502,-0.2334954396145889,7.649739583333326,8.939771048498034
2025-08-28,PETRONET,NIFTY OIL & GAS,1.041666666666674,-0.018406037180174195,2.1775544388609847,271.65,274.5,268.65,271.6,3213713,,PINCH_ZONE,SHORT_GAMMA,SHORT_GAMMA,Support Weakening,Support Weakening,-22.0,-100.0,55.2,54.5,-372600.0,-2768400.0,14889.872792144131,147814.2094264355,0.082899613640122,-0.3538754886562297,-7.256274543281538,-5.966243078116829
2025-08-28,NYKAA,NIFTY FMCG,0.9453917548025048,0.44673539518900185,3.8706000964362497,232.8,236.96,228.13,233.84,7414193,FLOOR_BOUNCE|REGIME_SHIFT|INVENTORY_MIGRATION,FLOOR_BOUNCE|PINCH_ZONE,LONG_GAMMA,LONG_GAMMA,Expansion,Support Building,52.6,12.8,54.5,54.5,981250.0,240625.0,1207.8209867415717,-157774.99558305193,0.017009794972952408,-0.2111300095190259,11.124839614123449,12.414871079288158
2025-08-28,VOLTAS,NIFTY CONS DURABLES,0.8906702293475899,0.8906702293475899,2.28618544337007,1347.3,1364.6,1334.1,1359.3,957868,,REGIME_SHIFT|INVENTORY_MIGRATION,TRANSITION_REGIME,TRANSITION_REGIME,Dealer Controlled,Expansion,-2.4,-9.1,54.1,57.2,-19500.0,-202875.0,-27049.141139328145,32837.77547652861,0.0033889399793634034,-0.1989206097756538,1.8125983072428964,3.1026297724076057
2025-08-28,BLUESTARCO,NIFTY CONS DURABLES,0.8096514745308259,1.627027027027017,3.162162162162163,1850.0,1908.5,1850.0,1880.1,462099,REGIME_SHIFT|INVENTORY_MIGRATION,INVENTORY_MIGRATION,SHORT_GAMMA,TRANSITION_REGIME,Expansion,Expansion,2.1,8.0,54.9,59.4,104325.0,126425.0,-38483.2117717332,20567.327869828634,0.04007148420636686,-0.3480605745683898,7.748295031233865,9.038326496398575
2025-08-28,POLYCAB,NIFTY INFRA,0.6016421291053176,0.10564868291309537,2.6485325697924056,7099.0,7170.0,6985.0,7106.5,275286,IV_SKEW_ACCUMULATION,INVENTORY_MIGRATION|IV_SKEW_ACCUMULATION,TRANSITION_REGIME,TRANSITION_REGIME,Support Building,Expansion,2.6,3.0,54.1,54.1,52375.0,40875.0,-7048.998067930741,-13514.56781307445,0.01565588333887935,-0.2867519227715657,2.068222621184912,3.3582540863496213
2025-08-28,LT,NIFTY INFRA,0.5308784909496378,0.5677966101694798,1.1223566662897255,3540.0,3576.9,3537.2,3560.1,1695226,INVENTORY_MIGRATION,INVENTORY_MIGRATION,TRANSITION_REGIME,TRANSITION_REGIME,Expansion,Expansion,24.6,5.3,54.9,54.1,553700.0,90300.0,-259655.46279526447,6778.059848747069,0.06297953871697237,-0.2798094228540471,1.8451767936834784,3.1352082588481878
2025-08-29,CGPOWER,NIFTY INFRA,4.563253012048185,2.5629662456606805,4.7138047138047146,676.95,699.75,668.25,694.3,14580868,INVENTORY_MIGRATION,INVENTORY_MIGRATION|IV_SKEW_ACCUMULATION,TRANSITION_REGIME,TRANSITION_REGIME,Expansion,Expansion,8.5,-69.1,54.1,59.0,203150.0,-1474750.0,-62589.99728671533,68443.35114978184,-0.2986252605184836,0.17764753426332858,5.141212993109701,6.86400172216074
2025-08-29,RBLBANK,NIFTY PVT BANK,4.066175004983075,3.797216699801198,6.302186878727634,251.5,267.35,251.5,261.05,65899998,INVENTORY_MIGRATION,REGIME_SHIFT|INVENTORY_MIGRATION|IV_SKEW_ACCUMULATION,TRANSITION_REGIME,TRANSITION_REGIME,Expansion,Expansion,-100.0,-100.0,59.5,59.0,-2339975.0,-3683000.0,-6912.234283855338,131471.47379637754,-0.7137870104048495,0.25121465935311627,-0.26743075453676823,1.4553579745142708
2025-08-29,COLPAL,NIFTY FMCG,3.0538736907234965,3.6355555555555696,4.795555555555553,2250.0,2357.9,2250.0,2331.8,1598897,INVENTORY_MIGRATION,INVENTORY_MIGRATION|IV_SKEW_ACCUMULATION,TRANSITION_REGIME,TRANSITION_REGIME,Expansion,Expansion,10.3,-4.6,54.1,58.0,239400.0,-190800.0,-31710.185396105437,16447.57118633553,-0.28735913644028666,0.151206956217234,4.233159000491726,5.955947729542766
2025-08-29,UNITDSPR,NIFTY FMCG,2.3019898556379204,1.6279069767441756,2.421741161812796,1290.0,1315.3,1284.2,1311.0,1687323,INVENTORY_MIGRATION,INVENTORY_MIGRATION|IV_SKEW_ACCUMULATION,SHORT_GAMMA,TRANSITION_REGIME,Expansion,Expansion,-4.6,-21.3,54.9,57.4,-40400.0,-478400.0,1709.3987567293116,46351.975728415964,-0.25090788812899756,0.13833519448278486,-0.364797081623347,1.357991647427692
2025-08-29,YESBANK,NIFTY PVT BANK,2.248394004282672,1.1652542372881491,4.4895777659005764,18.88,19.55,18.71,19.1,191492999,INVENTORY_MIGRATION,,TRANSITION_REGIME,LONG_GAMMA,Expansion,Support Weakening,-100.0,-100.0,59.2,57.9,-19841800.0,-19655200.0,1575134.6228563478,1134230.9691082689,-0.2556693234203341,0.1330342105741183,-0.6243496357960288,1.0984390932550103
2025-08-29,ITC,NIFTY FMCG,2.207533050636079,1.9278606965174028,2.127394874346855,402.0,410.45,401.9,409.75,25255050,REGIME_SHIFT|IV_SKEW_ACCUMULATION,REGIME_SHIFT|INVENTORY_MIGRATION,TRANSITION_REGIME,LONG_GAMMA,Flip Zone,Expansion,100.0,-100.0,54.1,57.4,2260800.0,-9324800.0,-1103798.1460957287,985171.5004337019,-0.17300288527069696,0.08106184304799333,0.5274779195289403,2.2502666485799794
2025-08-29,DALBHARAT,NIFTY COMMODITIES,2.1306455728502094,1.5433403805496848,2.271762208067951,2365.0,2408.5,2355.0,2401.5,423429,VOLATILITY_COIL|INVENTORY_MIGRATION|IV_SKEW_ACCUMULATION,INVENTORY_MIGRATION,TRANSITION_REGIME,TRANSITION_REGIME,Expansion,Expansion,1.4,-2.0,54.1,57.4,36725.0,-100425.0,-15197.912901738962,7235.614513885819,-0.2955426197464697,0.1478472924891745,7.233757535164109,8.956546264215149
2025-08-29,MARICO,NIFTY FMCG,2.002529510961204,2.232394366197177,2.495418017764006,710.0,727.0,709.3,725.85,2136019,INVENTORY_MIGRATION,,TRANSITION_REGIME,TRANSITION_REGIME,Expansion,Support Weakening,-2.3,-34.0,59.2,57.5,-9600.0,-712800.0,-47345.4060039179,54441.026965650104,-0.33249476471371553,0.12740861933136885,3.2430125880094085,4.965801317060448
2025-08-29,BOSCHLTD,NIFTY AUTO,1.873804971319304,1.2799391712077002,3.302611367127506,39455.0,40350.0,39060.0,39960.0,46252,INVENTORY_MIGRATION,INVENTORY_MIGRATION|IV_SKEW_ACCUMULATION,TRANSITION_REGIME,TRANSITION_REGIME,Expansion,Expansion,4.2,1.6,54.2,60.8,101425.0,-17575.0,-7193.344101216333,757.8756514887357,-0.31197271640466645,0.1535131953017394,-0.24962556165751826,1.4731631673935208
2025-08-29,CROMPTON,NIFTY CONS DURABLES,1.8361363987039026,2.151369757003563,3.5133880204302637,323.05,334.4,323.05,330.0,3392084,VOLATILITY_COIL|REGIME_SHIFT|INVENTORY_MIGRATION|IV_SKEW_ACCUMULATION,REGIME_SHIFT,TRANSITION_REGIME,TRANSITION_REGIME,Expansion,Flip Zone,20.4,-19.1,54.1,57.5,410400.0,-421200.0,-87905.33496691535,26352.70079649179,-0.2614015360967377,0.1445023730517842,1.8047200370199024,3.5275087660709414
2025-09-01,KAYNES,NIFTY INFRA,7.790298873101431,7.090702579912378,7.821138211382106,6163.0,6631.0,6150.0,6600.0,1581296,PINCH_ZONE|IV_SKEW_ACCUMULATION,INVENTORY_MIGRATION,TRANSITION_REGIME,TRANSITION_REGIME,Dealer Controlled,Expansion,-1.7,7.2,54.5,56.1,5800.0,-104400.0,-178.3886053603278,4896.4800258073565,0.2289241288772526,-0.00602886541864045,6.934543097861301,7.513104043584374
2025-09-01,TIINDIA,NIFTY AUTO,6.054159913560242,6.471186440677967,6.847457627118647,2950.0,3152.0,2950.0,3140.9,508869,INVENTORY_MIGRATION|IV_SKEW_ACCUMULATION,INVENTORY_MIGRATION,TRANSITION_REGIME,TRANSITION_REGIME,Expansion,Expansion,-0.3,5.0,54.5,55.6,-21000.0,-80800.0,1113.10460240755,5259.674017936666,0.20364864375618408,-0.016627224165413124,10.567817791389466,11.146378737112538
2025-09-01,MCX,NIFTY FIN SERVICE,5.453315290933691,4.688339602364322,5.12906695348212,7444.0,7819.5,7438.0,7793.0,673651,VOLATILITY_COIL,,TRANSITION_REGIME,TRANSITION_REGIME,Compression,Expansion,-5.4,13.7,61.6,53.4,-90000.0,89750.0,317.8390847289779,10744.943618497973,0.17024815416400235,-0.006553764579167287,1.299883010529057,1.8784439562521293
2025-09-01,DIXON,NIFTY CONS DURABLES,5.344517675254634,4.8419797257006625,5.199761478831255,16770.0,17642.0,16770.0,17582.0,615332,VOLATILITY_COIL|PINCH_ZONE|IV_SKEW_ACCUMULATION,REGIME_SHIFT|INVENTORY_MIGRATION,TRANSITION_REGIME,TRANSITION_REGIME,Compression,Expansion,-2.0,13.5,54.5,54.0,-25600.0,73950.0,1553.331437048862,2084.2132330951163,0.1607369295421236,-0.015380449056981771,4.399976248441306,4.978537194164378
2025-09-01,MANAPPURAM,NIFTY FIN SERVICE,5.1826353031172445,4.861773117254531,5.185891325071501,262.25,275.85,262.25,275.0,5587800,IV_SKEW_ACCUMULATION,INVENTORY_MIGRATION,SHORT_GAMMA,TRANSITION_REGIME,Support Building,Expansion,66.9,-17.9,54.5,51.4,1299000.0,-510000.0,-42388.699805225864,131385.5596497747,0.12854268213849168,0.018122298711787,8.674175064216548,9.252736009939621
2025-09-01,AMBER,NIFTY CONS DURABLES,5.001719986240105,4.57722351651364,5.22839845899834,7297.0,7648.0,7268.0,7631.0,613436,VOLATILITY_COIL|PINCH_ZONE,REGIME_SHIFT|PINCH_ZONE,TRANSITION_REGIME,TRANSITION_REGIME,Compression,Expansion,0.0,8.1,54.5,51.4,-1700.0,6200.0,-66.74363745502023,982.2489080232467,0.2246745463476763,-0.014010348513602278,-4.1752998053619645,-3.5967388596388923
2025-09-01,KFINTECH,NIFTY FIN SERVICE,4.798276537406965,4.074686375571335,4.858339012754365,1028.3,1077.0,1027.1,1070.2,823855,REGIME_SHIFT|INVENTORY_MIGRATION,INVENTORY_MIGRATION,TRANSITION_REGIME,TRANSITION_REGIME,Expansion,Expansion,-2.8,7.9,64.2,55.6,25650.0,12150.0,-1373.7662338389378,3778.750684775774,0.18390049556052313,0.009163857620614335,-1.1727768030289076,-0.5942158573058354
2025-09-01,MPHASIS,NIFTY IT,4.7883787661406,4.0420227920227925,4.444444444444451,2808.0,2932.8,2808.0,2921.5,682684,INVENTORY_MIGRATION,REGIME_SHIFT|INVENTORY_MIGRATION|IV_SKEW_ACCUMULATION,TRANSITION_REGIME,TRANSITION_REGIME,Expansion,Expansion,-4.3,3.5,63.0,51.4,-36575.0,-75625.0,219.9108093573259,8811.96120476403,0.21498506620397764,-0.01926920684249861,4.705755859795002,5.284316805518074
2025-09-01,RVNL,NIFTY ENERGY,4.329147389292776,4.20861528305001,5.271883289124668,302.95,317.5,301.6,315.7,5644181,IV_SKEW_ACCUMULATION,,TRANSITION_REGIME,TRANSITION_REGIME,Support Weakening,Expansion,-38.0,51.5,63.0,55.6,-666875.0,856625.0,10479.394477770693,5309.123290660442,0.17009912520694007,-0.012398278203681778,-9.320695102685617,-8.742134156962544
2025-09-01,MOTHERSON,NIFTY AUTO,4.301886792452825,2.478813559322024,3.7786341254549383,94.4,96.95,93.42,96.74,30257885,PINCH_ZONE,INVENTORY_MIGRATION,LONG_GAMMA,LONG_GAMMA,Support Weakening,Expansion,-90.7,-0.1,54.5,51.4,-1765050.0,-153750.0,119053.32130775823,186261.17106456606,0.1901011033543485,0.0003215200896350412,-0.44252341257590144,0.13603753314717082
2025-09-02,SAMMAANCAP,NIFTY FIN SERVICE,11.10579606154829,11.043824701195227,12.3101518784972,125.5,140.5,125.1,139.36,82448001,REGIME_SHIFT,REGIME_SHIFT|INVENTORY_MIGRATION|IV_SKEW_ACCUMULATION,TRANSITION_REGIME,LONG_GAMMA,Flip Zone,Expansion,22.1,-100.0,47.7,53.4,387000.0,-2433800.0,11828.253766815425,190809.65467162625,-0.015747328648246794,0.043040882341691455,10.8142493638677,10.756240827453611
2025-09-02,RVNL,NIFTY ENERGY,5.115616091225861,4.355345911949682,7.436708860759489,318.0,339.5,316.0,331.85,20277592,,INVENTORY_MIGRATION,TRANSITION_REGIME,LONG_GAMMA,Expansion,Expansion,51.5,-77.4,55.6,53.5,856625.0,-1647250.0,5309.123290660442,112400.3708137807,-0.012398278203681778,0.047570203106736375,-3.936893906498762,-3.994902442912851
2025-09-02,NMDC,NIFTY METAL,4.56765297328352,3.7332573382729883,4.8001146296030806,70.18,73.14,69.79,72.8,46543595,PINCH_ZONE,INVENTORY_MIGRATION,LONG_GAMMA,LONG_GAMMA,Support Weakening,Expansion,-100.0,-100.0,47.0,53.4,-19534500.0,-6547500.0,1204983.489157064,1051253.3380982555,-0.008270033103222996,0.002721235172647274,3.3210332103321027,3.2630246739180135
2025-09-02,NATIONALUM,NIFTY METAL,4.557067626049327,4.442708333333334,5.8049981662911865,192.0,201.95,190.87,200.53,25022851,,FLOOR_BOUNCE|REGIME_SHIFT|INVENTORY_MIGRATION|IV_SKEW_ACCUMULATION,LONG_GAMMA,LONG_GAMMA,Expansion,Expansion,32.5,47.4,50.4,53.4,521250.0,768750.0,74970.85188498406,-34811.02530628181,0.018087589037898477,0.010855856914288031,10.973990038738247,10.915981502324158
2025-09-02,DABUR,NIFTY FMCG,4.000763868996482,3.733333333333344,4.602310703714307,525.0,547.75,523.65,544.6,8973936,REGIME_SHIFT|IV_SKEW_ACCUMULATION,INVENTORY_MIGRATION|IV_SKEW_ACCUMULATION,TRANSITION_REGIME,TRANSITION_REGIME,Flip Zone,Expansion,-14.7,6.8,51.1,53.4,-291250.0,-8750.0,23273.806378609093,30645.743608943245,0.008890699080542852,0.02533646410047191,1.9182183961822696,1.8602098597681804
2025-09-02,TORNTPOWER,Other,3.37559429477019,3.37559429477019,3.623533143038382,1262.0,1306.9,1261.2,1304.6,723218,REGIME_SHIFT,REGIME_SHIFT|INVENTORY_MIGRATION,TRANSITION_REGIME,TRANSITION_REGIME,Expansion,Expansion,-27.0,27.8,49.8,53.4,-607125.0,441000.0,26022.614077077298,-10942.014594539512,0.018971954097046995,-0.02466737133865765,1.2730942400248413,1.215085703610752
2025-09-02,PHOENIXLTD,NIFTY REALTY,3.203480324302954,0.94126748758947,2.99142544001032,1551.1,1597.5,1551.1,1565.7,1839206,INVENTORY_MIGRATION,IV_SKEW_ACCUMULATION,TRANSITION_REGIME,TRANSITION_REGIME,Expansion,Expansion,6.5,-19.5,52.6,53.4,97650.0,-473900.0,-3767.2830095661357,22328.292775847254,-0.0014428077008629137,0.008492185282231945,7.815727861176147,7.757719324762058
2025-09-02,PNBHOUSING,NIFTY FIN SERVICE,3.178981937602643,2.0462517864102914,4.328377845020381,769.7,793.0,760.1,785.45,3181014,INVENTORY_MIGRATION,,TRANSITION_REGIME,TRANSITION_REGIME,Expansion,Expansion,-84.4,23.4,46.6,53.4,-1653600.0,353600.0,101182.86503888843,-29786.58418142565,-0.019181184086532965,-0.011419942754321177,-2.8449502133712667,-2.902958749785356
2025-09-02,CGPOWER,NIFTY INFRA,3.1302286670384705,2.295830163889079,3.403870249199503,723.05,742.75,718.3,739.65,10341642,INVENTORY_MIGRATION|IV_SKEW_ACCUMULATION,REGIME_SHIFT|INVENTORY_MIGRATION|IV_SKEW_ACCUMULATION,TRANSITION_REGIME,TRANSITION_REGIME,Expansion,Expansion,-40.7,86.6,55.6,56.8,-880600.0,1571650.0,53018.91399590961,-25548.15996966808,0.026234998186298875,-0.015301555455640437,13.565177337632427,13.507168801218338
2025-09-02,MAZDOCK,NIFTY INFRA,2.9284287491048833,2.8625235404896365,4.586494688922604,2655.0,2756.9,2636.0,2731.0,1849519,,REGIME_SHIFT|IV_SKEW_ACCUMULATION,TRANSITION_REGIME,TRANSITION_REGIME,Support Building,Expansion,18.1,11.6,54.9,55.2,288925.0,134050.0,-543.6302745763151,3462.373430021049,-0.017833418295687242,-0.022118770434385482,0.33801160996398405,0.28000307354989484
2025-09-03,PPLPHARMA,Other,7.739274811204533,7.577945344670822,8.134124819509058,186.99,202.2,186.99,201.16,26784180,INVENTORY_MIGRATION|IV_SKEW_ACCUMULATION,REGIME_SHIFT|INVENTORY_MIGRATION,TRANSITION_REGIME,TRANSITION_REGIME,Expansion,Expansion,-14.5,-49.3,48.4,48.9,-260000.0,-1190000.0,5120.316009062804,78471.12553668488,-0.005126411896719474,0.04003173206595673,3.148395036406515,3.179540438920392
2025-09-03,TATASTEEL,NIFTY METAL,5.972599280257596,5.965909090909083,6.060606060606055,158.4,168.0,158.4,167.85,82352014,FLOOR_BOUNCE|INVENTORY_MIGRATION,REGIME_SHIFT|INVENTORY_MIGRATION|IV_SKEW_ACCUMULATION,LONG_GAMMA,TRANSITION_REGIME,Expansion,Expansion,100.0,100.0,49.0,53.1,4873000.0,30657000.0,56731.8690660561,-717267.1871227415,-0.00487968190403823,0.030425040123226332,5.195537728754074,5.226683131267951
2025-09-03,JINDALSTEL,NIFTY METAL,5.455570937804444,5.688591983556002,5.858170606372037,973.0,1030.0,973.0,1028.35,4521491,IV_SKEW_ACCUMULATION,INVENTORY_MIGRATION|IV_SKEW_ACCUMULATION,TRANSITION_REGIME,TRANSITION_REGIME,Dealer Controlled,Expansion,1.5,8.9,49.2,48.9,-9375.0,-16875.0,10320.899923521301,45591.67816142208,-0.0013382811606275635,0.02055087184440474,4.912262803509471,4.9434082060233475
2025-09-03,SAIL,NIFTY METAL,5.353806158095709,4.70730722648367,5.212042732275823,123.85,130.0,123.56,129.68,26783470,INVENTORY_MIGRATION|IV_SKEW_ACCUMULATION,INVENTORY_MIGRATION,LONG_GAMMA,LONG_GAMMA,Expansion,Expansion,22.7,-100.0,50.3,48.9,376000.0,-3722400.0,50885.23044456163,207353.15681073343,0.003047315832576003,-0.0017356070672827073,3.347146955690161,3.378292358204038
2025-09-03,GLENMARK,NIFTY PHARMA,4.461121534292278,3.4262125902992713,4.14722654224986,1938.0,2009.0,1929.0,2004.4,1381575,,REGIME_SHIFT|INVENTORY_MIGRATION,TRANSITION_REGIME,TRANSITION_REGIME,Dealer Controlled,Expansion,-0.0,-3.9,50.0,48.8,11625.0,-218625.0,-2635.168436022239,30549.437650048876,0.004428441871384636,0.027668880516971694,-3.3977541086317453,-3.3666087061178684
2025-09-03,YESBANK,NIFTY PVT BANK,4.092071611253201,3.090172239108435,3.4517766497461855,19.74,20.38,19.7,20.35,220584457,VOLATILITY_COIL|FLOOR_BOUNCE|PINCH_ZONE,PINCH_ZONE,LONG_GAMMA,LONG_GAMMA,Compression,Expansion,41.9,-100.0,48.4,48.8,746400.0,-6935300.0,356253.1529844939,1321643.186574907,-0.0192378730742786,-0.002647430642281623,7.728957120169411,7.760102522683288
2025-09-03,NATIONALUM,NIFTY METAL,3.2862913279808614,2.783980943873754,3.3695598233338453,201.51,208.3,201.51,207.12,16998064,FLOOR_BOUNCE|REGIME_SHIFT|INVENTORY_MIGRATION|IV_SKEW_ACCUMULATION,INVENTORY_MIGRATION|IV_SKEW_ACCUMULATION,LONG_GAMMA,LONG_GAMMA,Expansion,Expansion,47.4,100.0,53.4,48.9,768750.0,2565000.0,-34811.02530628181,-33845.641173938464,0.010855856914288031,-0.0038807562860916356,10.676498877845475,10.707644280359352
2025-09-03,LUPIN,NIFTY PHARMA,3.24919299359685,2.7435492364402236,4.202666666666666,1899.0,1953.8,1875.0,1951.1,607223,REGIME_SHIFT,REGIME_SHIFT|IV_SKEW_ACCUMULATION,TRANSITION_REGIME,TRANSITION_REGIME,Flip Zone,Expansion,-0.2,6.2,55.7,48.9,7225.0,18275.0,1511.5516213091332,18424.53234560434,0.007140763327545235,0.01568285171163772,3.6606099245563684,3.6917553270702452
2025-09-03,MUTHOOTFIN,NIFTY FIN SERVICE,3.145959165524137,2.7348219228639836,3.3400996493818003,2709.5,2800.0,2709.5,2783.6,1097610,REGIME_SHIFT|PINCH_ZONE,INVENTORY_MIGRATION,TRANSITION_REGIME,TRANSITION_REGIME,Flip Zone,Expansion,-0.6,-11.5,48.4,48.9,-275.0,-321200.0,-673.4550974389276,15707.642925558983,-0.003367286617196097,0.027561327709732297,4.41893615425013,4.450081556764007
2025-09-03,HINDALCO,NIFTY METAL,3.051529232262995,2.4758620689655286,2.8903332872355136,725.0,744.0,723.1,742.95,8986550,VOLATILITY_COIL|INVENTORY_MIGRATION|IV_SKEW_ACCUMULATION,INVENTORY_MIGRATION|IV_SKEW_ACCUMULATION,LONG_GAMMA,LONG_GAMMA,Expansion,Expansion,-28.5,39.8,48.5,50.8,-554400.0,651000.0,41173.196967283526,46111.68674372372,0.0009322967918138636,0.004427239616447892,8.034026465028354,8.065171867542231
2025-09-04,M&M,NIFTY AUTO,5.949482653682292,-1.2900481996030666,2.5004331004215397,3527.0,3550.0,3463.4,3481.5,7600320,,REGIME_SHIFT|INVENTORY_MIGRATION|IV_SKEW_ACCUMULATION,TRANSITION_REGIME,TRANSITION_REGIME,Dealer Controlled,Expansion,-1.5,50.4,42.0,54.3,-69200.0,731000.0,27154.675107915533,27693.962737810863,-0.008730472364690378,-0.010194892380821274,8.383662287528804,8.039842623478144
2025-09-04,BAJFINANCE,NIFTY FIN SERVICE,4.289858306370631,2.1584699453552014,3.9188818854480667,915.0,948.0,912.25,934.75,21738706,REGIME_SHIFT|PINCH_ZONE,INVENTORY_MIGRATION|IV_SKEW_ACCUMULATION,TRANSITION_REGIME,LONG_GAMMA,Flip Zone,Expansion,-8.5,-23.3,40.1,55.6,-183000.0,-633000.0,22401.59470191988,131154.82619018783,-0.00046298446986781094,-0.003565784171615738,4.804350263482449,4.460530599431789
2025-09-04,COLPAL,NIFTY FMCG,3.4720181367815517,-0.9803133788670149,2.442417051916701,2489.0,2504.0,2444.3,2464.6,2735551,REGIME_SHIFT|INVENTORY_MIGRATION,REGIME_SHIFT|IV_SKEW_ACCUMULATION,TRANSITION_REGIME,TRANSITION_REGIME,Expansion,Expansion,-15.3,8.0,46.3,54.5,-251325.0,36675.0,5677.461307445377,12197.036174962494,0.015616994439996978,-0.0330556948988239,10.495404617798698,10.151584953748038
2025-09-04,JUBLFOOD,NIFTY FMCG,3.047964086004562,1.1284588035245013,3.7578125000000018,646.9,664.05,640.0,654.2,2541357,VOLATILITY_COIL|REGIME_SHIFT,REGIME_SHIFT,TRANSITION_REGIME,TRANSITION_REGIME,Compression,Expansion,16.2,-8.0,40.1,53.5,315000.0,-250000.0,-22667.483122338446,57539.15809336256,-0.0007820954568227845,0.0010542542724352177,1.9797349961028887,1.635915332052229
2025-09-04,BRITANNIA,NIFTY FMCG,2.962085308056861,-1.9029188840509637,4.6667217312298614,6201.0,6336.0,6053.5,6083.0,1385580,VOLATILITY_COIL|IV_SKEW_ACCUMULATION,INVENTORY_MIGRATION|IV_SKEW_ACCUMULATION,TRANSITION_REGIME,TRANSITION_REGIME,Compression,Expansion,-0.7,3.9,40.2,53.2,-18750.0,-35750.0,1462.9133738915625,8573.28194181719,-0.0010444648662236988,0.0012547783230592024,7.940732854227672,7.596913190177013
2025-09-04,ICICIGI,NIFTY FIN SERVICE,2.7167947310647644,-1.5000000000000013,3.7165082108902237,1900.0,1920.0,1851.2,1871.5,1112492,VOLATILITY_COIL|IV_SKEW_ACCUMULATION,INVENTORY_MIGRATION,TRANSITION_REGIME,TRANSITION_REGIME,Compression,Expansion,-5.1,3.8,41.7,52.7,-95875.0,-9750.0,4394.292106005695,15014.53858403491,0.0028816298284536634,0.005913950587908362,-1.5103673297547693,-1.854186993805429
2025-09-04,KEI,NIFTY INFRA,2.596110807181584,2.882649244426716,3.311555533389865,4010.2,4143.0,4010.2,4125.8,532878,INVENTORY_MIGRATION|IV_SKEW_ACCUMULATION,INVENTORY_MIGRATION,TRANSITION_REGIME,TRANSITION_REGIME,Expansion,Expansion,1.1,-1.3,41.9,52.7,-21525.0,-103075.0,27.178659465396777,7420.056365592291,0.011121156331132864,-0.006163350592686245,8.098619226032966,7.754799561982306
2025-09-04,IDFCFIRSTB,NIFTY PVT BANK,2.3232752514520394,1.6178953292065312,2.8279096205769516,71.08,72.36,70.37,72.23,39607790,PINCH_ZONE,INVENTORY_MIGRATION,LONG_GAMMA,LONG_GAMMA,Support Weakening,Expansion,-100.0,100.0,41.9,52.8,-3468850.0,11083625.0,611502.6467504362,-139761.083191643,-0.0035806401742147498,0.006169037040032244,4.182893408336952,3.839073744286292
2025-09-04,APOLLOHOSP,NIFTY PHARMA,2.119958634953467,1.412066752246477,2.1610114823893634,7790.0,7918.5,7751.0,7900.0,386286,REGIME_SHIFT|INVENTORY_MIGRATION,REGIME_SHIFT|INVENTORY_MIGRATION|IV_SKEW_ACCUMULATION,TRANSITION_REGIME,TRANSITION_REGIME,Expansion,Expansion,1.6,3.1,40.1,52.7,9500.0,-10375.0,-670.0093432379872,12814.847387639842,-0.0030002590565736398,-0.02698514046086531,8.605993951058565,8.262174287007905
2025-09-04,POLICYBZR,NIFTY FIN SERVICE,1.8686482351655487,-1.8736842105263163,6.43804593982531,1900.0,1974.0,1854.6,1864.4,2173363,VOLATILITY_COIL,IV_SKEW_ACCUMULATION,TRANSITION_REGIME,TRANSITION_REGIME,Compression,Support Weakening,-3.6,-16.2,41.7,52.8,-73500.0,-372050.0,1888.2907636726381,15729.91886185675,0.010477868563536497,-0.01573967014141503,6.659038901601844,6.315219237551184
2025-09-05,IDEA,NIFTY MEDIA & COMM,9.379727685325268,8.885542168674721,12.87878787878789,6.64,7.45,6.6,7.23,1719413311,,REGIME_SHIFT|PINCH_ZONE,LONG_GAMMA,LONG_GAMMA,Support Building,Expansion,100.0,100.0,56.0,51.3,29304750.0,48888900.0,-887538.780598443,5821518.244651446,-0.008736734504624977,0.052999286998034245,6.480117820324005,5.801357168909105
2025-09-05,BSE,NIFTY FIN SERVICE,4.510024780355937,4.064602960969044,5.428828019757526,2229.0,2347.9,2227.0,2319.6,7981732,VOLATILITY_COIL,,TRANSITION_REGIME,TRANSITION_REGIME,Compression,Expansion,-0.2,75.5,56.0,54.6,-12750.0,1272000.0,20746.43433875427,21588.701212102984,-0.0013407892552402267,-0.0205100184848504,-2.8480482492879933,-3.5268089007028935
2025-09-05,INDUSTOWER,NIFTY MEDIA & COMM,4.11973460885664,3.6399938565504497,5.4270736971939515,325.55,341.9,324.3,337.4,17007563,VOLATILITY_COIL,FLOOR_BOUNCE|INVENTORY_MIGRATION,LONG_GAMMA,LONG_GAMMA,Compression,Expansion,-39.4,100.0,56.0,51.6,-736100.0,6165900.0,60928.7551989223,-14423.658485453634,-0.0086833350556485,-0.0010416303529535709,-1.041208388326742,-1.7199690397416423
2025-09-05,RBLBANK,NIFTY PVT BANK,3.8374717832956984,3.8374717832956984,4.966139954853266,265.8,279.0,265.8,276.0,26498078,FLOOR_BOUNCE,IV_SKEW_ACCUMULATION,LONG_GAMMA,LONG_GAMMA,Support Building,Expansion,28.8,100.0,56.3,54.6,619125.0,1870075.0,-137598.0491302035,138810.9767034843,0.012086437952122275,-0.032241553015419255,6.13343587771582,5.45467522630092
2025-09-05,GLENMARK,NIFTY PHARMA,3.063940931237119,3.063940931237119,3.2296951127630535,1990.9,2055.2,1990.9,2051.9,977419,REGIME_SHIFT|INVENTORY_MIGRATION,INVENTORY_MIGRATION|IV_SKEW_ACCUMULATION,TRANSITION_REGIME,TRANSITION_REGIME,Expansion,Expansion,1.3,0.1,52.3,50.2,56625.0,-96375.0,-6636.214258386448,22615.003009909844,-0.02078960024328913,0.007706724493247941,1.2983807266982783,0.619620075283378
2025-09-05,KFINTECH,NIFTY FIN SERVICE,2.7882797731568987,2.7882797731568987,3.7901701323251435,1058.0,1098.1,1058.0,1087.5,1053785,REGIME_SHIFT,INVENTORY_MIGRATION,TRANSITION_REGIME,TRANSITION_REGIME,Flip Zone,Expansion,-5.0,3.9,53.4,49.7,-70650.0,-8550.0,1398.7182289933821,3435.8336011474094,0.017753518992157824,-0.027099265912048254,-2.10640021604106,-2.7851608674559603
2025-09-05,NATIONALUM,NIFTY METAL,2.6467315043305684,2.4830917874396174,3.801169590643272,207.0,213.0,205.2,212.14,9198908,VOLATILITY_COIL|IV_SKEW_ACCUMULATION,,LONG_GAMMA,LONG_GAMMA,Compression,Expansion,78.1,87.9,49.8,52.6,1507500.0,1586250.0,-61161.659277636674,67502.67548397672,-0.0012598435860060042,-0.002995794164914023,12.463552987329685,11.784792335914783
2025-09-05,EICHERMOT,NIFTY AUTO,2.4202334630350153,2.0390758257094133,2.4532256812359376,6449.0,6598.5,6440.5,6580.5,610721,INVENTORY_MIGRATION|IV_SKEW_ACCUMULATION,REGIME_SHIFT|INVENTORY_MIGRATION|IV_SKEW_ACCUMULATION,TRANSITION_REGIME,TRANSITION_REGIME,Expansion,Expansion,-18.3,15.0,50.0,49.1,-391825.0,219975.0,16679.11659040989,15370.377174625999,-0.003345329488709442,-0.009461607890364182,16.09915314043755,15.42039248902265
2025-09-05,ASTRAL,NIFTY CONS DURABLES,2.3640329276015004,1.599162011173183,3.0457211504487436,1432.0,1458.2,1415.1,1454.9,989366,VOLATILITY_COIL|INVENTORY_MIGRATION,,TRANSITION_REGIME,TRANSITION_REGIME,Expansion,Dealer Controlled,-4.5,-11.0,56.0,51.9,-76925.0,-284750.0,149.94656673500867,23517.6663249965,-0.0006740239178677498,0.0033680768128737104,2.5805541845871804,1.9017935331722802
2025-09-05,M&M,NIFTY AUTO,2.292115467470923,1.4326402734263777,2.7660491167600165,3511.0,3577.8,3481.5,3561.3,3700943,REGIME_SHIFT|INVENTORY_MIGRATION|IV_SKEW_ACCUMULATION,REGIME_SHIFT|INVENTORY_MIGRATION|IV_SKEW_ACCUMULATION,TRANSITION_REGIME,TRANSITION_REGIME,Expansion,Expansion,50.4,63.2,54.3,49.1,731000.0,1158400.0,27693.962737810863,-22418.440638558313,-0.010194892380821274,-0.006329003842288017,10.342370255615819,9.663609604200918
2025-09-08,BHARATFORG,NIFTY INFRA,5.815078736693935,5.139860139860142,6.514115377871321,1144.0,1214.9,1140.6,1202.8,3849812,REGIME_SHIFT,REGIME_SHIFT|INVENTORY_MIGRATION,TRANSITION_REGIME,TRANSITION_REGIME,Flip Zone,Expansion,-4.9,27.8,46.1,53.4,-110000.0,341500.0,13303.704607958687,-6635.160311037434,-0.0025439697120616667,0.010878261278834234,3.546831955922869,2.827207136591392
2025-09-08,ASHOKLEY,NIFTY AUTO,4.98585302439396,4.007575757575754,5.199056101088506,132.0,138.2,131.37,137.29,33590663,FLOOR_BOUNCE|REGIME_SHIFT|INVENTORY_MIGRATION,INVENTORY_MIGRATION|IV_SKEW_ACCUMULATION,LONG_GAMMA,LONG_GAMMA,Expansion,Expansion,100.0,100.0,49.1,56.8,7570000.0,5610000.0,-41647.50836561923,591354.4839193719,-0.0025689543617117283,-0.001712051922175828,14.58976713129121,13.870142311959732
2025-09-08,MOTHERSON,NIFTY AUTO,4.19661733615222,1.6919426390178405,4.458933641813023,96.93,99.33,95.09,98.57,56299081,VOLATILITY_COIL|REGIME_SHIFT,REGIME_SHIFT|IV_SKEW_ACCUMULATION,LONG_GAMMA,LONG_GAMMA,Compression,Expansion,-100.0,75.1,53.8,53.5,-2170950.0,1260750.0,106477.02469425625,302899.39328328916,0.01737748017447871,0.01856635042524224,4.728006799829987,4.00838198049851
2025-09-08,TATAMOTORS,Other,4.0190834176666135,3.5251798561151126,4.027087385635042,695.0,722.0,694.05,719.5,20531027,PINCH_ZONE|IV_SKEW_ACCUMULATION,REGIME_SHIFT|PINCH_ZONE,LONG_GAMMA,LONG_GAMMA,Dealer Controlled,Expansion,-4.7,100.0,46.1,53.5,-104800.0,2360800.0,58248.520009305445,263834.8139440329,-0.005839066361148976,0.006016192598992137,11.291569992266037,10.57194517293456
2025-09-08,M&M,NIFTY AUTO,3.9339567012046217,3.246861924686195,3.8026319465787495,3585.0,3715.2,3579.1,3701.4,4623789,REGIME_SHIFT|INVENTORY_MIGRATION|IV_SKEW_ACCUMULATION,INVENTORY_MIGRATION,TRANSITION_REGIME,TRANSITION_REGIME,Expansion,Expansion,63.2,67.5,49.1,53.5,1158400.0,1157400.0,-22418.440638558313,19453.998659792196,-0.006329003842288017,0.0061184934881871045,15.268910965089844,14.549286145758368
2025-09-08,BAJAJ-AUTO,NIFTY AUTO,3.841708404425126,3.64205669083717,4.596054226826851,9102.0,9490.0,9073.0,9433.5,713087,INVENTORY_MIGRATION,INVENTORY_MIGRATION|IV_SKEW_ACCUMULATION,TRANSITION_REGIME,TRANSITION_REGIME,Expansion,Expansion,-5.2,14.7,46.1,56.8,-84900.0,133200.0,310.47150173094633,12332.251418572763,-0.006123993404567957,0.012938607369013644,14.63725847612103,13.917633656789553
2025-09-08,EICHERMOT,NIFTY AUTO,3.5635590000759887,3.721177992542435,4.247221799360634,6570.5,6848.0,6569.0,6815.0,968116,REGIME_SHIFT|INVENTORY_MIGRATION|IV_SKEW_ACCUMULATION,INVENTORY_MIGRATION|IV_SKEW_ACCUMULATION,TRANSITION_REGIME,TRANSITION_REGIME,Expansion,Expansion,15.0,30.1,49.1,56.8,219975.0,455875.0,15370.377174625999,2875.7825958193353,-0.009461607890364182,0.0009221193794128335,19.95071724016544,19.23109242083396
2025-09-08,EXIDEIND,NIFTY AUTO,3.537250151423388,2.975903614457831,3.8615179760319585,415.0,429.0,413.05,427.35,4458174,IV_SKEW_ACCUMULATION,REGIME_SHIFT|INVENTORY_MIGRATION|IV_SKEW_ACCUMULATION,LONG_GAMMA,LONG_GAMMA,Dealer Controlled,Expansion,-10.4,93.6,48.4,56.8,-259200.0,1674000.0,81261.91874680898,10912.61993250082,0.0017498527675964826,-0.0021900932880623003,12.490128981310878,11.770504161979401
2025-09-08,TVSMOTOR,NIFTY AUTO,3.299200368175814,2.949776401788795,3.2765737874096867,3488.4,3602.7,3488.4,3591.3,1406946,IV_SKEW_ACCUMULATION,INVENTORY_MIGRATION,TRANSITION_REGIME,TRANSITION_REGIME,Dealer Controlled,Expansion,3.9,9.7,46.8,53.5,40250.0,82600.0,2838.7960267413655,12282.504458264113,-0.011170733852655768,0.0064359776623262865,19.177673060330534,18.458048240999055
2025-09-08,SONACOMS,NIFTY AUTO,3.003854001360229,2.6779661016949285,3.807909604519777,442.5,459.35,442.5,454.35,3317333,,REGIME_SHIFT|INVENTORY_MIGRATION|IV_SKEW_ACCUMULATION,TRANSITION_REGIME,TRANSITION_REGIME,Dealer Controlled,Expansion,12.1,5.0,48.7,51.8,212100.0,2100.0,-933.3103874192093,29965.314696499565,-0.012086840403233434,0.0262143548200518,1.2253536816308364,0.5057288622993594
2025-09-09,INFY,NIFTY IT,4.982901807523188,1.573261309925722,2.356536502546702,1481.0,1507.2,1472.5,1504.3,13072640,REGIME_SHIFT,FLOOR_BOUNCE|REGIME_SHIFT|INVENTORY_MIGRATION,LONG_GAMMA,LONG_GAMMA,Flip Zone,Expansion,-100.0,100.0,50.0,46.8,-2201600.0,4182800.0,-1304.198781875224,249855.77068238767,0.010367467974130684,-0.01604280120222773,5.705853418593221,3.63183224740542
2025-09-09,TITAGARH,Other,4.609467455621297,5.107015457788355,5.666785841973532,841.0,886.65,839.1,883.95,3219564,,INVENTORY_MIGRATION|IV_SKEW_ACCUMULATION,TRANSITION_REGIME,TRANSITION_REGIME,Dealer Controlled,Expansion,-1.4,-13.4,51.0,47.0,-44950.0,-398750.0,4755.577953544012,21285.877441767316,-0.006373404818299955,0.04022250415312589,10.087801232953474,8.013780061765672
2025-09-09,AMBER,NIFTY CONS DURABLES,4.603238324635361,3.9080154193805727,6.229241510201322,7523.0,7836.0,7376.5,7817.0,501584,REGIME_SHIFT|PINCH_ZONE|IV_SKEW_ACCUMULATION,REGIME_SHIFT|INVENTORY_MIGRATION|IV_SKEW_ACCUMULATION,TRANSITION_REGIME,TRANSITION_REGIME,Expansion,Expansion,-13.7,12.1,50.7,49.6,-149300.0,95100.0,2991.2187895415254,-983.1058185320089,0.05403297335082746,-0.014696344515082005,6.288666802637843,4.2146456314500425
2025-09-09,DRREDDY,NIFTY PHARMA,3.2544378698224907,2.6878727634194854,3.1031190324634084,1257.5,1295.8,1256.8,1291.3,1643726,REGIME_SHIFT,,TRANSITION_REGIME,LONG_GAMMA,Flip Zone,Expansion,-13.4,-18.2,50.0,46.8,-200625.0,-485000.0,-109000.64282779841,252775.0707712038,-0.0025826310771386862,0.0194532941189893,6.5956744262836375,4.521653255095837
2025-09-09,GLENMARK,NIFTY PHARMA,3.1385545104537282,2.0887602508441905,2.8079534432589703,2073.0,2119.9,2062.0,2116.3,1269358,VOLATILITY_COIL|IV_SKEW_ACCUMULATION,REGIME_SHIFT|INVENTORY_MIGRATION,TRANSITION_REGIME,TRANSITION_REGIME,Compression,Expansion,10.6,27.9,48.5,49.8,210750.0,432000.0,-14452.166352543762,4850.046360217981,0.011364420762660199,-0.03694191581718331,4.788076846900391,2.71405567571259
2025-09-09,WIPRO,NIFTY IT,2.7337951509153857,1.6938775510204174,1.9795918367346843,245.0,249.85,245.0,249.15,12836972,IV_SKEW_ACCUMULATION,REGIME_SHIFT,LONG_GAMMA,LONG_GAMMA,Support Weakening,Expansion,-100.0,100.0,48.4,42.4,-2616000.0,4833000.0,22616.74037645303,156131.55125706282,0.013422755295924321,-0.0014730104404219735,4.225057519347408,2.1510363481596073
2025-09-09,PGEL,NIFTY CONS DURABLES,2.6280018124150484,2.1650879566982306,3.958048335613329,554.25,569.95,548.25,566.25,3481500,,REGIME_SHIFT,TRANSITION_REGIME,TRANSITION_REGIME,Support Weakening,Expansion,-22.0,45.5,56.0,43.1,-407400.0,786800.0,13183.956962988821,12205.37914075151,0.01641152857535877,-0.011525828793157888,-3.8298233695652106,-5.903844540753012
2025-09-09,TIINDIA,NIFTY AUTO,2.5778732545649774,2.341365201013179,2.912999707725783,3079.4,3169.0,3079.3,3151.5,951765,REGIME_SHIFT,INVENTORY_MIGRATION,TRANSITION_REGIME,TRANSITION_REGIME,Expansion,Expansion,6.1,-3.9,52.3,41.5,37600.0,-157800.0,2583.3303585404237,10064.385248304974,0.0065592371645336045,0.03717803283665022,9.210936687805393,7.136915516617592
2025-09-09,ZYDUSLIFE,NIFTY PHARMA,2.570197593225365,2.5346534653465147,2.923107411811343,1010.0,1038.7,1009.2,1035.6,1228793,,INVENTORY_MIGRATION,TRANSITION_REGIME,TRANSITION_REGIME,Support Building,Expansion,2.6,11.9,48.4,41.2,68400.0,144900.0,-10789.210124607125,30225.507236611666,0.004074397537441987,0.00838366966236792,10.623297548469779,8.549276377281977
2025-09-09,TECHM,NIFTY IT,2.5672622715136484,2.1546433928814945,2.34017875417889,1466.6,1500.0,1465.7,1498.2,1749566,,REGIME_SHIFT|IV_SKEW_ACCUMULATION,SHORT_GAMMA,TRANSITION_REGIME,Dealer Controlled,Expansion,-10.8,11.9,56.0,41.1,-157800.0,136200.0,-50296.81142149147,92432.72844807839,0.02882073059485102,-0.016628003311802086,1.2023777357470955,-0.8716434354407054
2025-09-10,OFSS,NIFTY IT,10.121240936645659,3.9436777740379236,5.453514739229015,8913.0,9301.0,8820.0,9264.5,1529853,,REGIME_SHIFT|INVENTORY_MIGRATION|IV_SKEW_ACCUMULATION,TRANSITION_REGIME,TRANSITION_REGIME,Dealer Controlled,Expansion,2.1,20.9,41.1,46.0,-900.0,24000.0,1665.3137769570785,5950.874399031855,0.00892825356136695,0.03666615734529499,10.24573094543939,8.667332691215801
2025-09-10,PERSISTENT,NIFTY IT,5.6129409471837866,5.213086108144838,5.426657606057672,5150.5,5430.0,5150.5,5419.0,825208,IV_SKEW_ACCUMULATION,REGIME_SHIFT|INVENTORY_MIGRATION,TRANSITION_REGIME,TRANSITION_REGIME,Dealer Controlled,Expansion,8.9,16.6,39.6,45.9,96100.0,135500.0,2730.7275984916632,2886.716576214292,-0.005066086234338685,-0.021538285746434793,4.795977567201692,3.2175793129781027
2025-09-10,TATAELXSI,NIFTY IT,5.22193211488251,4.534883720930227,4.830053667262968,5590.0,5860.0,5590.0,5843.5,596016,INVENTORY_MIGRATION|IV_SKEW_ACCUMULATION,INVENTORY_MIGRATION|IV_SKEW_ACCUMULATION,TRANSITION_REGIME,TRANSITION_REGIME,Expansion,Expansion,-17.3,27.9,40.4,45.9,-407000.0,386700.0,20850.422048258813,-10342.70107598013,0.02274632248540731,-0.016226653556918713,2.9419536686338343,1.3635554144102446
2025-09-10,BDL,NIFTY INFRA,5.112718589788612,4.957924263674607,5.396112553505028,1426.0,1502.0,1425.1,1496.7,2139137,,REGIME_SHIFT|INVENTORY_MIGRATION,TRANSITION_REGIME,TRANSITION_REGIME,Dealer Controlled,Expansion,-10.1,9.4,40.9,46.0,-157625.0,19175.0,-488.2584476376178,16873.617843352582,0.006445605628228601,0.025163448125195997,-1.1361384503600025,-2.714536704583592
2025-09-10,BEL,NIFTY INFRA,4.328538782094382,3.839978592453841,4.275566277978826,373.7,389.0,373.05,388.05,23174318,VOLATILITY_COIL|REGIME_SHIFT,FLOOR_BOUNCE|INVENTORY_MIGRATION,LONG_GAMMA,LONG_GAMMA,Compression,Expansion,-36.0,100.0,38.6,45.9,-695400.0,7800450.0,69765.19800869143,197313.50244232966,0.0023599580460732517,-0.0008051780868927882,1.081010679864547,-0.4973875743590428
2025-09-10,SBICARD,NIFTY FIN SERVICE,4.277781167999017,3.689320388349504,4.617253948967193,824.0,861.0,823.0,854.4,1889303,INVENTORY_MIGRATION,REGIME_SHIFT|INVENTORY_MIGRATION,TRANSITION_REGIME,TRANSITION_REGIME,Expansion,Expansion,-2.1,-13.7,41.5,49.1,-100000.0,-400000.0,24682.290840652,81312.879494252,0.009658464625048074,0.022763900063409698,7.09450990223115,5.51611164800756
2025-09-10,COFORGE,NIFTY IT,4.243781681009073,3.306074766355138,4.023391812865484,1712.0,1778.8,1710.0,1768.6,2946800,REGIME_SHIFT,REGIME_SHIFT|IV_SKEW_ACCUMULATION,TRANSITION_REGIME,TRANSITION_REGIME,Flip Zone,Expansion,2.7,38.0,41.1,48.6,-17625.0,594000.0,30744.080836983652,9417.44951204602,0.0018465409209357242,-0.028764917828901337,9.585476175723384,8.007077921499794
2025-09-10,BANKINDIA,NIFTY PSU BANK,4.1855103307617325,3.936659589525826,4.348981399468554,113.04,117.81,112.9,117.49,10642889,VOLATILITY_COIL|IV_SKEW_ACCUMULATION,INVENTORY_MIGRATION|IV_SKEW_ACCUMULATION,LONG_GAMMA,LONG_GAMMA,Compression,Expansion,-11.8,1.6,38.6,45.9,-213200.0,-98800.0,-9182.609454906138,57982.67497623805,-0.0006317252202036605,0.0015792180310854054,3.78975265017667,2.21135439595308
2025-09-10,UNIONBANK,NIFTY PSU BANK,4.141779314680916,3.604378420641119,3.933682646437786,127.9,132.9,127.87,132.51,17944307,,FLOOR_BOUNCE|INVENTORY_MIGRATION,TRANSITION_REGIME,LONG_GAMMA,Support Weakening,Expansion,-22.6,100.0,38.6,45.9,-407100.0,2628450.0,-32140.25011648322,40267.67468450946,0.011469047773105034,-0.01417329319443833,-1.6842261463125174,-3.262624400536107
2025-09-10,MPHASIS,NIFTY IT,4.0339256299723125,3.4646218194492873,4.223485509015457,2869.0,2988.4,2867.3,2968.4,1090464,,INVENTORY_MIGRATION|IV_SKEW_ACCUMULATION,TRANSITION_REGIME,TRANSITION_REGIME,Dealer Controlled,Expansion,0.6,8.3,41.5,45.9,-60775.0,33825.0,10067.34535611138,9910.093957199897,0.0012112771906813702,0.0009752519806418558,11.084499663198866,9.506101408975276
2025-09-11,AUROPHARMA,NIFTY PHARMA,5.607921546224892,4.150234741784042,5.3330820691604774,1065.0,1117.9,1061.3,1109.2,5850105,,INVENTORY_MIGRATION,TRANSITION_REGIME,TRANSITION_REGIME,Support Building,Expansion,12.8,40.7,41.9,53.1,224950.0,578600.0,-10333.143136974191,21729.582355126637,0.011504816767103576,0.03326996026808887,4.819504819504816,2.7037228254997325
2025-09-11,BHEL,NIFTY INFRA,4.113075489705964,4.127272727272735,4.8218029350104885,220.0,230.0,219.42,229.08,28357811,FLOOR_BOUNCE|REGIME_SHIFT|INVENTORY_MIGRATION,REGIME_SHIFT|INVENTORY_MIGRATION|IV_SKEW_ACCUMULATION,LONG_GAMMA,LONG_GAMMA,Expansion,Expansion,100.0,53.4,43.9,55.8,2682750.0,868875.0,-28045.43385488828,63987.53161898715,0.002397958473970896,0.014559534434259225,2.786377708978338,0.6705957149732544
2025-09-11,NHPC,NIFTY ENERGY,3.4188034188034067,2.9014507253626975,3.5454773239789628,79.96,82.65,79.82,82.28,30015271,FLOOR_BOUNCE|REGIME_SHIFT|PINCH_ZONE,REGIME_SHIFT|INVENTORY_MIGRATION,LONG_GAMMA,LONG_GAMMA,Flip Zone,Expansion,19.9,100.0,41.6,53.3,332800.0,3366400.0,65889.6073786901,-29602.0727416444,-0.0007072237437591999,-0.00019115857215223908,-1.9425575020855623,-4.058339496090646
2025-09-11,HINDZINC,NIFTY METAL,3.095760656116431,2.704257767548901,3.102295006342981,434.5,447.0,433.55,446.25,5122099,VOLATILITY_COIL|FLOOR_BOUNCE|PINCH_ZONE,FLOOR_BOUNCE|REGIME_SHIFT|INVENTORY_MIGRATION|IV_SKEW_ACCUMULATION,LONG_GAMMA,LONG_GAMMA,Compression,Expansion,1.7,51.1,40.8,52.1,36750.0,869750.0,-1466.0410359514353,80304.53494800601,0.0032846877893492055,-0.004718054069899613,5.384342897626637,3.2685609036215535
2025-09-11,GAIL,NIFTY OIL & GAS,2.9384703852788796,1.7680500284252387,2.555618938961768,175.9,179.78,175.3,179.01,13059152,REGIME_SHIFT|INVENTORY_MIGRATION,FLOOR_BOUNCE|REGIME_SHIFT|INVENTORY_MIGRATION,LONG_GAMMA,LONG_GAMMA,Expansion,Expansion,-0.9,100.0,40.8,51.4,-37800.0,4532850.0,22052.64575050876,165533.1625661594,-0.009058201365133745,0.009358562328373399,2.7022375215146166,0.5864555275095329
2025-09-11,SHRIRAMFIN,NIFTY FIN SERVICE,2.521494708994698,2.521494708994698,3.3344392833444036,604.8,622.9,602.8,620.05,8412580,REGIME_SHIFT|PINCH_ZONE,REGIME_SHIFT|INVENTORY_MIGRATION,TRANSITION_REGIME,TRANSITION_REGIME,Flip Zone,Expansion,39.2,58.9,42.7,50.7,697950.0,1040325.0,-6471.7192041217495,13757.181687698947,-0.019326005533838897,0.011626290038782627,1.331916979898673,-0.7838650141064107
2025-09-11,NATIONALUM,NIFTY METAL,2.5199636589681162,1.9738406658739605,4.094375595805522,210.25,218.39,209.8,214.4,14202110,FLOOR_BOUNCE|REGIME_SHIFT|INVENTORY_MIGRATION|IV_SKEW_ACCUMULATION,FLOOR_BOUNCE|REGIME_SHIFT|INVENTORY_MIGRATION|IV_SKEW_ACCUMULATION,LONG_GAMMA,LONG_GAMMA,Expansion,Expansion,19.4,65.3,41.6,50.6,326250.0,1158750.0,66224.43893847382,39795.85582762986,0.008816905073922632,-0.008716296646126442,14.9474587175638,12.831676723558715
2025-09-11,ADANIENT,NIFTY SERVICES,2.5040594820955553,2.1635434412265786,3.354414152636531,2348.0,2418.7,2340.2,2398.8,2111888,INVENTORY_MIGRATION|IV_SKEW_ACCUMULATION,REGIME_SHIFT|INVENTORY_MIGRATION|IV_SKEW_ACCUMULATION,TRANSITION_REGIME,TRANSITION_REGIME,Expansion,Expansion,10.9,28.8,41.6,50.6,168600.0,444300.0,3705.5869211200625,-26620.01304639946,0.000932329189551051,0.008203150743162135,4.833493575736414,2.71771158173133
2025-09-11,TATACHEM,Other,2.4603174603174516,2.4603174603174516,3.2804232804232836,945.0,976.0,945.0,968.25,754101,VOLATILITY_COIL|REGIME_SHIFT,INVENTORY_MIGRATION,TRANSITION_REGIME,TRANSITION_REGIME,Compression,Expansion,-2.1,-18.1,40.8,50.6,-38350.0,-423800.0,-4783.179444444249,22917.073259753415,-0.011503836873894724,0.0371967969873368,2.438637325433768,0.32285533142868417
2025-09-11,NBCC,NIFTY REALTY,2.170204700530709,1.2300469483568,3.2169811320754693,106.5,109.41,106.0,107.81,17793563,FLOOR_BOUNCE|REGIME_SHIFT|INVENTORY_MIGRATION,IV_SKEW_ACCUMULATION,LONG_GAMMA,LONG_GAMMA,Expansion,Support Building,31.8,100.0,44.2,50.7,513500.0,2255500.0,77289.19355433824,-85053.95736347124,0.010092039880487846,-0.027857458717284567,0.9267927354428052,-1.1889892585622786
2025-09-12,BDL,NIFTY INFRA,5.730291576673863,5.730291576673863,6.4592332613391035,1481.6,1577.3,1481.6,1566.5,4503551,INVENTORY_MIGRATION|IV_SKEW_ACCUMULATION,REGIME_SHIFT|INVENTORY_MIGRATION,TRANSITION_REGIME,TRANSITION_REGIME,Expansion,Expansion,-46.2,53.8,49.2,53.7,-851825.0,838175.0,29583.81772733519,-15134.489258574242,-0.022252701929710017,0.00599273016810542,-1.5399120050282877,-3.549103961761524
2025-09-12,MAZDOCK,NIFTY INFRA,4.659151905528702,4.118903524385886,5.275599011496723,2809.0,2939.4,2792.1,2924.7,4278838,IV_SKEW_ACCUMULATION,INVENTORY_MIGRATION|IV_SKEW_ACCUMULATION,TRANSITION_REGIME,TRANSITION_REGIME,Dealer Controlled,Expansion,-4.7,14.1,48.3,53.7,-141225.0,103600.0,16714.580900013385,-1723.7713119446853,0.005551635049055315,0.03544693644527985,6.39915599534342,4.3899640386101835
2025-09-12,NUVAMA,NIFTY FIN SERVICE,4.441202690655643,4.154206740483302,5.8613411268062965,6186.5,6520.0,6159.0,6443.5,355864,INVENTORY_MIGRATION,INVENTORY_MIGRATION,TRANSITION_REGIME,TRANSITION_REGIME,Expansion,Expansion,-5.9,5.7,57.5,50.3,-21525.0,-29100.0,268.2608851943861,4171.32866516924,0.0613810094143018,-0.011767332698866928,-7.0202020202020154,-9.029393976935252
2025-09-12,SUPREMEIND,NIFTY CONS DURABLES,4.121011646337247,4.054085076100167,4.416794839420568,4356.1,4548.5,4356.1,4532.7,307480,INVENTORY_MIGRATION|IV_SKEW_ACCUMULATION,REGIME_SHIFT|INVENTORY_MIGRATION,TRANSITION_REGIME,TRANSITION_REGIME,Expansion,Expansion,4.4,9.4,55.9,50.7,37275.0,54250.0,2244.346396304411,1743.8621147049353,0.019476723825680053,0.04492624872186868,5.411627906976735,3.4024359502434987
2025-09-12,MOTHERSON,NIFTY AUTO,3.993245256779576,3.9622641509433842,4.703191806701801,100.7,105.3,100.57,104.69,46300257,VOLATILITY_COIL|FLOOR_BOUNCE|REGIME_SHIFT|PINCH_ZONE,INVENTORY_MIGRATION|IV_SKEW_ACCUMULATION,LONG_GAMMA,LONG_GAMMA,Compression,Expansion,1.6,100.0,47.6,53.7,24600.0,10602600.0,63046.54100296309,-204424.2881624098,-0.014213954220147151,-0.015597102642290417,12.099796552093366,10.09060459536013
2025-09-12,HFCL,Other,3.898690950483763,2.700421940928277,3.700576896018015,71.1,73.7,71.07,73.02,43056071,REGIME_SHIFT,,LONG_GAMMA,LONG_GAMMA,Flip Zone,Expansion,-100.0,-100.0,55.7,53.2,-2257500.0,-6520950.0,44654.05371074483,490670.18977927003,0.004195324747746587,-0.01580574228971715,1.9832402234637003,-0.025951733269535815
2025-09-12,HINDZINC,NIFTY METAL,3.742296918767507,2.992213570634039,3.765363128491628,449.5,464.35,447.5,462.95,11582146,FLOOR_BOUNCE|REGIME_SHIFT|INVENTORY_MIGRATION|IV_SKEW_ACCUMULATION,INVENTORY_MIGRATION,LONG_GAMMA,LONG_GAMMA,Expansion,Expansion,51.1,-37.4,52.1,53.7,869750.0,-840350.0,80304.53494800601,43897.480456611724,-0.004718054069899613,0.020162610278798565,7.6127382612738215,5.603546304540585
2025-09-12,BEL,NIFTY INFRA,3.673893288329233,3.4455958549222787,3.7762782247599214,386.0,399.85,385.3,399.3,26356961,,FLOOR_BOUNCE|REGIME_SHIFT|INVENTORY_MIGRATION|IV_SKEW_ACCUMULATION,LONG_GAMMA,LONG_GAMMA,Support Weakening,Expansion,-100.0,100.0,49.2,50.3,-3505500.0,6537900.0,-100823.1856228452,246644.8218993555,-0.002390106915948903,-0.0015598027400858527,2.6874115983026803,0.6782196415694441
2025-09-12,HAL,NIFTY INFRA,3.5885794115079195,3.5885794115079195,3.684624115952162,4581.2,4750.0,4581.2,4745.6,2816230,INVENTORY_MIGRATION|IV_SKEW_ACCUMULATION,INVENTORY_MIGRATION|IV_SKEW_ACCUMULATION,TRANSITION_REGIME,TRANSITION_REGIME,Expansion,Expansion,-2.9,51.0,47.6,53.7,-78450.0,834450.0,-654.739383420274,-13110.02804592756,-0.0028255729130991503,-0.0062809439653873644,4.889046061356228,2.879854104622992
2025-09-12,BAJFINANCE,NIFTY FIN SERVICE,3.401185261530526,3.1884803291334585,3.476335170211664,972.25,1004.6,970.85,1003.25,11412561,VOLATILITY_COIL|INVENTORY_MIGRATION|IV_SKEW_ACCUMULATION,REGIME_SHIFT|INVENTORY_MIGRATION,TRANSITION_REGIME,TRANSITION_REGIME,Expansion,Expansion,4.3,73.9,47.7,50.3,79500.0,1273500.0,19203.655403759112,3771.0058794363867,-0.00027447700011928866,-0.0048592196552672,16.656976744186046,14.64778478745281
2025-09-15,IDEA,NIFTY MEDIA & COMM,6.266318537859017,5.032258064516126,9.54248366013073,7.75,8.38,7.65,8.14,1943209776,,FLOOR_BOUNCE|INVENTORY_MIGRATION,LONG_GAMMA,LONG_GAMMA,Expansion,Expansion,100.0,100.0,55.2,48.2,135516600.0,348869475.0,-2383520.057579592,4276879.945795,-0.011004030332331105,0.042460458028379944,32.35772357723577,30.579904298513163
2025-09-15,SBICARD,NIFTY FIN SERVICE,5.127606143783203,5.342930711610494,6.550115173350668,854.4,902.0,846.55,900.05,3503837,REGIME_SHIFT,REGIME_SHIFT|INVENTORY_MIGRATION,TRANSITION_REGIME,LONG_GAMMA,Flip Zone,Expansion,18.8,1.0,48.0,48.2,358400.0,-169600.0,-31539.925954122882,158788.7472177911,0.0006960126959144608,0.03560550106619195,14.02419712421612,12.246377845493516
2025-09-15,TIINDIA,NIFTY AUTO,3.8035404803169026,3.3620955315870615,4.148148148148145,3245.0,3374.4,3240.0,3354.1,698056,,INVENTORY_MIGRATION|IV_SKEW_ACCUMULATION,TRANSITION_REGIME,TRANSITION_REGIME,Dealer Controlled,Expansion,3.5,5.3,44.5,48.2,49400.0,-19800.0,-1042.512957282499,5836.508799804926,0.009609408389299134,0.024340002075458056,9.482308395351868,7.704489116629265
2025-09-15,NHPC,NIFTY ENERGY,3.7245508982035824,3.205433746425168,3.940119760479055,83.92,86.79,83.5,86.61,26197108,IV_SKEW_ACCUMULATION,FLOOR_BOUNCE|INVENTORY_MIGRATION,LONG_GAMMA,LONG_GAMMA,Resistance Weakening,Expansion,100.0,100.0,46.3,48.2,2201600.0,2323200.0,-33956.0654479349,-29481.44594570255,-0.006144556242767496,-0.007952730496561145,5.211370262390669,3.4335509836680655
2025-09-15,IREDA,NIFTY ENERGY,3.406854428232098,3.0223123732251445,4.4289674758266395,147.9,154.44,147.89,152.37,17984216,,INVENTORY_MIGRATION,LONG_GAMMA,LONG_GAMMA,Dealer Controlled,Expansion,-6.1,-100.0,42.1,48.2,-134550.0,-2152800.0,27753.688079667394,155960.35196797556,-0.010116203891951503,0.03462429857467442,5.915473376894198,4.137654098171595
2025-09-15,HUDCO,Other,3.0395417590539653,2.7547447945457826,4.089922910030941,217.08,225.49,216.63,223.06,8759008,VOLATILITY_COIL|FLOOR_BOUNCE|PINCH_ZONE|IV_SKEW_ACCUMULATION,INVENTORY_MIGRATION|IV_SKEW_ACCUMULATION,LONG_GAMMA,LONG_GAMMA,Compression,Expansion,18.3,-100.0,42.1,47.2,349650.0,-2022975.0,-10395.55403896101,142151.07751080784,-0.001251144901949497,0.013457508392423212,6.727272727272737,4.949453448550134
2025-09-15,MOTHERSON,NIFTY AUTO,2.980227337854613,1.93835098335855,2.6208337289906014,105.76,108.07,105.31,107.81,44585391,INVENTORY_MIGRATION|IV_SKEW_ACCUMULATION,INVENTORY_MIGRATION|IV_SKEW_ACCUMULATION,LONG_GAMMA,LONG_GAMMA,Expansion,Expansion,100.0,-24.6,53.7,47.0,10602600.0,-584250.0,-204424.2881624098,196647.14583134023,-0.015597102642290417,0.039936267252164426,15.800214822771231,14.022395544048628
2025-09-15,PRESTIGE,NIFTY REALTY,2.8715235206814294,2.719072164948466,3.7384386520923796,1552.0,1603.9,1546.1,1594.2,456122,REGIME_SHIFT,REGIME_SHIFT|INVENTORY_MIGRATION|IV_SKEW_ACCUMULATION,TRANSITION_REGIME,TRANSITION_REGIME,Flip Zone,Expansion,-9.7,19.9,42.2,46.9,-169650.0,295650.0,6258.948110337093,-5226.36501595096,0.014495743462900668,0.0014142351376000284,-0.41851458554563736,-2.1963338642682406
2025-09-15,SIEMENS,NIFTY INFRA,2.8638351030605858,2.9281249999999925,4.228707564026202,3200.0,3325.0,3190.1,3293.7,1094939,REGIME_SHIFT|INVENTORY_MIGRATION,REGIME_SHIFT|INVENTORY_MIGRATION|IV_SKEW_ACCUMULATION,TRANSITION_REGIME,TRANSITION_REGIME,Expansion,Expansion,3.7,-4.5,42.1,47.0,64625.0,-215000.0,80.8784620529259,13416.124702622714,-0.0044886821245569974,0.03330633480955175,3.9349952666456245,2.1571759879230212
2025-09-15,RVNL,NIFTY ENERGY,2.70629991126885,2.132352941176463,4.774535809018565,340.0,355.5,339.3,347.25,18797234,,INVENTORY_MIGRATION,LONG_GAMMA,LONG_GAMMA,Resistance Weakening,Expansion,59.7,-86.5,44.9,49.9,1131625.0,-1766875.0,-157192.86954360286,168593.55616565165,-0.016346137222906176,0.01386627458844164,7.14285714285714,5.365037864134536
2025-09-16,CHOLAFIN,NIFTY FIN SERVICE,4.309152006325356,4.10337344643914,4.790182106096608,1520.7,1588.2,1515.6,1583.1,3343241,VOLATILITY_COIL|PINCH_ZONE,INVENTORY_MIGRATION|IV_SKEW_ACCUMULATION,TRANSITION_REGIME,TRANSITION_REGIME,Compression,Expansion,-34.1,-25.1,43.4,51.5,-664375.0,-630625.0,29437.77549291813,93411.62627789428,-6.066713825070291e-05,0.0009177063673847519,3.973466438985951,2.5177011622940837
2025-09-16,GMRAIRPORT,NIFTY INFRA,4.115733991252668,3.743435020672714,4.649339009634756,89.49,93.41,89.26,92.84,32438451,PINCH_ZONE|IV_SKEW_ACCUMULATION,REGIME_SHIFT|INVENTORY_MIGRATION|IV_SKEW_ACCUMULATION,LONG_GAMMA,LONG_GAMMA,Support Weakening,Expansion,-100.0,100.0,44.1,48.2,-4917375.0,5461425.0,260391.05796945328,184510.0517035562,0.013583957513305822,-0.0021052816342136405,2.9268292682926855,1.4710639916008184
2025-09-16,CYIENT,Other,4.09950085917683,4.09950085917683,4.959016393442628,1222.1,1280.5,1220.0,1272.2,773882,,INVENTORY_MIGRATION|IV_SKEW_ACCUMULATION,TRANSITION_REGIME,TRANSITION_REGIME,Support Building,Expansion,0.7,17.4,43.4,48.2,25075.0,204000.0,-1730.7019186383404,4413.755305470346,0.006899436340253751,0.029891217195484876,7.631133671742818,6.175368395050951
2025-09-16,HFCL,Other,3.5061594693380105,3.254557731262664,4.711970584229874,74.05,76.89,73.43,76.46,30880989,,FLOOR_BOUNCE|REGIME_SHIFT|INVENTORY_MIGRATION,LONG_GAMMA,LONG_GAMMA,Resistance Weakening,Expansion,100.0,100.0,46.7,47.7,8552700.0,4579500.0,-83846.88350909227,-225780.5707291289,0.012026553006630414,0.024282267593444373,4.840257781434243,3.3844925047423757
2025-09-16,AMBER,NIFTY CONS DURABLES,2.6980198019801893,2.3686158401184265,3.0070535824774147,8106.0,8324.0,8081.0,8298.0,533066,,INVENTORY_MIGRATION|IV_SKEW_ACCUMULATION,TRANSITION_REGIME,TRANSITION_REGIME,Dealer Controlled,Expansion,-0.1,5.1,49.9,43.0,-59300.0,11400.0,3837.5480359445146,3901.8995432751453,0.022756946345393936,0.0032673377200692078,11.554748941318804,10.098983664626937
2025-09-16,KOTAKBANK,NIFTY PVT BANK,2.5827075299370783,2.2920461445051554,2.9039124265153093,1976.4,2030.5,1973.2,2021.7,4016877,VOLATILITY_COIL|REGIME_SHIFT|IV_SKEW_ACCUMULATION,FLOOR_BOUNCE|REGIME_SHIFT|INVENTORY_MIGRATION,LONG_GAMMA,LONG_GAMMA,Compression,Expansion,-10.7,100.0,43.4,42.9,-196000.0,2146000.0,-9972.685034528724,-4783.956009901187,0.012365442889569978,0.019552709958329556,1.0142899970021046,-0.4414752796897625
2025-09-16,PERSISTENT,NIFTY IT,2.367856809918889,2.2534686656113134,3.783278841662785,5369.5,5555.0,5352.5,5490.5,579399,REGIME_SHIFT|PINCH_ZONE,REGIME_SHIFT|PINCH_ZONE,TRANSITION_REGIME,TRANSITION_REGIME,Flip Zone,Flip Zone,-2.1,10.0,43.4,42.9,-14500.0,120500.0,-3271.776576441647,1423.5637838656457,0.021329747956281064,-0.009016714661306824,4.930721452460585,3.4749561757687175
2025-09-16,NHPC,NIFTY ENERGY,2.3092021706500487,2.0970157852286953,2.443804034582131,86.79,88.87,86.75,88.61,26870203,FLOOR_BOUNCE|INVENTORY_MIGRATION,IV_SKEW_ACCUMULATION,LONG_GAMMA,LONG_GAMMA,Expansion,Support Weakening,100.0,-100.0,48.2,45.7,2323200.0,-13344000.0,-29481.44594570255,836889.0036272504,-0.007952730496561145,0.03361192693245174,7.042763952645559,5.586998675953692
2025-09-16,LT,NIFTY INFRA,2.2753889911326874,1.7730791642387445,2.2515376694219436,3603.9,3674.0,3593.1,3667.8,2928060,REGIME_SHIFT|PINCH_ZONE,FLOOR_BOUNCE|REGIME_SHIFT|INVENTORY_MIGRATION,LONG_GAMMA,LONG_GAMMA,Flip Zone,Expansion,-9.9,21.9,43.4,42.9,-191450.0,306075.0,-530.7128552687063,15217.987318874686,0.014335974063206025,0.007599667859056192,0.8995625980028121,-0.556202678689055
2025-09-16,PAGEIND,NIFTY FMCG,2.244023455119537,1.899303214205439,2.4794319846725976,44490.0,45465.0,44365.0,45335.0,23029,INVENTORY_MIGRATION,REGIME_SHIFT|INVENTORY_MIGRATION,TRANSITION_REGIME,TRANSITION_REGIME,Expansion,Expansion,0.4,4.4,47.1,41.3,-6615.0,15600.0,467.5558479426795,-66.64746510182113,0.009096306569643053,0.0013326674256045057,1.4432759006489215,-0.012489376042945644
2025-09-17,TATACONSUM,NIFTY FMCG,4.047248420474325,3.009699936542476,3.2363339679086334,1103.1,1138.8,1103.1,1136.3,3361334,REGIME_SHIFT|PINCH_ZONE|IV_SKEW_ACCUMULATION,REGIME_SHIFT|INVENTORY_MIGRATION,TRANSITION_REGIME,TRANSITION_REGIME,Flip Zone,Expansion,-24.9,75.2,39.9,48.7,-444400.0,1291950.0,-15690.90574790581,-24277.914446960713,0.009676967185700158,0.009470439567318523,4.650948609320316,3.2514654093235285
2025-09-17,KPITTECH,NIFTY IT,3.901618330395773,2.7654516640253535,3.1771247021445514,1262.0,1299.0,1259.0,1296.9,1588234,REGIME_SHIFT,REGIME_SHIFT|INVENTORY_MIGRATION,TRANSITION_REGIME,TRANSITION_REGIME,Flip Zone,Expansion,-3.1,-14.7,42.9,49.2,-51200.0,-405200.0,446.7452095953995,26797.791063395125,0.011549898822247884,0.02672657034466469,8.120050020842019,6.720566820845232
2025-09-17,MCX,NIFTY FIN SERVICE,3.5707278791445862,3.065208902772354,4.581543667838095,7683.0,8035.0,7683.0,7918.5,1288895,INVENTORY_MIGRATION,INVENTORY_MIGRATION|IV_SKEW_ACCUMULATION,TRANSITION_REGIME,TRANSITION_REGIME,Expansion,Expansion,-14.4,11.8,39.9,45.8,-231875.0,49125.0,-204.58543364672005,14542.439450274644,0.003660958721149521,-0.002841517411412142,-4.538878842676308,-5.938362042673095
2025-09-17,PNB,NIFTY PSU BANK,3.255256362965686,3.103130755064454,3.7941884138441573,108.6,112.16,108.06,111.97,33492032,VOLATILITY_COIL|FLOOR_BOUNCE|PINCH_ZONE|IV_SKEW_ACCUMULATION,FLOOR_BOUNCE|REGIME_SHIFT|INVENTORY_MIGRATION|IV_SKEW_ACCUMULATION,LONG_GAMMA,LONG_GAMMA,Compression,Expansion,27.8,100.0,39.9,45.8,544000.0,7784000.0,-82203.70063230989,241914.48501187633,-0.020031409855817528,0.01649363770739576,3.7720111214087026,2.3725279214119155
2025-09-17,CAMS,NIFTY FIN SERVICE,3.1719918772331157,2.7309956488354103,3.789088661068485,3907.0,4029.3,3882.2,4013.7,531586,REGIME_SHIFT,REGIME_SHIFT|INVENTORY_MIGRATION,TRANSITION_REGIME,TRANSITION_REGIME,Flip Zone,Expansion,1.4,0.9,40.2,45.8,3150.0,-86400.0,4424.794746115971,8554.150745969077,0.017785333220778354,-0.01185455904643734,4.637885186923185,3.238401986926398
2025-09-17,SBIN,NIFTY PSU BANK,3.078588178702435,2.738822965360188,3.2671480144404352,834.3,858.15,831.0,857.15,17243938,FLOOR_BOUNCE,FLOOR_BOUNCE|INVENTORY_MIGRATION|IV_SKEW_ACCUMULATION,LONG_GAMMA,LONG_GAMMA,Support Building,Expansion,69.2,100.0,40.2,44.8,1267500.0,2720250.0,100114.91271434829,-36045.23780061386,0.006503987697128788,0.018447342626958296,3.221339113680144,1.8218559136833568
2025-09-17,KALYANKJIL,NIFTY FMCG,2.802084357486967,2.61040235525023,5.763717251606515,509.5,534.9,505.75,522.8,13974367,,REGIME_SHIFT|INVENTORY_MIGRATION,TRANSITION_REGIME,TRANSITION_REGIME,Dealer Controlled,Expansion,-1.5,34.3,39.9,47.9,-57575.0,549900.0,54460.52841680325,-23495.127840339526,-0.019333415619084915,0.01374588343583405,3.0452350448408216,1.6457518448440345
2025-09-17,CANBK,NIFTY PSU BANK,2.6671376843592665,2.4770803949224263,2.9908857623219154,113.44,116.39,113.01,116.25,34943043,FLOOR_BOUNCE|INVENTORY_MIGRATION|IV_SKEW_ACCUMULATION,INVENTORY_MIGRATION,LONG_GAMMA,LONG_GAMMA,Expansion,Expansion,17.7,-32.6,39.9,44.1,256500.0,-783000.0,423148.121615168,510413.9278459874,-0.0068752060197900255,0.01482212283179768,4.1013701083549625,2.7018869083581754
2025-09-17,BEL,NIFTY INFRA,2.3082650781831804,1.6522811344019672,2.8765432098765364,405.5,416.65,405.0,412.2,31367478,FLOOR_BOUNCE|REGIME_SHIFT|PINCH_ZONE,INVENTORY_MIGRATION|IV_SKEW_ACCUMULATION,LONG_GAMMA,LONG_GAMMA,Flip Zone,Expansion,100.0,-100.0,40.5,44.2,6389700.0,-7441350.0,-113135.69010346243,541908.6784540997,-0.014497221833518537,0.010692485590240719,8.459413235100644,7.059930035103857
2025-09-17,TATACHEM,Other,2.3001373975879202,2.258507553792155,4.4458009054377134,982.95,1026.65,982.95,1005.15,1843644,REGIME_SHIFT|IV_SKEW_ACCUMULATION,REGIME_SHIFT|INVENTORY_MIGRATION,LONG_GAMMA,LONG_GAMMA,Flip Zone,Expansion,-93.6,-33.4,39.9,44.0,-1822600.0,-716950.0,75251.64438825521,56136.35773545067,0.0066506546170986836,0.03797997274568554,6.073237653018149,4.6737544530213615
2025-09-18,BIOCON,NIFTY PHARMA,3.9650063496542876,2.390216787103938,3.296089385474854,359.8,369.8,358.0,368.4,9086347,INVENTORY_MIGRATION,FLOOR_BOUNCE|REGIME_SHIFT|INVENTORY_MIGRATION|IV_SKEW_ACCUMULATION,LONG_GAMMA,LONG_GAMMA,Expansion,Expansion,-100.0,100.0,41.8,45.8,-1947500.0,3542500.0,-5246.737392732524,30694.568535680708,-0.009879468494261467,-0.006602087550356406,2.489915148142985,1.00072628801815
2025-09-18,LICHSGFIN,NIFTY FIN SERVICE,3.7062937062937173,3.1652173913043535,3.8485033598045115,575.0,595.0,572.95,593.2,4634182,VOLATILITY_COIL|INVENTORY_MIGRATION,INVENTORY_MIGRATION,TRANSITION_REGIME,LONG_GAMMA,Expansion,Expansion,-1.8,-100.0,41.1,45.8,-50000.0,-3227000.0,44919.963396965846,283962.0816058995,0.00271624549988142,-0.02782025237446678,2.2582313394242437,0.7690424792994088
2025-09-18,HFCL,Other,3.3546325878594185,2.698412698412711,4.54243591446406,75.6,78.71,75.29,77.64,75186359,REGIME_SHIFT|INVENTORY_MIGRATION,INVENTORY_MIGRATION,LONG_GAMMA,LONG_GAMMA,Expansion,Expansion,1.7,-100.0,48.9,45.9,96750.0,-13345050.0,-95729.43623971893,560067.0038204179,0.017996568463190088,-0.034283749527245555,3.148664806695911,1.6594759465710762
2025-09-18,LAURUSLABS,NIFTY PHARMA,3.277588232004014,3.6195286195286114,4.572138180176122,891.0,926.3,885.8,923.25,3054360,REGIME_SHIFT|PINCH_ZONE|IV_SKEW_ACCUMULATION,REGIME_SHIFT|INVENTORY_MIGRATION,LONG_GAMMA,LONG_GAMMA,Flip Zone,Expansion,-79.2,73.0,41.1,45.9,-1521500.0,1280100.0,100120.20921102812,31286.79601329117,0.00676874184193188,0.004443248793384202,5.3878203298898475,3.8986314697650126
2025-09-18,GLENMARK,NIFTY PHARMA,3.2314923619271463,2.8537977462315123,3.224547538904332,2049.9,2116.0,2049.9,2108.4,1114841,IV_SKEW_ACCUMULATION,REGIME_SHIFT|INVENTORY_MIGRATION|IV_SKEW_ACCUMULATION,TRANSITION_REGIME,TRANSITION_REGIME,Support Weakening,Expansion,-18.8,23.5,41.9,49.2,-310125.0,341625.0,-3995.725072051102,42786.23549713855,0.002018306138578896,-0.034755094761062366,9.584199584199581,8.095010724074747
2025-09-18,SAMMAANCAP,NIFTY FIN SERVICE,3.0502702302509954,2.345588235294116,3.5360260393549447,136.0,139.96,135.18,139.19,21107137,INVENTORY_MIGRATION,FLOOR_BOUNCE|REGIME_SHIFT|INVENTORY_MIGRATION|IV_SKEW_ACCUMULATION,LONG_GAMMA,LONG_GAMMA,Expansion,Expansion,3.0,13.1,43.4,44.8,81700.0,133300.0,-22647.971070304746,176990.92211038945,0.01714785242601774,-0.0165552190316427,14.597398320434717,13.108209460309883
2025-09-18,AUROPHARMA,NIFTY PHARMA,3.0300264670986676,2.580645161290329,3.3035225406095936,1100.5,1132.0,1095.8,1128.9,1829041,VOLATILITY_COIL|REGIME_SHIFT|PINCH_ZONE,PINCH_ZONE,TRANSITION_REGIME,TRANSITION_REGIME,Compression,Expansion,-14.0,-4.8,41.1,44.9,-283250.0,-189750.0,39284.461301459145,30399.824935656987,-0.0025596897554761577,0.01754113516922351,7.884174311926606,6.394985451801771
2025-09-18,ETERNAL,NIFTY SERVICES,2.9246001523229426,2.752433090024331,3.1069144075540622,328.8,338.5,328.3,337.85,36575258,IV_SKEW_ACCUMULATION,FLOOR_BOUNCE|INVENTORY_MIGRATION|IV_SKEW_ACCUMULATION,LONG_GAMMA,LONG_GAMMA,Resistance Weakening,Expansion,35.3,100.0,41.2,44.5,654750.0,13495125.0,78226.41046423861,-222469.12344352668,-0.016029947635390562,0.00829202540390056,3.460419537589954,1.971230677465119
2025-09-18,MANKIND,NIFTY PHARMA,2.649599252976431,2.649599252976431,3.691719943864036,2570.2,2659.9,2565.2,2638.3,716293,PINCH_ZONE,INVENTORY_MIGRATION,TRANSITION_REGIME,TRANSITION_REGIME,Dealer Controlled,Expansion,-0.7,-16.8,41.1,44.1,-14175.0,-407250.0,1550.2625827801676,24677.796376132173,0.008873123228147928,0.041169213279559635,5.254129099178173,3.764940239053338
2025-09-18,RBLBANK,NIFTY PVT BANK,2.571860816944027,2.571860816944027,3.9969547011800444,264.4,273.2,262.7,271.2,10780169,,,TRANSITION_REGIME,LONG_GAMMA,Support Building,Expansion,52.1,25.4,47.2,47.0,1035050.0,390525.0,-86652.85745703624,140142.83852652766,-0.004125118061245825,0.01682572143079797,5.6897895557287415,4.200600695603907
2025-09-19,IDEA,NIFTY MEDIA & COMM,7.14285714285714,6.194690265486735,12.932138284250971,7.91,8.82,7.81,8.4,2689120745,,REGIME_SHIFT|INVENTORY_MIGRATION,LONG_GAMMA,LONG_GAMMA,Support Weakening,Expansion,-100.0,100.0,46.2,47.0,-116504250.0,579018975.0,11069045.060916923,-9660628.231688,0.0229328860241782,-0.011881496862165886,28.24427480916032,27.274324143888975
2025-09-19,ADANIGREEN,NIFTY ENERGY,5.291653897231585,0.5560975609756103,6.779661016949157,1025.0,1071.0,1003.0,1030.7,17650332,REGIME_SHIFT|INVENTORY_MIGRATION,INVENTORY_MIGRATION|IV_SKEW_ACCUMULATION,TRANSITION_REGIME,TRANSITION_REGIME,Expansion,Expansion,-0.2,-86.9,41.1,47.4,-3000.0,-1893000.0,2691.6401157299697,38444.959907877594,0.00620532782524752,0.09423943626446873,6.631491827022562,5.661541161751216
2025-09-19,ADANIENT,NIFTY SERVICES,5.07910074937552,1.1623246492985961,4.578078747820458,2495.0,2579.0,2466.1,2524.0,7965135,VOLATILITY_COIL|REGIME_SHIFT|PINCH_ZONE,INVENTORY_MIGRATION,TRANSITION_REGIME,LONG_GAMMA,Compression,Expansion,-34.8,-100.0,41.1,47.3,-678900.0,-3812700.0,34171.68712606372,115268.03910903548,-0.0017978919653034442,0.09113557596629557,6.175332323742233,5.205381658470887
2025-09-19,ADANIENSOL,NIFTY ENERGY,4.721824259789864,1.4046242774566453,5.121608980355474,865.0,899.0,855.2,877.15,8119554,REGIME_SHIFT|PINCH_ZONE|IV_SKEW_ACCUMULATION,REGIME_SHIFT|INVENTORY_MIGRATION|IV_SKEW_ACCUMULATION,TRANSITION_REGIME,TRANSITION_REGIME,Flip Zone,Expansion,-2.2,-22.0,41.8,50.7,-85050.0,-581175.0,13553.899443280367,28596.633902252797,0.0040808259129847535,0.029647787998045294,7.605962092866347,6.636011427595001
2025-09-19,IREDA,NIFTY ENERGY,3.433421204912235,3.4467236833644277,4.600609953928991,155.51,161.2,154.11,160.87,26176765,INVENTORY_MIGRATION|IV_SKEW_ACCUMULATION,REGIME_SHIFT|INVENTORY_MIGRATION,LONG_GAMMA,LONG_GAMMA,Expansion,Expansion,-100.0,-32.6,41.5,47.3,-2949750.0,-721050.0,181761.5280174265,-4655.088292793138,0.01646016169467357,0.014872187713891094,9.22732210755024,8.257371442278894
2025-09-19,SAMMAANCAP,NIFTY FIN SERVICE,2.88813851569798,2.8807471264368,5.726328028486294,139.2,145.49,137.61,143.21,40575502,FLOOR_BOUNCE|REGIME_SHIFT|INVENTORY_MIGRATION|IV_SKEW_ACCUMULATION,FLOOR_BOUNCE|REGIME_SHIFT|INVENTORY_MIGRATION|IV_SKEW_ACCUMULATION,LONG_GAMMA,LONG_GAMMA,Expansion,Expansion,13.1,100.0,44.8,45.7,133300.0,1956500.0,176990.92211038945,117396.54293447279,-0.0165552190316427,-0.03139477306853067,16.279636245534277,15.309685580262931
2025-09-19,GODREJPROP,NIFTY REALTY,2.7591492623107783,3.0850552618933103,3.323873202174221,2081.0,2148.0,2078.9,2145.2,1017368,,INVENTORY_MIGRATION|IV_SKEW_ACCUMULATION,TRANSITION_REGIME,TRANSITION_REGIME,Dealer Controlled,Expansion,-7.0,5.2,43.4,42.8,-142725.0,12100.0,15402.341850518198,8374.104321377352,0.01692005839611682,-0.019255192200709648,4.460459680560969,3.4905090152896223
2025-09-19,UNIONBANK,NIFTY PSU BANK,2.7161578446445622,2.558479532163749,3.450043949604442,136.8,141.23,136.52,140.3,23479611,VOLATILITY_COIL|IV_SKEW_ACCUMULATION,FLOOR_BOUNCE|REGIME_SHIFT|INVENTORY_MIGRATION,LONG_GAMMA,LONG_GAMMA,Compression,Expansion,-60.2,100.0,41.1,42.4,-1146075.0,6363150.0,94877.90984930191,-249067.94846078055,-0.007619250145748657,0.014332075213883355,2.761297883249103,1.7913472179777568
2025-09-19,HUDCO,Other,2.69470474824014,2.662483191393994,3.0233602875112453,223.1,229.33,222.6,229.04,7607031,REGIME_SHIFT|INVENTORY_MIGRATION,FLOOR_BOUNCE|INVENTORY_MIGRATION|IV_SKEW_ACCUMULATION,LONG_GAMMA,LONG_GAMMA,Expansion,Expansion,-0.7,61.6,41.1,42.4,16650.0,1079475.0,-42410.41349994519,96684.1422278182,-0.007102392802792734,-0.00958052193822323,7.606295513272254,6.636344848000908
2025-09-19,PPLPHARMA,Other,2.4344661387891486,2.4344661387891486,3.0049672945458017,203.33,209.44,203.33,208.28,7287332,VOLATILITY_COIL|FLOOR_BOUNCE|IV_SKEW_ACCUMULATION,INVENTORY_MIGRATION|IV_SKEW_ACCUMULATION,LONG_GAMMA,LONG_GAMMA,Compression,Expansion,4.3,-15.8,41.1,45.2,82500.0,-385000.0,-12188.58999677861,71894.47308634393,-0.01851286380565903,0.01950276762339692,8.450924238479551,7.480973573208205
2025-09-22,ADANIGREEN,NIFTY ENERGY,11.783254099155926,10.78365384615385,13.679586812762468,1040.0,1177.55,1035.85,1152.15,37416287,INVENTORY_MIGRATION|IV_SKEW_ACCUMULATION,INVENTORY_MIGRATION,TRANSITION_REGIME,TRANSITION_REGIME,Expansion,Expansion,-86.9,95.8,47.4,44.9,-1893000.0,1425000.0,38444.959907877594,15784.207726241468,0.09423943626446873,0.1728666023402814,20.36669452569997,19.030752973394183
2025-09-22,ADANIENSOL,NIFTY ENERGY,6.8688365729920875,6.347495603834585,9.66855572728833,881.45,957.9,873.45,937.4,17999962,REGIME_SHIFT|INVENTORY_MIGRATION|IV_SKEW_ACCUMULATION,INVENTORY_MIGRATION|IV_SKEW_ACCUMULATION,TRANSITION_REGIME,TRANSITION_REGIME,Expansion,Expansion,-22.0,-51.6,50.7,41.5,-581175.0,-1207575.0,28596.633902252797,48904.91720329429,0.029647787998045294,0.14472608368610712,17.153033806161353,15.817092253855566
2025-09-22,HUDCO,Other,4.767726161369201,4.330434782608705,5.370451556334932,230.0,240.35,228.1,239.96,18637185,FLOOR_BOUNCE|INVENTORY_MIGRATION|IV_SKEW_ACCUMULATION,FLOOR_BOUNCE|REGIME_SHIFT|INVENTORY_MIGRATION|IV_SKEW_ACCUMULATION,LONG_GAMMA,LONG_GAMMA,Expansion,Expansion,61.6,100.0,42.4,41.5,1079475.0,4897875.0,96684.1422278182,-307907.7148054419,-0.00958052193822323,0.0386858792816806,13.274169184290031,11.938227631984244
2025-09-22,ADANIENT,NIFTY SERVICES,4.179873217115682,3.727810650887564,5.428016335593355,2535.0,2659.0,2522.1,2629.5,7022985,INVENTORY_MIGRATION,INVENTORY_MIGRATION,LONG_GAMMA,TRANSITION_REGIME,Expansion,Expansion,-100.0,100.0,47.3,41.5,-3812700.0,2342400.0,115268.03910903548,-76824.71103955831,0.09113557596629557,0.03710768945380777,13.101638780162572,11.765697227856787
2025-09-22,MUTHOOTFIN,NIFTY FIN SERVICE,3.83999454836621,3.448744059742026,4.313017408782738,2946.0,3061.9,2935.3,3047.6,915253,PINCH_ZONE,INVENTORY_MIGRATION,TRANSITION_REGIME,TRANSITION_REGIME,Dealer Controlled,Expansion,-4.3,11.4,39.4,41.5,-58300.0,74250.0,-3851.2894833744795,-2231.688849430575,0.010654877294429127,0.050533393834217066,13.690964709393416,12.35502315708763
2025-09-22,NBCC,NIFTY REALTY,3.7361248984748574,3.372302158273377,5.7666275606894635,111.2,117.2,110.81,114.95,34894081,FLOOR_BOUNCE|REGIME_SHIFT|PINCH_ZONE,INVENTORY_MIGRATION,LONG_GAMMA,LONG_GAMMA,Flip Zone,Expansion,23.2,-100.0,39.7,44.9,403000.0,-2535000.0,92819.04928743618,63010.55707390141,-0.001573223860477757,0.0451875017944271,10.966309489332948,9.630367937027163
2025-09-22,NAUKRI,NIFTY IT,3.0230361165613173,3.481751824817514,4.4535599179607255,1370.0,1426.0,1365.2,1417.7,2045289,IV_SKEW_ACCUMULATION,INVENTORY_MIGRATION,TRANSITION_REGIME,TRANSITION_REGIME,Dealer Controlled,Expansion,-5.5,28.4,39.4,40.5,-85875.0,445500.0,3933.3834861181385,891.1860088580288,-0.012666882147863379,0.05455106499378792,2.6872374330001447,1.3512958806943587
2025-09-22,MANAPPURAM,NIFTY FIN SERVICE,2.5828970331588152,2.5828970331588152,2.897033158813267,286.5,294.8,286.5,293.9,3620384,,FLOOR_BOUNCE|INVENTORY_MIGRATION|IV_SKEW_ACCUMULATION,LONG_GAMMA,LONG_GAMMA,Support Weakening,Expansion,-100.0,41.8,40.5,39.9,-2058000.0,702000.0,8524.100060645607,125732.4893773729,-0.004510471054564313,0.02315121143645732,10.178069353327079,8.842127801021292
2025-09-22,CHOLAFIN,NIFTY FIN SERVICE,2.457728329876163,2.741884651749138,3.63693665300977,1586.5,1644.2,1586.5,1630.0,2983892,IV_SKEW_ACCUMULATION,INVENTORY_MIGRATION|IV_SKEW_ACCUMULATION,TRANSITION_REGIME,TRANSITION_REGIME,Resistance Weakening,Expansion,8.8,-13.5,41.9,39.9,162500.0,-341250.0,-24455.628382594543,43563.59038189822,-0.003384799612015321,0.020770182299445328,6.948362968309163,5.612421416003377
2025-09-22,BLUESTARCO,NIFTY CONS DURABLES,1.680415520928813,1.680415520928813,2.5588431362494335,1963.8,2000.0,1950.1,1996.8,936294,,REGIME_SHIFT|IV_SKEW_ACCUMULATION,TRANSITION_REGIME,TRANSITION_REGIME,Dealer Controlled,Flip Zone,1.3,-6.9,39.5,41.4,22750.0,-184925.0,-1448.6157309590926,27776.08822478028,-0.003228331370293658,0.05529477146768391,4.0000000000000036,2.6640584476942175
2025-09-23,IDEA,NIFTY MEDIA & COMM,3.933253873659126,3.933253873659126,7.425149700598821,8.39,8.97,8.35,8.72,1285968709,VOLATILITY_COIL,INVENTORY_MIGRATION,LONG_GAMMA,LONG_GAMMA,Compression,Expansion,100.0,-100.0,45.7,45.6,17011050.0,-122436675.0,3387339.593713399,13837267.969187126,0.017053317970622706,0.06760934949256081,17.83783783783783,17.029795463174512
2025-09-23,PNBHOUSING,NIFTY FIN SERVICE,3.8065304697049163,3.8065304697049163,4.400209533787325,859.05,896.85,859.05,891.75,3932351,REGIME_SHIFT|PINCH_ZONE|IV_SKEW_ACCUMULATION,INVENTORY_MIGRATION|IV_SKEW_ACCUMULATION,SHORT_GAMMA,TRANSITION_REGIME,Flip Zone,Expansion,-9.5,-23.2,37.0,45.7,-132600.0,-577850.0,-55484.965926570534,141687.80280928576,0.04697821442650024,-0.033598060256425144,11.489654310183163,10.681611935519843
2025-09-23,AUBANK,NIFTY PVT BANK,3.6258055378514342,3.0492957746478755,3.5477500352659064,710.0,734.05,708.9,731.65,5080969,REGIME_SHIFT|IV_SKEW_ACCUMULATION,REGIME_SHIFT|INVENTORY_MIGRATION,TRANSITION_REGIME,TRANSITION_REGIME,Flip Zone,Expansion,-19.8,64.6,37.7,45.6,-315000.0,1102000.0,-85279.12387547226,43298.33053022692,0.0337417634122289,0.016388151810646567,-2.394610458911428,-3.2026528335747484
2025-09-23,ASHOKLEY,NIFTY AUTO,3.313728302969454,3.2100888506735314,3.539696188019481,139.56,144.5,139.56,144.04,43630485,REGIME_SHIFT|IV_SKEW_ACCUMULATION,INVENTORY_MIGRATION|IV_SKEW_ACCUMULATION,LONG_GAMMA,LONG_GAMMA,Flip Zone,Expansion,-100.0,-100.0,37.1,45.7,-2060000.0,-3215000.0,-268728.95085006766,1263574.6271536602,0.0038359542395132173,0.020812824191109525,9.94580566368979,9.13776328902647
2025-09-23,JINDALSTEL,NIFTY METAL,2.9299239672623267,2.6763285024154593,4.051359369680463,1035.0,1069.7,1028.05,1062.7,1889834,INVENTORY_MIGRATION|IV_SKEW_ACCUMULATION,REGIME_SHIFT|INVENTORY_MIGRATION,TRANSITION_REGIME,TRANSITION_REGIME,Expansion,Expansion,-16.1,12.1,37.1,44.3,-260625.0,122500.0,-71557.88644928248,120489.75066757758,0.02583635301103404,-0.006825890001419532,6.675366392290694,5.867324017627373
2025-09-23,INDUSINDBK,NIFTY PVT BANK,2.853057333514908,2.7551020408163263,3.833756258144172,735.0,757.0,729.05,755.25,4501893,REGIME_SHIFT,FLOOR_BOUNCE|REGIME_SHIFT|INVENTORY_MIGRATION|IV_SKEW_ACCUMULATION,LONG_GAMMA,LONG_GAMMA,Flip Zone,Expansion,-24.2,100.0,37.0,44.3,-409500.0,2610300.0,-90014.57129054598,11775.477894772775,0.012405888910049123,0.005564393696035508,-2.02374002724266,-2.83178240190598
2025-09-23,HINDPETRO,NIFTY OIL & GAS,2.7983040581465835,2.7360774818401934,2.9661016949152463,413.0,425.25,413.0,424.3,4865287,REGIME_SHIFT|IV_SKEW_ACCUMULATION,INVENTORY_MIGRATION|IV_SKEW_ACCUMULATION,LONG_GAMMA,LONG_GAMMA,Flip Zone,Expansion,-17.3,100.0,37.0,44.4,-317925.0,2525175.0,-49211.200630933745,-57499.992778067186,0.016696157808539613,0.0034091517525360326,8.725176169122362,7.917133794459041
2025-09-23,CANBK,NIFTY PSU BANK,2.549003112644055,2.63534562599983,4.412896604806282,118.77,122.09,116.93,121.9,44544453,FLOOR_BOUNCE|INVENTORY_MIGRATION|IV_SKEW_ACCUMULATION,FLOOR_BOUNCE|REGIME_SHIFT|PINCH_ZONE,LONG_GAMMA,LONG_GAMMA,Expansion,Expansion,100.0,100.0,37.3,43.9,11110500.0,8417250.0,-844492.0043899494,-74779.0074808416,0.049019088740737404,-0.030565240910178204,12.01984929240949,11.21180691774617
2025-09-23,AXISBANK,NIFTY PVT BANK,2.3068857042991775,2.164048865619539,2.7060162886417327,1146.0,1172.8,1141.9,1170.8,16079093,FLOOR_BOUNCE|REGIME_SHIFT|INVENTORY_MIGRATION,INVENTORY_MIGRATION|IV_SKEW_ACCUMULATION,LONG_GAMMA,LONG_GAMMA,Expansion,Expansion,32.8,1.3,37.0,44.0,614375.0,-56875.0,-71921.7115149356,-64406.41211082938,0.016002870167029393,0.006232274817097538,9.420560747663554,8.612518373000235
2025-09-23,KAYNES,NIFTY INFRA,2.2375944095432976,2.0000000000000018,2.8028169014084447,7100.0,7299.0,7100.0,7242.0,433904,INVENTORY_MIGRATION|IV_SKEW_ACCUMULATION,INVENTORY_MIGRATION|IV_SKEW_ACCUMULATION,TRANSITION_REGIME,TRANSITION_REGIME,Expansion,Expansion,-12.4,11.6,37.0,44.0,-183000.0,156700.0,1730.2074199302988,1087.8506415698903,0.016703880420380846,-0.01746906601052378,16.215999358099985,15.407956983436666
2025-09-24,KAYNES,NIFTY INFRA,2.927368130350727,2.99848003316292,4.19435215946844,7237.0,7527.0,7224.0,7454.0,1033396,INVENTORY_MIGRATION|IV_SKEW_ACCUMULATION,REGIME_SHIFT|INVENTORY_MIGRATION|IV_SKEW_ACCUMULATION,TRANSITION_REGIME,TRANSITION_REGIME,Expansion,Expansion,11.6,-3.9,44.0,49.8,156700.0,-199700.0,1087.8506415698903,14969.955734761548,-0.01746906601052378,0.022991281480008285,20.274304154901166,18.878831096211155
2025-09-24,JUBLFOOD,NIFTY FMCG,2.2215015404572602,2.2215015404572602,3.4420734199983816,616.7,632.6,611.55,630.4,3120429,INVENTORY_MIGRATION|IV_SKEW_ACCUMULATION,FLOOR_BOUNCE|REGIME_SHIFT|INVENTORY_MIGRATION|IV_SKEW_ACCUMULATION,TRANSITION_REGIME,LONG_GAMMA,Expansion,Expansion,-41.7,92.2,41.0,49.4,-766250.0,1676250.0,-2469.93564828104,70139.6249935636,0.008094106829970249,-0.0011435695918514677,-1.622971285892627,-3.018444344582638
2025-09-24,PIDILITIND,NIFTY COMMODITIES,2.027798294500771,2.027798294500771,3.1661016949152465,1489.3,1521.7,1475.0,1519.5,540982,REGIME_SHIFT|INVENTORY_MIGRATION,REGIME_SHIFT|IV_SKEW_ACCUMULATION,TRANSITION_REGIME,TRANSITION_REGIME,Expansion,Flip Zone,-100.0,13.9,42.7,49.4,-2439000.0,192500.0,3545.8076983295614,85764.96338987046,0.09327250613288918,0.0003408913094825605,-50.990194813572444,-52.38566787226245
2025-09-24,INDIANB,NIFTY PSU BANK,1.8846209178535522,1.5777395295467622,3.5868005738880937,697.2,722.0,697.0,708.2,5440713,REGIME_SHIFT|IV_SKEW_ACCUMULATION,INVENTORY_MIGRATION|IV_SKEW_ACCUMULATION,TRANSITION_REGIME,TRANSITION_REGIME,Flip Zone,Expansion,-18.3,-1.7,40.8,49.4,-303000.0,-107000.0,-46424.373466398625,36244.525092758675,0.012317045038146679,0.0021081655805668675,7.973776490318651,6.57830343162864
2025-09-24,SBICARD,NIFTY FIN SERVICE,1.6603470067792836,1.0449977158519808,1.9580821131208737,875.6,887.8,870.75,884.75,924569,PINCH_ZONE,PINCH_ZONE,LONG_GAMMA,LONG_GAMMA,Dealer Controlled,Dealer Controlled,-0.9,-10.6,40.8,48.2,-19200.0,-277600.0,-524.3410006984486,152610.55380323884,0.0150817403854267,0.009348596192466974,8.465121981120504,7.069648922430493
2025-09-24,POWERGRID,NIFTY ENERGY,1.6285516285516222,1.875651267801337,2.6485450426903645,287.9,294.55,286.95,293.3,14032389,FLOOR_BOUNCE|REGIME_SHIFT|INVENTORY_MIGRATION,FLOOR_BOUNCE|REGIME_SHIFT|PINCH_ZONE,LONG_GAMMA,LONG_GAMMA,Expansion,Flip Zone,51.9,53.1,40.8,48.2,957600.0,948100.0,80622.25279764808,51165.014470986556,0.0017583304208168005,0.00199705153008356,4.7874240800285905,3.3919510213385795
2025-09-24,NTPC,NIFTY ENERGY,1.3411078717201264,1.2525487911447808,2.3813002191380495,343.3,350.4,342.25,347.6,14653575,FLOOR_BOUNCE|REGIME_SHIFT|INVENTORY_MIGRATION,FLOOR_BOUNCE|REGIME_SHIFT|INVENTORY_MIGRATION|IV_SKEW_ACCUMULATION,LONG_GAMMA,LONG_GAMMA,Expansion,Expansion,100.0,17.3,41.5,47.0,2757000.0,501000.0,-333024.1053831233,-1571133.4195214678,0.008324933808313284,0.006537380796606929,4.321728691476601,2.9262556327865896
2025-09-24,AMBER,NIFTY CONS DURABLES,1.3191976386964566,1.7543859649122862,2.3086269744835963,8265.0,8420.0,8230.0,8410.0,277445,,INVENTORY_MIGRATION,TRANSITION_REGIME,TRANSITION_REGIME,Dealer Controlled,Expansion,0.1,5.9,40.8,47.0,7300.0,68300.0,1351.8791559983874,-2488.0631631553915,-0.0026413900459747452,-0.007036275590895924,16.33697606861253,14.941503009922517
2025-09-24,HINDUNILVR,NIFTY FMCG,1.0823883910871634,1.0823883910871634,2.6294820717131406,2522.2,2576.0,2510.0,2549.5,1882881,INVENTORY_MIGRATION|IV_SKEW_ACCUMULATION,INVENTORY_MIGRATION,TRANSITION_REGIME,LONG_GAMMA,Expansion,Expansion,-7.1,0.0,41.6,47.0,-67500.0,-69600.0,-111533.02619737537,112181.35711322333,0.019501271835636713,-0.016883865231701767,-5.314565847136599,-6.71003890582661
2025-09-24,TATACONSUM,NIFTY FMCG,1.0279131590607005,1.3422222222222224,2.5661659513590784,1125.0,1147.1,1118.4,1140.1,1100753,IV_SKEW_ACCUMULATION,INVENTORY_MIGRATION,TRANSITION_REGIME,TRANSITION_REGIME,Resistance Weakening,Expansion,2.4,-11.7,41.0,46.6,51150.0,-266200.0,-4725.510522584518,61965.68995852821,0.014716957707935407,-0.003361780638689804,5.574590239836996,4.179117181146985
2025-09-25,HINDZINC,NIFTY METAL,3.0580702141753235,2.967129936024704,3.353187734392238,453.3,468.5,453.3,466.75,7193012,FLOOR_BOUNCE|INVENTORY_MIGRATION,FLOOR_BOUNCE|REGIME_SHIFT|INVENTORY_MIGRATION|IV_SKEW_ACCUMULATION,LONG_GAMMA,LONG_GAMMA,Expansion,Expansion,-2.3,17.7,47.0,44.8,26950.0,214375.0,-116957.10799286002,177181.47094821453,0.01378941350660412,0.00486265067681757,10.682949964429689,9.091375777359012
2025-09-25,VEDL,NIFTY METAL,2.943471958969779,2.361419068736126,3.2258064516129004,451.0,464.0,449.5,461.65,12571562,REGIME_SHIFT|IV_SKEW_ACCUMULATION,FLOOR_BOUNCE|REGIME_SHIFT|INVENTORY_MIGRATION|IV_SKEW_ACCUMULATION,LONG_GAMMA,LONG_GAMMA,Flip Zone,Expansion,-95.3,100.0,47.0,44.3,-1759500.0,2787600.0,-21783.322942718456,62376.23573348933,0.012376199406063548,0.017074704857443057,8.75147232037692,7.159898133306243
2025-09-25,OIL,NIFTY OIL & GAS,2.016724053123453,1.4056961251680766,3.778213935230612,409.05,423.0,407.6,414.8,6236842,FLOOR_BOUNCE|IV_SKEW_ACCUMULATION,INVENTORY_MIGRATION,LONG_GAMMA,LONG_GAMMA,Support Building,Expansion,7.4,-100.0,46.3,43.9,120400.0,-2009000.0,47714.20607590946,82068.88992838026,-0.006187929408128401,0.00020923851361642765,6.222791293213836,4.6312171061431595
2025-09-25,PNBHOUSING,NIFTY FIN SERVICE,2.0058433531857434,2.9195011337868504,4.952424624555785,882.0,915.5,872.3,907.75,4642991,VOLATILITY_COIL|IV_SKEW_ACCUMULATION,INVENTORY_MIGRATION,TRANSITION_REGIME,TRANSITION_REGIME,Compression,Expansion,-2.7,34.0,46.4,43.9,-39000.0,583700.0,-1525.3840475713223,20489.918277938705,0.020023212405979096,-0.004875787104556217,18.343002411837574,16.751428224766897
2025-09-25,BEL,NIFTY INFRA,1.947148817802491,1.947148817802491,3.567333418269847,395.45,406.45,392.45,403.15,23804019,INVENTORY_MIGRATION|IV_SKEW_ACCUMULATION,FLOOR_BOUNCE|REGIME_SHIFT|INVENTORY_MIGRATION|IV_SKEW_ACCUMULATION,LONG_GAMMA,LONG_GAMMA,Expansion,Expansion,-100.0,100.0,47.0,43.9,-4203750.0,2297100.0,-529585.3144264633,585838.9069103694,0.01787789530048639,0.0058879490832003945,10.801154321835904,9.209580134765227
2025-09-25,KEI,NIFTY INFRA,1.9268011668668539,1.1654501216544988,2.2982885085574667,4110.0,4184.0,4090.0,4157.9,403469,REGIME_SHIFT|INVENTORY_MIGRATION|IV_SKEW_ACCUMULATION,IV_SKEW_ACCUMULATION,TRANSITION_REGIME,TRANSITION_REGIME,Expansion,Support Building,-8.1,6.6,47.0,43.9,-79800.0,68600.0,-130.43930087987974,4875.271678670062,0.020762777876596028,0.00014864281177379146,7.620033648246394,6.028459461175717
2025-09-25,RBLBANK,NIFTY PVT BANK,1.8864434991677337,2.0185185185185084,2.973977695167296,270.0,277.0,269.0,275.45,14095435,FLOOR_BOUNCE|REGIME_SHIFT|PINCH_ZONE,FLOOR_BOUNCE|INVENTORY_MIGRATION|IV_SKEW_ACCUMULATION,LONG_GAMMA,LONG_GAMMA,Flip Zone,Expansion,20.5,35.8,46.3,43.9,358775.0,609600.0,120871.00740385288,122532.8661230891,-0.011142281505597262,0.028756143326777006,9.806657364959136,8.21508317788846
2025-09-25,HEROMOTOCO,NIFTY AUTO,1.4686374834186111,1.6034155597723032,2.733702924870962,5270.0,5374.0,5231.0,5354.5,640474,INVENTORY_MIGRATION,INVENTORY_MIGRATION|IV_SKEW_ACCUMULATION,TRANSITION_REGIME,TRANSITION_REGIME,Expansion,Expansion,-4.5,29.7,47.7,42.9,-28200.0,500250.0,-43617.486807364476,63301.20275103656,0.01787463034643344,-0.017815354901588143,5.16134100595087,3.5697668188801934
2025-09-25,KPITTECH,NIFTY IT,1.2171529904884792,1.347861178369647,3.660511823777135,1239.0,1280.0,1234.8,1255.7,1018183,REGIME_SHIFT,,TRANSITION_REGIME,TRANSITION_REGIME,Flip Zone,Dealer Controlled,6.3,10.7,47.4,41.7,144000.0,154000.0,-23088.31623007517,49415.72594635664,0.03272822334453679,-0.026249953710393348,6.019925700776763,4.428351513706086
2025-09-25,HAL,NIFTY INFRA,1.0859671034526563,1.0624338624338536,2.496815286624221,4725.0,4827.6,4710.0,4775.2,1926254,INVENTORY_MIGRATION,REGIME_SHIFT|INVENTORY_MIGRATION|IV_SKEW_ACCUMULATION,TRANSITION_REGIME,TRANSITION_REGIME,Expansion,Expansion,-3.3,-25.4,47.8,41.5,-6000.0,-585600.0,-62384.889494645526,74146.95531620992,-0.008842274388032756,0.04596450727326551,9.908624300872336,8.31705011380166
2025-09-26,LT,NIFTY INFRA,2.3350894523104015,1.7876637554585129,3.6574706364381315,3664.0,3794.9,3661.0,3729.5,5870301,INVENTORY_MIGRATION|IV_SKEW_ACCUMULATION,FLOOR_BOUNCE|REGIME_SHIFT|INVENTORY_MIGRATION|IV_SKEW_ACCUMULATION,LONG_GAMMA,LONG_GAMMA,Expansion,Expansion,-21.2,17.4,40.8,62.9,-371350.0,89250.0,47250.067852545704,-179390.28128396644,-0.007776118140184696,0.0042480446166338615,3.568453207442368,2.6356681778540114
2025-09-26,NUVAMA,NIFTY FIN SERVICE,1.3675922088686177,0.5756578947368363,3.9929976658886313,6080.0,6237.5,5998.0,6115.0,214455,INVENTORY_MIGRATION|IV_SKEW_ACCUMULATION,INVENTORY_MIGRATION,TRANSITION_REGIME,TRANSITION_REGIME,Expansion,Expansion,-3.5,-4.3,41.6,62.4,0.0,-162525.0,-7228.534011298256,12830.946472575117,0.025876605141982423,0.04492897477858482,-4.213659147869675,-5.146444177458032
2025-09-26,TATAMOTORS,Other,1.294595815143773,1.0360360360360366,2.717596436929126,666.0,680.35,662.35,672.9,15780434,INVENTORY_MIGRATION,FLOOR_BOUNCE|REGIME_SHIFT|INVENTORY_MIGRATION,LONG_GAMMA,LONG_GAMMA,Expansion,Expansion,-100.0,100.0,47.7,62.6,-4168800.0,7358400.0,-550020.6097258172,193952.3321335701,0.04284319999375785,-0.03165827132546967,0.5829596412556093,-0.34982538833274734
2025-09-26,ITC,NIFTY FMCG,1.2496875781054628,1.2496875781054628,1.5257628814407065,400.1,405.9,399.8,405.1,14414044,VOLATILITY_COIL|IV_SKEW_ACCUMULATION,FLOOR_BOUNCE|REGIME_SHIFT|IV_SKEW_ACCUMULATION,LONG_GAMMA,LONG_GAMMA,Compression,Flip Zone,-100.0,100.0,40.8,62.4,-1896000.0,6974400.0,-238117.36060617838,844132.1279700296,-0.014467334667932236,0.016053030233145138,-1.1348383160463604,-2.067623345634717
2025-09-26,ASHOKLEY,NIFTY AUTO,1.0537557849768842,1.6909077882066414,2.8702971009279876,139.57,143.0,139.01,141.93,20914983,REGIME_SHIFT|INVENTORY_MIGRATION|IV_SKEW_ACCUMULATION,FLOOR_BOUNCE|INVENTORY_MIGRATION,LONG_GAMMA,LONG_GAMMA,Expansion,Expansion,-93.3,75.9,40.8,62.3,-1590000.0,1355000.0,-952703.2866895702,406691.91009183275,-0.009243999568681438,0.029527130298869497,11.773507638998272,10.840722609409916
2025-09-26,SAMMAANCAP,NIFTY FIN SERVICE,1.0336485594897749,1.5622697126013385,3.504847129008226,135.7,138.8,134.1,137.82,20412377,IV_SKEW_ACCUMULATION,FLOOR_BOUNCE|INVENTORY_MIGRATION|IV_SKEW_ACCUMULATION,TRANSITION_REGIME,LONG_GAMMA,Support Building,Expansion,41.7,29.6,44.5,62.0,752500.0,511700.0,124055.46809491847,162111.6526496425,-0.007046586171134295,-0.03166077710726367,11.1810261374637,10.248241107875344
2025-09-26,EICHERMOT,NIFTY AUTO,0.8731749212711026,0.9598853868194812,1.801737133012704,6980.0,7091.0,6965.5,7047.0,679362,VOLATILITY_COIL|REGIME_SHIFT|PINCH_ZONE|IV_SKEW_ACCUMULATION,REGIME_SHIFT|INVENTORY_MIGRATION|IV_SKEW_ACCUMULATION,TRANSITION_REGIME,TRANSITION_REGIME,Compression,Expansion,-1.8,2.5,40.8,62.0,-17850.0,3500.0,-12081.892443114106,33636.13564924638,0.009311087700844822,-0.024612035348472894,15.46780271997379,14.535017690385434
2025-09-26,TORNTPHARM,NIFTY PHARMA,0.8324838600068052,1.4529914529914478,4.504607964169849,3510.0,3640.0,3483.1,3561.0,717472,REGIME_SHIFT|INVENTORY_MIGRATION,,TRANSITION_REGIME,TRANSITION_REGIME,Expansion,Support Building,-5.8,5.2,41.6,62.0,-43500.0,70250.0,-18153.306992416263,9371.518742926004,0.01889687828129666,-0.02308086157819056,0.03370975897520889,-0.8990752706131477
2025-09-26,KFINTECH,NIFTY FIN SERVICE,0.7242968676512085,0.6390977443609058,2.1393411586520195,1064.0,1079.0,1056.4,1070.8,704238,VOLATILITY_COIL|IV_SKEW_ACCUMULATION,REGIME_SHIFT|INVENTORY_MIGRATION,TRANSITION_REGIME,TRANSITION_REGIME,Compression,Expansion,-7.9,5.0,40.8,63.4,-160650.0,74700.0,8485.744151683622,19369.771058185088,0.011991064810794483,0.0562971602177354,4.8570309439874615,3.924245914399105
2025-09-26,ICICIGI,NIFTY FIN SERVICE,0.6483154426612847,0.22224574028997246,1.7067576937436657,1889.8,1906.9,1874.9,1894.0,1278304,VOLATILITY_COIL|INVENTORY_MIGRATION,REGIME_SHIFT|INVENTORY_MIGRATION,TRANSITION_REGIME,TRANSITION_REGIME,Expansion,Expansion,-1.7,-1.8,40.8,61.7,-37375.0,-61750.0,-1830.3728447109352,41477.42571839211,0.009523651579043668,0.014298075763029716,2.9571646010002173,2.0243795714118606
2025-09-29,SAMMAANCAP,NIFTY FIN SERVICE,11.93585836598463,10.358394734959585,11.398111047510028,139.79,155.69,139.76,154.27,156720756,FLOOR_BOUNCE|INVENTORY_MIGRATION|IV_SKEW_ACCUMULATION,REGIME_SHIFT|INVENTORY_MIGRATION,LONG_GAMMA,LONG_GAMMA,Expansion,Expansion,29.6,100.0,62.0,59.5,511700.0,1621100.0,162111.6526496425,311258.662838624,-0.03166077710726367,0.22227333550610562,22.992904408833613,22.952904490051715
2025-09-29,IIFL,Other,4.638130439966615,4.476190476190478,4.957102001906577,420.0,440.4,419.6,438.8,1458037,REGIME_SHIFT|INVENTORY_MIGRATION,REGIME_SHIFT|INVENTORY_MIGRATION,SHORT_GAMMA,TRANSITION_REGIME,Expansion,Expansion,-15.4,45.8,62.5,59.5,-174900.0,722700.0,-68310.58103470114,118455.60136054644,0.033225979357478286,0.23176936064809583,-0.04555808656035998,-0.08555800534225666
2025-09-29,BANDHANBNK,NIFTY PVT BANK,4.618758869823236,4.108357940685581,4.4742585697779,155.78,162.75,155.78,162.18,18008398,,FLOOR_BOUNCE|REGIME_SHIFT|IV_SKEW_ACCUMULATION,TRANSITION_REGIME,LONG_GAMMA,Support Weakening,Expansion,-97.8,100.0,63.3,59.5,-1821600.0,3351600.0,-2569.243296833738,482417.74708388874,0.012290133247874646,0.24545470174029282,0.5206396429899618,0.4806397242080651
2025-09-29,HINDPETRO,NIFTY OIL & GAS,4.618117229129659,4.605730523324647,5.432977461447197,422.3,444.4,421.5,441.75,11650349,VOLATILITY_COIL|REGIME_SHIFT|INVENTORY_MIGRATION|IV_SKEW_ACCUMULATION,REGIME_SHIFT|INVENTORY_MIGRATION,TRANSITION_REGIME,LONG_GAMMA,Expansion,Expansion,26.0,-11.0,61.7,59.5,510300.0,-378675.0,-39426.65189103063,175514.67408787322,0.004623620423992225,0.15815235977817138,14.665801427644375,14.625801508862478
2025-09-29,PETRONET,NIFTY OIL & GAS,4.36493068565007,3.89779932860872,4.80463638063191,268.1,280.3,267.45,278.55,10076944,INVENTORY_MIGRATION,GAMMA_SQUEEZE|REGIME_SHIFT|INVENTORY_MIGRATION,SHORT_GAMMA,SHORT_GAMMA,Expansion,Expansion,-11.9,63.1,61.7,59.5,-180000.0,1054800.0,-87101.27666052061,87954.8964332224,0.030776134907997188,0.08283353516975184,0.45077533357373856,0.4107754147918419
2025-09-29,BPCL,NIFTY OIL & GAS,4.239247726221684,3.5052808816776526,4.147465437788012,326.65,339.0,325.5,338.1,12616059,INVENTORY_MIGRATION,FLOOR_BOUNCE|REGIME_SHIFT|INVENTORY_MIGRATION|IV_SKEW_ACCUMULATION,LONG_GAMMA,LONG_GAMMA,Expansion,Expansion,-25.0,90.7,62.4,59.5,-424625.0,1580000.0,-45291.80361225747,79004.91349898255,0.0009429730809638603,0.2133917216595836,7.418586179507547,7.37858626072565
2025-09-29,FORTIS,NIFTY PHARMA,4.0739748056821234,3.4914712153518046,4.390191669343624,938.0,974.9,933.9,970.75,4072382,REGIME_SHIFT|INVENTORY_MIGRATION,REGIME_SHIFT|INVENTORY_MIGRATION|IV_SKEW_ACCUMULATION,TRANSITION_REGIME,TRANSITION_REGIME,Expansion,Expansion,-4.0,17.0,61.7,59.5,-37200.0,195300.0,-28765.456957004182,81362.49967914069,0.006249239339077339,0.16661755832316893,4.9856702536094755,4.945670334827579
2025-09-29,ABCAPITAL,NIFTY FIN SERVICE,3.926138400860535,3.425512934879582,4.006438919692368,280.25,290.75,279.55,289.85,8153327,REGIME_SHIFT|INVENTORY_MIGRATION,FLOOR_BOUNCE|REGIME_SHIFT|INVENTORY_MIGRATION,LONG_GAMMA,LONG_GAMMA,Expansion,Expansion,-7.1,100.0,63.6,59.5,-15500.0,5992300.0,-316637.25348344364,237062.4497042701,0.020338487781474734,0.08598385343843495,3.499375111587222,3.459375192805325
2025-09-29,HINDZINC,NIFTY METAL,3.796481852594069,2.2707327775340014,3.239312472454814,455.8,468.5,453.8,466.15,14939041,REGIME_SHIFT|INVENTORY_MIGRATION|IV_SKEW_ACCUMULATION,FLOOR_BOUNCE|REGIME_SHIFT|INVENTORY_MIGRATION|IV_SKEW_ACCUMULATION,LONG_GAMMA,LONG_GAMMA,Expansion,Expansion,-100.0,100.0,62.5,59.5,-2514925.0,4520250.0,-154485.38192883035,76779.29812484019,-0.015154873114654133,0.15158909941674936,6.939665060793754,6.899665142011857
2025-09-29,LTF,NIFTY FIN SERVICE,3.618434973972673,4.165071261433728,5.318017443097212,235.05,247.55,235.05,244.84,14344044,INVENTORY_MIGRATION|IV_SKEW_ACCUMULATION,INVENTORY_MIGRATION|IV_SKEW_ACCUMULATION,SHORT_GAMMA,LONG_GAMMA,Expansion,Expansion,-100.0,-11.8,62.5,59.5,-1981128.0,-397118.0,-350683.79079817573,481036.07087738556,0.02694960740345781,0.08640623828275107,9.995956691675278,9.955956772893382
2025-09-30,NATIONALUM,NIFTY METAL,4.8845078711196255,4.735553379040169,5.484818805093061,204.2,215.4,204.2,213.87,22791494,REGIME_SHIFT|INVENTORY_MIGRATION|IV_SKEW_ACCUMULATION,REGIME_SHIFT|INVENTORY_MIGRATION|IV_SKEW_ACCUMULATION,TRANSITION_REGIME,TRANSITION_REGIME,Expansion,Expansion,100.0,100.0,56.3,67.4,4785000.0,1995000.0,-86640.19376370768,12437.109534874238,0.11334929500096935,-0.3524710437301991,6.6523712162768645,6.524216160865071
2025-09-30,SAMMAANCAP,NIFTY FIN SERVICE,4.271731380047972,0.8400200601805352,5.239268577357037,159.52,162.3,154.22,160.86,119564586,REGIME_SHIFT|INVENTORY_MIGRATION,,LONG_GAMMA,LONG_GAMMA,Expansion,Expansion,100.0,100.0,59.5,68.7,1621100.0,5241700.0,311258.662838624,-251101.56908805476,0.22227333550610562,-0.45238551898478846,15.427669345579798,15.299514290168004
2025-09-30,BANKINDIA,NIFTY PSU BANK,3.906710448766515,3.705882352941181,4.230445752733392,119.0,123.93,118.9,123.41,18078558,INVENTORY_MIGRATION,REGIME_SHIFT|INVENTORY_MIGRATION,LONG_GAMMA,LONG_GAMMA,Expansion,Expansion,5.3,31.9,57.1,69.0,5200.0,504400.0,258469.22098455508,-77217.23250613135,0.10847705809067704,-0.3753617946391974,9.28976266383279,9.161607608420995
2025-09-30,INDIANB,NIFTY PSU BANK,3.601987303339782,3.259972489683638,4.683631361760665,727.0,761.05,727.0,750.7,4621957,REGIME_SHIFT|INVENTORY_MIGRATION,INVENTORY_MIGRATION,TRANSITION_REGIME,TRANSITION_REGIME,Expansion,Expansion,66.2,42.0,57.1,68.7,1196000.0,706000.0,-61718.307346824266,-84061.24293567619,0.08182343453092611,-0.2438965869708945,13.031694647293545,12.903539591881751
2025-09-30,HINDZINC,NIFTY METAL,3.49672852086238,2.8349142065437594,3.3863903429120823,469.15,483.9,468.05,482.45,15167002,FLOOR_BOUNCE|REGIME_SHIFT|INVENTORY_MIGRATION|IV_SKEW_ACCUMULATION,INVENTORY_MIGRATION,LONG_GAMMA,LONG_GAMMA,Expansion,Expansion,100.0,71.5,59.5,68.5,4520250.0,1292375.0,76779.29812484019,-271707.6050942396,0.15158909941674936,-0.30719221044503897,9.423905647539122,9.295750592127328
2025-09-30,HEROMOTOCO,NIFTY AUTO,3.2449768889727393,2.808566597783213,3.0152169829043673,5323.0,5483.5,5323.0,5472.5,1141788,REGIME_SHIFT|INVENTORY_MIGRATION,INVENTORY_MIGRATION|IV_SKEW_ACCUMULATION,TRANSITION_REGIME,TRANSITION_REGIME,Expansion,Expansion,38.2,16.9,55.2,68.7,764400.0,238500.0,-112245.78371673661,32138.4818196298,0.1613810013293473,-0.361058182924038,3.0214608433734913,2.8933057879616975
2025-09-30,PNB,NIFTY PSU BANK,3.031686603963113,2.535441657579063,3.5047792444242276,110.04,113.7,109.85,112.83,37086442,FLOOR_BOUNCE|REGIME_SHIFT|PINCH_ZONE|IV_SKEW_ACCUMULATION,FLOOR_BOUNCE|INVENTORY_MIGRATION|IV_SKEW_ACCUMULATION,LONG_GAMMA,LONG_GAMMA,Flip Zone,Expansion,100.0,100.0,56.3,66.4,7640000.0,23624000.0,-68585.6213039956,-545747.1155393212,0.1756481753231277,-0.3997522667619742,9.692786311491354,9.56463125607956
2025-09-30,VEDL,NIFTY METAL,2.9961304588170368,1.8364669873196293,3.127753303964753,457.4,468.2,454.0,465.8,16517105,FLOOR_BOUNCE|REGIME_SHIFT|INVENTORY_MIGRATION,INVENTORY_MIGRATION,LONG_GAMMA,TRANSITION_REGIME,Expansion,Expansion,69.4,100.0,54.8,67.8,1306400.0,3636300.0,-42158.651268673886,-271452.79338485666,0.13498580188434595,-0.3733901460570864,7.92400370713624,7.795848651724446
2025-09-30,IIFL,Other,2.985414767547856,2.985414767547856,3.995433789954328,438.8,455.5,438.0,451.9,2039861,REGIME_SHIFT|INVENTORY_MIGRATION,REGIME_SHIFT,TRANSITION_REGIME,TRANSITION_REGIME,Expansion,Expansion,45.8,41.9,59.5,66.1,722700.0,722700.0,118455.60136054644,-62842.54773783065,0.23176936064809583,-0.5290891224230634,3.1264262893655914,2.9982712339537976
2025-09-30,CANBK,NIFTY PSU BANK,2.6809428950863134,2.0288659793814334,2.919285478001976,121.25,124.45,120.92,123.71,47473634,FLOOR_BOUNCE|REGIME_SHIFT|INVENTORY_MIGRATION,INVENTORY_MIGRATION|IV_SKEW_ACCUMULATION,LONG_GAMMA,LONG_GAMMA,Expansion,Expansion,100.0,100.0,57.1,65.7,6547500.0,12885750.0,726599.1818372564,-590209.9234176604,0.11891171309784321,-0.31652185157386525,16.53165033911077,16.403495283698973
2025-10-01,TATAMOTORS,Other,5.608644516318728,5.484581497797358,6.0070671378091856,681.0,720.0,679.2,718.35,30163206,INVENTORY_MIGRATION,REGIME_SHIFT|INVENTORY_MIGRATION|IV_SKEW_ACCUMULATION,LONG_GAMMA,LONG_GAMMA,Expansion,Expansion,100.0,100.0,65.3,59.1,5464000.0,5308800.0,-355787.545574065,450699.32646992645,-0.2529795607359666,0.07535257579957433,3.8003034462827934,3.309711681346039
2025-10-01,SAMMAANCAP,NIFTY FIN SERVICE,5.420862862116116,6.654088050314466,7.11139081183132,159.0,170.2,158.9,169.58,83654236,,INVENTORY_MIGRATION,LONG_GAMMA,LONG_GAMMA,Expansion,Expansion,100.0,65.6,68.7,62.3,5241700.0,1105100.0,-251101.56908805476,-63882.10623466407,-0.45238551898478846,0.2561696688549571,22.34326527667556,21.852673511738807
2025-10-01,SHRIRAMFIN,NIFTY FIN SERVICE,5.291348807011853,5.299894489083701,5.5028000973947,616.05,649.95,616.05,648.7,15107673,REGIME_SHIFT|INVENTORY_MIGRATION,INVENTORY_MIGRATION|IV_SKEW_ACCUMULATION,TRANSITION_REGIME,TRANSITION_REGIME,Expansion,Expansion,8.3,-42.8,67.6,59.0,141075.0,-996600.0,-14679.76663433541,67982.64324529075,-0.2913980744373429,0.16525019564720697,10.643015521064324,10.15242375612757
2025-10-01,KPITTECH,NIFTY IT,5.056026236676692,3.8918918918918965,5.218885672937779,1110.0,1163.3,1105.6,1153.2,3024116,INVENTORY_MIGRATION,,TRANSITION_REGIME,TRANSITION_REGIME,Expansion,Expansion,-63.4,8.8,68.7,59.5,-961200.0,18000.0,80119.54772957727,31422.663529340327,-0.4812428867939593,0.1312800584356347,-5.195659322591261,-5.6862510875280154
2025-10-01,IDEA,NIFTY MEDIA & COMM,4.797047970479684,4.283965728274164,5.018359853121179,8.17,8.58,8.17,8.52,706154001,FLOOR_BOUNCE,,LONG_GAMMA,LONG_GAMMA,Support Building,Expansion,100.0,-100.0,67.5,66.9,139733625.0,-43099425.0,-13398862.092373984,3650731.2440411635,-0.38502161168771354,0.28954870718894643,29.680365296803647,29.18977353186689
2025-10-01,PPLPHARMA,Other,4.1222012973425315,4.171246140158047,5.0808314087759765,191.07,200.2,190.52,199.04,5460929,VOLATILITY_COIL|INVENTORY_MIGRATION,REGIME_SHIFT|INVENTORY_MIGRATION,TRANSITION_REGIME,TRANSITION_REGIME,Expansion,Expansion,20.5,-100.0,67.8,64.8,412500.0,-2790000.0,-92614.86050061008,150046.6898815268,-0.34730484716093135,0.16528667174030134,-1.0538874527739162,-1.5444792177106703
2025-10-01,HUDCO,Other,3.952958011000307,3.3199999999999896,4.551111111111106,225.0,235.24,225.0,232.47,17224500,INVENTORY_MIGRATION,INVENTORY_MIGRATION,TRANSITION_REGIME,TRANSITION_REGIME,Expansion,Expansion,20.5,-100.0,65.3,59.0,357975.0,-2294925.0,-67398.63514299647,124349.36616080167,-0.3635682426252727,0.16066015376553433,7.40620957309186,6.915617808155106
2025-10-01,NYKAA,NIFTY FMCG,3.8213271365866275,4.058658615484156,4.782909531222979,231.85,242.3,231.24,241.26,4704492,INVENTORY_MIGRATION,REGIME_SHIFT,TRANSITION_REGIME,TRANSITION_REGIME,Expansion,Expansion,-18.4,-8.4,64.6,62.3,-353125.0,-278125.0,-66468.31766582534,65943.50091013467,-0.6575965722768995,0.1760211183505135,1.4934163476505002,1.002824582713746
2025-10-01,OFSS,NIFTY IT,3.8200642627632897,3.857142857142848,4.512355258445755,8400.0,8755.0,8377.0,8724.0,176760,INVENTORY_MIGRATION,INVENTORY_MIGRATION,TRANSITION_REGIME,TRANSITION_REGIME,Expansion,Expansion,2.0,5.3,68.0,59.0,58350.0,-7200.0,-542.1577524117104,3099.651982360877,-0.32168549398178203,0.17175054010167265,3.702823179791981,3.2122314148552267
2025-10-01,LTF,NIFTY FIN SERVICE,3.7307445442875453,3.4361374454978,5.009314003401633,249.99,259.31,246.94,258.58,9166397,IV_SKEW_ACCUMULATION,INVENTORY_MIGRATION|IV_SKEW_ACCUMULATION,TRANSITION_REGIME,LONG_GAMMA,Resistance Weakening,Expansion,49.1,-81.1,66.8,59.1,901324.0,-1677712.0,-95611.94052501707,164771.57642003387,-0.29243714630752554,0.14673079712961357,13.83667180277348,13.346080037836726
2025-10-03,KALYANKJIL,NIFTY FMCG,5.770470664087668,5.160256410256414,7.683164037173107,468.0,498.25,462.7,492.15,9945564,REGIME_SHIFT,INVENTORY_MIGRATION,TRANSITION_REGIME,TRANSITION_REGIME,Flip Zone,Expansion,41.2,82.6,62.0,54.5,721450.0,1387675.0,17303.21971054646,65674.86393466694,0.1584441328665362,-0.018462522638306778,-1.9426180514046654,-2.5892908903368483
2025-10-03,NUVAMA,NIFTY FIN SERVICE,4.0915395284327305,3.469669117647056,4.263149823646684,6528.0,6799.0,6521.0,6754.5,577681,IV_SKEW_ACCUMULATION,INVENTORY_MIGRATION|IV_SKEW_ACCUMULATION,TRANSITION_REGIME,TRANSITION_REGIME,Expansion,Expansion,5.2,-0.5,61.2,57.2,18675.0,-136050.0,-327.1425304934096,6315.76410185442,0.20089035393714794,0.021032639569753042,4.712812960235646,4.066140121303463
2025-10-03,INDIANB,NIFTY PSU BANK,3.9210365646835443,3.227762803234513,3.6792452830188616,742.0,769.3,742.0,765.95,2805702,REGIME_SHIFT,REGIME_SHIFT|INVENTORY_MIGRATION,TRANSITION_REGIME,TRANSITION_REGIME,Flip Zone,Expansion,3.6,7.5,58.8,54.6,129000.0,22000.0,-30640.135618079494,40864.874114304956,0.13649834505738923,0.0006345978252535467,15.319180969587464,14.672508130655281
2025-10-03,SOLARINDS,NIFTY INFRA,3.5815761926125234,1.8602941176470544,3.095588235294122,13600.0,14021.0,13600.0,13853.0,240741,VOLATILITY_COIL,INVENTORY_MIGRATION,TRANSITION_REGIME,TRANSITION_REGIME,Compression,Expansion,-0.2,4.4,56.1,58.4,-12150.0,-25950.0,387.4197665751451,3284.7890972050295,0.18539935214310682,-0.030922933685319454,-1.4652535742229134,-2.1119264131550963
2025-10-03,IDEA,NIFTY MEDIA & COMM,3.521126760563398,3.2786885245901676,3.9906103286384997,8.54,8.86,8.52,8.82,721854709,,INVENTORY_MIGRATION,LONG_GAMMA,LONG_GAMMA,Expansion,Expansion,-100.0,100.0,66.9,61.6,-43099425.0,30805725.0,3650731.2440411635,6836394.19348477,0.28954870718894643,0.017055613340400844,33.43419062027231,32.78751778134013
2025-10-03,TATASTEEL,NIFTY METAL,3.4027819234672574,3.0275993338091833,3.937663573637873,168.12,174.74,168.12,173.21,55172705,INVENTORY_MIGRATION|IV_SKEW_ACCUMULATION,FLOOR_BOUNCE|REGIME_SHIFT|INVENTORY_MIGRATION|IV_SKEW_ACCUMULATION,LONG_GAMMA,LONG_GAMMA,Expansion,Expansion,-100.0,84.3,54.5,54.5,-9966000.0,1408000.0,477689.67857284995,591106.9535959774,0.10951978754308095,-0.007245499848825027,3.8367004376236524,3.1900275986914695
2025-10-03,HFCL,Other,3.33696540452193,3.224489795918384,4.587281966762813,73.5,76.15,72.81,75.87,18386988,INVENTORY_MIGRATION,INVENTORY_MIGRATION,LONG_GAMMA,LONG_GAMMA,Expansion,Expansion,-47.1,-43.7,62.9,58.4,-922350.0,-948150.0,33961.85006197452,123634.87402089275,0.20771293981703876,-0.009775444470632721,8.401200171453072,7.7545273325208885
2025-10-03,NBCC,NIFTY REALTY,3.324808184143224,3.014297422821244,4.01977840857064,109.81,113.6,109.21,113.12,11412595,REGIME_SHIFT|PINCH_ZONE,INVENTORY_MIGRATION,LONG_GAMMA,LONG_GAMMA,Flip Zone,Expansion,-20.6,-0.1,57.4,54.6,-468000.0,-110500.0,71552.2393947228,95758.2861641878,0.18751653684214786,-0.00032332274031199315,11.141678129298494,10.495005290366311
2025-10-03,POWERGRID,NIFTY ENERGY,3.224657046142876,2.241044644432666,3.184486746130588,283.35,290.0,281.05,289.7,19597461,VOLATILITY_COIL|IV_SKEW_ACCUMULATION,REGIME_SHIFT|INVENTORY_MIGRATION,TRANSITION_REGIME,LONG_GAMMA,Compression,Expansion,10.0,-86.5,54.5,55.1,195700.0,-1808800.0,-46019.0083908299,460207.28435040225,0.09688208052838818,0.008131879043906776,2.8034066713981565,2.1567338324659735
2025-10-03,NATIONALUM,NIFTY METAL,3.1048951048951112,3.1048951048951112,4.708624708624698,214.5,224.6,214.5,221.16,25070995,VOLATILITY_COIL|IV_SKEW_ACCUMULATION,REGIME_SHIFT|INVENTORY_MIGRATION,LONG_GAMMA,LONG_GAMMA,Compression,Expansion,-2.9,-58.4,54.5,53.5,-56250.0,-1226250.0,11809.249695889244,109868.39103543322,0.13617491582511926,0.010621410232552309,7.011177239076805,6.364504400144622
2025-10-06,FORTIS,NIFTY PHARMA,7.496940024479826,6.026156941649918,7.395400668625252,994.0,1060.1,987.1,1053.9,10745414,IV_SKEW_ACCUMULATION,INVENTORY_MIGRATION,TRANSITION_REGIME,TRANSITION_REGIME,Dealer Controlled,Expansion,-12.6,-12.4,50.0,57.0,-213125.0,-481275.0,2906.371925401887,51582.97980967855,0.0028235519021095334,0.022592521952446154,11.188479189745216,9.8277823706999
2025-10-06,MAXHEALTH,NIFTY PHARMA,6.593714927048255,3.5149863760218114,4.701362846428259,1101.0,1144.7,1093.3,1139.7,8494611,INVENTORY_MIGRATION|IV_SKEW_ACCUMULATION,REGIME_SHIFT|INVENTORY_MIGRATION,TRANSITION_REGIME,TRANSITION_REGIME,Expansion,Expansion,-75.3,100.0,51.9,55.7,-1337175.0,1924650.0,34274.112812558065,-25650.427842871242,0.013521754486031101,0.016130899958719302,-2.589743589743587,-3.9504404087889022
2025-10-06,NYKAA,NIFTY FMCG,6.475960135106962,6.475960135106962,7.28601252609602,239.81,256.95,239.5,255.34,29018183,REGIME_SHIFT|INVENTORY_MIGRATION,INVENTORY_MIGRATION|IV_SKEW_ACCUMULATION,LONG_GAMMA,LONG_GAMMA,Expansion,Expansion,-75.1,-42.8,53.9,53.1,-1421875.0,-1028125.0,68456.15017627558,139578.85156924993,-0.011720148370947814,-0.004560272093365958,5.234091658424012,3.8733948393786966
2025-10-06,BSE,NIFTY FIN SERVICE,5.947262826024646,5.428530684032906,5.794481446241684,2103.7,2223.8,2102.0,2217.9,8546614,REGIME_SHIFT,REGIME_SHIFT|INVENTORY_MIGRATION,TRANSITION_REGIME,TRANSITION_REGIME,Flip Zone,Expansion,-2.6,34.3,55.6,57.0,-64500.0,447750.0,11803.586115628119,49285.171321584254,0.003455125216887067,0.018387852446084096,-4.384376616658036,-5.745073435703351
2025-10-06,DELHIVERY,NIFTY SERVICES,5.785501943745719,4.897959183673484,5.613636363636365,441.0,464.7,440.0,462.6,12219680,REGIME_SHIFT,REGIME_SHIFT|INVENTORY_MIGRATION,TRANSITION_REGIME,TRANSITION_REGIME,Flip Zone,Expansion,-13.8,62.4,49.9,56.6,-286350.0,1014675.0,30925.302360016096,35164.0919085507,0.014747147476058209,-0.006946420483897764,-1.311999999999991,-2.672696819045306
2025-10-06,PAYTM,NIFTY FIN SERVICE,4.811643835616453,5.081545064377679,6.02534264287562,1165.0,1230.0,1160.1,1224.2,4755485,REGIME_SHIFT|IV_SKEW_ACCUMULATION,INVENTORY_MIGRATION|IV_SKEW_ACCUMULATION,TRANSITION_REGIME,TRANSITION_REGIME,Flip Zone,Expansion,10.6,37.1,54.4,56.6,152975.0,556075.0,14568.27714605023,25716.488111614133,-0.009830143907008482,0.036010368173294616,-2.4308599665258668,-3.791556785571182
2025-10-06,CHOLAFIN,NIFTY FIN SERVICE,4.0231714303902155,4.009929348863861,6.017191977077374,1571.1,1665.0,1570.5,1634.1,1859040,IV_SKEW_ACCUMULATION,REGIME_SHIFT|INVENTORY_MIGRATION|IV_SKEW_ACCUMULATION,TRANSITION_REGIME,TRANSITION_REGIME,Support Weakening,Expansion,-15.1,6.4,54.3,53.1,-225625.0,625.0,-5351.128578268705,30266.69112628889,-0.0097568742740205,0.019365364887694858,9.604936615467153,8.244239796421837
2025-10-06,SHRIRAMFIN,NIFTY FIN SERVICE,3.97181790027874,3.859242072699165,4.485692188708423,646.5,675.5,646.5,671.45,10343487,IV_SKEW_ACCUMULATION,INVENTORY_MIGRATION,TRANSITION_REGIME,TRANSITION_REGIME,Support Building,Expansion,8.2,23.7,49.9,53.6,187275.0,320925.0,-12111.845160501223,21244.715902886863,-0.00984599202447689,0.0005318062361915343,13.324894514767948,11.964197695722632
2025-10-06,NAUKRI,NIFTY IT,3.4485343728915208,3.4407796101949106,4.962349397590371,1334.0,1393.9,1328.0,1379.9,891973,VOLATILITY_COIL,INVENTORY_MIGRATION,TRANSITION_REGIME,TRANSITION_REGIME,Compression,Expansion,-5.8,9.7,55.3,53.2,-99375.0,81375.0,1989.2160532089838,7469.1420730219415,-0.009874723959560017,0.008434763959755565,2.4424647364513774,1.0817679174060624
2025-10-06,COFORGE,NIFTY IT,3.056227140288903,2.941358598055599,4.267567736687328,1614.9,1666.3,1598.1,1662.4,1432985,,,TRANSITION_REGIME,TRANSITION_REGIME,Support Building,Expansion,5.2,3.3,57.2,53.4,78375.0,-33750.0,6895.058388201462,23751.421700068924,-0.0019478239230767969,0.015644566446957442,0.24724115057590534,-1.1134556684694097
2025-10-07,IDEA,NIFTY MEDIA & COMM,8.382526564344728,7.49414519906324,10.357142857142843,8.54,9.27,8.4,9.18,1451756349,INVENTORY_MIGRATION,INVENTORY_MIGRATION,LONG_GAMMA,LONG_GAMMA,Expansion,Expansion,-100.0,100.0,58.7,50.1,-34522425.0,53105925.0,-7345439.2571465885,8366911.78650307,0.03345627329674716,0.00360913170656163,25.92592592592593,24.57304992913103
2025-10-07,IGL,Other,5.796404883206763,5.781152385986843,6.780719880820785,208.09,222.2,208.09,220.12,24751654,INVENTORY_MIGRATION,REGIME_SHIFT|INVENTORY_MIGRATION,TRANSITION_REGIME,LONG_GAMMA,Expansion,Expansion,-3.9,-100.0,48.4,48.5,-57750.0,-2378750.0,-16358.509266234469,163191.10669614043,0.012446211105246185,0.03938996158602609,3.182862232222372,1.829986235427472
2025-10-07,DIVISLAB,NIFTY PHARMA,4.771303526988757,4.172354948805457,4.947269141730248,5860.0,6120.0,5831.5,6104.5,1024126,REGIME_SHIFT|IV_SKEW_ACCUMULATION,INVENTORY_MIGRATION,TRANSITION_REGIME,TRANSITION_REGIME,Flip Zone,Expansion,-3.8,16.5,48.4,48.5,-50000.0,149300.0,-742.8504460276945,3921.1343967472403,0.0005232850776440423,0.03651100724098727,1.277478224802997,-0.075397771991903
2025-10-07,TORNTPOWER,Other,3.3333333333333437,3.161397670549082,3.833013915507033,1202.0,1246.1,1200.1,1240.0,776298,REGIME_SHIFT|INVENTORY_MIGRATION,,TRANSITION_REGIME,TRANSITION_REGIME,Expansion,Expansion,-17.4,7.3,57.1,48.3,-283875.0,41625.0,7136.470892533506,6479.502257244825,-0.0018063217429350464,0.027824176032429926,-1.571678044133984,-2.924554040928884
2025-10-07,TITAGARH,Other,3.1595928130388806,3.1423804226918817,3.7779017857142883,899.0,929.85,896.0,927.25,1801749,REGIME_SHIFT|PINCH_ZONE,INVENTORY_MIGRATION,TRANSITION_REGIME,TRANSITION_REGIME,Flip Zone,Expansion,-14.6,-26.3,49.1,47.0,-317550.0,-600300.0,16334.656204804898,35411.01385352053,0.029899185656020733,0.014910589365071447,9.733727810650894,8.380851813855994
2025-10-07,AMBER,NIFTY CONS DURABLES,2.972658878218848,2.2782503037667157,3.8825408526846017,8230.0,8455.0,8139.0,8417.5,276589,,IV_SKEW_ACCUMULATION,TRANSITION_REGIME,TRANSITION_REGIME,Dealer Controlled,Expansion,-1.0,3.9,50.0,50.1,-5900.0,-14500.0,-41.03143512069255,934.9742004433538,0.01070507073927035,-0.03526961373654697,12.638833132610738,11.285957135815838
2025-10-07,FEDERALBNK,NIFTY PVT BANK,2.8451926055974353,2.612055641421951,2.998454404945905,194.1,199.92,194.1,199.17,12430510,REGIME_SHIFT,FLOOR_BOUNCE|REGIME_SHIFT|INVENTORY_MIGRATION|IV_SKEW_ACCUMULATION,LONG_GAMMA,LONG_GAMMA,Flip Zone,Expansion,-100.0,100.0,48.4,46.8,-8325000.0,5980000.0,535129.799170836,-16700.196927670855,0.019337283871645516,0.011078168670503874,4.485363550519339,3.132487553724439
2025-10-07,NYKAA,NIFTY FMCG,2.7649408631628347,2.10116731517509,4.484657749803311,257.0,265.6,254.2,262.4,28356081,INVENTORY_MIGRATION|IV_SKEW_ACCUMULATION,,LONG_GAMMA,LONG_GAMMA,Expansion,Expansion,-42.8,51.5,53.1,47.2,-1028125.0,884375.0,139578.85156924993,135905.01951130945,-0.004560272093365958,0.003008147627200697,6.1145260433516535,4.7616500465567535
2025-10-07,LODHA,NIFTY REALTY,2.6813738678145516,2.415026833631484,4.859847105933746,1118.0,1152.2,1098.8,1145.0,6502049,VOLATILITY_COIL,REGIME_SHIFT,TRANSITION_REGIME,TRANSITION_REGIME,Compression,Expansion,-3.5,23.4,55.7,45.4,-72900.0,362250.0,6734.368137376885,2010.0216049458031,0.010673914402329232,-0.0002721436258190102,-3.0974949221394654,-4.450370918934365
2025-10-07,OFSS,NIFTY IT,2.6282509484796934,2.6677667766776603,3.0990257059503534,9090.0,9365.0,9083.5,9332.5,204283,REGIME_SHIFT,IV_SKEW_ACCUMULATION,TRANSITION_REGIME,TRANSITION_REGIME,Flip Zone,Expansion,2.4,4.6,51.5,43.2,6375.0,11175.0,23.600268017513372,1589.1549797833195,0.013686122590614858,0.01180597120644844,12.432985964700926,11.080109967906026
2025-10-08,RBLBANK,NIFTY PVT BANK,4.715774081520729,4.20152782830121,6.0810810810810745,274.9,290.45,273.8,286.45,34201386,FLOOR_BOUNCE,,LONG_GAMMA,LONG_GAMMA,Support Building,Expansion,6.4,100.0,42.4,52.6,152400.0,2006600.0,-62814.580910762306,73793.08460271673,0.011115719704534066,0.006589255233503066,4.7540683854452315,4.0401158509237645
2025-10-08,TITAN,NIFTY FMCG,4.312211105260078,2.6367299942429367,3.4682080924855585,3474.0,3580.0,3460.0,3565.6,4531362,VOLATILITY_COIL|REGIME_SHIFT,INVENTORY_MIGRATION|IV_SKEW_ACCUMULATION,TRANSITION_REGIME,TRANSITION_REGIME,Compression,Expansion,-9.2,7.2,40.1,49.2,-166600.0,-68600.0,14936.08694732943,49650.38614336535,0.005942164254611471,-0.0216221235618472,-1.7768105561830283,-2.4907630907044953
2025-10-08,NATIONALUM,NIFTY METAL,3.0174598055926705,2.5074490029796115,3.760605365741787,218.15,226.25,218.05,223.62,32888505,VOLATILITY_COIL|PINCH_ZONE,FLOOR_BOUNCE|REGIME_SHIFT|INVENTORY_MIGRATION,LONG_GAMMA,LONG_GAMMA,Compression,Expansion,-100.0,100.0,40.1,48.2,-2141250.0,6705000.0,140009.6968345896,-88560.13908819138,-0.017369708774781334,-0.0011968423698043296,8.22766431129609,7.513711776774623
2025-10-08,IIFL,Other,2.933753943217665,2.9229313426558656,4.675876726886297,475.55,492.5,470.5,489.45,2728202,INVENTORY_MIGRATION,INVENTORY_MIGRATION|IV_SKEW_ACCUMULATION,TRANSITION_REGIME,TRANSITION_REGIME,Expansion,Expansion,4.8,41.8,41.1,48.0,51150.0,712800.0,6885.854415423557,-11317.233198138405,-0.0038869568321985293,-0.0008030212637980538,11.12498580996708,10.411033275445615
2025-10-08,INFY,NIFTY IT,2.5025711347274493,2.6080988332189525,2.955326460481089,1457.0,1498.0,1455.0,1495.0,4657192,PINCH_ZONE,FLOOR_BOUNCE|REGIME_SHIFT|PINCH_ZONE,LONG_GAMMA,LONG_GAMMA,Support Weakening,Expansion,-84.5,22.1,40.1,47.6,-1577200.0,307200.0,33722.40115762409,142556.58520343225,-0.0074451682460069946,0.002902750221652761,-0.6182277471249109,-1.332180281646378
2025-10-08,TCS,NIFTY IT,1.7991054914752613,1.7546218487394905,2.526954177897567,2975.0,3043.0,2968.0,3027.2,4121889,INVENTORY_MIGRATION,PINCH_ZONE,LONG_GAMMA,LONG_GAMMA,Expansion,Dealer Controlled,-58.6,-0.9,40.1,47.6,-1088325.0,-129150.0,12559.201113542542,156479.72554768668,0.003403593235875413,-0.0049176355770168545,-0.728012067947803,-1.44196460246927
2025-10-08,FEDERALBNK,NIFTY PVT BANK,1.7271677461465185,1.0523690773067473,2.0817657386506205,200.5,203.5,199.35,202.61,9371594,FLOOR_BOUNCE|REGIME_SHIFT|INVENTORY_MIGRATION|IV_SKEW_ACCUMULATION,INVENTORY_MIGRATION,LONG_GAMMA,LONG_GAMMA,Expansion,Expansion,100.0,-89.3,46.8,46.7,5980000.0,-1785000.0,-16700.196927670855,268806.5086653407,0.011078168670503874,0.007664411866184828,5.729791786254768,5.015839251733301
2025-10-08,SBICARD,NIFTY FIN SERVICE,1.6627078384798155,0.568306010928965,3.429264527511311,915.0,938.0,906.9,920.2,2624444,REGIME_SHIFT|PINCH_ZONE,PINCH_ZONE,TRANSITION_REGIME,TRANSITION_REGIME,Flip Zone,Dealer Controlled,22.4,-7.7,40.1,46.4,432000.0,-206400.0,-66889.44519907015,1413.8337201073882,-0.011292037271653788,-0.010963548428538639,12.308537255141271,11.594584720619803
2025-10-08,COFORGE,NIFTY IT,1.6128075896827854,1.8543833580980662,3.5797525847128586,1682.5,1733.2,1673.3,1713.7,2733508,,REGIME_SHIFT|INVENTORY_MIGRATION,TRANSITION_REGIME,TRANSITION_REGIME,Dealer Controlled,Expansion,-4.5,-9.3,43.2,46.4,-128625.0,-233250.0,15419.97578591587,20035.00606535538,0.019886965654342226,-0.015552224553415261,1.0078981492396721,0.29394561471820513
2025-10-08,PIDILITIND,NIFTY COMMODITIES,1.5500713848664027,1.6814159292035447,2.496580027359774,1469.0,1498.5,1462.0,1493.7,1023522,PINCH_ZONE,REGIME_SHIFT|PINCH_ZONE,TRANSITION_REGIME,TRANSITION_REGIME,Dealer Controlled,Flip Zone,-4.1,-3.0,40.1,46.4,-42000.0,-106000.0,-7629.931366054077,18766.293204158952,-0.00819973933290194,0.009493323755148081,-51.81768330053869,-52.53163583506016
2025-10-09,PGEL,NIFTY CONS DURABLES,7.470371089955297,7.4181959413535115,8.54866912764718,514.95,558.7,514.7,553.15,18898532,,INVENTORY_MIGRATION,TRANSITION_REGIME,TRANSITION_REGIME,Dealer Controlled,Expansion,-2.2,81.9,49.5,57.2,-3500.0,1321600.0,133.93569370915066,9047.980461139698,-0.014617389809536585,0.028582168325480106,-3.346147125633403,-4.1818463379858954
2025-10-09,MCX,NIFTY FIN SERVICE,6.313347173036998,6.313347173036998,6.969493183346587,8189.0,8748.5,8178.5,8706.0,1303330,VOLATILITY_COIL|IV_SKEW_ACCUMULATION,INVENTORY_MIGRATION,TRANSITION_REGIME,TRANSITION_REGIME,Compression,Expansion,-3.6,32.9,44.5,57.2,-59875.0,404125.0,2795.124271882658,-3754.4829579572215,0.007906199648381462,0.008826398901368826,14.266964168526064,13.431264956173571
2025-10-09,SONACOMS,NIFTY AUTO,5.971622455274517,5.43825190277436,6.350968060180051,407.3,431.2,405.45,429.45,4699597,IV_SKEW_ACCUMULATION,INVENTORY_MIGRATION,TRANSITION_REGIME,TRANSITION_REGIME,Support Weakening,Expansion,-20.9,36.3,45.9,56.7,-339150.0,512400.0,2873.5133911571975,25668.570892655618,0.02032818066623099,-0.017950880201243247,-4.577269192311972,-5.412968404664464
2025-10-09,AUROPHARMA,NIFTY PHARMA,4.5853567426223485,2.08751139471286,2.8584474885844813,1097.0,1126.3,1095.0,1119.9,4941010,PINCH_ZONE,PINCH_ZONE,TRANSITION_REGIME,TRANSITION_REGIME,Dealer Controlled,Expansion,-12.2,-0.5,45.2,50.0,-180950.0,-163350.0,-5038.426526711612,40470.64497175999,0.015182977413996435,0.014173120802804251,6.626678091973726,5.790978879621234
2025-10-09,PRESTIGE,NIFTY REALTY,4.564671687144939,0.8216560509554105,4.216828687310881,1570.0,1618.8,1553.3,1582.9,3660768,INVENTORY_MIGRATION|IV_SKEW_ACCUMULATION,INVENTORY_MIGRATION,TRANSITION_REGIME,TRANSITION_REGIME,Expansion,Expansion,-5.5,-10.4,50.7,50.0,-73800.0,-343350.0,2704.3867419507933,23245.21445232629,0.011692491929732096,0.02291677511781659,1.3445162942570033,0.5088170819045112
2025-10-09,HINDZINC,NIFTY METAL,4.434250764525993,4.115853658536595,5.500358496363833,492.0,515.0,488.15,512.25,16377426,VOLATILITY_COIL|FLOOR_BOUNCE|INVENTORY_MIGRATION|IV_SKEW_ACCUMULATION,FLOOR_BOUNCE|REGIME_SHIFT|PINCH_ZONE,LONG_GAMMA,LONG_GAMMA,Expansion,Expansion,3.8,100.0,44.5,50.0,66150.0,1874250.0,8792.333606542728,-20790.25096545153,-0.0025482344386847378,0.0017754186272220251,18.34353702206306,17.50783780971057
2025-10-09,INOXWIND,NIFTY ENERGY,3.9459727034863334,3.51408450704227,4.6964652546575225,142.0,147.8,141.17,146.99,11741660,INVENTORY_MIGRATION,INVENTORY_MIGRATION|IV_SKEW_ACCUMULATION,LONG_GAMMA,LONG_GAMMA,Expansion,Expansion,-11.7,90.5,45.2,57.2,-274848.0,1606552.0,80863.59249066509,687.2953524973709,0.008685719301354256,-0.018153694409593635,-1.4944377429298994,-2.3301369552823914
2025-10-09,BSE,NIFTY FIN SERVICE,3.832100525799831,3.832100525799831,4.843049327354265,2244.2,2338.0,2230.0,2330.2,7865924,INVENTORY_MIGRATION,INVENTORY_MIGRATION,TRANSITION_REGIME,TRANSITION_REGIME,Expansion,Expansion,-13.9,100.0,44.5,54.0,-272250.0,1795875.0,15610.894865153008,-16395.365470232748,-0.004211150110185802,-0.04653916982085482,2.8105007721155983,1.9748015597631063
2025-10-09,SAIL,NIFTY METAL,3.5985423625873203,3.378787878787892,4.095433477699251,132.0,137.0,131.61,136.46,41930005,,FLOOR_BOUNCE|REGIME_SHIFT,LONG_GAMMA,LONG_GAMMA,Support Weakening,Expansion,-100.0,100.0,50.7,50.0,-3473300.0,7736200.0,178192.11609715433,-58521.624540707795,-0.007113149846219136,0.0008878308518390776,5.195806352143095,4.360107139790603
2025-10-09,GMRAIRPORT,NIFTY INFRA,3.5620504623815386,4.084911072862862,4.62845985988285,87.15,91.1,87.07,90.71,12062943,PINCH_ZONE,REGIME_SHIFT|INVENTORY_MIGRATION,LONG_GAMMA,LONG_GAMMA,Support Weakening,Expansion,-72.4,-100.0,44.5,49.5,-1346175.0,-5008050.0,-47717.39207406109,1039930.3724971595,0.01311794314617798,-0.004042757778517814,4.108802938138423,3.273103725785931
2025-10-10,YESBANK,NIFTY PVT BANK,7.0472792149866015,6.9042316258352,8.385370205173936,22.45,24.3,22.42,24.0,551294320,FLOOR_BOUNCE|IV_SKEW_ACCUMULATION,INVENTORY_MIGRATION,LONG_GAMMA,LONG_GAMMA,Support Building,Expansion,100.0,100.0,43.4,57.0,24444600.0,54207300.0,-320442.63905221317,-1677094.6952465754,-0.01505093016397574,0.05053617166804658,14.394661582459477,13.275507796292452
2025-10-10,PGEL,NIFTY CONS DURABLES,5.929675494892894,6.478284572051618,7.508656825223237,550.3,589.9,548.7,585.95,14062831,INVENTORY_MIGRATION,INVENTORY_MIGRATION|IV_SKEW_ACCUMULATION,TRANSITION_REGIME,TRANSITION_REGIME,Expansion,Expansion,81.9,100.0,57.2,56.6,1321600.0,1909600.0,9047.980461139698,-20945.269831589867,0.028582168325480106,0.012685352728539712,2.7892290149986954,1.670075228831669
2025-10-10,DIVISLAB,NIFTY PHARMA,5.5854533594259514,5.576844679983695,6.5057283142389455,6132.5,6507.5,6110.0,6474.5,1651908,VOLATILITY_COIL,INVENTORY_MIGRATION|IV_SKEW_ACCUMULATION,TRANSITION_REGIME,TRANSITION_REGIME,Compression,Expansion,-0.4,11.3,41.3,56.6,11600.0,2900.0,-1842.2845793662837,16875.733327934155,0.0013330644657175705,0.026181544212345476,7.63028842157758,6.511134635410554
2025-10-10,BANDHANBNK,NIFTY PVT BANK,3.686466625842,3.686466625842,4.304899736309564,163.3,170.09,163.07,169.32,10328003,,REGIME_SHIFT|IV_SKEW_ACCUMULATION,LONG_GAMMA,LONG_GAMMA,Support Weakening,Expansion,-18.0,57.8,43.3,56.6,-399600.0,964800.0,89990.37214717176,181434.73797442374,-0.006725395680171831,0.008594584366755087,1.6387538267603086,0.5196000405932821
2025-10-10,CIPLA,NIFTY PHARMA,3.2185579274337517,3.2253800396563115,4.121043201274133,1513.0,1569.0,1506.9,1561.8,1495524,,IV_SKEW_ACCUMULATION,TRANSITION_REGIME,TRANSITION_REGIME,Dealer Controlled,Expansion,-5.6,43.2,44.0,55.9,-149625.0,709875.0,39228.68188937733,32308.53924801876,-0.013174904385035435,0.01638050961114132,0.06406970784214039,-1.055084078324886
2025-10-10,BLUESTARCO,NIFTY CONS DURABLES,3.0016382180415357,0.4690721649484475,3.3487540742298316,1940.0,1965.9,1902.2,1949.1,1126480,VOLATILITY_COIL|REGIME_SHIFT|INVENTORY_MIGRATION,REGIME_SHIFT|INVENTORY_MIGRATION|IV_SKEW_ACCUMULATION,TRANSITION_REGIME,TRANSITION_REGIME,Expansion,Expansion,-0.9,0.1,47.6,51.3,-16900.0,-89050.0,596.0754587573388,8353.196457573335,0.0007333839927321506,0.01662671506478486,3.301886792452824,2.1827330062857975
2025-10-10,CDSL,NIFTY FIN SERVICE,2.996278711664324,3.2347266881028958,3.6012861736334445,1555.0,1611.0,1555.0,1605.3,3338032,IV_SKEW_ACCUMULATION,REGIME_SHIFT|INVENTORY_MIGRATION,TRANSITION_REGIME,TRANSITION_REGIME,Dealer Controlled,Expansion,-6.8,14.8,43.7,51.3,-167200.0,184300.0,8165.419937993138,16368.60013735389,0.0046495852914730795,-0.02294575237301144,4.791435472289307,3.6722816861222807
2025-10-10,GODREJPROP,NIFTY REALTY,2.973172532611379,2.1984464311886276,3.3202357563850704,2046.9,2103.6,2036.0,2091.9,892776,VOLATILITY_COIL,REGIME_SHIFT|IV_SKEW_ACCUMULATION,TRANSITION_REGIME,TRANSITION_REGIME,Compression,Expansion,-2.3,12.2,41.3,54.7,-41800.0,138325.0,-4058.373659922847,18435.80775502072,-0.00104131890150172,0.00633024855968678,4.962368289011554,3.8432145028445275
2025-10-10,HFCL,Other,2.784536361178702,2.2730329522528736,4.4653665097511785,74.35,77.67,74.35,76.04,23042103,PINCH_ZONE,FLOOR_BOUNCE|REGIME_SHIFT|INVENTORY_MIGRATION,LONG_GAMMA,LONG_GAMMA,Support Weakening,Expansion,-30.6,51.4,41.6,45.1,-619200.0,890100.0,38276.65931893542,53378.939000687096,-0.005385902065673409,-0.015190017463302952,8.195788275469562,7.076634489302536
2025-10-10,PNB,NIFTY PSU BANK,2.57217847769029,2.3930131004366695,3.2323055360896857,114.5,117.85,114.16,117.24,40846119,FLOOR_BOUNCE|REGIME_SHIFT|PINCH_ZONE|IV_SKEW_ACCUMULATION,FLOOR_BOUNCE|REGIME_SHIFT|INVENTORY_MIGRATION|IV_SKEW_ACCUMULATION,LONG_GAMMA,LONG_GAMMA,Flip Zone,Expansion,100.0,100.0,41.6,47.9,2240000.0,19496000.0,-153723.8666258487,-691.7072394150309,-0.006456034331286664,-0.01191139302145,8.797327394209354,7.678173608042328
2025-10-13,KFINTECH,NIFTY FIN SERVICE,6.64801864801865,4.935779816513763,5.859590934217795,1090.0,1149.0,1085.4,1143.8,5986348,PINCH_ZONE,INVENTORY_MIGRATION,TRANSITION_REGIME,TRANSITION_REGIME,Support Building,Expansion,18.7,-4.0,47.9,46.2,296100.0,-283050.0,-9691.219249281028,23746.061750648205,-0.0015472012036819582,0.044167172073057426,3.2963063307143603,2.8449644496918225
2025-10-13,LTF,NIFTY FIN SERVICE,4.116544289954671,4.438785504407439,4.773859490840637,255.25,267.1,254.93,266.58,10792642,IV_SKEW_ACCUMULATION,REGIME_SHIFT,LONG_GAMMA,LONG_GAMMA,Support Weakening,Expansion,-36.0,88.6,46.7,53.9,-624680.0,1530466.0,-111294.51356552419,235697.04116427654,0.011203218586618324,0.0028630179630600994,13.45760980592441,13.006267924901872
2025-10-13,BSE,NIFTY FIN SERVICE,3.815513626834388,4.2526315789473745,6.369426751592355,2375.0,2505.0,2355.0,2476.0,8770554,,IV_SKEW_ACCUMULATION,TRANSITION_REGIME,TRANSITION_REGIME,Support Building,Expansion,22.8,32.4,51.1,53.9,366375.0,490500.0,34134.46143408885,25492.21247060536,-0.01685555329750904,0.02018277337910651,12.48409958204617,12.032757701023632
2025-10-13,TORNTPOWER,Other,3.5745985637053224,3.842731170617264,5.102040816326525,1236.1,1287.5,1225.0,1283.6,1094601,VOLATILITY_COIL,INVENTORY_MIGRATION,TRANSITION_REGIME,TRANSITION_REGIME,Compression,Expansion,-0.9,12.0,44.8,46.5,-15000.0,118125.0,1604.9268259713099,10882.625504246673,0.0034689838833689146,0.025014226543061957,1.2462533522637598,0.794911471241222
2025-10-13,FORTIS,NIFTY PHARMA,3.286805621050659,3.121468926553672,4.04130906347262,1062.0,1103.15,1060.3,1095.15,4683912,INVENTORY_MIGRATION,IV_SKEW_ACCUMULATION,TRANSITION_REGIME,TRANSITION_REGIME,Expansion,Expansion,0.4,17.5,45.7,51.6,35650.0,223200.0,-29900.88423911969,47202.85692381023,0.0024902949246159434,0.01917960073277092,12.90206185567011,12.450719974647573
2025-10-13,MCX,NIFTY FIN SERVICE,2.8658571675202804,2.7298850574712707,3.310344827586209,8700.0,8988.0,8700.0,8937.5,1147752,VOLATILITY_COIL|INVENTORY_MIGRATION,IV_SKEW_ACCUMULATION,TRANSITION_REGIME,TRANSITION_REGIME,Expansion,Expansion,-13.6,3.7,45.7,52.4,-236250.0,-28250.0,9219.242608078941,7372.0452532020645,-0.00804519190723868,0.014729429336749533,15.643397813288473,15.192055932265935
2025-10-13,HDFCAMC,NIFTY FIN SERVICE,2.6992753623188426,2.1165450779068617,2.441661410937912,5551.5,5685.0,5549.5,5669.0,643571,REGIME_SHIFT,INVENTORY_MIGRATION,TRANSITION_REGIME,TRANSITION_REGIME,Flip Zone,Expansion,1.6,1.4,44.9,41.8,8100.0,-58500.0,106.38449112018316,8028.297146055229,-0.009510259371774188,0.027984319109027767,-2.233336207639902,-2.68467808866244
2025-10-13,FEDERALBNK,NIFTY PVT BANK,2.265962554008638,2.3642479577126396,2.980899093189282,208.1,213.5,207.32,213.02,15174980,IV_SKEW_ACCUMULATION,INVENTORY_MIGRATION,LONG_GAMMA,LONG_GAMMA,Resistance Weakening,Expansion,50.6,-100.0,47.3,41.7,975000.0,-4635000.0,-148383.8126684397,378446.53822753625,-0.008357490295011094,0.024400220595587496,9.600740893187897,9.14939901216536
2025-10-13,CHOLAFIN,NIFTY FIN SERVICE,2.044356337504638,2.0570012391573744,2.7033745572058843,1614.0,1652.6,1609.1,1647.2,1392973,IV_SKEW_ACCUMULATION,,TRANSITION_REGIME,TRANSITION_REGIME,Dealer Controlled,Dealer Controlled,-1.4,1.3,44.9,41.8,-13750.0,-41875.0,-3397.868311268554,43457.072981531834,-0.0014047279474995733,0.013072742634767709,8.920187793427225,8.468845912404687
2025-10-13,ADANIPORTS,NIFTY SERVICES,2.0150418617851384,2.6413478012564218,3.2879656160458515,1400.8,1441.9,1396.0,1437.8,2245061,REGIME_SHIFT|INVENTORY_MIGRATION,,TRANSITION_REGIME,TRANSITION_REGIME,Expansion,Resistance Weakening,4.0,23.6,45.2,41.8,38000.0,372875.0,29985.528589430032,63453.802691573175,0.004660657024631254,0.02012982391361573,3.208671308592348,2.75732942756981
2025-10-14,MCX,NIFTY FIN SERVICE,5.1468531468531475,4.254493010871974,4.947858886177059,9014.0,9460.0,9014.0,9397.5,2000223,IV_SKEW_ACCUMULATION,REGIME_SHIFT|INVENTORY_MIGRATION,TRANSITION_REGIME,TRANSITION_REGIME,Expansion,Expansion,3.7,23.7,52.4,63.2,-28250.0,267750.0,7372.0452532020645,6566.824785633005,0.014729429336749533,0.02270991093894692,21.156449429510737,20.852091891176848
2025-10-14,SONACOMS,NIFTY AUTO,3.912794033275957,3.972445464982788,5.156537753222845,435.5,456.8,434.4,452.8,7646062,,INVENTORY_MIGRATION|IV_SKEW_ACCUMULATION,TRANSITION_REGIME,LONG_GAMMA,Dealer Controlled,Expansion,2.4,-73.8,38.9,58.1,29400.0,-1540350.0,25307.23228775004,90189.8373356633,0.0030889780920368426,0.057363865615756016,4.331797235023038,4.02743969668915
2025-10-14,IREDA,NIFTY ENERGY,2.965282867994956,2.331125827814584,5.090688422897993,151.0,155.86,148.31,154.52,44012398,REGIME_SHIFT,INVENTORY_MIGRATION,LONG_GAMMA,LONG_GAMMA,Flip Zone,Expansion,-100.0,-100.0,38.8,56.9,-2553000.0,-8856150.0,142699.20409897174,573390.4488942672,0.0153275749166214,-0.02206028361938006,1.4110389184222694,1.1066813800883812
2025-10-14,ANGELONE,NIFTY FIN SERVICE,2.7299525782885414,1.7217310376919315,3.731788361591537,2363.9,2435.0,2347.4,2404.6,3116178,INVENTORY_MIGRATION,INVENTORY_MIGRATION,TRANSITION_REGIME,TRANSITION_REGIME,Expansion,Expansion,-5.2,11.2,40.6,60.4,-153250.0,118750.0,11518.825503752123,6908.520468420858,0.004327610980854768,-0.00842462606355654,6.776198934280631,6.4718413959467425
2025-10-14,360ONE,NIFTY FIN SERVICE,2.2970764481568873,1.8623994213904815,2.732637312755326,1106.1,1131.6,1101.5,1126.7,1375997,REGIME_SHIFT|PINCH_ZONE,PINCH_ZONE,TRANSITION_REGIME,TRANSITION_REGIME,Flip Zone,Dealer Controlled,-16.5,-4.8,38.8,57.0,-335000.0,-161000.0,18249.406869466464,12273.298491497699,0.03774393470987569,-0.007768920127762757,4.420759962928633,4.116402424594745
2025-10-14,MAXHEALTH,NIFTY PHARMA,1.5918831452812032,1.087902523933848,2.049754730203235,1149.0,1165.0,1141.6,1161.5,1965357,REGIME_SHIFT,REGIME_SHIFT|INVENTORY_MIGRATION,TRANSITION_REGIME,TRANSITION_REGIME,Flip Zone,Expansion,-29.4,-4.0,41.1,55.9,-530250.0,-127575.0,8941.427948077071,29554.91842600213,0.026804949451594506,-0.003918737960389607,-1.182576144291314,-1.4869336826252022
2025-10-14,SAMMAANCAP,NIFTY FIN SERVICE,1.4531124930730943,1.0301060763995284,3.3060433722892357,163.09,165.3,160.01,164.77,15244899,VOLATILITY_COIL|FLOOR_BOUNCE|PINCH_ZONE,PINCH_ZONE,LONG_GAMMA,LONG_GAMMA,Compression,Support Building,8.5,28.8,38.8,54.3,146200.0,473000.0,122873.97253822081,234179.47391451814,0.005805854765234042,0.0010408864342270618,21.323908401443205,21.019550863109316
2025-10-14,WIPRO,NIFTY IT,1.3421449842940358,1.0659072416598692,2.056219656480751,245.8,250.15,245.11,248.42,7888607,,REGIME_SHIFT,LONG_GAMMA,LONG_GAMMA,Support Weakening,Flip Zone,-74.6,19.9,38.8,54.3,-1359000.0,318000.0,-123733.01657538326,117983.18012034771,0.0033137526110419424,0.024718552171113517,-1.1381725565106748,-1.442530094844563
2025-10-14,TECHM,NIFTY IT,1.1785788131504438,0.5479452054794498,1.5021606420193345,1460.0,1479.8,1457.9,1468.0,1430713,,REGIME_SHIFT,TRANSITION_REGIME,TRANSITION_REGIME,Dealer Controlled,Flip Zone,-2.9,-37.6,38.9,56.7,-42600.0,-774000.0,5971.1712164511555,107356.84943660734,0.012166434525821668,0.004690386254973422,-3.4083432030530325,-3.7127007413869206
2025-10-14,ICICIGI,NIFTY FIN SERVICE,1.167230282535181,0.9140369967355788,1.834662007207588,1838.0,1865.0,1831.4,1854.8,569296,PINCH_ZONE,PINCH_ZONE,TRANSITION_REGIME,TRANSITION_REGIME,Dealer Controlled,Dealer Controlled,-12.0,-3.9,39.7,54.7,-183625.0,-111475.0,-730.6164189570081,16466.69278467098,0.025706382784464576,0.0052931667777185165,-2.389222187138196,-2.693579725472084
2025-10-15,ICICIGI,NIFTY FIN SERVICE,8.922794910502475,6.606511529734571,7.646034510052235,1895.1,2040.0,1895.1,2020.3,7140189,PINCH_ZONE,REGIME_SHIFT|INVENTORY_MIGRATION,TRANSITION_REGIME,TRANSITION_REGIME,Dealer Controlled,Expansion,-3.9,92.7,54.7,46.1,-111475.0,1449500.0,16466.69278467098,-1243.481825356066,0.0052931667777185165,-0.02996040792443322,5.636601307189548,5.302001420505786
2025-10-15,PERSISTENT,NIFTY IT,7.2444219636935925,3.6689605215501686,4.993138779617601,5522.0,5738.4,5465.5,5724.6,3470286,VOLATILITY_COIL|INVENTORY_MIGRATION|IV_SKEW_ACCUMULATION,REGIME_SHIFT|INVENTORY_MIGRATION|IV_SKEW_ACCUMULATION,TRANSITION_REGIME,TRANSITION_REGIME,Expansion,Expansion,-11.8,61.9,54.0,46.1,-246300.0,899300.0,10643.386291770985,-15715.915941103118,0.000592517098883083,-0.055284505817270846,4.2637282579000235,3.9291283712162617
2025-10-15,IDEA,NIFTY MEDIA & COMM,4.665071770334928,4.415274463007157,5.376344086021523,8.38,8.82,8.37,8.75,764014900,INVENTORY_MIGRATION,INVENTORY_MIGRATION,LONG_GAMMA,LONG_GAMMA,Expansion,Expansion,-100.0,-100.0,62.9,49.1,-54321000.0,-43313850.0,-10813750.954049062,13472778.951075315,-0.032332643342474765,0.03470695911621624,10.201511335012592,9.86691144832883
2025-10-15,PRESTIGE,NIFTY REALTY,4.5148416063856445,4.75000000000001,6.690096648675792,1600.0,1700.0,1593.4,1676.0,2176330,REGIME_SHIFT|PINCH_ZONE,INVENTORY_MIGRATION|IV_SKEW_ACCUMULATION,TRANSITION_REGIME,TRANSITION_REGIME,Flip Zone,Expansion,-1.4,5.0,54.0,49.5,-5850.0,-47700.0,-116.37448477575163,21931.398908493415,0.0004860467996403717,0.05546202836678232,3.1257691361063156,2.7911692494225537
2025-10-15,IIFL,Other,4.327666151468312,3.5381940893751906,4.791344667697062,488.95,508.5,485.25,506.25,2376538,INVENTORY_MIGRATION,INVENTORY_MIGRATION,TRANSITION_REGIME,TRANSITION_REGIME,Expansion,Expansion,-37.4,42.7,54.0,46.1,-681450.0,688050.0,20769.01544657258,-136.3430573267833,0.015390107816607157,-0.014696436362229615,13.331094694425794,12.996494807742032
2025-10-15,BAJFINANCE,NIFTY FIN SERVICE,3.998430064269254,3.304093567251476,4.37941869599372,1026.0,1063.0,1018.4,1059.9,10205158,REGIME_SHIFT|PINCH_ZONE|IV_SKEW_ACCUMULATION,REGIME_SHIFT|INVENTORY_MIGRATION,LONG_GAMMA,LONG_GAMMA,Flip Zone,Expansion,-78.9,100.0,54.7,47.3,-1456500.0,3472500.0,-18646.137823306664,1765.8427763226791,0.007982273195441814,-0.01629940214300285,5.646648392723663,5.312048506039901
2025-10-15,NESTLEIND,NIFTY FMCG,3.904721395151012,3.904721395151012,4.2109740535942075,1175.5,1225.0,1175.5,1221.4,2283392,REGIME_SHIFT,INVENTORY_MIGRATION,TRANSITION_REGIME,TRANSITION_REGIME,Flip Zone,Expansion,-17.1,1.2,54.0,46.1,-296000.0,-108000.0,-3871.513390462511,36285.10708062246,0.009945161678754477,0.012036966850891284,1.428334163760181,1.0937342770764191
2025-10-15,COFORGE,NIFTY IT,3.816524551602485,3.2397660818713536,3.6140350877192917,1710.0,1771.8,1710.0,1765.4,2653260,REGIME_SHIFT|PINCH_ZONE,INVENTORY_MIGRATION|IV_SKEW_ACCUMULATION,TRANSITION_REGIME,TRANSITION_REGIME,Flip Zone,Expansion,-11.7,14.7,54.0,46.1,-196875.0,155250.0,2030.5254877314583,21227.676559667947,0.013089401362784636,-0.022677892968836044,-0.7979321195774269,-1.1325320062611888
2025-10-15,AUBANK,NIFTY PVT BANK,3.811557626350881,3.2968448164842235,3.9814456899883943,776.5,807.0,776.1,802.1,3804314,REGIME_SHIFT|INVENTORY_MIGRATION,REGIME_SHIFT|INVENTORY_MIGRATION,TRANSITION_REGIME,TRANSITION_REGIME,Expansion,Expansion,18.8,75.2,55.2,46.1,340000.0,1318000.0,-12388.375102177073,-20426.325994559767,0.00010241241879549445,-0.007580000138925236,12.781214848143986,12.446614961460224
2025-10-15,GODREJPROP,NIFTY REALTY,3.8009137746670474,3.2888372992841974,3.7535068201605792,2067.6,2145.0,2067.4,2135.6,1019818,IV_SKEW_ACCUMULATION,REGIME_SHIFT|INVENTORY_MIGRATION,TRANSITION_REGIME,TRANSITION_REGIME,Dealer Controlled,Expansion,-12.2,18.6,54.8,46.1,-176275.0,229900.0,-11787.637841499629,22853.797267105445,0.005718294595960349,-0.013191065755211895,3.6196021348859686,3.2850022482022068
2025-10-16,OBEROIRLTY,NIFTY REALTY,5.3515673785437645,0.7223880597014842,2.707450030284675,1675.0,1695.7,1651.0,1687.1,2609529,REGIME_SHIFT|PINCH_ZONE|IV_SKEW_ACCUMULATION,REGIME_SHIFT|INVENTORY_MIGRATION,TRANSITION_REGIME,TRANSITION_REGIME,Flip Zone,Expansion,-11.8,15.2,44.1,46.2,-285950.0,106400.0,14911.817989543611,30488.683723570684,0.00770487844650769,-0.03598249602287629,1.8349731393734414,0.8280742733930424
2025-10-16,CYIENT,Other,4.942222222222203,4.477876106194678,7.366232827187269,1130.0,1187.9,1106.4,1180.6,1858454,INVENTORY_MIGRATION,,TRANSITION_REGIME,TRANSITION_REGIME,Expansion,Expansion,-13.7,3.4,47.9,46.1,-193800.0,-101575.0,-17644.534237368993,49156.10211359773,0.044050728612845313,0.019481091806364925,-6.346184356655559,-7.353083222635958
2025-10-16,NESTLEIND,NIFTY FMCG,4.519403962665769,4.519403962665769,5.75421290587752,1221.4,1286.5,1216.5,1276.6,6927367,INVENTORY_MIGRATION,REGIME_SHIFT|INVENTORY_MIGRATION|IV_SKEW_ACCUMULATION,TRANSITION_REGIME,TRANSITION_REGIME,Expansion,Expansion,1.2,83.4,46.1,49.5,-108000.0,1412500.0,36285.10708062246,-46407.72499746876,0.012036966850891284,-0.0036759347960067523,6.003487503113836,4.996588637133437
2025-10-16,SONACOMS,NIFTY AUTO,3.6042012161415116,3.6042012161415116,4.809286898839127,452.25,474.0,452.25,468.55,7002787,REGIME_SHIFT|IV_SKEW_ACCUMULATION,REGIME_SHIFT|INVENTORY_MIGRATION|IV_SKEW_ACCUMULATION,LONG_GAMMA,TRANSITION_REGIME,Flip Zone,Expansion,18.0,100.0,41.2,46.1,353850.0,2040150.0,2635.116804921272,-64831.95184134235,-0.02965094745874336,-0.026288015696493805,7.811780947998148,6.804882082017749
2025-10-16,VBL,NIFTY FMCG,3.581452789940487,3.581452789940487,4.064219153474791,445.35,463.45,445.35,461.3,8353480,PINCH_ZONE,FLOOR_BOUNCE|REGIME_SHIFT|INVENTORY_MIGRATION,LONG_GAMMA,LONG_GAMMA,Dealer Controlled,Expansion,-13.8,67.1,41.4,46.1,-293150.0,1148000.0,43992.29505897171,88591.73712430903,-0.003307529059733638,-0.00770641251308396,-2.069843965608742,-3.076742831589141
2025-10-16,SRF,NIFTY COMMODITIES,3.283040859936537,2.9032258064516148,3.774439984462008,3100.0,3205.8,3089.2,3190.0,632692,REGIME_SHIFT|INVENTORY_MIGRATION,REGIME_SHIFT|INVENTORY_MIGRATION|IV_SKEW_ACCUMULATION,TRANSITION_REGIME,TRANSITION_REGIME,Expansion,Expansion,-2.3,16.3,43.0,46.2,-88800.0,212400.0,143.5692276828595,-3967.3119996451023,0.022167446329747542,-0.07159811572958391,8.208955223880587,7.2020563579001875
2025-10-16,GODREJPROP,NIFTY REALTY,3.263719797714937,2.75370422141461,3.661734407192374,2146.2,2213.8,2135.6,2205.3,1296605,REGIME_SHIFT|INVENTORY_MIGRATION,,TRANSITION_REGIME,TRANSITION_REGIME,Expansion,Expansion,18.6,22.4,46.1,49.5,229900.0,332475.0,22853.797267105445,11943.058247225606,-0.013191065755211895,-0.01785325866135279,5.947633917847717,4.940735051867318
2025-10-16,TATACONSUM,NIFTY FMCG,3.150242326332786,3.150242326332786,4.075743913435526,1114.2,1154.2,1109.0,1149.3,2383412,REGIME_SHIFT|IV_SKEW_ACCUMULATION,REGIME_SHIFT|INVENTORY_MIGRATION|IV_SKEW_ACCUMULATION,TRANSITION_REGIME,TRANSITION_REGIME,Flip Zone,Expansion,-6.9,29.9,41.1,46.2,-118250.0,464750.0,-12918.15060208438,51738.87846742374,0.0014302849064043444,0.01045759566806359,1.14406406758778,0.137165201607381
2025-10-16,BRITANNIA,NIFTY FMCG,2.8681177976952688,2.5442477876106206,3.1153977466712224,5876.0,6040.5,5858.0,6025.5,364305,REGIME_SHIFT|IV_SKEW_ACCUMULATION,REGIME_SHIFT|INVENTORY_MIGRATION,TRANSITION_REGIME,TRANSITION_REGIME,Flip Zone,Expansion,3.9,15.5,41.4,44.5,43750.0,205125.0,1866.1410487576359,13838.021460353779,-0.005178856070554572,-0.01362285681095149,-1.1808118081180763,-2.1877106740984753
2025-10-16,BHARATFORG,NIFTY INFRA,2.6448158364432928,2.528363047001614,3.731707317073174,1234.0,1275.9,1230.0,1265.2,1695549,IV_SKEW_ACCUMULATION,INVENTORY_MIGRATION|IV_SKEW_ACCUMULATION,TRANSITION_REGIME,TRANSITION_REGIME,Resistance Weakening,Expansion,19.6,-18.4,41.5,44.1,356000.0,-439500.0,-41521.885725879416,21808.220041722714,-0.02594145938660919,-0.0007804613679007755,-0.26801198171211293,-1.274910847692512
2025-10-17,DELHIVERY,NIFTY SERVICES,4.151745747538049,3.6183478067245645,4.572965702757226,449.1,466.5,446.1,465.35,9255716,REGIME_SHIFT|INVENTORY_MIGRATION,FLOOR_BOUNCE|REGIME_SHIFT|INVENTORY_MIGRATION,LONG_GAMMA,LONG_GAMMA,Expansion,Expansion,-100.0,95.9,42.3,45.8,-2689200.0,1686975.0,-2255.398924359819,132171.19148866806,0.006005736640783854,-0.015054781327846323,-3.952528379772957,-5.078450751112973
2025-10-17,ASIANPAINT,NIFTY FMCG,4.071046188322214,3.5852953325072434,5.0805452292441045,2421.0,2544.0,2421.0,2507.8,3719960,REGIME_SHIFT|INVENTORY_MIGRATION,FLOOR_BOUNCE|REGIME_SHIFT|INVENTORY_MIGRATION|IV_SKEW_ACCUMULATION,LONG_GAMMA,LONG_GAMMA,Expansion,Expansion,-3.3,18.2,42.5,45.8,-109750.0,149000.0,61271.41481451882,19322.140022392123,0.02181478573209744,0.014954407027442385,1.1740025013111888,0.04808012997117306
2025-10-17,PGEL,NIFTY CONS DURABLES,3.410389382086665,3.4740545294634995,4.558278963145823,568.5,592.95,567.1,588.25,5038180,,IV_SKEW_ACCUMULATION,TRANSITION_REGIME,TRANSITION_REGIME,Support Building,Expansion,1.2,-5.7,47.2,49.2,39900.0,-229600.0,-9933.501158835294,91659.36615557731,-0.008241309430811361,-0.003304109866299032,3.6746563271061072,2.5487339557660915
2025-10-17,LAURUSLABS,NIFTY PHARMA,3.1162284470412915,3.1162284470412915,3.6245620081566843,872.85,902.0,870.45,900.05,2517414,VOLATILITY_COIL,FLOOR_BOUNCE|REGIME_SHIFT|INVENTORY_MIGRATION,LONG_GAMMA,LONG_GAMMA,Compression,Expansion,-14.1,52.1,41.1,44.8,-261800.0,884000.0,7491.000261567649,93479.78309271942,-0.008792035779229324,-0.007678570775554339,-2.5128621716761446,-3.6387845430161603
2025-10-17,M&M,NIFTY AUTO,2.4264210289822508,2.42066835158663,2.6937445577371433,3561.0,3656.0,3560.1,3647.2,3339579,FLOOR_BOUNCE|REGIME_SHIFT|INVENTORY_MIGRATION|IV_SKEW_ACCUMULATION,INVENTORY_MIGRATION|IV_SKEW_ACCUMULATION,LONG_GAMMA,TRANSITION_REGIME,Expansion,Expansion,36.2,65.1,44.1,44.1,619400.0,1161800.0,11486.401167356322,-19964.872752496245,0.005935891155573525,-0.023145761766179496,0.13727966613585885,-0.9886427052041569
2025-10-17,BDL,NIFTY INFRA,2.33238088909562,2.5982678214523602,5.220829703103025,1501.0,1570.0,1492.1,1540.0,3168047,VOLATILITY_COIL|REGIME_SHIFT,,TRANSITION_REGIME,TRANSITION_REGIME,Compression,Support Building,2.8,26.0,47.2,44.2,45500.0,410150.0,6417.055153667141,17733.0536802431,-0.006998067240994055,-0.005319391805247764,-4.3597068687119656,-5.485629240051981
2025-10-17,MAXHEALTH,NIFTY PHARMA,2.331319663064768,1.237373737373737,2.8930177313989835,1188.0,1212.8,1178.7,1202.7,5239734,INVENTORY_MIGRATION|IV_SKEW_ACCUMULATION,REGIME_SHIFT|INVENTORY_MIGRATION,TRANSITION_REGIME,TRANSITION_REGIME,Expansion,Expansion,-5.6,53.5,43.0,44.1,-160125.0,950250.0,37986.609599098374,-44297.4076997683,0.012528245872059307,0.009983385297194003,2.4970172149309633,1.3710948435909476
2025-10-17,BHARTIARTL,NIFTY MEDIA & COMM,2.266951306292575,1.9456830158086857,3.248236309191488,1973.6,2034.3,1970.3,2012.0,6743801,REGIME_SHIFT|PINCH_ZONE,PINCH_ZONE,LONG_GAMMA,LONG_GAMMA,Flip Zone,Support Building,-5.9,37.1,41.1,44.2,-114475.0,602775.0,40594.26645085099,-128965.8986113536,0.0056587658134709395,-0.007124886527917096,3.652568131471856,2.5266457601318404
2025-10-17,TVSMOTOR,NIFTY AUTO,2.166922969383478,2.166922969383478,2.307369598657538,3576.5,3658.0,3575.5,3654.0,1173044,IV_SKEW_ACCUMULATION,INVENTORY_MIGRATION|IV_SKEW_ACCUMULATION,TRANSITION_REGIME,TRANSITION_REGIME,Dealer Controlled,Expansion,-3.5,22.0,41.1,44.1,-72800.0,357700.0,7257.247903474701,-8274.376642449912,0.002596442340770999,-0.00238710287167776,3.028252410759613,1.9023300394195974
2025-10-17,MUTHOOTFIN,NIFTY FIN SERVICE,2.0192748967416296,1.463607594936711,3.0507337014552105,3286.4,3377.9,3277.9,3334.5,1123086,VOLATILITY_COIL|INVENTORY_MIGRATION|IV_SKEW_ACCUMULATION,INVENTORY_MIGRATION|IV_SKEW_ACCUMULATION,TRANSITION_REGIME,TRANSITION_REGIME,Expansion,Expansion,-2.1,16.1,41.1,47.0,-45925.0,231275.0,921.2981162290598,-3103.779694260891,0.00843620616173657,-0.0074397829632515955,12.74344062753585,11.617518256195835
2025-10-20,AUBANK,NIFTY PVT BANK,9.18038992996404,5.770171149144265,6.558679706601467,818.0,871.65,818.0,865.2,20074420,INVENTORY_MIGRATION|IV_SKEW_ACCUMULATION,REGIME_SHIFT|INVENTORY_MIGRATION,TRANSITION_REGIME,TRANSITION_REGIME,Expansion,Expansion,11.4,100.0,43.6,45.8,239000.0,3328000.0,-22139.19559829989,-12810.525792746084,0.006791988124212778,-0.03456475303807205,20.384026714901914,18.34628445909241
2025-10-20,RBLBANK,NIFTY PVT BANK,9.065108514190312,8.054912338736342,8.874172185430474,302.3,328.8,302.0,326.65,101896918,REGIME_SHIFT|PINCH_ZONE|IV_SKEW_ACCUMULATION,REGIME_SHIFT,LONG_GAMMA,LONG_GAMMA,Flip Zone,Expansion,-100.0,100.0,41.8,49.3,-2501900.0,6778625.0,41027.027616088395,-188580.33279675344,0.05016267905773503,-0.007304665444974767,20.53505535055349,18.497313094743983
2025-10-20,IDFCFIRSTB,NIFTY PVT BANK,7.025598219254325,5.745704467353963,6.18372125051645,72.75,77.1,72.61,76.93,103343278,VOLATILITY_COIL|REGIME_SHIFT,REGIME_SHIFT|INVENTORY_MIGRATION,LONG_GAMMA,LONG_GAMMA,Compression,Expansion,52.6,100.0,42.2,46.0,992425.0,30245775.0,40877.4324526547,1352009.4255058607,-0.00027571788062985547,-0.044941349735350467,7.219512195121958,5.181769939312453
2025-10-20,FEDERALBNK,NIFTY PVT BANK,6.921555702043514,4.886836027713626,6.42533098787148,216.5,229.9,216.02,227.08,55614063,FLOOR_BOUNCE,FLOOR_BOUNCE|INVENTORY_MIGRATION|IV_SKEW_ACCUMULATION,LONG_GAMMA,LONG_GAMMA,Support Building,Expansion,100.0,100.0,47.2,45.9,2860000.0,20490000.0,-233807.61289874814,-425703.7398401346,-0.01653701583165107,-0.002304874684285807,14.733225545675044,12.695483289865539
2025-10-20,BANKINDIA,NIFTY PSU BANK,5.409796117293486,4.22456027628304,5.286521388216281,124.51,130.45,123.9,129.77,27195370,,FLOOR_BOUNCE|REGIME_SHIFT|INVENTORY_MIGRATION|IV_SKEW_ACCUMULATION,LONG_GAMMA,LONG_GAMMA,Support Weakening,Expansion,-100.0,100.0,47.6,45.9,-2600000.0,9022000.0,20553.398498618393,25237.295874396106,0.035958737140450725,-0.07099404052028147,7.71976425666141,5.682022000851905
2025-10-20,INDIANB,NIFTY PSU BANK,4.01993992458618,3.801020408163258,5.0256410256410255,784.0,819.2,780.0,813.8,3399979,REGIME_SHIFT|INVENTORY_MIGRATION|IV_SKEW_ACCUMULATION,INVENTORY_MIGRATION|IV_SKEW_ACCUMULATION,TRANSITION_REGIME,TRANSITION_REGIME,Expansion,Expansion,38.1,87.4,43.0,45.9,687000.0,1547000.0,31235.692112394667,-17777.800266286387,-0.0360672357229625,0.02010501181074964,16.008553100498936,13.970810844689431
2025-10-20,CIPLA,NIFTY PHARMA,3.898326572008104,3.088050314465396,4.379238228024573,1590.0,1647.0,1577.9,1639.1,3372906,FLOOR_BOUNCE|IV_SKEW_ACCUMULATION,FLOOR_BOUNCE|INVENTORY_MIGRATION|IV_SKEW_ACCUMULATION,LONG_GAMMA,LONG_GAMMA,Support Building,Expansion,20.6,45.4,41.1,45.9,369000.0,713250.0,11202.12626343721,64569.33897819172,0.0012377700792026713,0.0383897829295019,4.0170072344206,1.979264978611095
2025-10-20,PNB,NIFTY PSU BANK,3.8698328935795834,3.3245844269466307,4.2975929978118055,114.3,119.16,114.25,118.1,39131377,INVENTORY_MIGRATION,INVENTORY_MIGRATION|IV_SKEW_ACCUMULATION,LONG_GAMMA,LONG_GAMMA,Expansion,Expansion,-100.0,100.0,41.8,46.0,-18192000.0,6256000.0,428649.9150806973,1988700.2984710867,0.024809102919897685,-0.03802655531360122,4.23654015887025,2.198797903060745
2025-10-20,BANDHANBNK,NIFTY PVT BANK,3.733383028947701,2.7630769230769348,3.9208433512113894,162.5,168.57,162.21,166.99,11102986,VOLATILITY_COIL|REGIME_SHIFT|IV_SKEW_ACCUMULATION,FLOOR_BOUNCE|INVENTORY_MIGRATION,LONG_GAMMA,LONG_GAMMA,Compression,Expansion,-100.0,100.0,41.1,45.9,-2145600.0,6462000.0,61994.41957572603,227622.05807929835,-0.022292242775640958,0.00908053308048673,-0.05386641129997427,-2.091608667109479
2025-10-20,PNBHOUSING,NIFTY FIN SERVICE,3.612087977588363,3.4702380952380985,4.874120033408902,840.0,878.95,838.1,869.15,1726051,,REGIME_SHIFT,TRANSITION_REGIME,TRANSITION_REGIME,Dealer Controlled,Expansion,-5.4,49.4,47.2,45.8,-85800.0,832000.0,-7192.9395067761725,15654.292626872415,-0.01696504973651075,0.012483282659836836,-0.03450457185577571,-2.0722468276652806
2025-10-21,NUVAMA,NIFTY FIN SERVICE,3.4261699551250135,3.4261699551250135,4.142857142857137,7019.5,7290.0,7000.0,7260.0,90583,VOLATILITY_COIL|REGIME_SHIFT|IV_SKEW_ACCUMULATION,INVENTORY_MIGRATION|IV_SKEW_ACCUMULATION,TRANSITION_REGIME,TRANSITION_REGIME,Compression,Expansion,0.2,-2.7,40.8,49.0,3825.0,-158100.0,-2416.017300431712,12880.492316468322,-0.006758140258526835,0.053373848702933324,15.595892046811555,12.952289366902736
2025-10-21,SUZLON,NIFTY ENERGY,2.053117347899791,1.0820895522388074,1.7602996254681758,53.6,54.34,53.4,54.18,22821584,VOLATILITY_COIL,,LONG_GAMMA,LONG_GAMMA,Compression,Resistance Weakening,100.0,65.0,41.9,43.7,4448000.0,984000.0,-228827.14493007585,1355017.6321936029,0.027726080363285888,-0.005526240669611326,-9.594526948106118,-12.238129628014937
2025-10-21,SAMMAANCAP,NIFTY FIN SERVICE,1.8198732484446811,0.9337175792507146,1.4705882352941124,173.5,175.95,173.4,175.12,9573825,,,LONG_GAMMA,LONG_GAMMA,Expansion,Support Building,100.0,52.7,49.3,51.1,2231700.0,963200.0,-169216.4786070144,-72929.74104828644,0.09588228346519834,0.05895155523612838,24.057806744120146,21.414204064211326
2025-10-21,INDUSTOWER,NIFTY MEDIA & COMM,1.6647855530474098,1.0800953850470085,2.149321266968318,356.45,361.2,353.6,360.3,1140917,INVENTORY_MIGRATION,,LONG_GAMMA,LONG_GAMMA,Expansion,Resistance Weakening,-50.5,54.7,45.9,42.7,-1110100.0,994500.0,343829.52318453405,38431.630874510796,-0.0019417262648903644,0.02738521880888689,1.2078651685393238,-1.4357375113694948
2025-10-21,INOXWIND,NIFTY ENERGY,1.6077389467947567,1.3247282608695787,2.44565217391306,147.2,150.8,147.2,149.15,3012646,FLOOR_BOUNCE|IV_SKEW_ACCUMULATION,,LONG_GAMMA,LONG_GAMMA,Support Building,Support Weakening,58.8,-28.8,40.8,42.7,1112480.0,-621680.0,-10099.177038120979,197891.1260699688,0.012371388037047515,0.003465468509761427,-2.1518073869973064,-4.7954100669061255
2025-10-21,CIPLA,NIFTY PHARMA,1.4947227136843377,1.0262950142709615,1.6381462761098753,1646.7,1669.0,1642.1,1663.6,709223,FLOOR_BOUNCE|INVENTORY_MIGRATION|IV_SKEW_ACCUMULATION,INVENTORY_MIGRATION|IV_SKEW_ACCUMULATION,LONG_GAMMA,LONG_GAMMA,Expansion,Expansion,45.4,-78.7,45.9,42.7,713250.0,-1543875.0,64569.33897819172,142482.63185271528,0.0383897829295019,0.010229396668397284,7.871871352613136,5.228268672704317
2025-10-21,BAJAJFINSV,NIFTY FIN SERVICE,1.369286849238227,0.8883720930232597,2.3430178069353325,2150.0,2184.0,2134.0,2169.1,367784,FLOOR_BOUNCE|REGIME_SHIFT|PINCH_ZONE,INVENTORY_MIGRATION|IV_SKEW_ACCUMULATION,LONG_GAMMA,TRANSITION_REGIME,Expansion,Expansion,34.6,25.5,43.9,41.6,567000.0,464000.0,-325.94281256679096,-23062.750026757974,0.03002657799636671,0.011053009403756586,4.812756704517995,2.1691540246091767
2025-10-21,TORNTPOWER,Other,1.1501303481061154,0.7022900763358875,1.4559386973180155,1310.0,1324.0,1305.0,1319.2,90985,REGIME_SHIFT|IV_SKEW_ACCUMULATION,IV_SKEW_ACCUMULATION,TRANSITION_REGIME,TRANSITION_REGIME,Flip Zone,Dealer Controlled,-4.1,0.2,40.8,41.4,-60750.0,-32250.0,-4198.827959278577,20690.323808956324,0.033863368745051914,-0.0022957939129251703,3.988648904303971,1.3450462243951522
2025-10-21,HFCL,Other,1.0469833791388439,0.5862428348097914,1.6607820060154266,76.76,77.74,76.47,77.21,12306411,FLOOR_BOUNCE,,LONG_GAMMA,LONG_GAMMA,Support Building,Support Weakening,100.0,-32.5,42.3,41.7,3096000.0,-683700.0,10885.750959931174,279463.82319742325,-0.03966639375197156,0.034299719473653845,3.1529726118904478,0.5093699319816292
2025-10-21,AXISBANK,NIFTY PVT BANK,0.9216965742251171,0.9381628324359514,1.3747954173485954,1225.8,1238.8,1222.0,1237.3,1940248,FLOOR_BOUNCE|INVENTORY_MIGRATION|IV_SKEW_ACCUMULATION,FLOOR_BOUNCE|REGIME_SHIFT|INVENTORY_MIGRATION,LONG_GAMMA,LONG_GAMMA,Expansion,Expansion,100.0,56.8,43.9,41.1,5360000.0,1083125.0,-485939.8354536743,73138.84107208136,0.0031127120154970933,0.012189333587409007,8.117790982174045,5.474188302265226
2025-10-23,IDEA,NIFTY MEDIA & COMM,5.777777777777771,5.3097345132743445,6.312292358803995,9.04,9.6,9.03,9.52,1296265237,FLOOR_BOUNCE|REGIME_SHIFT,REGIME_SHIFT,LONG_GAMMA,LONG_GAMMA,Flip Zone,Expansion,100.0,100.0,42.5,51.6,27517875.0,202560150.0,593859.2453755476,-235964.6462195292,-0.00251141168427782,0.028048105982326432,9.174311926605494,6.306158010158991
2025-10-23,NAUKRI,NIFTY IT,4.768413059984811,4.13584905660378,5.225347852389595,1325.0,1391.5,1322.4,1379.8,2925254,REGIME_SHIFT|IV_SKEW_ACCUMULATION,REGIME_SHIFT|INVENTORY_MIGRATION,TRANSITION_REGIME,TRANSITION_REGIME,Flip Zone,Expansion,-1.8,18.7,40.8,45.9,-46875.0,199875.0,15430.944790587673,30096.282184662086,0.012253770810826514,0.027403696752938633,-1.0115503264222836,-3.8797042428687867
2025-10-23,BHARATFORG,NIFTY INFRA,4.56007720765641,2.458822602253896,3.6363636363636376,1268.9,1311.0,1265.0,1300.1,3449100,,REGIME_SHIFT|INVENTORY_MIGRATION,TRANSITION_REGIME,TRANSITION_REGIME,Resistance Weakening,Expansion,3.1,60.4,40.9,45.9,71500.0,1003000.0,-4295.04716333063,-67201.61036954999,0.0003809055487816737,0.05785290511222829,3.9248601119104665,1.0567061954639634
2025-10-23,BANKINDIA,NIFTY PSU BANK,4.045754644557054,3.4580152671755737,4.450221746444405,131.0,136.6,130.78,135.53,32054251,FLOOR_BOUNCE|REGIME_SHIFT|PINCH_ZONE,FLOOR_BOUNCE|REGIME_SHIFT|INVENTORY_MIGRATION,LONG_GAMMA,LONG_GAMMA,Flip Zone,Expansion,22.4,100.0,40.8,45.9,410800.0,7462000.0,86630.15475868213,-328421.6676013168,0.006966286726326043,0.009546174474264979,11.611628098492943,8.743474182046441
2025-10-23,IEX,NIFTY OIL & GAS,3.8666091706195393,3.228571428571425,5.118167319124267,140.0,145.0,137.94,144.52,9280059,FLOOR_BOUNCE|REGIME_SHIFT|PINCH_ZONE,INVENTORY_MIGRATION,LONG_GAMMA,LONG_GAMMA,Flip Zone,Expansion,12.4,-100.0,40.8,45.9,202500.0,-2902500.0,141439.9395007328,406937.5742789041,0.01706055006179097,0.0030166615137317,0.4238760336321423,-2.4442778828143608
2025-10-23,INFY,NIFTY IT,3.810105949470244,1.225165562913899,2.6560424966799445,1510.0,1546.0,1506.0,1528.5,20358624,FLOOR_BOUNCE|INVENTORY_MIGRATION|IV_SKEW_ACCUMULATION,FLOOR_BOUNCE|INVENTORY_MIGRATION,LONG_GAMMA,LONG_GAMMA,Expansion,Expansion,96.9,100.0,41.1,45.9,1888000.0,6130800.0,-51129.54579946911,719035.5299992901,0.008904261093739263,-0.017335751456416915,2.0701168614357224,-0.7980370550107807
2025-10-23,IGL,Other,3.5387137209526687,3.294694819873989,4.496550393206933,207.91,216.59,207.27,214.76,3801767,VOLATILITY_COIL|FLOOR_BOUNCE,IV_SKEW_ACCUMULATION,LONG_GAMMA,LONG_GAMMA,Compression,Expansion,7.7,-44.6,42.5,45.9,145750.0,-1023000.0,-3998.0349039458088,478019.99835818936,0.006451880653641939,0.03905370616197579,2.908620441803622,0.04046652535711903
2025-10-23,SONACOMS,NIFTY AUTO,3.485225673774228,1.2603262020758343,3.264126712328763,472.1,482.45,467.2,478.05,4520849,VOLATILITY_COIL,REGIME_SHIFT|INVENTORY_MIGRATION,TRANSITION_REGIME,TRANSITION_REGIME,Compression,Expansion,-4.2,66.5,41.5,45.8,-89250.0,1165500.0,44226.25087734373,-61377.71379484396,0.010617003151958015,0.07503682475260504,13.456746173015311,10.588592256568809
2025-10-23,BANDHANBNK,NIFTY PVT BANK,3.2050123501415673,2.2624164278892023,3.714371437143704,167.52,172.84,166.65,171.31,13932402,REGIME_SHIFT,FLOOR_BOUNCE|REGIME_SHIFT|INVENTORY_MIGRATION,LONG_GAMMA,LONG_GAMMA,Flip Zone,Expansion,-20.1,100.0,40.8,45.9,-370800.0,7012800.0,98661.84457902971,-170047.31258045742,-0.0037266039334589163,0.02988422878604524,5.688197914738735,2.820043998292232
2025-10-23,PPLPHARMA,Other,3.203568532035672,2.3166993316247053,4.035532994923852,198.99,204.95,197.0,203.6,6187004,FLOOR_BOUNCE,FLOOR_BOUNCE|REGIME_SHIFT|INVENTORY_MIGRATION,LONG_GAMMA,LONG_GAMMA,Support Building,Expansion,32.3,35.5,41.1,45.9,592500.0,542500.0,584.8051907710324,254451.80473719697,0.04226440678705845,-0.04520037518468134,1.7847322901564766,-1.0834216262900265
2025-10-24,SAMMAANCAP,NIFTY FIN SERVICE,7.941513761467878,7.76849095488894,8.711860518467528,174.68,189.55,174.36,188.25,79912031,VOLATILITY_COIL,INVENTORY_MIGRATION|IV_SKEW_ACCUMULATION,LONG_GAMMA,LONG_GAMMA,Compression,Expansion,55.6,-48.8,44.1,48.3,1053500.0,-1169600.0,116391.20223761536,-54605.51745073643,0.0816113507982218,-0.18899978426656683,39.1352549889135,36.188960754590816
2025-10-24,HINDALCO,NIFTY METAL,4.044674406865223,1.614592962346717,1.8672582732482956,811.35,826.5,811.35,824.45,16905398,FLOOR_BOUNCE|IV_SKEW_ACCUMULATION,FLOOR_BOUNCE|REGIME_SHIFT|INVENTORY_MIGRATION|IV_SKEW_ACCUMULATION,LONG_GAMMA,LONG_GAMMA,Support Building,Expansion,100.0,18.7,41.2,48.3,1939000.0,217000.0,-30209.39298805932,-74133.58856869547,0.0038633391891278457,0.01816614594917515,11.254301329195071,8.308007094872384
2025-10-24,NATIONALUM,NIFTY METAL,3.42561766251972,0.8974358974358942,3.5032533287370216,234.0,240.2,232.07,236.1,30712917,FLOOR_BOUNCE|REGIME_SHIFT|INVENTORY_MIGRATION|IV_SKEW_ACCUMULATION,FLOOR_BOUNCE|REGIME_SHIFT|INVENTORY_MIGRATION|IV_SKEW_ACCUMULATION,LONG_GAMMA,LONG_GAMMA,Expansion,Expansion,100.0,81.6,40.8,48.3,2032500.0,1428750.0,-298424.13972271373,79645.08250614605,0.017940437576694945,-0.015737366560340416,14.56159930127614,11.61530506695345
2025-10-24,CHOLAFIN,NIFTY FIN SERVICE,2.9025939336380313,2.884272997032644,4.445503843632692,1685.0,1752.7,1678.1,1733.6,2128154,INVENTORY_MIGRATION|IV_SKEW_ACCUMULATION,FLOOR_BOUNCE|INVENTORY_MIGRATION,TRANSITION_REGIME,LONG_GAMMA,Expansion,Expansion,24.3,19.8,41.2,46.7,437500.0,278750.0,-25052.210778927896,48026.47770541301,0.01821466636813457,0.017061893826060492,6.3427800269905354,3.396485792667847
2025-10-24,CUMMINSIND,NIFTY INFRA,2.682932816220318,2.531924802078467,3.706260942470352,4079.9,4205.6,4055.3,4183.2,953394,INVENTORY_MIGRATION|IV_SKEW_ACCUMULATION,INVENTORY_MIGRATION|IV_SKEW_ACCUMULATION,TRANSITION_REGIME,TRANSITION_REGIME,Expansion,Expansion,3.3,3.2,43.9,46.4,5000.0,-32400.0,-2190.1406819419644,4432.203339530497,0.041311430627229806,-0.012604301360533865,4.871017072375827,1.924722838053139
2025-10-24,PNBHOUSING,NIFTY FIN SERVICE,2.68220914440922,2.415622530759687,3.050330452465677,885.9,912.15,885.15,907.3,2293847,REGIME_SHIFT,INVENTORY_MIGRATION|IV_SKEW_ACCUMULATION,TRANSITION_REGIME,TRANSITION_REGIME,Flip Zone,Expansion,0.4,43.9,44.2,46.5,-24050.0,750100.0,13927.659918475409,3969.592231981558,-0.021444889282081547,0.024677721197713387,1.9552758736936626,-0.9910183606290257
2025-10-24,VEDL,NIFTY METAL,2.5556130367304863,1.1428571428571566,2.8322216521293075,490.0,501.05,487.25,495.6,25748299,FLOOR_BOUNCE|REGIME_SHIFT|INVENTORY_MIGRATION|IV_SKEW_ACCUMULATION,INVENTORY_MIGRATION|IV_SKEW_ACCUMULATION,LONG_GAMMA,LONG_GAMMA,Expansion,Expansion,98.2,-13.6,42.7,46.4,1782500.0,-400200.0,142684.37131786253,257872.82715642406,-0.012716621038277087,0.023239911835370552,10.513992641320113,7.567698406997425
2025-10-24,BDL,NIFTY INFRA,1.9276472141536827,-1.025641025641022,2.6899666208521467,1560.0,1569.0,1527.9,1544.0,2611624,,,TRANSITION_REGIME,TRANSITION_REGIME,Dealer Controlled,Dealer Controlled,-3.1,-14.1,47.9,46.4,-6825.0,-345800.0,-44988.70585943149,72831.52108073114,0.0417272114864779,0.017010977217955636,-1.430030643513791,-4.376324877836479
2025-10-24,IEX,NIFTY OIL & GAS,1.7506227511763006,1.4347796095744103,3.0751075940580463,144.97,148.49,144.06,147.05,12465685,INVENTORY_MIGRATION,FLOOR_BOUNCE|INVENTORY_MIGRATION|IV_SKEW_ACCUMULATION,LONG_GAMMA,LONG_GAMMA,Expansion,Expansion,-100.0,100.0,45.9,45.8,-2902500.0,8235000.0,406937.5742789041,-418994.9976684052,0.0030166615137317,-0.003421701656937226,4.7290079054198575,1.7827136710971692
2025-10-24,BLUESTARCO,NIFTY CONS DURABLES,1.7138221275732723,1.5747632791533794,3.035985808413577,1974.9,2032.9,1973.0,2006.0,732438,REGIME_SHIFT|INVENTORY_MIGRATION|IV_SKEW_ACCUMULATION,REGIME_SHIFT|INVENTORY_MIGRATION|IV_SKEW_ACCUMULATION,TRANSITION_REGIME,TRANSITION_REGIME,Expansion,Expansion,-4.1,1.2,40.8,45.8,-92300.0,-34125.0,4509.47091486882,21494.90060676491,0.03957560716083419,0.016289490241222615,3.1786853204402776,0.2323910861175893
2025-10-27,BANKINDIA,NIFTY PSU BANK,4.339058999253176,4.113570310753412,5.398938158977051,134.19,140.95,133.73,139.71,26494042,INVENTORY_MIGRATION|IV_SKEW_ACCUMULATION,FLOOR_BOUNCE|REGIME_SHIFT|INVENTORY_MIGRATION|IV_SKEW_ACCUMULATION,LONG_GAMMA,LONG_GAMMA,Expansion,Expansion,-64.0,81.1,43.7,58.8,-1185600.0,1435200.0,45891.94141443353,-134481.59352335677,0.02711112145155198,0.16964649285880778,16.658316633266534,12.338656999304654
2025-10-27,COFORGE,NIFTY IT,4.01136363636363,-1.0486486486486535,2.5604395604395647,1850.0,1866.6,1820.0,1830.6,6887265,VOLATILITY_COIL|INVENTORY_MIGRATION|IV_SKEW_ACCUMULATION,INVENTORY_MIGRATION|IV_SKEW_ACCUMULATION,TRANSITION_REGIME,TRANSITION_REGIME,Expansion,Expansion,-49.8,81.5,43.7,58.8,-967875.0,1377750.0,54492.585503690934,16016.376441880391,0.00976769916311998,0.0055272102518481026,15.038019229560739,10.718359595598859
2025-10-27,BPCL,NIFTY OIL & GAS,3.7978514147374742,3.0958821761346567,3.69811320754716,332.7,343.5,331.25,343.0,11767585,VOLATILITY_COIL|FLOOR_BOUNCE|REGIME_SHIFT,FLOOR_BOUNCE|INVENTORY_MIGRATION,LONG_GAMMA,LONG_GAMMA,Compression,Expansion,1.4,100.0,43.6,58.8,37525.0,2267300.0,-24625.246141100564,177661.50120807436,-0.0317337690639754,0.16343547855898516,4.049749734566976,-0.2699098993949045
2025-10-27,POLICYBZR,NIFTY FIN SERVICE,3.7788455834371515,3.7665341953852627,4.5151695419393345,1685.9,1756.9,1681.0,1749.4,1354960,INVENTORY_MIGRATION|IV_SKEW_ACCUMULATION,REGIME_SHIFT|INVENTORY_MIGRATION,TRANSITION_REGIME,TRANSITION_REGIME,Expansion,Expansion,6.0,-2.9,44.0,58.8,85750.0,-169400.0,1646.2369480552206,19386.14319494937,0.02266144213302751,0.26473677045752636,-0.10278666057560448,-4.422446294537485
2025-10-27,IDEA,NIFTY MEDIA & COMM,3.6382536382536523,3.6382536382536523,13.900862068965525,9.62,10.57,9.28,9.97,3237582345,,FLOOR_BOUNCE|REGIME_SHIFT|INVENTORY_MIGRATION,LONG_GAMMA,LONG_GAMMA,Support Building,Expansion,100.0,100.0,48.6,58.8,36666675.0,301981875.0,9848518.243226416,-3440028.9151581377,0.015232067467438548,0.10913959537700568,14.861751152073754,10.542091518111874
2025-10-27,HINDPETRO,NIFTY OIL & GAS,3.489565514881976,3.5722437799589057,3.7785388127853814,438.1,454.55,438.0,453.75,5526263,REGIME_SHIFT|IV_SKEW_ACCUMULATION,INVENTORY_MIGRATION,TRANSITION_REGIME,LONG_GAMMA,Flip Zone,Expansion,30.8,-68.1,43.6,58.8,613575.0,-1462050.0,-73032.24171074806,441854.921484635,0.016508143160498923,0.14369974012320125,7.14285714285714,2.823197508895259
2025-10-27,SBILIFE,NIFTY FIN SERVICE,3.4405913686270218,1.2179555366450323,2.3242208275715326,1880.2,1923.9,1880.2,1903.1,2866910,INVENTORY_MIGRATION,INVENTORY_MIGRATION|IV_SKEW_ACCUMULATION,TRANSITION_REGIME,TRANSITION_REGIME,Expansion,Expansion,-5.2,27.9,43.6,58.8,-86250.0,391500.0,-16830.344166873023,51356.51096175311,0.03922961785721857,0.04681125886293941,5.155265775223783,0.835606141261902
2025-10-27,NUVAMA,NIFTY FIN SERVICE,3.407190635451496,3.407190635451496,3.7967615857062986,7176.0,7436.0,7164.0,7420.5,139147,REGIME_SHIFT|INVENTORY_MIGRATION,REGIME_SHIFT|INVENTORY_MIGRATION,TRANSITION_REGIME,TRANSITION_REGIME,Expansion,Expansion,-0.6,7.5,43.6,58.8,2550.0,41700.0,-1098.3304970760528,2407.330630021339,0.033862938763906614,0.05546886712070487,23.008702859510976,18.689043225549096
2025-10-27,MCX,NIFTY FIN SERVICE,3.3542511245626683,3.348511772545537,3.9127288918572978,9004.0,9335.0,8983.5,9305.5,635453,REGIME_SHIFT|INVENTORY_MIGRATION,REGIME_SHIFT|INVENTORY_MIGRATION|IV_SKEW_ACCUMULATION,TRANSITION_REGIME,TRANSITION_REGIME,Expansion,Expansion,-31.0,32.0,44.4,58.8,-500125.0,489250.0,-45268.80570481784,39905.616653966215,0.01066449206895681,0.1050188908528823,15.985292284681552,11.665632650719672
2025-10-27,ASHOKLEY,NIFTY AUTO,3.270993766043273,3.14239671842953,3.435897435897428,136.52,141.19,136.5,140.81,16792519,IV_SKEW_ACCUMULATION,FLOOR_BOUNCE|REGIME_SHIFT|INVENTORY_MIGRATION,LONG_GAMMA,LONG_GAMMA,Support Weakening,Expansion,-41.7,100.0,43.6,58.8,-650000.0,6180000.0,-761501.6793551964,1257299.2036507886,-0.012060044561305217,0.2384907735804387,0.25631897472411236,-4.0633406592377685
2025-10-28,SUZLON,NIFTY ENERGY,4.673245205734489,4.673245205734489,5.3544776119403,53.71,56.47,53.6,56.22,134473878,VOLATILITY_COIL|INVENTORY_MIGRATION,FLOOR_BOUNCE|REGIME_SHIFT|INVENTORY_MIGRATION,LONG_GAMMA,LONG_GAMMA,Expansion,Expansion,-47.4,100.0,53.6,58.8,-928000.0,20472000.0,235705.93335770816,-2739362.5355382743,0.2076876830276238,-0.47329968056802973,1.700434153400865,-3.4973577483460527
2025-10-28,INDUSTOWER,NIFTY MEDIA & COMM,3.9321303528144336,2.3607427055702956,2.929427430093212,377.0,386.5,375.5,385.9,20602382,REGIME_SHIFT|INVENTORY_MIGRATION|IV_SKEW_ACCUMULATION,FLOOR_BOUNCE|INVENTORY_MIGRATION,LONG_GAMMA,LONG_GAMMA,Expansion,Expansion,-18.2,100.0,56.3,58.8,-464100.0,3427200.0,4890.638229219825,-36682.16200451134,0.2710001515252841,-0.45109436367986816,11.43517181634419,6.237379914597273
2025-10-28,INDUSINDBK,NIFTY PVT BANK,3.856892409583801,3.3402248352500274,3.8190174121302434,773.9,801.95,772.45,799.75,8948361,FLOOR_BOUNCE|REGIME_SHIFT|INVENTORY_MIGRATION,FLOOR_BOUNCE|REGIME_SHIFT|INVENTORY_MIGRATION|IV_SKEW_ACCUMULATION,LONG_GAMMA,LONG_GAMMA,Expansion,Expansion,85.3,100.0,56.3,58.8,1566600.0,2039800.0,-26759.50252757437,-198190.9370447345,0.08980905213704138,-0.29568201773942165,12.206243423360231,7.008451521613313
2025-10-28,JINDALSTEL,NIFTY METAL,3.7900029005124347,3.7900029005124347,4.926492065037502,1034.3,1077.7,1027.1,1073.5,4445977,REGIME_SHIFT|INVENTORY_MIGRATION,REGIME_SHIFT|INVENTORY_MIGRATION,TRANSITION_REGIME,TRANSITION_REGIME,Expansion,Expansion,83.5,100.0,56.3,58.9,1511250.0,2880625.0,36450.93490403786,-136288.27541763033,0.16670429378129836,-0.381305330019047,4.273919378339008,-0.9238725234079093
2025-10-28,UPL,NIFTY COMMODITIES,3.3463263955284317,3.020527859237543,4.959289415247969,682.0,709.0,675.5,702.6,4557745,FLOOR_BOUNCE|REGIME_SHIFT|INVENTORY_MIGRATION,REGIME_SHIFT|INVENTORY_MIGRATION,LONG_GAMMA,TRANSITION_REGIME,Expansion,Expansion,44.0,26.5,54.3,58.8,798095.0,424115.0,50961.07876878171,-134606.2572509859,0.12416477734334597,-0.27989291214510176,8.425925925925926,3.228134024179008
2025-10-28,INDIANB,NIFTY PSU BANK,3.2754132106314726,2.7590361445783085,3.0602409638554207,830.0,855.4,830.0,852.9,4392545,REGIME_SHIFT|INVENTORY_MIGRATION|IV_SKEW_ACCUMULATION,INVENTORY_MIGRATION,TRANSITION_REGIME,TRANSITION_REGIME,Expansion,Expansion,18.3,-6.0,53.6,62.2,331000.0,-216000.0,-20330.903571685772,33310.39399990812,0.1985876298580842,-0.38155101618691606,20.74750477808451,15.549712876337594
2025-10-28,JSWSTEEL,NIFTY METAL,2.920215539718418,3.3694134078212423,3.615720524017485,1145.6,1186.4,1145.0,1184.2,3451230,FLOOR_BOUNCE|REGIME_SHIFT|INVENTORY_MIGRATION|IV_SKEW_ACCUMULATION,INVENTORY_MIGRATION,LONG_GAMMA,TRANSITION_REGIME,Expansion,Expansion,20.8,100.0,54.0,57.3,365850.0,1902150.0,62883.4575150311,-159756.25888502842,0.10344216932350603,-0.2587414487389764,4.722320481075348,-0.47547142067156933
2025-10-28,TATASTEEL,NIFTY METAL,2.915204347333855,2.514801240484932,2.8471359168455557,177.35,182.06,177.02,181.81,59511794,FLOOR_BOUNCE|REGIME_SHIFT|INVENTORY_MIGRATION|IV_SKEW_ACCUMULATION,FLOOR_BOUNCE|INVENTORY_MIGRATION,LONG_GAMMA,LONG_GAMMA,Expansion,Expansion,100.0,100.0,54.4,57.2,9432500.0,21939500.0,357251.915050779,-2396955.087680139,0.15638982251225575,-0.3151512683663099,8.608124253285542,3.4103323515386244
2025-10-28,BANDHANBNK,NIFTY PVT BANK,2.0809114159497932,1.68490533263852,2.3322089100848986,172.71,175.95,171.94,175.62,7622416,FLOOR_BOUNCE|REGIME_SHIFT|INVENTORY_MIGRATION|IV_SKEW_ACCUMULATION,INVENTORY_MIGRATION|IV_SKEW_ACCUMULATION,LONG_GAMMA,LONG_GAMMA,Expansion,Expansion,41.5,100.0,54.3,57.0,720000.0,3070800.0,259610.07499602193,-606588.9137715588,0.06497083040295626,-0.2598392768648641,13.288607921558505,8.090816019811587
2025-10-28,LAURUSLABS,NIFTY PHARMA,2.074137105780993,1.981934112646111,2.764730999146048,941.0,962.7,936.8,959.65,2716006,FLOOR_BOUNCE|REGIME_SHIFT|INVENTORY_MIGRATION|IV_SKEW_ACCUMULATION,INVENTORY_MIGRATION,LONG_GAMMA,TRANSITION_REGIME,Expansion,Expansion,100.0,100.0,55.5,60.3,3100800.0,3428900.0,-50906.45245756465,-322189.5425559862,0.13555139863033894,-0.3128926562732142,15.300973206776414,10.103181305029496
2025-10-29,ADANIGREEN,NIFTY ENERGY,10.794662417845036,8.22957198443579,13.131113526331383,1028.0,1145.0,1012.1,1112.6,36232727,,REGIME_SHIFT|INVENTORY_MIGRATION,TRANSITION_REGIME,TRANSITION_REGIME,Support Weakening,Expansion,-15.2,67.7,59.4,56.4,-247200.0,880200.0,-34652.51271913272,59520.96041804625,-0.4314486948431581,0.20468592547710185,7.461244989617044,1.7011241853921444
2025-10-29,VBL,NIFTY FMCG,9.093911703181767,8.890109890109898,10.263736263736266,455.0,501.7,455.0,495.45,44567490,INVENTORY_MIGRATION,INVENTORY_MIGRATION|IV_SKEW_ACCUMULATION,TRANSITION_REGIME,TRANSITION_REGIME,Expansion,Expansion,-53.7,100.0,54.2,52.4,-985025.0,2343150.0,-24217.836875739187,25847.743669747913,-0.34753554926159913,0.1350505055233967,9.685632056674788,3.925511252449888
2025-10-29,SAIL,NIFTY METAL,6.348365617433416,5.383519532128678,7.56006006006007,133.37,143.27,133.2,140.55,143438521,REGIME_SHIFT|PINCH_ZONE|IV_SKEW_ACCUMULATION,REGIME_SHIFT|INVENTORY_MIGRATION,TRANSITION_REGIME,LONG_GAMMA,Flip Zone,Expansion,100.0,-100.0,56.3,52.4,4483800.0,-3689500.0,-227427.69906870628,181789.77324993318,-0.3993812779384104,0.212020156790224,6.71171513172879,0.9515943275038907
2025-10-29,IOC,NIFTY OIL & GAS,5.546207610665288,5.219354838709678,5.632258064516127,155.0,163.73,155.0,163.09,58449093,REGIME_SHIFT|INVENTORY_MIGRATION,FLOOR_BOUNCE|REGIME_SHIFT|INVENTORY_MIGRATION,LONG_GAMMA,LONG_GAMMA,Expansion,Expansion,-100.0,100.0,54.9,52.4,-2013375.0,14542125.0,-735443.1621429692,-393019.54554101743,-0.41792036312772646,0.1305436066510502,9.229120621525677,3.4689998173007774
2025-10-29,ADANIENSOL,NIFTY ENERGY,5.031480677377331,4.256236194170571,7.140911814368978,928.05,983.5,917.95,967.55,6202463,INVENTORY_MIGRATION,INVENTORY_MIGRATION,TRANSITION_REGIME,TRANSITION_REGIME,Expansion,Expansion,16.5,-24.2,59.8,52.5,402300.0,-619650.0,-87169.05743773509,36437.545898968,-0.46699821838982186,0.2118040429344638,10.989389159736152,5.229268355511253
2025-10-29,RECLTD,NIFTY FIN SERVICE,4.499254641550343,3.921832884097043,5.031106302407373,371.0,388.3,369.7,385.55,13697186,REGIME_SHIFT|INVENTORY_MIGRATION,INVENTORY_MIGRATION,TRANSITION_REGIME,LONG_GAMMA,Expansion,Expansion,16.0,-61.9,54.1,55.8,401625.0,-1352775.0,-407518.70177215803,229362.48730990765,-0.3095777964931121,0.12384302370641606,3.6424731182795655,-2.117647685945334
2025-10-29,NBCC,NIFTY REALTY,4.451092376031185,4.130140081337541,5.246466110909753,110.65,116.15,110.36,115.22,19778162,REGIME_SHIFT,REGIME_SHIFT,TRANSITION_REGIME,LONG_GAMMA,Flip Zone,Expansion,23.0,-100.0,54.9,55.9,552500.0,-3497000.0,-580566.616097026,177611.489494872,-0.4486890274407157,0.21491850346039587,7.351159973912225,1.591039169687325
2025-10-29,HUDCO,Other,4.320113314447593,3.86954605553107,5.246776345042226,226.9,236.7,224.9,235.68,8765779,PINCH_ZONE,INVENTORY_MIGRATION|IV_SKEW_ACCUMULATION,TRANSITION_REGIME,TRANSITION_REGIME,Support Building,Expansion,7.9,-31.8,54.1,55.9,199800.0,-749250.0,-248871.37025259613,97049.29269434244,-0.3599268005908981,0.19444017350985976,6.947406634296871,1.1872858300719713
2025-10-29,HINDPETRO,NIFTY OIL & GAS,3.6934645582218373,3.9348259809354857,4.389270671691414,451.1,470.9,451.1,468.85,8351676,VOLATILITY_COIL|REGIME_SHIFT|PINCH_ZONE,INVENTORY_MIGRATION|IV_SKEW_ACCUMULATION,TRANSITION_REGIME,LONG_GAMMA,Compression,Expansion,30.7,0.6,54.1,55.3,656100.0,-111375.0,-381672.38309545605,65889.49057093472,-0.3527744399169361,0.15695514907834057,6.134691567628758,0.37457076340385864
2025-10-29,CGPOWER,NIFTY INFRA,3.6124567474048463,3.091647731185021,5.248561325660406,726.15,759.0,721.15,748.6,6067360,INVENTORY_MIGRATION,INVENTORY_MIGRATION|IV_SKEW_ACCUMULATION,TRANSITION_REGIME,TRANSITION_REGIME,Expansion,Expansion,7.0,-29.9,55.0,52.4,155550.0,-689350.0,609.8929252002436,43040.39410741233,-0.4702969787641298,0.15732413295395353,0.17395958784960364,-5.586161216375296
2025-10-30,POLICYBZR,NIFTY FIN SERVICE,7.026807473598695,2.421011716364041,4.896293777626659,1800.9,1851.0,1764.6,1844.5,9107742,,REGIME_SHIFT|INVENTORY_MIGRATION,TRANSITION_REGIME,TRANSITION_REGIME,Expansion,Expansion,-16.7,13.8,51.0,50.2,-236250.0,27650.0,6292.598187506928,22322.393657267017,0.20572243819016792,-0.05101989675089602,8.372502937720338,3.2254351512337456
2025-10-30,BHEL,NIFTY INFRA,6.479481641468698,2.870078740157478,7.037369451697129,254.0,262.37,245.12,261.29,75432122,INVENTORY_MIGRATION|IV_SKEW_ACCUMULATION,REGIME_SHIFT|INVENTORY_MIGRATION,LONG_GAMMA,LONG_GAMMA,Expansion,Expansion,-100.0,100.0,52.4,53.6,-4890375.0,5971875.0,217111.55193470116,51653.3307350511,0.1678278736884058,-0.034830595136980225,9.57852799329002,4.431460206803428
2025-10-30,ABCAPITAL,NIFTY FIN SERVICE,5.1480051480051525,5.1480051480051525,6.201550387596888,310.8,328.8,309.6,326.8,27939518,REGIME_SHIFT|IV_SKEW_ACCUMULATION,INVENTORY_MIGRATION,LONG_GAMMA,LONG_GAMMA,Flip Zone,Expansion,-33.8,100.0,47.9,49.4,-629300.0,1971600.0,20712.875929887,53222.28281965127,0.1604289639356383,-0.03986197112158191,11.783820762784325,6.636752976297733
2025-10-30,IIFL,Other,3.565965583173991,3.9635316698656275,5.431861804222637,521.0,549.3,521.0,541.65,6046891,,REGIME_SHIFT|INVENTORY_MIGRATION,TRANSITION_REGIME,TRANSITION_REGIME,Dealer Controlled,Expansion,-1.7,0.9,57.6,50.2,-82500.0,-90750.0,9631.442578470946,5582.837731538748,0.18366447490044951,0.01586902522149891,19.86058862580218,14.713520839315589
2025-10-30,OIL,NIFTY OIL & GAS,3.388822829964333,3.4134157944814447,3.783012134189856,420.4,436.2,420.3,434.75,6027483,REGIME_SHIFT|PINCH_ZONE,INVENTORY_MIGRATION,TRANSITION_REGIME,TRANSITION_REGIME,Flip Zone,Expansion,-0.6,-51.4,50.8,50.3,-67200.0,-1092000.0,16311.626807119479,83961.72048867674,0.16817582854763058,0.0008047960410231259,5.06283228612856,-0.08423550035803196
2025-10-30,CANBK,NIFTY PSU BANK,3.199502989826808,3.0155038759689834,5.0469483568075235,129.0,134.25,127.8,132.89,93428789,INVENTORY_MIGRATION|IV_SKEW_ACCUMULATION,FLOOR_BOUNCE|REGIME_SHIFT|INVENTORY_MIGRATION|IV_SKEW_ACCUMULATION,LONG_GAMMA,LONG_GAMMA,Expansion,Expansion,-100.0,100.0,47.9,50.2,-7202250.0,16497000.0,69903.70130107901,154088.43056044867,0.16427617226996244,-0.04982397144824724,7.420580389620879,2.2735126031342867
2025-10-30,NBCC,NIFTY REALTY,2.733900364520059,1.92009643533666,3.292502823386334,116.14,118.9,115.11,118.37,24956240,REGIME_SHIFT,INVENTORY_MIGRATION|IV_SKEW_ACCUMULATION,LONG_GAMMA,LONG_GAMMA,Expansion,Expansion,-100.0,-100.0,55.9,45.9,-3497000.0,-3763500.0,177611.489494872,175747.8340600513,0.21491850346039587,-0.010780843096011794,10.543518864400458,5.3964510779138655
2025-10-30,BPCL,NIFTY OIL & GAS,2.729100833093945,2.1714285714285797,4.199247031566755,350.0,359.8,345.3,357.6,14807100,IV_SKEW_ACCUMULATION,INVENTORY_MIGRATION|IV_SKEW_ACCUMULATION,TRANSITION_REGIME,LONG_GAMMA,Support Weakening,Expansion,-57.0,-67.7,50.8,45.3,-1159325.0,-1402250.0,57567.80656315254,203949.02572851704,0.13915856026720164,-0.012550536178658978,5.284852053584577,0.13778426709798453
2025-10-30,CAMS,NIFTY FIN SERVICE,2.6351964725716437,2.1371602612084706,3.1088082901554515,3874.3,3980.0,3860.0,3957.1,663840,INVENTORY_MIGRATION|IV_SKEW_ACCUMULATION,,TRANSITION_REGIME,TRANSITION_REGIME,Expansion,Expansion,-15.7,11.8,51.0,48.2,-224850.0,157800.0,10433.371954092761,168.672012605668,0.14826665357925553,0.006968048095565393,5.281221731495767,0.13415394500917444
2025-10-30,POWERINDIA,NIFTY INFRA,2.5797963619723197,2.4742857142857178,4.0057636887607995,17500.0,18045.0,17350.0,17933.0,128504,IV_SKEW_ACCUMULATION,,TRANSITION_REGIME,TRANSITION_REGIME,Expansion,Expansion,4.4,3.5,51.6,48.8,-2950.0,-7450.0,140.75259293375504,330.54546668396387,0.2676076553198772,0.0056750193573533725,-0.3777567912893742,-5.524824577775966
2025-10-31,UNIONBANK,NIFTY PSU BANK,4.461776278808305,3.7691072799608927,6.3978720425591495,143.27,152.0,142.86,148.67,63642549,INVENTORY_MIGRATION,FLOOR_BOUNCE|INVENTORY_MIGRATION|IV_SKEW_ACCUMULATION,LONG_GAMMA,LONG_GAMMA,Expansion,Expansion,-100.0,100.0,44.2,54.3,-7425150.0,8292450.0,222753.9618648603,-191403.04653455102,-0.02904235700161223,0.003151873835926633,7.149549549549539,3.5829957553048297
2025-10-31,BEL,NIFTY INFRA,3.952183459380354,2.972450459159015,4.679652088692898,413.8,427.25,408.15,426.1,51342361,IV_SKEW_ACCUMULATION,INVENTORY_MIGRATION,LONG_GAMMA,LONG_GAMMA,Support Weakening,Expansion,-100.0,-16.2,42.4,54.3,-3139275.0,-554325.0,308731.54457495525,443673.01793763065,-0.005406280369654903,-0.031082447453286532,4.821648216482166,1.2550944222374572
2025-10-31,IDFCFIRSTB,NIFTY PVT BANK,3.598124920815904,3.861298107455857,5.059107664929452,78.73,82.65,78.67,81.77,95666531,PINCH_ZONE|IV_SKEW_ACCUMULATION,INVENTORY_MIGRATION|IV_SKEW_ACCUMULATION,LONG_GAMMA,LONG_GAMMA,Support Weakening,Expansion,-100.0,-100.0,42.4,54.3,-3756375.0,-25088875.0,13929.660818584729,1466898.118872828,2.5907981047956774e-05,0.014552491761527397,18.472906403940883,14.906352609696174
2025-10-31,AUROPHARMA,NIFTY PHARMA,3.3015873015873165,3.0678733031674232,5.072727272727273,1105.0,1155.8,1100.0,1138.9,3557298,REGIME_SHIFT|PINCH_ZONE|IV_SKEW_ACCUMULATION,INVENTORY_MIGRATION,TRANSITION_REGIME,TRANSITION_REGIME,Flip Zone,Expansion,-3.4,-8.7,42.4,54.5,-39050.0,-279400.0,-856.7207642091435,40370.243702469066,-0.0014182877202104094,0.013679769852363577,4.871086556169435,1.304532761924726
2025-10-31,CANBK,NIFTY PSU BANK,3.08525848446084,4.262120404901459,5.640243902439024,131.39,138.6,131.2,136.99,80524287,FLOOR_BOUNCE|REGIME_SHIFT|INVENTORY_MIGRATION|IV_SKEW_ACCUMULATION,INVENTORY_MIGRATION|IV_SKEW_ACCUMULATION,LONG_GAMMA,LONG_GAMMA,Expansion,Expansion,100.0,100.0,50.2,57.7,16497000.0,19062000.0,154088.43056044867,-404177.2725206695,-0.04982397144824724,0.0022807785331303565,10.690045248868785,7.123491454624076
2025-10-31,UNITDSPR,NIFTY FMCG,2.6387494622114094,-1.6219931271477583,4.201680672268915,1455.0,1488.0,1428.0,1431.4,10485938,REGIME_SHIFT|PINCH_ZONE|IV_SKEW_ACCUMULATION,INVENTORY_MIGRATION,TRANSITION_REGIME,TRANSITION_REGIME,Flip Zone,Expansion,-10.1,-100.0,42.4,53.1,-209200.0,-2710000.0,17139.265422217664,122366.14490110445,0.0032888929242429477,-0.012670169812831977,6.289448280983145,2.7228944867384364
2025-10-31,PNB,NIFTY PSU BANK,2.3315846448497046,2.0681063122923504,3.3061292471685544,120.4,124.05,120.08,122.89,37511394,REGIME_SHIFT,FLOOR_BOUNCE|IV_SKEW_ACCUMULATION,LONG_GAMMA,LONG_GAMMA,Flip Zone,Support Building,-100.0,100.0,42.0,52.7,-5352000.0,13728000.0,55561.3659884755,38005.0619573025,0.010013369655556992,-0.024636406638659958,9.18702798756108,5.6204741933163715
2025-10-31,YESBANK,NIFTY PVT BANK,2.2941970310391246,2.110462505612931,4.265828468792088,22.27,23.22,22.27,22.74,210892173,INVENTORY_MIGRATION,INVENTORY_MIGRATION,LONG_GAMMA,LONG_GAMMA,Expansion,Expansion,-100.0,-100.0,44.2,56.4,-7930500.0,-41705100.0,-1416156.2904355158,3535281.4319717963,0.008664212927984472,0.009104498804724581,4.503676470588225,0.9371226763435159
2025-10-31,SAMMAANCAP,NIFTY FIN SERVICE,2.283327909751609,1.665768194070072,5.684326710816778,185.5,191.5,181.2,188.59,58680389,VOLATILITY_COIL|PINCH_ZONE,REGIME_SHIFT|PINCH_ZONE|IV_SKEW_ACCUMULATION,TRANSITION_REGIME,LONG_GAMMA,Compression,Flip Zone,-0.1,-100.0,42.4,52.7,-4300.0,-3719500.0,-20625.16382258355,155880.29999024724,0.00640259611610039,-0.0007790870554889029,11.210048354758806,7.643494560514097
2025-10-31,LODHA,NIFTY REALTY,2.2622502987877713,-0.09174311926605228,2.5164668130383427,1199.0,1214.0,1184.2,1197.9,5985377,PINCH_ZONE,REGIME_SHIFT|PINCH_ZONE|IV_SKEW_ACCUMULATION,TRANSITION_REGIME,TRANSITION_REGIME,Dealer Controlled,Flip Zone,-14.2,-53.9,42.4,52.7,-254250.0,-1118700.0,9772.612210351273,54759.20983759232,-0.005237042576476003,-0.00502526462841002,5.0973855062291795,1.5308317119844705
2025-11-03,IDEA,NIFTY MEDIA & COMM,9.278350515463906,4.2622950819672045,13.698630136986312,9.15,9.96,8.76,9.54,2515073520,VOLATILITY_COIL,REGIME_SHIFT|INVENTORY_MIGRATION,LONG_GAMMA,LONG_GAMMA,Compression,Expansion,100.0,100.0,57.3,58.7,8505525.0,73547775.0,35864.98106127512,2593140.690437342,-0.0036631312780782688,0.04193577291877226,8.163265306122437,4.672097667009002
2025-11-03,SHRIRAMFIN,NIFTY FIN SERVICE,6.349312324742962,4.41137912952283,5.458141067897171,762.8,799.9,758.5,796.45,26222030,REGIME_SHIFT|INVENTORY_MIGRATION|IV_SKEW_ACCUMULATION,FLOOR_BOUNCE|REGIME_SHIFT|INVENTORY_MIGRATION|IV_SKEW_ACCUMULATION,TRANSITION_REGIME,LONG_GAMMA,Expansion,Expansion,-1.4,100.0,52.7,53.4,-99000.0,2946900.0,38734.712318932405,27131.951686714456,-0.042221397699511665,-0.013163724807744748,23.327655620935282,19.836487981821847
2025-11-03,HFCL,Other,5.441436539246358,5.027100271002727,6.114130434782616,73.8,78.1,73.6,77.51,30486532,PINCH_ZONE,REGIME_SHIFT|PINCH_ZONE,LONG_GAMMA,LONG_GAMMA,Support Weakening,Expansion,-100.0,100.0,50.4,53.5,-1909200.0,6359700.0,-40543.42800729256,-38725.91469847027,0.0014138745874130998,-0.009618442139295968,2.161592197179396,-1.3295754419340389
2025-11-03,GODREJCP,NIFTY FMCG,5.3638476667262625,2.6655052264808354,3.8114430912117747,1148.0,1184.8,1141.3,1178.6,4842181,REGIME_SHIFT|INVENTORY_MIGRATION,REGIME_SHIFT|INVENTORY_MIGRATION|IV_SKEW_ACCUMULATION,TRANSITION_REGIME,TRANSITION_REGIME,Expansion,Expansion,-22.4,40.1,49.6,53.4,-445500.0,599000.0,21053.148060016974,4795.004678926729,-0.02068637257055128,-0.03749190091014587,2.5761531766753665,-0.9150144624380685
2025-11-03,INDUSTOWER,NIFTY MEDIA & COMM,5.2667766776677505,4.5765027322404395,5.298466593647322,366.0,384.55,365.2,382.75,15961474,,REGIME_SHIFT|INVENTORY_MIGRATION,LONG_GAMMA,LONG_GAMMA,Support Weakening,Expansion,-31.2,-26.3,50.7,53.4,-542300.0,-708900.0,-63616.66237773665,295985.37881344516,0.025690142242419944,0.006395417269592585,8.397054658736902,4.905887019623467
2025-11-03,BANKBARODA,NIFTY PSU BANK,4.597701149425282,2.3550087873462244,3.621908127208484,284.5,293.25,283.0,291.2,38572616,FLOOR_BOUNCE|REGIME_SHIFT|INVENTORY_MIGRATION|IV_SKEW_ACCUMULATION,FLOOR_BOUNCE|REGIME_SHIFT|INVENTORY_MIGRATION,LONG_GAMMA,LONG_GAMMA,Expansion,Expansion,100.0,100.0,52.7,53.4,1839825.0,4990050.0,71039.36145890557,75877.19014176121,-0.0007299408763979942,-0.023535625160591378,10.323924985792754,6.832757346679319
2025-11-03,VEDL,NIFTY METAL,3.9408367946510037,2.1912350597609542,2.817745803357319,502.0,514.5,500.4,513.0,16492217,PINCH_ZONE|IV_SKEW_ACCUMULATION,REGIME_SHIFT|PINCH_ZONE,LONG_GAMMA,LONG_GAMMA,Expansion,Expansion,-100.0,100.0,50.4,53.5,-4259600.0,1825050.0,-13081.634560489474,237904.16982443174,0.01643793109248637,-0.011411504540984607,8.928761014969755,5.43759337585632
2025-11-03,PHOENIXLTD,NIFTY REALTY,3.7976940449304664,3.0383480825958653,6.138184446720074,1695.0,1762.0,1660.1,1746.5,2209531,INVENTORY_MIGRATION,REGIME_SHIFT|INVENTORY_MIGRATION|IV_SKEW_ACCUMULATION,TRANSITION_REGIME,TRANSITION_REGIME,Expansion,Expansion,-10.0,12.9,49.6,53.4,-158550.0,131600.0,2967.9796388241357,2483.6980988794057,-0.0022777922538749773,-0.012176458573795346,11.776000000000009,8.284832360886574
2025-11-03,LTF,NIFTY FIN SERVICE,3.4049317904543575,3.401109057301288,3.723601333827342,270.5,279.95,269.9,279.7,9607771,REGIME_SHIFT|PINCH_ZONE,INVENTORY_MIGRATION|IV_SKEW_ACCUMULATION,TRANSITION_REGIME,LONG_GAMMA,Flip Zone,Expansion,84.2,61.5,50.0,53.5,1577336.0,1044146.0,-3570.6329587322543,193346.49110490002,-0.017875492496731038,0.006769718903288369,6.621431021995194,3.1302633828817594
2025-11-03,DABUR,NIFTY FMCG,3.230437903804728,3.114115959844299,3.8817957166392025,488.1,504.45,485.6,503.3,4523334,INVENTORY_MIGRATION|IV_SKEW_ACCUMULATION,REGIME_SHIFT|INVENTORY_MIGRATION,LONG_GAMMA,LONG_GAMMA,Expansion,Expansion,-100.0,-100.0,51.0,53.4,-2122500.0,-2192500.0,-38862.70066071616,338993.82551612007,-0.019838982605779237,0.011386180797694628,1.4410964426080808,-2.050071196505354
2025-11-04,POWERINDIA,NIFTY INFRA,14.163736815670514,6.491410723581459,10.546331012319232,19210.0,20639.0,18670.0,20457.0,1237485,INVENTORY_MIGRATION,INVENTORY_MIGRATION,TRANSITION_REGIME,TRANSITION_REGIME,Expansion,Expansion,1.2,26.0,51.3,52.5,-750.0,67900.0,177.4097338149254,1224.5216500935578,0.023433529891051463,-0.056832702815803327,12.382574300939408,10.309014776821313
2025-11-04,DABUR,NIFTY FMCG,2.731969004569823,2.9364921361735963,3.586014543281224,502.3,519.95,501.95,517.05,5322219,REGIME_SHIFT|INVENTORY_MIGRATION,INVENTORY_MIGRATION|IV_SKEW_ACCUMULATION,LONG_GAMMA,LONG_GAMMA,Expansion,Expansion,-100.0,80.6,53.4,51.4,-2192500.0,1442500.0,338993.82551612007,63406.062078208895,0.011386180797694628,0.02625102215324404,4.803891760413492,2.7303322362953963
2025-11-04,DELHIVERY,NIFTY SERVICES,2.6680783483324477,2.5052854122621593,4.155595706238713,473.0,490.0,470.45,484.85,10002943,REGIME_SHIFT,REGIME_SHIFT|INVENTORY_MIGRATION,TRANSITION_REGIME,LONG_GAMMA,Flip Zone,Expansion,-61.9,-100.0,57.2,50.9,-1228400.0,-2967250.0,72582.85329084223,153840.48614241264,0.015836695753042362,-0.02184960039301087,4.809770860354523,2.736211336236427
2025-11-04,INDUSTOWER,NIFTY MEDIA & COMM,2.5604180274330535,0.14030612244897434,2.107698239300859,392.0,397.25,389.05,392.55,24189758,REGIME_SHIFT|INVENTORY_MIGRATION,INVENTORY_MIGRATION|IV_SKEW_ACCUMULATION,LONG_GAMMA,LONG_GAMMA,Expansion,Expansion,-26.3,40.8,53.4,51.0,-708900.0,690200.0,295985.37881344516,87683.11591942387,0.006395417269592585,-0.029776683983146923,10.999575851830912,8.926016327712816
2025-11-04,TITAN,NIFTY FMCG,2.3895824942945287,2.3895824942945287,3.0148048452220744,3724.5,3827.0,3715.0,3813.5,2524600,REGIME_SHIFT|IV_SKEW_ACCUMULATION,,TRANSITION_REGIME,TRANSITION_REGIME,Flip Zone,Resistance Weakening,-19.2,27.8,48.4,51.0,-375900.0,421925.0,22641.251585344937,40682.98432877447,0.014006591538419266,-0.03564104809527041,11.33006364220237,9.256504118084274
2025-11-04,BOSCHLTD,NIFTY AUTO,2.2282241728561747,2.2282241728561747,3.0430648009781347,37025.0,37925.0,36805.0,37850.0,29198,REGIME_SHIFT|INVENTORY_MIGRATION|IV_SKEW_ACCUMULATION,REGIME_SHIFT,TRANSITION_REGIME,TRANSITION_REGIME,Expansion,Flip Zone,-1.2,3.8,48.4,50.9,-6300.0,8150.0,-61.62447552369554,568.5060398072408,-0.011202123758756843,0.006333602752953749,-2.448453608247425,-4.522013132365521
2025-11-04,MFSL,NIFTY FIN SERVICE,2.0834668889031294,1.685823754789273,2.465577969900745,1566.0,1600.0,1561.5,1592.4,1155844,,INVENTORY_MIGRATION|IV_SKEW_ACCUMULATION,TRANSITION_REGIME,TRANSITION_REGIME,Dealer Controlled,Expansion,0.7,-3.4,51.0,50.9,-11600.0,-126400.0,2753.871376601628,8470.480111190565,0.01722717029651699,-0.008694069925717196,-0.809767036252651,-2.883326560370747
2025-11-04,BHARTIARTL,NIFTY MEDIA & COMM,1.8948891031822734,0.2990033222591393,1.526028048490602,2107.0,2135.6,2103.5,2113.3,12263078,INVENTORY_MIGRATION|IV_SKEW_ACCUMULATION,REGIME_SHIFT|INVENTORY_MIGRATION,LONG_GAMMA,LONG_GAMMA,Expansion,Expansion,-100.0,-100.0,48.7,50.9,-2422025.0,-4191875.0,200055.51120298723,555789.5698341804,-0.010419938736607987,-0.020885522161742692,11.045136881929496,8.9715773578114
2025-11-04,GMRAIRPORT,NIFTY INFRA,1.7754010695187228,1.2232741197744756,2.3617021276595818,94.01,96.22,94.0,95.16,16023424,PINCH_ZONE,REGIME_SHIFT|PINCH_ZONE,LONG_GAMMA,LONG_GAMMA,Support Weakening,Flip Zone,-62.9,-100.0,48.4,50.0,-1185750.0,-12380625.0,28454.754138927907,1087452.152778956,0.001506657710960646,0.017154507374188277,7.282976324689949,5.209416800571853
2025-11-04,ICICIGI,NIFTY FIN SERVICE,1.6138673042438878,1.4672966923650943,2.5347343259797928,2010.5,2059.0,2008.1,2040.0,669043,REGIME_SHIFT|PINCH_ZONE,INVENTORY_MIGRATION,TRANSITION_REGIME,TRANSITION_REGIME,Flip Zone,Expansion,1.9,-6.0,48.4,49.7,15925.0,-166725.0,1300.8590697913978,18553.004207487647,-0.007261240277372988,0.0023349863395195625,5.930003115588334,3.8564435914702377
2025-11-06,ASTRAL,NIFTY CONS DURABLES,6.740730643402393,5.639123102866783,6.070826306914001,1482.5,1572.5,1482.5,1566.1,5837826,REGIME_SHIFT,REGIME_SHIFT|INVENTORY_MIGRATION|IV_SKEW_ACCUMULATION,TRANSITION_REGIME,TRANSITION_REGIME,Flip Zone,Expansion,-10.1,36.3,50.4,58.6,-167450.0,466650.0,14143.740962843483,3425.2791834295494,-0.01150415292230239,-0.014672185679899918,10.335352966041977,8.736678424157418
2025-11-06,ASIANPAINT,NIFTY FMCG,4.672859613141922,1.6718096949337902,2.7694230694113475,2560.1,2631.0,2560.1,2602.9,4448622,REGIME_SHIFT,REGIME_SHIFT|INVENTORY_MIGRATION,TRANSITION_REGIME,TRANSITION_REGIME,Flip Zone,Expansion,-5.2,-40.4,48.9,58.0,-67500.0,-965500.0,-15133.000468160455,140058.75682183242,0.013835081211150457,-0.02567644891652704,10.629887793267589,9.03121325138303
2025-11-06,PAYTM,NIFTY FIN SERVICE,4.148264984227112,0.8091603053435037,3.1793919702947315,1310.0,1333.8,1292.7,1320.6,10267401,IV_SKEW_ACCUMULATION,REGIME_SHIFT|INVENTORY_MIGRATION,TRANSITION_REGIME,TRANSITION_REGIME,Support Weakening,Expansion,-53.9,52.4,50.4,58.6,-1016450.0,852600.0,36744.337511343074,49001.664499362225,-0.012457841338806841,-0.057693586580558065,6.706528765352293,5.107854223467734
2025-11-06,MANAPPURAM,NIFTY FIN SERVICE,2.8335522612122466,2.6986506746626615,4.090056285178223,266.8,277.4,266.5,274.0,9529258,,FLOOR_BOUNCE|REGIME_SHIFT|IV_SKEW_ACCUMULATION,TRANSITION_REGIME,LONG_GAMMA,Support Weakening,Expansion,-19.2,92.5,53.0,57.4,-351000.0,1668000.0,7719.494065464678,79926.15881601674,0.005233387047924254,0.014306924131267496,-5.825743254854787,-7.4244177967393465
2025-11-06,NUVAMA,NIFTY FIN SERVICE,2.2383883603805277,2.929577464788724,4.788732394366191,7100.0,7440.0,7100.0,7308.0,397795,VOLATILITY_COIL,IV_SKEW_ACCUMULATION,TRANSITION_REGIME,TRANSITION_REGIME,Compression,Dealer Controlled,-0.6,3.2,52.7,60.4,-21375.0,-7125.0,1703.3489437542921,3475.2943160693376,-0.005482289167918153,-0.019838577869130902,5.007543645376833,3.4088691034922736
2025-11-06,BRITANNIA,NIFTY FMCG,2.0534577853203118,-2.7885548011639227,3.303578877116875,6186.0,6191.5,5993.5,6013.5,1038063,REGIME_SHIFT,REGIME_SHIFT|INVENTORY_MIGRATION,TRANSITION_REGIME,TRANSITION_REGIME,Flip Zone,Expansion,2.5,-6.6,48.5,57.0,9500.0,-204000.0,2917.6980905524797,17036.79390959512,0.004292672485588289,-0.030039546564113645,2.1488024460676103,0.5501279041830509
2025-11-06,PIIND,NIFTY COMMODITIES,1.8135910732223648,1.744533072874277,2.5982497146273875,3685.8,3775.0,3679.4,3750.1,338796,VOLATILITY_COIL,INVENTORY_MIGRATION|IV_SKEW_ACCUMULATION,TRANSITION_REGIME,TRANSITION_REGIME,Compression,Expansion,-1.6,1.4,47.8,59.9,-27475.0,-30100.0,2740.148657283725,1100.1884982477768,0.01562819007777566,-0.019363850283816264,4.669532209445126,3.070857667560567
2025-11-06,RELIANCE,NIFTY OIL & GAS,1.5613332428212612,0.8153638814016206,1.7206340604253967,1484.0,1501.6,1476.2,1496.1,16772678,PINCH_ZONE|IV_SKEW_ACCUMULATION,REGIME_SHIFT|PINCH_ZONE|IV_SKEW_ACCUMULATION,LONG_GAMMA,LONG_GAMMA,Support Weakening,Flip Zone,-78.4,-52.0,47.8,55.3,-1461000.0,-1147500.0,-81842.30852249952,544207.9321562559,0.012351115636807297,-0.011991714885206728,8.037261698440211,6.438587156555652
2025-11-06,INDUSTOWER,NIFTY MEDIA & COMM,1.4647815564896138,1.6330696606277284,4.7206414899120475,391.9,404.85,386.6,398.3,14237144,INVENTORY_MIGRATION|IV_SKEW_ACCUMULATION,FLOOR_BOUNCE|INVENTORY_MIGRATION|IV_SKEW_ACCUMULATION,LONG_GAMMA,LONG_GAMMA,Expansion,Expansion,40.8,95.2,51.0,55.9,690200.0,1781600.0,87683.11591942387,-46400.26012492168,-0.029776683983146923,-0.004910257117137995,11.288069293098646,9.689394751214087
2025-11-06,DABUR,NIFTY FMCG,1.2861425394062653,1.2861425394062653,2.631836415223554,517.05,524.5,511.05,523.7,3911239,INVENTORY_MIGRATION|IV_SKEW_ACCUMULATION,,LONG_GAMMA,LONG_GAMMA,Expansion,Resistance Weakening,80.6,56.3,51.4,57.3,1442500.0,1040000.0,63406.062078208895,-399.0763915430289,0.02625102215324404,0.0021186143671769186,6.389029964448967,4.790355422564407
2025-11-07,LTF,NIFTY FIN SERVICE,10.319767441860472,11.617647058823533,12.279411764705884,272.0,305.4,272.0,303.6,70587337,IV_SKEW_ACCUMULATION,FLOOR_BOUNCE|INVENTORY_MIGRATION,LONG_GAMMA,LONG_GAMMA,Support Weakening,Expansion,-100.0,100.0,54.7,51.2,-1932046.0,7634482.0,-95817.68894428201,171400.36552454415,0.01820936365486353,0.011044560217870258,18.80258266484054,17.02127096623618
2025-11-07,BSE,NIFTY FIN SERVICE,9.073508450417433,9.318367346938782,11.276195153896529,2450.0,2718.7,2443.2,2678.3,20297200,INVENTORY_MIGRATION|IV_SKEW_ACCUMULATION,REGIME_SHIFT|INVENTORY_MIGRATION|IV_SKEW_ACCUMULATION,TRANSITION_REGIME,TRANSITION_REGIME,Expansion,Expansion,-27.4,86.2,54.7,54.6,-470250.0,1311000.0,-14667.414273247181,36756.09367488239,-0.0077305037256661935,0.0066170706381625255,19.34319579360131,17.56188409499695
2025-11-07,ANGELONE,NIFTY FIN SERVICE,5.224210737985113,5.499999999999994,7.318070318887981,2480.0,2625.0,2446.0,2616.4,1865591,REGIME_SHIFT,REGIME_SHIFT,TRANSITION_REGIME,TRANSITION_REGIME,Flip Zone,Expansion,-12.1,19.4,55.1,54.6,-195750.0,204500.0,7012.854733363973,12346.659749767736,0.028454678972023806,-0.033174849659778016,17.98872604284105,16.207414344236692
2025-11-07,KFINTECH,NIFTY FIN SERVICE,4.604086244233141,4.604086244233141,6.260704091341585,1062.1,1116.8,1051.0,1111.0,1132039,,REGIME_SHIFT|INVENTORY_MIGRATION,TRANSITION_REGIME,TRANSITION_REGIME,Dealer Controlled,Expansion,-7.3,34.0,61.1,54.9,-118350.0,508050.0,-324.68185667639773,37891.91480168135,0.009999460661371196,-0.04085129484319333,7.498790517658449,5.717478819054089
2025-11-07,IDEA,NIFTY MEDIA & COMM,3.6677454153182243,3.6677454153182243,5.760869565217397,9.27,9.73,9.2,9.61,1075464880,,,LONG_GAMMA,LONG_GAMMA,Support Weakening,Expansion,-100.0,100.0,59.4,56.2,-26660175.0,58752450.0,247301.79929543845,9296788.47890865,0.007404467923211588,0.012622171670308324,6.305309734513287,4.523998035908927
2025-11-07,ABCAPITAL,NIFTY FIN SERVICE,3.3786882739642365,4.303563165201307,7.06757594544325,324.15,345.4,322.6,338.1,13494106,FLOOR_BOUNCE,FLOOR_BOUNCE|REGIME_SHIFT|INVENTORY_MIGRATION,LONG_GAMMA,LONG_GAMMA,Support Building,Expansion,0.2,91.5,59.8,51.2,52700.0,1621300.0,-92896.73626574717,132127.96787929418,0.02089921774663772,0.015363005226418147,14.513124470787474,12.731812772183115
2025-11-07,POWERINDIA,NIFTY INFRA,3.2463997624585517,4.210789210789212,5.147132670483079,20020.0,20939.0,19914.0,20863.0,289064,PINCH_ZONE,INVENTORY_MIGRATION|IV_SKEW_ACCUMULATION,TRANSITION_REGIME,TRANSITION_REGIME,Dealer Controlled,Expansion,-4.0,5.6,54.0,54.1,-21950.0,10150.0,-539.4843333726526,1347.4105604596007,0.011991979159472088,-0.00978298368355024,17.247386759581886,15.466075060977527
2025-11-07,BANKINDIA,NIFTY PSU BANK,3.146179639009783,3.2714285714285696,4.56874774449656,140.0,144.88,138.55,144.58,15852911,REGIME_SHIFT|PINCH_ZONE,INVENTORY_MIGRATION|IV_SKEW_ACCUMULATION,LONG_GAMMA,LONG_GAMMA,Flip Zone,Expansion,-29.3,39.2,54.0,51.3,-509600.0,634400.0,-46474.4298099415,137911.60846893158,0.020711353656587494,-0.021530439971915616,15.821517263478334,14.040205564873975
2025-11-07,AUBANK,NIFTY PVT BANK,3.144154370034058,3.726956223959821,4.466900155020959,876.05,909.75,870.85,908.7,3232246,VOLATILITY_COIL|REGIME_SHIFT|INVENTORY_MIGRATION|IV_SKEW_ACCUMULATION,INVENTORY_MIGRATION,TRANSITION_REGIME,TRANSITION_REGIME,Expansion,Expansion,11.9,42.5,54.0,51.2,228000.0,711000.0,-28667.965116137733,30941.947843264956,0.001959044458014758,-0.007368129791896827,18.366549433372413,16.585237734768054
2025-11-07,LICI,NIFTY FIN SERVICE,3.1302310010043577,1.554945054945045,4.675455256395944,910.0,936.95,895.1,924.15,7699680,REGIME_SHIFT,,TRANSITION_REGIME,TRANSITION_REGIME,Flip Zone,Expansion,-75.8,2.0,54.0,51.3,-1425200.0,-84700.0,57032.19718396038,58298.00711571751,0.018984250441114847,-0.05518439035303646,3.3956142313716686,1.6143025327673088
2025-11-10,NATIONALUM,NIFTY METAL,9.640863971371383,6.7219572879950285,7.667426912709918,241.15,259.64,241.15,257.36,72663239,IV_SKEW_ACCUMULATION,INVENTORY_MIGRATION|IV_SKEW_ACCUMULATION,LONG_GAMMA,LONG_GAMMA,Support Weakening,Expansion,-41.2,100.0,49.1,45.9,-858750.0,13226250.0,117575.88319931459,131090.04242501513,-0.00972081991616236,-0.022127592008359176,12.115007623611419,10.55614368219342
2025-11-10,UNOMINDA,NIFTY AUTO,7.286329999186791,7.286329999186791,8.188706917624057,1229.7,1327.8,1227.3,1319.3,2923214,VOLATILITY_COIL|INVENTORY_MIGRATION,REGIME_SHIFT|INVENTORY_MIGRATION,TRANSITION_REGIME,TRANSITION_REGIME,Expansion,Expansion,-25.9,31.6,53.5,49.2,-492250.0,385000.0,21371.07179765786,18183.580571893763,-0.04753729278384233,-0.005171474086209438,4.706349206349203,3.1474852649312046
2025-11-10,TORNTPHARM,NIFTY PHARMA,6.634078212290495,4.303278688524581,6.471404775124934,3660.0,3835.1,3602.0,3817.5,1651416,REGIME_SHIFT|PINCH_ZONE,REGIME_SHIFT|INVENTORY_MIGRATION,TRANSITION_REGIME,TRANSITION_REGIME,Flip Zone,Expansion,-2.8,14.8,46.1,45.9,-77750.0,58000.0,9344.680733642865,-2125.140055615291,-0.010738799981923702,0.03110729254824668,7.5200675961132335,5.961203654695235
2025-11-10,NYKAA,NIFTY FMCG,6.080449017773626,3.0827602561062317,6.25,253.02,265.2,249.6,260.82,35673331,VOLATILITY_COIL|INVENTORY_MIGRATION|IV_SKEW_ACCUMULATION,INVENTORY_MIGRATION,TRANSITION_REGIME,LONG_GAMMA,Expansion,Expansion,-16.6,-100.0,46.1,48.7,-325000.0,-2946875.0,54479.12450520496,450006.07641291956,0.011675096850054911,-0.06722495517493571,-1.245693082427779,-2.8045570238457773
2025-11-10,BDL,NIFTY INFRA,4.607308143952471,4.4413793103448285,4.952748844588539,1450.0,1521.5,1449.7,1514.4,1989123,REGIME_SHIFT,INVENTORY_MIGRATION,TRANSITION_REGIME,TRANSITION_REGIME,Flip Zone,Expansion,-9.8,18.3,53.6,50.9,-206050.0,205725.0,13641.992298130463,23428.4035843987,-0.004679671908735028,0.02048577876098795,-0.38808129974345906,-1.9469452411614574
2025-11-10,KAYNES,NIFTY INFRA,4.128514056224897,4.128514056224897,5.61005269558168,6225.0,6513.5,6167.5,6482.0,731274,INVENTORY_MIGRATION,REGIME_SHIFT|INVENTORY_MIGRATION,TRANSITION_REGIME,TRANSITION_REGIME,Expansion,Expansion,-3.2,17.9,55.0,48.8,13900.0,213700.0,-15698.707824148412,23645.422237167826,-0.022153089492608524,-0.02286001730534637,-8.736360436466029,-10.295224377884027
2025-11-10,BHEL,NIFTY INFRA,3.6005306045101326,3.1704095112285557,4.012112036336113,264.95,274.8,264.2,273.35,18151146,FLOOR_BOUNCE|IV_SKEW_ACCUMULATION,INVENTORY_MIGRATION|IV_SKEW_ACCUMULATION,LONG_GAMMA,LONG_GAMMA,Support Building,Expansion,59.0,-5.5,48.0,49.2,1052625.0,-257250.0,182817.57037181914,280819.44190912775,-0.00982188968595843,0.0209589343806883,14.35324631860777,12.794382377189772
2025-11-10,HAL,NIFTY INFRA,3.527428349111661,2.9820902582184727,3.229278794402579,4651.1,4795.0,4645.0,4789.8,1434763,,REGIME_SHIFT|INVENTORY_MIGRATION,TRANSITION_REGIME,TRANSITION_REGIME,Dealer Controlled,Expansion,8.1,35.1,47.9,45.8,133350.0,544950.0,-2108.657238855507,14617.390186150798,-0.001713425286286041,0.017807193611972916,-1.1658378556837157,-2.724701797101714
2025-11-10,KPITTECH,NIFTY IT,3.460537727666968,3.1652685289284888,5.430613668061368,1156.3,1209.5,1147.2,1192.9,2229653,,REGIME_SHIFT|INVENTORY_MIGRATION|IV_SKEW_ACCUMULATION,TRANSITION_REGIME,TRANSITION_REGIME,Dealer Controlled,Expansion,-3.3,-0.9,47.7,45.9,-48400.0,-141625.0,1148.6030471158592,21936.1259876849,0.00872749679710888,0.010308592764121549,2.6238816242257323,1.065017682807734
2025-11-10,MUTHOOTFIN,NIFTY FIN SERVICE,3.0402476780185594,2.563944530046225,3.5617799583889553,3245.0,3335.0,3220.3,3328.2,452157,REGIME_SHIFT|PINCH_ZONE,PINCH_ZONE,TRANSITION_REGIME,TRANSITION_REGIME,Flip Zone,Expansion,5.5,8.2,46.8,47.5,61875.0,64900.0,7779.791965306191,6042.307238211404,-0.006662964912926783,0.03536454791026322,2.4219110632405005,0.8630471218225022
2025-11-11,IDEA,NIFTY MEDIA & COMM,7.789473684210524,4.918032786885251,7.380457380457384,9.76,10.33,9.62,10.24,1962002935,,FLOOR_BOUNCE|INVENTORY_MIGRATION,LONG_GAMMA,LONG_GAMMA,Support Weakening,Expansion,-100.0,100.0,49.5,52.9,-5003250.0,103996125.0,-6525101.379542498,9548005.586405473,-0.009937975866371351,0.023050700841089622,13.27433628318586,11.654425939844735
2025-11-11,BHARATFORG,NIFTY INFRA,5.548027702499225,5.120707752286702,8.230421109150864,1333.8,1411.0,1303.7,1402.1,4813720,PINCH_ZONE,REGIME_SHIFT|INVENTORY_MIGRATION,TRANSITION_REGIME,TRANSITION_REGIME,Dealer Controlled,Expansion,2.2,32.6,41.4,56.3,15500.0,419500.0,297.6211185412103,19578.541522809355,0.03429873721874155,-0.002833927621460397,14.926229508196709,13.306319164855584
2025-11-11,HFCL,Other,5.497170573969279,5.185384202041909,6.271072151045165,74.44,78.8,74.15,78.3,30606710,PINCH_ZONE,REGIME_SHIFT|INVENTORY_MIGRATION,LONG_GAMMA,LONG_GAMMA,Support Weakening,Expansion,-58.3,100.0,41.1,56.3,-1083600.0,2592900.0,-12381.323013362009,293574.9493244719,0.023515632899156147,-0.01974161525861906,2.972119936875317,1.3522095935341927
2025-11-11,BHEL,NIFTY INFRA,4.554600329248215,4.306569343065703,5.907250644092743,274.0,287.75,271.7,285.8,37222053,INVENTORY_MIGRATION|IV_SKEW_ACCUMULATION,FLOOR_BOUNCE|INVENTORY_MIGRATION,LONG_GAMMA,LONG_GAMMA,Expansion,Expansion,-5.5,100.0,49.2,52.9,-257250.0,5859000.0,280819.44190912775,-21105.54282522679,0.0209589343806883,0.0022306467221218096,19.262226673343363,17.642316330002238
2025-11-11,INDIGO,NIFTY SERVICES,3.471414511944171,2.8182788051209107,3.618009648025722,5624.0,5799.5,5597.0,5782.5,959131,VOLATILITY_COIL|REGIME_SHIFT|INVENTORY_MIGRATION,REGIME_SHIFT|INVENTORY_MIGRATION,TRANSITION_REGIME,TRANSITION_REGIME,Expansion,Expansion,1.1,14.0,41.1,52.6,22500.0,151500.0,-5115.160131804645,35073.6238336427,0.004665163306695558,0.010806220810366696,0.8282476024411567,-0.7916627408999677
2025-11-11,INDUSINDBK,NIFTY PVT BANK,3.346469006067432,3.301237964236581,4.465186680121103,799.7,828.2,792.8,826.1,7150449,VOLATILITY_COIL|REGIME_SHIFT|PINCH_ZONE|IV_SKEW_ACCUMULATION,REGIME_SHIFT|PINCH_ZONE,LONG_GAMMA,LONG_GAMMA,Compression,Expansion,-59.7,11.8,41.1,53.0,-1156400.0,108500.0,71097.92847641872,-7526.880817546451,0.01607740509621569,0.020008428909378706,8.220344533962143,6.600434190621018
2025-11-11,NATIONALUM,NIFTY METAL,3.2250543985079316,2.968992248062019,3.9569187543900597,258.0,266.4,256.26,265.66,36187656,INVENTORY_MIGRATION|IV_SKEW_ACCUMULATION,,LONG_GAMMA,LONG_GAMMA,Expansion,Expansion,100.0,100.0,45.9,56.3,13226250.0,6948750.0,131090.04242501513,-71111.33628142031,-0.022127592008359176,0.005606611948661189,18.43958983504237,16.819679491701244
2025-11-11,ADANIENSOL,NIFTY ENERGY,3.143408226033473,3.035983960839439,4.977303916393971,960.15,994.45,947.3,989.3,1703879,VOLATILITY_COIL|REGIME_SHIFT,IV_SKEW_ACCUMULATION,TRANSITION_REGIME,TRANSITION_REGIME,Compression,Expansion,11.0,10.6,42.1,55.7,215325.0,97200.0,-6621.2687420771545,68211.83943645055,0.018386241338832654,0.008827894700856709,6.853161959280651,5.233251615939527
2025-11-11,SOLARINDS,NIFTY INFRA,2.8417990601924403,2.284866468842739,6.454538583629366,13480.0,14085.0,13231.0,13788.0,305585,REGIME_SHIFT,INVENTORY_MIGRATION|IV_SKEW_ACCUMULATION,TRANSITION_REGIME,TRANSITION_REGIME,Flip Zone,Expansion,-8.9,3.0,42.2,51.3,-143850.0,-45075.0,2879.343654268122,6093.143673563495,-0.0001403842709630232,0.004137896113895423,-2.2820694542877384,-3.901979797628863
2025-11-11,PERSISTENT,NIFTY IT,2.8391167192429068,2.229002457835416,2.7123543916333537,5899.5,6040.0,5880.5,6031.0,766563,REGIME_SHIFT|INVENTORY_MIGRATION|IV_SKEW_ACCUMULATION,REGIME_SHIFT|INVENTORY_MIGRATION,TRANSITION_REGIME,TRANSITION_REGIME,Expansion,Expansion,4.8,-1.1,41.8,51.3,48700.0,-123800.0,754.649209167852,13162.264356142181,0.017589148728988868,-0.009737929798224798,12.566959702857572,10.947049359516448
2025-11-12,BIOCON,NIFTY PHARMA,5.401194494936368,4.748387096774187,7.240293809024134,387.5,408.8,381.2,405.9,16384325,,FLOOR_BOUNCE|INVENTORY_MIGRATION,LONG_GAMMA,LONG_GAMMA,Support Weakening,Expansion,-50.3,100.0,48.0,51.2,-995000.0,1900000.0,67687.02968531084,45315.78518501093,0.0012628673505011845,0.025968973520576588,16.170578133943913,13.600153574883999
2025-11-12,MFSL,NIFTY FIN SERVICE,5.093243656374202,7.424999999999993,7.981250000000006,1600.0,1727.7,1600.0,1718.8,4176641,INVENTORY_MIGRATION,INVENTORY_MIGRATION|IV_SKEW_ACCUMULATION,TRANSITION_REGIME,TRANSITION_REGIME,Expansion,Expansion,8.2,24.1,45.8,54.6,126800.0,281200.0,-971.4356453893561,16950.031432880623,-0.0008472945489833017,-0.01100899048943027,6.9237947122861465,4.3533701532262326
2025-11-12,ADANIENT,NIFTY SERVICES,4.97295926990029,4.215604026845643,6.628547225751791,2384.0,2517.5,2361.0,2484.5,6685426,VOLATILITY_COIL,REGIME_SHIFT|PINCH_ZONE,TRANSITION_REGIME,LONG_GAMMA,Compression,Expansion,7.1,-42.6,46.4,51.2,130800.0,-1052400.0,-3941.062297241311,177897.00727519207,0.011713148344084323,-0.024710962000079717,-1.6973965339875052,-4.267821093047419
2025-11-12,BSE,NIFTY FIN SERVICE,4.9618031918917005,0.1949458483754496,3.1441016068225913,2770.0,2818.0,2732.1,2775.4,15966772,IV_SKEW_ACCUMULATION,INVENTORY_MIGRATION|IV_SKEW_ACCUMULATION,TRANSITION_REGIME,TRANSITION_REGIME,Support Weakening,Expansion,-23.3,48.6,47.5,51.2,-460500.0,703500.0,31035.61538686749,32688.205787348852,-0.0034801962425609623,-0.05135276519506132,12.092084006462045,9.521659447402131
2025-11-12,INDUSINDBK,NIFTY PVT BANK,4.636242585643369,4.13830492139029,5.562273276904484,830.05,873.0,827.0,864.4,11714519,REGIME_SHIFT|PINCH_ZONE,INVENTORY_MIGRATION,LONG_GAMMA,LONG_GAMMA,Expansion,Expansion,11.8,100.0,53.0,55.1,108500.0,1929900.0,-7526.880817546451,-90444.53949159413,0.020008428909378706,0.0006289565239656625,13.751809448611652,11.181384889551738
2025-11-12,ASIANPAINT,NIFTY FMCG,4.237543278639189,4.12781954887218,7.441050679383809,2660.0,2838.7,2642.1,2769.8,2859196,PINCH_ZONE,INVENTORY_MIGRATION|IV_SKEW_ACCUMULATION,LONG_GAMMA,TRANSITION_REGIME,Dealer Controlled,Expansion,-2.1,2.1,44.9,51.2,-34750.0,-162750.0,6743.941806308838,-51434.97126849173,0.011155639826542968,0.014728875343922365,18.24119530416222,15.670770745102304
2025-11-12,TECHM,NIFTY IT,3.4161931818181834,2.9045936395759586,3.2673267326732702,1415.0,1460.2,1414.0,1456.1,2958869,REGIME_SHIFT|INVENTORY_MIGRATION|IV_SKEW_ACCUMULATION,REGIME_SHIFT|INVENTORY_MIGRATION,TRANSITION_REGIME,TRANSITION_REGIME,Expansion,Expansion,5.4,55.5,45.7,51.2,81000.0,948000.0,11535.51636384362,-699.4787047427671,-0.0071326150438197344,0.009471771779558769,0.35839823557790584,-2.212026323482008
2025-11-12,CDSL,NIFTY FIN SERVICE,3.39808857517645,2.4319306930693063,3.099378881987591,1616.0,1659.9,1610.0,1655.3,4718903,REGIME_SHIFT|PINCH_ZONE,INVENTORY_MIGRATION|IV_SKEW_ACCUMULATION,TRANSITION_REGIME,TRANSITION_REGIME,Flip Zone,Expansion,18.9,66.6,44.9,51.3,344850.0,1153300.0,-12985.961341118382,3305.2962477493274,-0.016696346778748095,0.014052101476721368,2.2168704458441324,-0.35355411321578156
2025-11-12,CAMS,NIFTY FIN SERVICE,3.272196748645273,2.894224529526279,4.41038961038962,3852.5,4019.8,3850.0,3964.0,825692,IV_SKEW_ACCUMULATION,INVENTORY_MIGRATION,TRANSITION_REGIME,TRANSITION_REGIME,Dealer Controlled,Expansion,-1.1,13.2,45.7,51.2,-35850.0,135750.0,4294.297914774255,2500.648063427372,0.0182541928814951,0.0036662217642872696,2.4739549672982974,-0.09646959176161651
2025-11-12,BANDHANBNK,NIFTY PVT BANK,3.252948191334304,3.1504401350188616,3.4482758620689724,151.09,156.3,151.09,155.85,8535481,IV_SKEW_ACCUMULATION,INVENTORY_MIGRATION,LONG_GAMMA,LONG_GAMMA,Support Weakening,Expansion,-100.0,100.0,46.4,51.2,-2944800.0,3348000.0,-156715.40478286368,457246.3770468489,0.0024059820201911553,-0.005765868306994437,-7.496438746438749,-10.066863305498664
2025-11-13,PGEL,NIFTY CONS DURABLES,5.9564393939393945,5.1597744360902364,7.55681818181817,532.0,567.9,528.0,559.45,12142780,VOLATILITY_COIL|REGIME_SHIFT,REGIME_SHIFT|INVENTORY_MIGRATION,TRANSITION_REGIME,TRANSITION_REGIME,Compression,Expansion,4.2,86.0,54.8,50.9,84000.0,1439200.0,537.0905433727021,12081.968035311562,0.04895046483455845,0.03442016945484505,-1.6870222300324977,-4.6046416848057214
2025-11-13,ASHOKLEY,NIFTY AUTO,5.528660632849225,3.831285378986604,5.451507345262141,144.86,151.46,143.63,150.41,53618730,,INVENTORY_MIGRATION,LONG_GAMMA,LONG_GAMMA,Support Weakening,Expansion,-100.0,100.0,47.9,45.9,-21475000.0,26635000.0,1087777.9915852728,-411833.3198793521,-0.014158527016257139,-0.018615269525609768,11.077468429214976,8.159848974441752
2025-11-13,ASIANPAINT,NIFTY FMCG,3.9569644017618533,0.7170590087096418,2.0105633802816936,2858.9,2897.1,2840.0,2879.4,5933630,INVENTORY_MIGRATION|IV_SKEW_ACCUMULATION,REGIME_SHIFT|INVENTORY_MIGRATION|IV_SKEW_ACCUMULATION,TRANSITION_REGIME,LONG_GAMMA,Expansion,Expansion,2.1,100.0,51.2,45.9,-162750.0,2142750.0,-51434.97126849173,83673.78251848821,0.014728875343922365,-0.023270388434544403,24.21379578102758,21.296176326254358
2025-11-13,PRESTIGE,NIFTY REALTY,3.174229955325658,1.9872167344567204,3.2848837209302317,1721.0,1776.5,1720.0,1755.2,1755417,REGIME_SHIFT,INVENTORY_MIGRATION,TRANSITION_REGIME,TRANSITION_REGIME,Expansion,Expansion,-30.0,-3.3,55.3,45.9,-480600.0,-171450.0,-470.6093175150272,51178.331929430016,0.03531670822839916,-0.05129372342362032,9.453729109503616,6.536109654730392
2025-11-13,MOTHERSON,NIFTY AUTO,3.030589123867067,2.662276575729061,7.565694484550978,106.3,111.75,103.89,109.13,45246799,FLOOR_BOUNCE|INVENTORY_MIGRATION,,LONG_GAMMA,LONG_GAMMA,Expansion,Expansion,100.0,100.0,53.5,49.2,4212750.0,2429250.0,-2166.4306402076036,621885.1265470264,-0.0030392294225087824,0.0007489033684084934,3.883864826273209,0.9662453714999852
2025-11-13,HINDZINC,NIFTY METAL,2.7599086947499574,1.0612244897959089,3.575832305795301,490.0,504.0,486.6,495.2,12867167,REGIME_SHIFT,IV_SKEW_ACCUMULATION,LONG_GAMMA,LONG_GAMMA,Flip Zone,Expansion,-58.6,38.3,47.7,44.6,-1080450.0,602700.0,-8696.56207679218,167092.40611477505,-0.0030163939016462638,-0.0056013779080247295,-2.0666468901413992,-4.984266344914623
2025-11-13,BIOCON,NIFTY PHARMA,2.734663710273466,2.419255802529796,4.276032039433164,407.15,423.1,405.75,417.0,12453552,FLOOR_BOUNCE|INVENTORY_MIGRATION,INVENTORY_MIGRATION|IV_SKEW_ACCUMULATION,LONG_GAMMA,LONG_GAMMA,Expansion,Expansion,100.0,100.0,51.2,47.4,1900000.0,4322500.0,45315.78518501093,-120465.68864186131,0.025968973520576588,-0.015492084012677876,18.516413244280216,15.598793789506992
2025-11-13,IGL,Other,2.278456928126338,3.3749999999999947,5.631399317406149,208.0,216.65,205.1,215.02,7541221,FLOOR_BOUNCE|REGIME_SHIFT|INVENTORY_MIGRATION,FLOOR_BOUNCE|INVENTORY_MIGRATION,LONG_GAMMA,LONG_GAMMA,Expansion,Expansion,3.1,87.0,46.4,44.1,27500.0,1578500.0,42388.03077409227,70213.67569599405,-0.03207630086258395,-0.0038336421116817454,1.5682569674067226,-1.349362487366501
2025-11-13,AUROPHARMA,NIFTY PHARMA,2.2473808719162047,1.6120906801007528,3.1460863697706065,1191.0,1222.9,1185.6,1210.2,2637535,INVENTORY_MIGRATION|IV_SKEW_ACCUMULATION,REGIME_SHIFT|INVENTORY_MIGRATION|IV_SKEW_ACCUMULATION,TRANSITION_REGIME,TRANSITION_REGIME,Expansion,Expansion,18.5,52.6,46.8,44.1,315700.0,933350.0,-17077.926146152036,-19931.300670702098,-0.009767629262494248,0.007449211587465754,7.592460881934571,4.674841427161347
2025-11-13,HINDALCO,NIFTY METAL,2.2092145015105924,1.1145703611457058,2.1902377972465636,803.0,816.5,799.0,811.95,5854638,VOLATILITY_COIL|FLOOR_BOUNCE|REGIME_SHIFT|PINCH_ZONE,FLOOR_BOUNCE|REGIME_SHIFT|PINCH_ZONE,LONG_GAMMA,LONG_GAMMA,Compression,Flip Zone,59.6,100.0,46.1,44.1,1138900.0,2078300.0,-73913.40641652519,58375.54725703085,0.0035646804325732973,-0.004261342373501287,6.8214708590975,3.9038514043242767
2025-11-14,MUTHOOTFIN,NIFTY FIN SERVICE,9.799298576522952,2.0712328767123367,4.88826815642458,3650.0,3755.0,3580.0,3725.6,4743416,INVENTORY_MIGRATION,REGIME_SHIFT|INVENTORY_MIGRATION|IV_SKEW_ACCUMULATION,TRANSITION_REGIME,TRANSITION_REGIME,Expansion,Expansion,-21.0,100.0,47.8,45.8,-471900.0,2164250.0,25076.800895365406,-40057.31681827152,0.01733194963668505,-0.0894781720319694,14.27169278900713,11.955666797390641
2025-11-14,JUBLFOOD,NIFTY FMCG,7.288578901482112,1.7108851971237238,3.9462706490906108,604.95,622.95,599.3,615.3,15681619,INVENTORY_MIGRATION,FLOOR_BOUNCE|REGIME_SHIFT|INVENTORY_MIGRATION|IV_SKEW_ACCUMULATION,TRANSITION_REGIME,LONG_GAMMA,Expansion,Expansion,-95.8,77.6,42.5,45.8,-1775000.0,1221250.0,29404.230672310907,142454.97021179303,0.009948900552445572,-0.04209628551186684,5.233453052847592,2.9174270612311037
2025-11-14,BDL,NIFTY INFRA,6.317939258185645,0.7995003123048017,3.1707933299646385,1601.0,1633.4,1583.2,1613.8,8771309,,INVENTORY_MIGRATION,TRANSITION_REGIME,TRANSITION_REGIME,Support Weakening,Expansion,-26.7,65.0,47.3,45.8,-482950.0,1013150.0,13811.290074915072,1609.4082243600715,0.034145283327256526,-0.06398523395005057,7.522153374641882,5.206127383025394
2025-11-14,NBCC,NIFTY REALTY,4.734813727289411,3.763636363636369,7.65395623672791,110.0,116.6,108.31,114.14,37966431,INVENTORY_MIGRATION,REGIME_SHIFT,LONG_GAMMA,LONG_GAMMA,Expansion,Expansion,-100.0,45.9,47.7,45.9,-8853000.0,637000.0,212099.68905372557,668216.5106621505,-0.01460379890030472,-0.06118164571741569,2.0291409671940652,-0.28688502442242303
2025-11-14,IDEA,NIFTY MEDIA & COMM,4.489016236867238,4.091341579448149,5.8261700095511015,10.51,11.08,10.47,10.94,1251394246,,INVENTORY_MIGRATION,LONG_GAMMA,LONG_GAMMA,Support Building,Expansion,100.0,100.0,45.1,50.9,129226800.0,190123500.0,11746352.05709986,-3797413.966233533,-0.04846354739674097,0.0054362410557422525,25.02857142857142,22.712545436954933
2025-11-14,AMBER,NIFTY CONS DURABLES,3.566413928671719,3.7412095639943743,4.240033807578536,7110.0,7400.0,7099.0,7376.0,388059,PINCH_ZONE|IV_SKEW_ACCUMULATION,INVENTORY_MIGRATION|IV_SKEW_ACCUMULATION,TRANSITION_REGIME,TRANSITION_REGIME,Dealer Controlled,Expansion,-5.4,18.1,41.1,45.8,-65500.0,229000.0,1008.8611146426883,353.17933832677227,-0.022615224303187742,0.03965918798543816,-9.48027244278088,-11.796298434397368
2025-11-14,PGEL,NIFTY CONS DURABLES,3.3336312449727457,7.0555555555555705,8.369797970393833,540.0,582.0,537.05,578.1,15358796,REGIME_SHIFT|INVENTORY_MIGRATION,REGIME_SHIFT|INVENTORY_MIGRATION,TRANSITION_REGIME,TRANSITION_REGIME,Expansion,Expansion,86.0,100.0,50.9,49.2,1439200.0,2816800.0,12081.968035311562,12060.441057716569,0.03442016945484505,-0.14320721802680597,1.1902678102573283,-1.12575818135916
2025-11-14,MANAPPURAM,NIFTY FIN SERVICE,2.6656928975716365,1.1330935251798513,3.0597552195824385,278.0,286.3,277.8,281.15,10797588,FLOOR_BOUNCE|IV_SKEW_ACCUMULATION,REGIME_SHIFT,LONG_GAMMA,LONG_GAMMA,Support Building,Expansion,13.0,-21.4,41.1,46.8,255000.0,-534000.0,-40284.94989449158,260582.37971146381,0.0006404927504624069,-0.015069708060720166,-2.7499135247319395,-5.065939516348427
2025-11-14,BSE,NIFTY FIN SERVICE,2.441852039707282,3.1594308646479385,3.419333649600409,2741.0,2834.0,2740.3,2827.6,5787981,PINCH_ZONE|IV_SKEW_ACCUMULATION,REGIME_SHIFT|PINCH_ZONE,TRANSITION_REGIME,TRANSITION_REGIME,Dealer Controlled,Flip Zone,-9.6,87.3,41.1,44.1,-103875.0,1595250.0,9410.338808116474,-12433.232772796648,0.01086197058759003,-0.034296794532531094,15.116231730651775,12.800205739035286
2025-11-14,MARICO,NIFTY FMCG,2.3130193905817276,2.3130193905817276,4.133913531723765,722.0,741.85,712.4,738.7,2572321,VOLATILITY_COIL|REGIME_SHIFT|IV_SKEW_ACCUMULATION,INVENTORY_MIGRATION|IV_SKEW_ACCUMULATION,TRANSITION_REGIME,TRANSITION_REGIME,Compression,Expansion,-18.6,0.2,41.1,44.2,-362400.0,-93600.0,38043.67017265956,78728.74838024177,0.0057448240661022165,0.017078598987173232,4.012954097437338,1.6969281058208496
2025-11-17,HUDCO,Other,5.121104224361495,4.564932225623086,5.81140350877194,228.7,241.25,228.0,239.14,10098250,FLOOR_BOUNCE|INVENTORY_MIGRATION,REGIME_SHIFT,LONG_GAMMA,LONG_GAMMA,Expansion,Expansion,6.6,100.0,47.5,48.8,80475.0,7517475.0,120429.06846304447,108537.17649867455,0.005453717767911037,0.02533657045710147,4.890565375674361,3.2171435279727545
2025-11-17,SIEMENS,NIFTY INFRA,4.811620517476167,4.499903019331475,4.803775780694375,3093.4,3242.0,3093.4,3232.6,1556685,REGIME_SHIFT|PINCH_ZONE,REGIME_SHIFT|INVENTORY_MIGRATION|IV_SKEW_ACCUMULATION,TRANSITION_REGIME,TRANSITION_REGIME,Flip Zone,Expansion,-7.6,27.5,41.1,46.1,-164550.0,330325.0,8220.931702140624,4397.375515884694,0.01081923882079383,-0.023508231012718372,3.642193010580308,1.968771162878702
2025-11-17,HEROMOTOCO,NIFTY AUTO,4.69441184436219,3.7484344247629364,4.290073595404764,5589.0,5810.0,5571.0,5798.5,1770568,INVENTORY_MIGRATION|IV_SKEW_ACCUMULATION,REGIME_SHIFT|INVENTORY_MIGRATION,TRANSITION_REGIME,TRANSITION_REGIME,Expansion,Expansion,-8.7,62.5,41.1,46.1,-213900.0,1027650.0,20810.032698034483,-8073.611241908264,-0.031932002111467406,0.028250247387844152,3.9250828927323234,2.2516610450307173
2025-11-17,POLICYBZR,NIFTY FIN SERVICE,4.434602553778921,3.950306291864658,5.798280269579359,1746.7,1821.0,1721.2,1815.7,3081344,VOLATILITY_COIL|PINCH_ZONE,REGIME_SHIFT|PINCH_ZONE,TRANSITION_REGIME,TRANSITION_REGIME,Compression,Expansion,-2.7,18.0,42.1,46.1,-59850.0,203000.0,10928.476868090984,48401.52384869136,0.00022687851499059164,0.008726603301205671,7.374334713187469,5.700912865485863
2025-11-17,SAMMAANCAP,NIFTY FIN SERVICE,4.269331213807215,3.762711864406776,5.09188143596746,177.0,184.72,175.77,183.66,13973301,INVENTORY_MIGRATION,INVENTORY_MIGRATION,LONG_GAMMA,LONG_GAMMA,Expansion,Expansion,-82.9,-100.0,47.4,46.1,-1535100.0,-3637800.0,-63875.37134495372,513612.54779453506,-0.006592738154852784,0.01623369108253664,10.048534963149391,8.375113115447785
2025-11-17,ANGELONE,NIFTY FIN SERVICE,3.7190835245692666,3.2040594418267565,3.9853362854342933,2759.0,2864.9,2755.1,2847.4,1513166,PINCH_ZONE,INVENTORY_MIGRATION|IV_SKEW_ACCUMULATION,TRANSITION_REGIME,TRANSITION_REGIME,Dealer Controlled,Expansion,-1.1,35.7,41.7,49.5,-47500.0,560000.0,10340.679239696678,-17886.17890773602,-0.011089102642586501,0.0398907446231086,14.69427213405301,13.020850286351404
2025-11-17,NYKAA,NIFTY FMCG,3.309883519778567,3.0642377756471717,4.7382513873258425,260.75,269.9,257.69,268.74,12544339,,INVENTORY_MIGRATION|IV_SKEW_ACCUMULATION,LONG_GAMMA,LONG_GAMMA,Dealer Controlled,Expansion,-9.3,-97.7,44.1,46.2,-225000.0,-1993750.0,107454.21403809264,197861.55545823288,0.0014413907321780828,0.03322591010969278,2.062208043750724,0.3887861960491179
2025-11-17,MARICO,NIFTY FMCG,2.9782049546500655,0.9555408095554219,1.926153025859767,753.5,764.65,750.2,760.7,3726013,INVENTORY_MIGRATION|IV_SKEW_ACCUMULATION,REGIME_SHIFT|INVENTORY_MIGRATION,TRANSITION_REGIME,LONG_GAMMA,Expansion,Expansion,0.2,-6.2,44.2,44.5,-93600.0,-222000.0,78728.74838024177,130290.93163166771,0.017078598987173232,0.005712736962495135,4.822929585228053,3.149507737526447
2025-11-17,YESBANK,NIFTY PVT BANK,2.9333333333333433,2.5686448184233823,3.321523472099197,22.58,23.33,22.58,23.16,156830924,VOLATILITY_COIL|FLOOR_BOUNCE|IV_SKEW_ACCUMULATION,REGIME_SHIFT|INVENTORY_MIGRATION,LONG_GAMMA,LONG_GAMMA,Compression,Expansion,100.0,30.2,41.1,44.5,2581300.0,-62200.0,19730.30455783289,3834084.8639050117,-0.017862840855916495,0.037254302424447105,0.17301038062282892,-1.5004114670787772
2025-11-17,TVSMOTOR,NIFTY AUTO,2.62512918942861,1.9926632428466595,2.836041358936492,3407.5,3481.0,3385.0,3475.4,1333551,INVENTORY_MIGRATION,REGIME_SHIFT|INVENTORY_MIGRATION|IV_SKEW_ACCUMULATION,TRANSITION_REGIME,TRANSITION_REGIME,Expansion,Expansion,-46.3,46.7,41.8,44.1,-836850.0,803250.0,-11879.002350491603,38805.817424262146,0.0006429278340232547,0.029581488539296263,-2.826785963931211,-4.5002078116328175
2025-11-18,GMRAIRPORT,NIFTY INFRA,6.183456183456171,6.205201720253939,7.538461538461538,97.66,104.85,97.5,103.72,103946808,INVENTORY_MIGRATION|IV_SKEW_ACCUMULATION,INVENTORY_MIGRATION|IV_SKEW_ACCUMULATION,LONG_GAMMA,LONG_GAMMA,Expansion,Expansion,100.0,100.0,44.2,48.6,13901175.0,40720050.0,57200.89730350487,-3489029.0214251177,0.005974201918049538,-0.0002273494743553206,15.052689961175814,14.274000081616034
2025-11-18,FEDERALBNK,NIFTY PVT BANK,2.279762402744079,2.1174406949548974,3.2426778242677923,239.44,246.75,239.0,244.51,24152192,REGIME_SHIFT|INVENTORY_MIGRATION|IV_SKEW_ACCUMULATION,FLOOR_BOUNCE|REGIME_SHIFT|INVENTORY_MIGRATION|IV_SKEW_ACCUMULATION,LONG_GAMMA,LONG_GAMMA,Expansion,Expansion,-22.7,97.8,41.7,46.9,-505000.0,1675000.0,241605.63511103077,753879.8429625726,0.021748055605159855,-0.010688242488939736,15.12854317732366,14.34985329776388
2025-11-18,HUDCO,Other,2.003010788659365,1.2157676348547808,3.5270927696695153,241.0,246.85,238.44,243.93,21167476,REGIME_SHIFT,INVENTORY_MIGRATION|IV_SKEW_ACCUMULATION,LONG_GAMMA,LONG_GAMMA,Expansion,Expansion,100.0,-32.8,48.8,47.0,7517475.0,-710400.0,108537.17649867455,102782.98529556557,0.02533657045710147,0.011593070175257902,8.625757035981474,7.847067156421694
2025-11-18,BHARTIARTL,NIFTY MEDIA & COMM,1.7517280560553017,1.2818096135720936,2.3077287589442275,2122.0,2159.0,2110.3,2149.2,10972556,FLOOR_BOUNCE|REGIME_SHIFT|PINCH_ZONE,FLOOR_BOUNCE|INVENTORY_MIGRATION|IV_SKEW_ACCUMULATION,LONG_GAMMA,LONG_GAMMA,Flip Zone,Expansion,44.1,100.0,41.1,46.0,807500.0,1946550.0,62456.08093526284,-30212.558041693643,0.02330114352349219,-0.005918522877666088,6.819085487077525,6.040395607517746
2025-11-18,AXISBANK,NIFTY PVT BANK,1.264404609475056,1.2320000000000109,2.0759858929144004,1250.0,1273.5,1247.6,1265.4,10175969,REGIME_SHIFT|INVENTORY_MIGRATION|IV_SKEW_ACCUMULATION,FLOOR_BOUNCE|REGIME_SHIFT|INVENTORY_MIGRATION|IV_SKEW_ACCUMULATION,LONG_GAMMA,LONG_GAMMA,Expansion,Expansion,-72.8,18.3,41.1,44.6,-1438125.0,280625.0,208123.82717929652,83198.05880646151,0.02513084406264382,-0.01457707937633923,5.4324279286785515,4.653738049118772
2025-11-18,BHEL,NIFTY INFRA,1.2609457092819687,1.4563958589226322,2.5804171085189065,284.95,290.2,282.9,289.1,11332882,IV_SKEW_ACCUMULATION,FLOOR_BOUNCE|INVENTORY_MIGRATION|IV_SKEW_ACCUMULATION,LONG_GAMMA,LONG_GAMMA,Support Weakening,Expansion,-93.3,26.2,41.8,44.6,-1882125.0,414750.0,459182.60473280575,301143.7663559761,0.008304844111135301,-0.010604945132327126,24.27994153555155,23.501251655991773
2025-11-18,PIDILITIND,NIFTY COMMODITIES,1.050491358861394,0.539447066756571,1.6847826086956452,1483.0,1496.8,1472.0,1491.0,1135472,IV_SKEW_ACCUMULATION,REGIME_SHIFT|INVENTORY_MIGRATION|IV_SKEW_ACCUMULATION,TRANSITION_REGIME,TRANSITION_REGIME,Dealer Controlled,Expansion,1.0,-0.4,41.7,44.5,-15000.0,-46500.0,23719.080823203825,43563.21602968662,0.013441749345037723,0.03098330100652763,-3.351267258702273,-4.129957138262053
2025-11-18,BHARATFORG,NIFTY INFRA,0.9322830093228207,0.6195965417867377,2.369668246445489,1388.0,1404.0,1371.5,1396.6,1361221,INVENTORY_MIGRATION|IV_SKEW_ACCUMULATION,REGIME_SHIFT|INVENTORY_MIGRATION|IV_SKEW_ACCUMULATION,TRANSITION_REGIME,TRANSITION_REGIME,Expansion,Expansion,-9.0,-18.2,43.6,44.2,-142000.0,-385000.0,-9386.42635602715,53100.17703655103,0.02494239984920954,0.004864744169693125,12.483891752577314,11.705201873017534
2025-11-18,CONCOR,NIFTY SERVICES,0.8588246646723974,0.8588246646723974,2.734375,518.15,526.0,512.0,522.6,3630058,VOLATILITY_COIL|REGIME_SHIFT|INVENTORY_MIGRATION,REGIME_SHIFT|PINCH_ZONE|IV_SKEW_ACCUMULATION,LONG_GAMMA,LONG_GAMMA,Expansion,Flip Zone,-43.5,-37.0,41.1,44.2,-835000.0,-756250.0,70839.02498306026,140335.81122358615,0.025991317003574044,0.006183671732737761,-1.3031161473087804,-2.08180602686856
2025-11-18,AUBANK,NIFTY PVT BANK,0.8162594499835585,0.8217827206486561,2.1980437410704434,912.65,929.9,909.9,920.15,3097067,REGIME_SHIFT|INVENTORY_MIGRATION|IV_SKEW_ACCUMULATION,,TRANSITION_REGIME,TRANSITION_REGIME,Expansion,Dealer Controlled,52.7,-7.7,44.1,44.2,924000.0,-177000.0,-2465.841724570666,69623.39219327213,0.01730423029895478,-0.027360406861396624,16.114581361600088,15.335891482040308
2025-11-19,MAXHEALTH,NIFTY PHARMA,4.271514283155731,4.430493273542613,5.928138293058205,1115.0,1170.4,1104.9,1164.4,5964536,REGIME_SHIFT,REGIME_SHIFT|INVENTORY_MIGRATION,LONG_GAMMA,TRANSITION_REGIME,Flip Zone,Expansion,-100.0,100.0,43.8,45.9,-1955100.0,3495450.0,96894.76803549136,-83796.10626306853,0.007265544669391444,-0.0026186057920720707,-3.736772486772477,-4.547432178025279
2025-11-19,HCLTECH,NIFTY IT,4.2251755265797275,4.218642261643568,5.092534306936924,1595.3,1669.5,1588.6,1662.6,6342672,INVENTORY_MIGRATION|IV_SKEW_ACCUMULATION,REGIME_SHIFT|INVENTORY_MIGRATION,LONG_GAMMA,TRANSITION_REGIME,Expansion,Expansion,-16.2,71.6,43.8,45.9,-286650.0,1187200.0,9564.403828784183,-96803.18670085978,0.0011572044239343549,0.006252256493673947,11.180954928447218,10.370295237194416
2025-11-19,COFORGE,NIFTY IT,4.141680210726895,4.1942357295054356,5.062507039080977,1783.4,1865.7,1775.8,1858.2,2324817,PINCH_ZONE,REGIME_SHIFT|PINCH_ZONE,LONG_GAMMA,LONG_GAMMA,Dealer Controlled,Expansion,-10.5,35.6,43.8,46.0,-177375.0,531375.0,20964.350793555437,24513.87825222363,0.0284820779853594,0.002383888401390588,6.3408492617603285,5.530189570507527
2025-11-19,PERSISTENT,NIFTY IT,3.890122542972274,3.881578947368425,4.377880184331806,6080.0,6342.0,6076.0,6316.0,874803,INVENTORY_MIGRATION|IV_SKEW_ACCUMULATION,REGIME_SHIFT|INVENTORY_MIGRATION|IV_SKEW_ACCUMULATION,TRANSITION_REGIME,TRANSITION_REGIME,Expansion,Expansion,-3.8,28.1,43.9,45.9,-56400.0,368700.0,5604.287792276416,-15087.339433604278,0.013634537622445486,-0.03926447957717166,8.06371584512464,7.253056153871839
2025-11-19,360ONE,NIFTY FIN SERVICE,3.821892393320958,3.629629629629627,5.5206673540163065,1080.0,1125.8,1066.9,1119.2,1078355,REGIME_SHIFT,REGIME_SHIFT|INVENTORY_MIGRATION,TRANSITION_REGIME,TRANSITION_REGIME,Flip Zone,Expansion,2.8,9.0,43.8,46.0,35500.0,51500.0,8205.288137401403,38348.56800926288,0.012956069782688817,0.05972095607482947,-5.41705400152116,-6.227713692773962
2025-11-19,SONACOMS,NIFTY AUTO,3.766247057619476,3.2379594745952422,3.797468354430378,491.05,508.4,489.8,506.95,5842354,,FLOOR_BOUNCE|INVENTORY_MIGRATION,TRANSITION_REGIME,LONG_GAMMA,Dealer Controlled,Expansion,0.8,15.5,43.8,45.9,-5075.0,166600.0,28176.446041046787,59387.97322948277,0.020285364685814267,-0.013028626723544268,9.91977450130095,9.109114810048148
2025-11-19,LTIM,Other,3.7526059763724806,3.1255396304610494,4.318535152876146,5791.0,6039.0,5789.0,5972.0,868072,REGIME_SHIFT|INVENTORY_MIGRATION|IV_SKEW_ACCUMULATION,REGIME_SHIFT|INVENTORY_MIGRATION|IV_SKEW_ACCUMULATION,TRANSITION_REGIME,TRANSITION_REGIME,Expansion,Expansion,-2.3,3.1,44.7,46.0,2400.0,-81750.0,-7883.5306350417995,19894.78630810471,0.027350653001779912,-0.007545318369412801,6.709550611989634,5.898890920736832
2025-11-19,INFY,NIFTY IT,3.680032292787927,3.394833948339482,3.5223079503522214,1490.5,1543.0,1490.5,1541.1,10981126,PINCH_ZONE,REGIME_SHIFT|INVENTORY_MIGRATION,LONG_GAMMA,LONG_GAMMA,Support Weakening,Expansion,-90.1,100.0,43.8,46.0,-1645200.0,5154000.0,-234217.13808372838,173288.6317875703,0.02329964801693768,-0.008518262861430703,5.489766582243805,4.679106890991003
2025-11-19,BHARATFORG,NIFTY INFRA,3.551482170986686,3.3812281077989725,4.066728717691692,1398.9,1453.5,1396.7,1446.2,2476584,REGIME_SHIFT|INVENTORY_MIGRATION|IV_SKEW_ACCUMULATION,REGIME_SHIFT|INVENTORY_MIGRATION|IV_SKEW_ACCUMULATION,TRANSITION_REGIME,TRANSITION_REGIME,Expansion,Expansion,-18.2,56.3,44.2,46.0,-385000.0,955500.0,53100.17703655103,-28795.083671852728,0.004864744169693125,-0.009835524167929821,15.909273062434881,15.09861337118208
2025-11-19,MOTHERSON,NIFTY AUTO,2.936857562408224,2.984115324579939,4.186260949746412,108.91,112.99,108.45,112.16,33900889,INVENTORY_MIGRATION|IV_SKEW_ACCUMULATION,FLOOR_BOUNCE|REGIME_SHIFT|INVENTORY_MIGRATION|IV_SKEW_ACCUMULATION,LONG_GAMMA,LONG_GAMMA,Expansion,Expansion,-100.0,100.0,43.8,44.3,-4963050.0,7078650.0,122301.93077335134,463356.98194334656,0.0006835706807732378,-0.027996064383008945,6.041410607922848,5.230750916670046
2025-11-20,IEX,NIFTY OIL & GAS,4.390635256363495,4.094545454545462,4.683175528040762,137.5,143.73,137.3,143.13,24915170,VOLATILITY_COIL|PINCH_ZONE,FLOOR_BOUNCE|REGIME_SHIFT|INVENTORY_MIGRATION,LONG_GAMMA,LONG_GAMMA,Compression,Expansion,0.5,100.0,40.8,46.1,-11250.0,2790000.0,74034.33394960512,625375.0601299151,-0.02584356358156431,0.055490137684600094,2.867615351444597,1.6168712060327772
2025-11-20,POWERINDIA,NIFTY INFRA,3.5747317795042477,3.2119815668202767,3.503918856615962,21700.0,22450.0,21690.0,22397.0,186683,REGIME_SHIFT|IV_SKEW_ACCUMULATION,INVENTORY_MIGRATION|IV_SKEW_ACCUMULATION,TRANSITION_REGIME,TRANSITION_REGIME,Flip Zone,Expansion,0.8,3.4,41.2,46.1,-14750.0,-56300.0,2362.6659511987136,5708.813096402732,-0.0051698317480827205,-0.0008106957561198058,28.224652201293864,26.973908055882045
2025-11-20,EICHERMOT,NIFTY AUTO,3.3205249039367724,3.1783955980307033,3.6520728962462723,6906.0,7138.0,6886.5,7125.5,857232,INVENTORY_MIGRATION|IV_SKEW_ACCUMULATION,REGIME_SHIFT|INVENTORY_MIGRATION,TRANSITION_REGIME,TRANSITION_REGIME,Expansion,Expansion,21.8,25.7,41.5,46.1,379875.0,343175.0,11019.450825339678,-4403.429388357545,-0.012780349943276259,0.015534197357588986,1.524542281114205,0.27379813570238554
2025-11-20,CUMMINSIND,NIFTY INFRA,2.6846267570928894,1.9976689976689999,2.7279102384291765,4290.0,4394.7,4278.0,4375.7,941176,VOLATILITY_COIL,REGIME_SHIFT|INVENTORY_MIGRATION|IV_SKEW_ACCUMULATION,TRANSITION_REGIME,TRANSITION_REGIME,Compression,Expansion,3.8,0.4,40.8,44.1,62000.0,-91400.0,6813.945863595221,28900.754359923143,0.015397047696677935,-0.009133615379760318,9.367892224249541,8.117148078837722
2025-11-20,NBCC,NIFTY REALTY,2.609695682944091,-0.008620689655181035,3.2952548330404285,116.0,117.55,113.8,115.99,40833678,,INVENTORY_MIGRATION,LONG_GAMMA,LONG_GAMMA,Support Building,Expansion,38.8,-100.0,48.0,44.1,845000.0,-8547500.0,-409621.34587673517,1055880.1728584163,0.010205824774772276,-0.014331141148947402,2.9009936124911206,1.650249467079301
2025-11-20,SRF,NIFTY COMMODITIES,2.339936836060863,1.8792425866380746,3.0418114721794343,2799.0,2876.0,2791.1,2851.6,1054257,REGIME_SHIFT|INVENTORY_MIGRATION,INVENTORY_MIGRATION|IV_SKEW_ACCUMULATION,TRANSITION_REGIME,TRANSITION_REGIME,Expansion,Expansion,-8.1,13.6,40.8,44.1,-125800.0,178600.0,1317.594576389769,22947.213280145683,0.007782895453733285,-0.05661510277307724,-9.415501905972047,-10.666246051383865
2025-11-20,BAJFINANCE,NIFTY FIN SERVICE,2.287191726332516,1.3399014778324947,2.4223170852774922,1015.0,1031.7,1007.3,1028.6,5459073,REGIME_SHIFT,REGIME_SHIFT|INVENTORY_MIGRATION,LONG_GAMMA,LONG_GAMMA,Flip Zone,Expansion,-40.3,100.0,40.8,44.2,-743250.0,4221000.0,-27845.640925914573,162531.6807023238,0.004215246102933501,-0.004339932067940033,-5.329038196042346,-6.579782341454165
2025-11-20,BAJAJFINSV,NIFTY FIN SERVICE,2.214418105550675,1.4965854603574469,3.039796367908365,2064.7,2105.0,2042.9,2095.6,1576354,FLOOR_BOUNCE|REGIME_SHIFT|IV_SKEW_ACCUMULATION,FLOOR_BOUNCE|REGIME_SHIFT|INVENTORY_MIGRATION,LONG_GAMMA,LONG_GAMMA,Flip Zone,Expansion,4.5,55.2,40.8,44.1,80500.0,963000.0,28166.5633367782,1431.5085580511368,-0.025402180327744772,-0.009069615134513404,-3.3885021437462526,-4.639246289158072
2025-11-20,CAMS,NIFTY FIN SERVICE,2.1761262407737236,1.6586477589263016,3.593272171253825,3949.0,4065.0,3924.0,4014.5,711449,REGIME_SHIFT|INVENTORY_MIGRATION,REGIME_SHIFT|INVENTORY_MIGRATION,TRANSITION_REGIME,TRANSITION_REGIME,Expansion,Expansion,0.0,20.2,40.8,44.1,12450.0,299100.0,-39.12404426964349,-9952.054946904529,0.005201577906586929,-0.029860949608096266,4.59874934861908,3.3480052032072605
2025-11-20,HEROMOTOCO,NIFTY AUTO,2.0930826172041117,0.8319327731092452,2.034957358777345,5950.0,6042.0,5921.5,5999.5,1276202,REGIME_SHIFT|IV_SKEW_ACCUMULATION,REGIME_SHIFT|INVENTORY_MIGRATION|IV_SKEW_ACCUMULATION,TRANSITION_REGIME,TRANSITION_REGIME,Flip Zone,Expansion,15.0,15.1,41.7,44.1,248250.0,186000.0,13718.77123704317,17740.552654884697,-0.017457400184442418,0.0072978314183688164,6.2516603205525545,5.000916175140735
2025-11-21,INDUSINDBK,NIFTY PVT BANK,2.067759826380522,1.7243451093487128,3.1605562579013924,832.2,856.8,830.55,846.55,7304707,IV_SKEW_ACCUMULATION,FLOOR_BOUNCE|REGIME_SHIFT|INVENTORY_MIGRATION,LONG_GAMMA,LONG_GAMMA,Support Weakening,Expansion,-19.1,63.1,41.2,56.1,-323400.0,1103900.0,-51600.8849754993,42909.42328941589,-0.007766828111147206,0.02137840562634391,11.446814112690884,10.764155005805964
2025-11-21,SAMMAANCAP,NIFTY FIN SERVICE,1.203668322506668,1.2746160219234026,5.7499999999999885,156.91,164.97,156.0,158.91,41593319,PINCH_ZONE,GAMMA_SQUEEZE|REGIME_SHIFT|PINCH_ZONE,TRANSITION_REGIME,SHORT_GAMMA,Support Weakening,Expansion,-100.0,79.3,41.8,54.1,-2094100.0,1505000.0,9402.704076554852,-188772.06368188147,-0.045458107466652464,-0.014314142873037006,-8.881880733944957,-9.564539840829877
2025-11-21,MARUTI,NIFTY AUTO,1.1138535535725635,1.1842938568714434,2.6243883840630255,15790.0,16150.0,15737.0,15977.0,586351,PINCH_ZONE,REGIME_SHIFT|PINCH_ZONE|IV_SKEW_ACCUMULATION,TRANSITION_REGIME,TRANSITION_REGIME,Support Building,Flip Zone,15.2,15.3,41.1,54.0,273750.0,102700.0,-13543.051302598411,39659.40619277785,-0.003089701819539048,0.01715782137723565,-2.5376685170499624,-3.220327623934882
2025-11-21,MAXHEALTH,NIFTY PHARMA,1.043716314483678,1.8189655172413666,2.0603448275862135,1160.0,1183.9,1160.0,1181.1,2258525,REGIME_SHIFT|IV_SKEW_ACCUMULATION,REGIME_SHIFT,TRANSITION_REGIME,TRANSITION_REGIME,Flip Zone,Flip Zone,8.1,17.9,41.1,54.0,169575.0,308175.0,6663.593332628399,19140.830473805458,0.002995378508680313,0.013371230041294868,-2.4690338563171044,-3.151692963202024
2025-11-21,INDIGO,NIFTY SERVICES,1.0025062656641603,1.011235955056189,2.059079061685498,5785.0,5873.5,5755.0,5843.5,410054,REGIME_SHIFT|IV_SKEW_ACCUMULATION,REGIME_SHIFT|IV_SKEW_ACCUMULATION,TRANSITION_REGIME,TRANSITION_REGIME,Flip Zone,Flip Zone,12.4,22.5,41.1,53.7,220350.0,393450.0,21089.55053057277,-15056.38653732746,0.003719655071978689,0.017317639282807717,0.9414406633269978,0.2587815564420781
2025-11-21,M&M,NIFTY AUTO,0.885193854763644,0.525469168900794,1.4224369296833128,3730.0,3779.0,3726.0,3749.6,3184145,REGIME_SHIFT|IV_SKEW_ACCUMULATION,IV_SKEW_ACCUMULATION,TRANSITION_REGIME,LONG_GAMMA,Flip Zone,Support Weakening,10.9,-31.2,41.1,53.7,218000.0,-688600.0,-27638.84992092701,93269.68654243821,0.013829615185865396,-0.007054903289333669,3.477204989513183,2.794545882628263
2025-11-21,PAGEIND,NIFTY FMCG,0.8297679242836864,0.46505619429013656,2.148846960167705,38705.0,38980.0,38160.0,38885.0,32805,INVENTORY_MIGRATION|IV_SKEW_ACCUMULATION,REGIME_SHIFT|INVENTORY_MIGRATION,TRANSITION_REGIME,TRANSITION_REGIME,Expansion,Expansion,-0.8,3.0,42.1,53.7,1920.0,33045.0,-478.6526282980267,-87.27850823328208,-0.0017267289686083709,-0.008546251175508224,-6.210805595754943,-6.8934647026398626
2025-11-21,TATACONSUM,NIFTY FMCG,0.7837124116193639,0.7837124116193639,2.107526881720423,1173.9,1187.0,1162.5,1183.1,3194549,INVENTORY_MIGRATION|IV_SKEW_ACCUMULATION,REGIME_SHIFT|INVENTORY_MIGRATION,LONG_GAMMA,LONG_GAMMA,Expansion,Expansion,1.1,-7.3,41.4,53.7,-28050.0,-173250.0,119925.00658292073,77864.43012817862,-0.011642513905909369,0.02694151980827242,1.9035314384151514,1.2208723315302317
2025-11-21,UNITDSPR,NIFTY FMCG,0.7696653015110799,1.212765957446793,2.4869203755464753,1410.0,1430.0,1395.3,1427.1,1018074,PINCH_ZONE,INVENTORY_MIGRATION,TRANSITION_REGIME,TRANSITION_REGIME,Support Building,Expansion,29.5,14.7,41.1,53.3,556400.0,254000.0,-16651.105236615986,23329.966322818014,-0.012537861676083784,-0.019724483055008346,5.617229129662515,4.934570022777596
2025-11-21,GMRAIRPORT,NIFTY INFRA,0.7553016364868714,0.7748184019370497,2.866894197952208,103.25,105.49,102.55,104.05,36366106,IV_SKEW_ACCUMULATION,INVENTORY_MIGRATION|IV_SKEW_ACCUMULATION,LONG_GAMMA,LONG_GAMMA,Support Weakening,Expansion,-100.0,-100.0,41.2,53.3,-4882500.0,-3236400.0,521889.8099213955,557703.647128785,-0.016988811767541967,0.012906050592404295,12.718015382948744,12.035356276063824
2025-11-24,RVNL,NIFTY ENERGY,3.4554140127388555,2.5086778163458723,5.550223928342923,316.9,329.95,312.6,324.85,9809535,REGIME_SHIFT|IV_SKEW_ACCUMULATION,INVENTORY_MIGRATION|IV_SKEW_ACCUMULATION,LONG_GAMMA,LONG_GAMMA,Flip Zone,Expansion,-31.4,-49.9,58.4,58.0,-543675.0,-1175725.0,-59527.081589653506,854340.8286731273,0.02643076148632073,0.2647497850291065,-1.3962665047806855,-2.0334017802103643
2025-11-24,NBCC,NIFTY REALTY,3.4277595240209457,3.0707964601769833,5.538789277472045,113.0,118.9,112.66,116.47,55013786,REGIME_SHIFT|INVENTORY_MIGRATION,FLOOR_BOUNCE|REGIME_SHIFT|INVENTORY_MIGRATION,LONG_GAMMA,LONG_GAMMA,Expansion,Expansion,-100.0,100.0,59.0,58.0,-4316000.0,7494500.0,-589872.8985733252,305810.91072585015,0.01362598576602525,0.1091037479601914,4.279702748679393,3.6425674732497137
2025-11-24,KPITTECH,NIFTY IT,2.5066301651125,2.840957857694626,3.9052441850484954,1165.1,1210.6,1165.1,1198.2,1478312,INVENTORY_MIGRATION,REGIME_SHIFT|INVENTORY_MIGRATION,TRANSITION_REGIME,TRANSITION_REGIME,Expansion,Expansion,-6.2,9.2,54.1,56.1,-49200.0,84825.0,-27212.153856804587,64976.708094302085,0.08764800906814879,0.03407360088802619,1.6543649783659964,1.0172297029363175
2025-11-24,TECHM,NIFTY IT,2.2716387273349348,1.680272108843539,3.5572581748529286,1470.0,1513.8,1461.8,1494.7,6808658,FLOOR_BOUNCE,REGIME_SHIFT|INVENTORY_MIGRATION|IV_SKEW_ACCUMULATION,LONG_GAMMA,TRANSITION_REGIME,Support Building,Expansion,22.1,24.4,53.3,56.1,418800.0,378000.0,-16644.20750043326,-75247.89105850918,-0.0061105622170294915,0.136703717858156,2.8203893513104594,2.1832540758807806
2025-11-24,ABCAPITAL,NIFTY FIN SERVICE,1.903884538615097,1.903884538615097,3.2941540364985977,325.65,333.95,323.3,331.85,3631529,FLOOR_BOUNCE|INVENTORY_MIGRATION|IV_SKEW_ACCUMULATION,FLOOR_BOUNCE|REGIME_SHIFT|INVENTORY_MIGRATION|IV_SKEW_ACCUMULATION,LONG_GAMMA,LONG_GAMMA,Expansion,Expansion,11.2,28.3,53.3,56.1,238700.0,461900.0,-40515.67416286847,157529.1607103799,0.01995177713883478,0.040657228132734535,8.394577821329419,7.75744254589974
2025-11-24,MCX,NIFTY FIN SERVICE,1.884746462873066,1.5962102878327666,2.4287933713102117,9710.5,9889.5,9655.0,9865.5,449855,REGIME_SHIFT|INVENTORY_MIGRATION,REGIME_SHIFT|INVENTORY_MIGRATION|IV_SKEW_ACCUMULATION,TRANSITION_REGIME,TRANSITION_REGIME,Expansion,Expansion,-8.8,23.4,54.1,56.1,-107750.0,389625.0,-22642.217221232284,32023.37423856851,0.0020474109055431677,0.09379323642712456,9.574054534347765,8.936919258918085
2025-11-24,EICHERMOT,NIFTY AUTO,1.7380334991940583,1.496189610571208,2.0953048353188564,7151.5,7284.5,7135.0,7258.5,1229296,REGIME_SHIFT|INVENTORY_MIGRATION|IV_SKEW_ACCUMULATION,INVENTORY_MIGRATION|IV_SKEW_ACCUMULATION,TRANSITION_REGIME,TRANSITION_REGIME,Expansion,Expansion,-20.4,33.0,53.3,55.5,-391975.0,602225.0,12529.990686402656,-21816.262407177957,0.008781896792428412,0.1200561635581271,6.118421052631584,5.481285777201905
2025-11-24,SYNGENE,Other,1.660707191100519,1.0584518167456647,2.5704085680285704,633.0,646.45,630.25,639.7,826462,GAMMA_SQUEEZE|REGIME_SHIFT|INVENTORY_MIGRATION|IV_SKEW_ACCUMULATION,REGIME_SHIFT|INVENTORY_MIGRATION,SHORT_GAMMA,TRANSITION_REGIME,Expansion,Expansion,-0.9,14.2,53.3,55.3,12000.0,211000.0,-43703.246304540575,76214.13629992797,0.021306990571579476,0.1273655913659758,-3.0537243312874107,-3.6908596067170896
2025-11-24,ASTRAL,NIFTY CONS DURABLES,1.4181467713066276,1.74033149171271,5.325731766668995,1448.0,1514.9,1438.3,1473.2,2705698,REGIME_SHIFT|INVENTORY_MIGRATION,REGIME_SHIFT|INVENTORY_MIGRATION|IV_SKEW_ACCUMULATION,TRANSITION_REGIME,TRANSITION_REGIME,Expansion,Expansion,5.1,9.7,53.3,54.1,118575.0,142800.0,-19901.016959872097,18399.762362017864,0.031758782938994645,0.12168934457455599,2.963377131674605,2.326241856244926
2025-11-24,LTF,NIFTY FIN SERVICE,1.333564253550401,1.333564253550401,2.5230555072211613,288.7,294.6,287.35,292.55,5328979,REGIME_SHIFT|INVENTORY_MIGRATION,FLOOR_BOUNCE|REGIME_SHIFT|INVENTORY_MIGRATION|IV_SKEW_ACCUMULATION,TRANSITION_REGIME,LONG_GAMMA,Expansion,Expansion,-100.0,100.0,54.1,54.1,-2498302.0,2175244.0,-77878.34128448249,307239.38985563524,-0.0017260148593417624,0.09068790693754292,9.569288389513119,8.932153114083441
2025-11-25,ABCAPITAL,NIFTY FIN SERVICE,4.0982371553412555,3.443629285821226,4.363526933493822,333.95,346.8,332.3,345.45,12471895,FLOOR_BOUNCE|REGIME_SHIFT|INVENTORY_MIGRATION|IV_SKEW_ACCUMULATION,FLOOR_BOUNCE|INVENTORY_MIGRATION,LONG_GAMMA,LONG_GAMMA,Expansion,Expansion,28.3,88.6,56.1,58.7,461900.0,1596500.0,157529.1607103799,-215859.7378770525,0.040657228132734535,-0.24612762652645165,11.166532582461786,11.479441168865955
2025-11-25,IIFL,Other,3.8375558867362214,3.6059479553903317,3.9405204460966736,538.0,559.2,538.0,557.4,2234817,INVENTORY_MIGRATION|IV_SKEW_ACCUMULATION,INVENTORY_MIGRATION,TRANSITION_REGIME,TRANSITION_REGIME,Expansion,Expansion,-2.1,26.5,53.4,60.9,-14850.0,397650.0,-60246.82457747056,-35363.513059124714,0.24259223486172832,-0.4880032334504526,10.299792223211623,10.612700809615793
2025-11-25,PHOENIXLTD,NIFTY REALTY,3.206388938554139,2.467455621301773,3.4544371649791517,1690.0,1737.0,1679.0,1731.7,1043795,PINCH_ZONE|IV_SKEW_ACCUMULATION,INVENTORY_MIGRATION,TRANSITION_REGIME,TRANSITION_REGIME,Support Building,Expansion,2.6,-1.1,53.3,58.8,86450.0,-120050.0,-17940.282528553158,12238.899648768343,0.2320781848856598,-0.5039374410488348,1.2039039214540415,1.5168125078582118
2025-11-25,FEDERALBNK,NIFTY PVT BANK,3.151065801668218,3.055555555555567,3.797979797979778,248.4,256.9,247.5,255.99,15576893,FLOOR_BOUNCE|REGIME_SHIFT|INVENTORY_MIGRATION|IV_SKEW_ACCUMULATION,FLOOR_BOUNCE|REGIME_SHIFT|PINCH_ZONE,LONG_GAMMA,LONG_GAMMA,Expansion,Expansion,100.0,100.0,54.1,58.8,2500000.0,7745000.0,-632104.0730170239,-249579.2972778898,0.046418104099450186,-0.09461899755529438,9.378738677149222,9.691647263553392
2025-11-25,GODREJCP,NIFTY FMCG,2.978225661328038,2.978225661328038,3.7659170956380494,1111.4,1149.0,1107.3,1144.5,3033523,REGIME_SHIFT|INVENTORY_MIGRATION,REGIME_SHIFT|INVENTORY_MIGRATION,SHORT_GAMMA,TRANSITION_REGIME,Expansion,Expansion,-12.0,22.5,53.3,60.6,-193500.0,338500.0,-4005.8312119154143,30134.90840405147,0.1844727035227794,-0.45686851008117024,1.7604694585222624,2.0733780449264327
2025-11-25,GODREJPROP,NIFTY REALTY,2.3260359655981278,2.3260359655981278,3.647581441263581,2046.4,2099.9,2026.0,2094.0,471585,INVENTORY_MIGRATION,REGIME_SHIFT|PINCH_ZONE,TRANSITION_REGIME,TRANSITION_REGIME,Expansion,Flip Zone,0.7,21.9,54.1,56.9,84425.0,349800.0,-47986.346953377244,16046.161247195685,0.20469143779984778,-0.4620113506773576,-9.753049174675699,-9.440140588271529
2025-11-25,YESBANK,NIFTY PVT BANK,2.2522522522522515,1.4298480786416379,2.331838565022415,22.38,22.82,22.3,22.7,111959200,REGIME_SHIFT|INVENTORY_MIGRATION,INVENTORY_MIGRATION,SHORT_GAMMA,LONG_GAMMA,Expansion,Expansion,100.0,100.0,53.3,57.0,24289100.0,17416000.0,-9116124.054698363,6122492.904226363,0.1652448738845031,-0.26039922018931894,-0.30742204655248573,0.005486539851684569
2025-11-25,INDIANB,NIFTY PSU BANK,2.1468265574729584,2.0036217068754025,2.687072843039906,855.95,878.95,855.95,873.1,1591077,VOLATILITY_COIL|REGIME_SHIFT|INVENTORY_MIGRATION|IV_SKEW_ACCUMULATION,REGIME_SHIFT|INVENTORY_MIGRATION|IV_SKEW_ACCUMULATION,TRANSITION_REGIME,TRANSITION_REGIME,Expansion,Expansion,71.0,6.3,53.3,57.0,1355000.0,53000.0,-76944.67193086169,45705.40239325342,0.1456052294182949,-0.43428344584005674,5.721377974208397,6.034286560612568
2025-11-25,LUPIN,NIFTY PHARMA,2.1354270854170965,1.5211015558979968,2.568587276997647,2011.7,2052.5,2001.1,2042.3,1446889,REGIME_SHIFT|INVENTORY_MIGRATION,INVENTORY_MIGRATION,TRANSITION_REGIME,TRANSITION_REGIME,Expansion,Expansion,-12.9,47.3,53.3,56.9,-200600.0,852550.0,-44365.88725994855,-111522.45696183364,0.1769187394965288,-0.335516649886137,6.209371262156105,6.5222798485602755
2025-11-25,GLENMARK,NIFTY PHARMA,2.12223187147198,2.1444082519000984,3.0811105062602095,1842.0,1893.6,1837.0,1881.5,1017631,,,TRANSITION_REGIME,TRANSITION_REGIME,Support Building,Resistance Weakening,17.5,100.0,53.3,56.9,350625.0,2339250.0,-26797.48157267639,-135453.1110431384,0.16793019696626815,-0.38508152296134845,3.795443261433218,4.108351847837389
2025-11-26,PGEL,NIFTY CONS DURABLES,5.934952222319634,5.078260869565221,6.639733005445292,575.0,607.1,569.3,604.2,5281182,INVENTORY_MIGRATION,REGIME_SHIFT|PINCH_ZONE,TRANSITION_REGIME,TRANSITION_REGIME,Expansion,Expansion,6.6,12.0,58.8,45.9,158900.0,46800.0,-45795.22079422693,34052.08092739714,-0.42768016686286675,0.1760825158117783,6.881301963559183,5.843755985351118
2025-11-26,NUVAMA,NIFTY FIN SERVICE,4.883470778056642,4.620886981401995,5.406955898171395,6990.0,7349.5,6972.5,7313.0,253697,REGIME_SHIFT,INVENTORY_MIGRATION|IV_SKEW_ACCUMULATION,TRANSITION_REGIME,TRANSITION_REGIME,Flip Zone,Expansion,-2.6,5.9,54.1,49.3,-15475.0,-30950.0,3545.538112501702,2890.304935375521,-0.5621031701274859,0.18802941562002085,-1.7400067181726597,-2.777552696380725
2025-11-26,SIEMENS,NIFTY INFRA,4.328691333186652,3.8748043818466416,4.640793770409446,3195.0,3332.6,3184.8,3318.8,1149408,REGIME_SHIFT|INVENTORY_MIGRATION,REGIME_SHIFT|INVENTORY_MIGRATION,TRANSITION_REGIME,TRANSITION_REGIME,Expansion,Expansion,-4.9,-0.6,54.1,48.9,-105975.0,-153850.0,-6784.023980179976,10045.135579701107,-0.36934090578094303,0.13554815331643175,6.724121297874408,5.686575319666343
2025-11-26,MCX,NIFTY FIN SERVICE,4.216073781291163,3.994741100323629,4.351786256451784,9888.0,10311.0,9881.0,10283.0,810234,VOLATILITY_COIL|REGIME_SHIFT|INVENTORY_MIGRATION|IV_SKEW_ACCUMULATION,INVENTORY_MIGRATION,TRANSITION_REGIME,TRANSITION_REGIME,Expansion,Expansion,-1.7,18.8,55.6,48.9,-7125.0,226750.0,-69938.0545555536,3039.4250643295236,-0.28103000716692117,0.13062544792144407,12.795480721768214,11.75793474356015
2025-11-26,PNBHOUSING,NIFTY FIN SERVICE,3.9083328606273726,3.9083328606273726,4.180611492427233,881.45,918.3,881.45,915.9,924269,INVENTORY_MIGRATION,REGIME_SHIFT|INVENTORY_MIGRATION,TRANSITION_REGIME,TRANSITION_REGIME,Expansion,Expansion,13.1,7.8,57.6,45.9,221000.0,31850.0,6038.478667021677,30159.093629699113,-0.3754822301506377,0.13313153976287168,-1.8853776111408704,-2.922923589348936
2025-11-26,JSWSTEEL,NIFTY METAL,3.812949640287777,3.812949640287777,4.046762589928066,1112.0,1157.0,1112.0,1154.4,2167703,REGIME_SHIFT|INVENTORY_MIGRATION|IV_SKEW_ACCUMULATION,REGIME_SHIFT,TRANSITION_REGIME,TRANSITION_REGIME,Expansion,Expansion,2.1,-100.0,59.4,49.3,20925.0,-2689200.0,46178.094114785206,170487.91724857452,-0.43216475014062455,0.11294769925139228,-2.5164668130383316,-3.554012791246397
2025-11-26,VBL,NIFTY FMCG,3.6632891660171474,3.6632891660171474,4.6670397313933965,449.05,467.6,446.75,465.5,8934221,REGIME_SHIFT|INVENTORY_MIGRATION,INVENTORY_MIGRATION,TRANSITION_REGIME,TRANSITION_REGIME,Expansion,Expansion,35.3,-100.0,54.1,48.9,688000.0,-2976825.0,-232409.64898418766,152354.18273828964,-0.3189006644865809,0.1371827973836301,2.4991742816250273,1.461628303416962
2025-11-26,HUDCO,Other,3.6444791124978337,3.090517241379298,3.5376441622392063,232.0,239.7,231.51,239.17,5617672,INVENTORY_MIGRATION,REGIME_SHIFT|INVENTORY_MIGRATION,TRANSITION_REGIME,LONG_GAMMA,Expansion,Expansion,100.0,1.1,60.9,45.8,3696300.0,-97125.0,-171559.79141170828,101425.4559211329,-0.3898569066227816,0.12050195493934343,5.864907932011332,4.827361953803266
2025-11-26,PAYTM,NIFTY FIN SERVICE,3.632995005638784,2.9199999999999893,3.5261044176706946,1250.0,1288.9,1245.0,1286.5,2425988,REGIME_SHIFT|INVENTORY_MIGRATION,REGIME_SHIFT|IV_SKEW_ACCUMULATION,TRANSITION_REGIME,TRANSITION_REGIME,Expansion,Expansion,49.0,4.9,55.4,49.3,1001950.0,-13050.0,-152694.2709295779,42259.962129789885,-0.41311316827930616,0.1248075292621707,-1.7713980300832266,-2.808944008291292
2025-11-26,LTF,NIFTY FIN SERVICE,3.603907039407228,3.2214765100671228,3.8506810156381244,298.0,308.8,297.35,307.6,11140520,INVENTORY_MIGRATION|IV_SKEW_ACCUMULATION,INVENTORY_MIGRATION|IV_SKEW_ACCUMULATION,TRANSITION_REGIME,LONG_GAMMA,Expansion,Expansion,93.1,-75.9,58.6,49.3,1760126.0,-1585112.0,-198020.41890056498,244531.22320073724,-0.30003044540420787,0.12485827550765874,14.626420719209987,13.588874741001922
2025-11-27,ASHOKLEY,NIFTY AUTO,7.25075528700907,6.7348165965123385,8.361204013377922,149.67,162.0,149.5,159.75,90218203,REGIME_SHIFT,INVENTORY_MIGRATION|IV_SKEW_ACCUMULATION,LONG_GAMMA,LONG_GAMMA,Flip Zone,Expansion,100.0,9.4,44.0,50.8,3645000.0,-240000.0,-81229.40962754819,1337743.7555858975,0.062094870439856314,0.020591360899641586,14.53254946945799,13.912104929485093
2025-11-27,MOTHERSON,NIFTY AUTO,3.8636973437080613,3.687499999999999,4.0418492354466595,112.0,116.35,111.83,116.13,42435479,PINCH_ZONE,INVENTORY_MIGRATION,LONG_GAMMA,LONG_GAMMA,Support Weakening,Expansion,-37.7,-100.0,41.6,49.7,-787200.0,-2416950.0,198310.97432040417,262625.80980546505,0.0776741570558458,-0.0021838036942415373,7.797270955165692,7.176826415192794
2025-11-27,LTIM,Other,2.30050933786079,1.8336995098867659,3.1812366737739906,5917.0,6049.0,5862.5,6025.5,258165,IV_SKEW_ACCUMULATION,INVENTORY_MIGRATION,TRANSITION_REGIME,TRANSITION_REGIME,Dealer Controlled,Expansion,2.0,3.6,41.2,44.2,11550.0,-1650.0,2308.6438476759313,3949.7182242729887,0.1186077758249132,0.0037877788764143494,6.194924215720832,5.574479675747934
2025-11-27,BAJFINANCE,NIFTY FIN SERVICE,2.2855446720094985,1.7920441118550512,3.3633395983776904,1015.6,1044.9,1010.9,1033.8,12076038,REGIME_SHIFT|PINCH_ZONE,INVENTORY_MIGRATION|IV_SKEW_ACCUMULATION,TRANSITION_REGIME,TRANSITION_REGIME,Flip Zone,Expansion,21.9,31.0,43.9,44.3,335250.0,501750.0,71813.31602433989,34008.541088810714,0.09370122129434369,0.0052521684408737,-2.742367938284973,-3.3628124782578706
2025-11-27,COFORGE,NIFTY IT,2.08967986745765,1.714589989350368,2.297008547008539,1878.0,1915.0,1872.0,1910.2,1702344,REGIME_SHIFT|INVENTORY_MIGRATION,INVENTORY_MIGRATION,TRANSITION_REGIME,TRANSITION_REGIME,Expansion,Expansion,5.7,17.3,43.9,44.3,49125.0,268125.0,15944.674462053896,-15973.658382308364,0.1349609782090879,0.008519379788054005,6.2757316123289275,5.65528707235603
2025-11-27,KPITTECH,NIFTY IT,2.0085362791865347,2.0426956885726266,2.345058626465657,1194.5,1222.0,1194.0,1218.9,750796,REGIME_SHIFT|PINCH_ZONE,PINCH_ZONE|IV_SKEW_ACCUMULATION,TRANSITION_REGIME,TRANSITION_REGIME,Flip Zone,Dealer Controlled,1.6,0.4,43.9,44.2,-25200.0,-52300.0,5563.8001081672,7261.7303120581655,0.13149769115659274,-0.0065280602093871765,2.0768779834184903,1.4564334434455928
2025-11-27,LAURUSLABS,NIFTY PHARMA,1.6825461179809542,1.333333333333342,3.139333401284272,990.0,1011.9,981.1,1003.2,2606483,PINCH_ZONE|IV_SKEW_ACCUMULATION,REGIME_SHIFT|PINCH_ZONE,TRANSITION_REGIME,TRANSITION_REGIME,Support Weakening,Flip Zone,-37.6,0.2,41.2,43.1,-745450.0,-51850.0,49275.664662609095,3078.780010116854,0.12021573112173806,0.010613930159102669,4.315275033794319,3.6948304938214216
2025-11-27,RECLTD,NIFTY FIN SERVICE,1.6414141414141437,1.6414141414141437,2.345505617977528,356.4,364.35,356.0,362.25,5683705,PINCH_ZONE,REGIME_SHIFT|PINCH_ZONE,TRANSITION_REGIME,LONG_GAMMA,Support Weakening,Flip Zone,-46.9,-12.3,41.6,43.1,-930875.0,-317075.0,50691.02827091415,239012.91569306576,0.10064630214550488,-0.016939283397985005,-6.043314745169237,-6.663759285142135
2025-11-27,BSE,NIFTY FIN SERVICE,1.4688052101015092,1.1429558011049723,2.0396108408617053,2896.0,2936.7,2878.0,2929.1,3823914,,IV_SKEW_ACCUMULATION,TRANSITION_REGIME,TRANSITION_REGIME,Dealer Controlled,Dealer Controlled,-10.7,7.6,43.5,45.5,-244125.0,100875.0,18528.83820453522,8022.469769317075,0.1510984373305066,-0.010036189974846288,19.687002002206498,19.0665574622336
2025-11-27,360ONE,NIFTY FIN SERVICE,1.4434782608695462,1.4434782608695462,2.8834355828220914,1150.0,1173.9,1141.0,1166.6,490617,INVENTORY_MIGRATION|IV_SKEW_ACCUMULATION,INVENTORY_MIGRATION|IV_SKEW_ACCUMULATION,TRANSITION_REGIME,TRANSITION_REGIME,Expansion,Expansion,-13.7,8.5,43.9,41.9,-340500.0,122500.0,17184.36944764142,622.672622351758,0.1565926542364749,-0.004279182500284362,3.5413153456998137,2.920870805726916
2025-11-28,SRF,NIFTY COMMODITIES,3.073943661971845,2.3782044556359905,4.159616469261129,2859.3,2954.8,2836.8,2927.3,1212051,INVENTORY_MIGRATION,INVENTORY_MIGRATION|IV_SKEW_ACCUMULATION,TRANSITION_REGIME,TRANSITION_REGIME,Expansion,Expansion,-4.2,-1.0,41.8,41.9,-116800.0,-129600.0,13205.138265281486,8899.73919038344,0.009848279406637184,0.005601959627105246,-1.804702961993887,-3.060989709154116
2025-11-28,VBL,NIFTY FMCG,3.0494329124759245,2.895299145299157,4.059829059829068,468.0,487.0,468.0,481.55,13013412,VOLATILITY_COIL|INVENTORY_MIGRATION,,LONG_GAMMA,LONG_GAMMA,Expansion,Expansion,-100.0,-57.0,49.3,47.5,-2162275.0,-1201825.0,107759.98574383711,90370.51721571496,-0.00891835322679252,0.026127303567847593,-0.7624935600206051,-2.018780307180834
2025-11-28,LAURUSLABS,NIFTY PHARMA,2.8060207336523035,2.4180734856007913,2.608047690014903,1007.0,1032.75,1006.5,1031.35,2486519,REGIME_SHIFT|PINCH_ZONE,PINCH_ZONE,TRANSITION_REGIME,TRANSITION_REGIME,Flip Zone,Expansion,0.2,31.2,43.1,38.9,-51850.0,515100.0,3078.780010116854,-4834.601076410123,0.010613930159102669,0.009795203760624982,6.2863915082186805,5.0301047610584515
2025-11-28,KALYANKJIL,NIFTY FMCG,2.318283053249659,2.090909090909099,3.6175185448633185,495.0,509.85,492.05,505.35,2786839,,INVENTORY_MIGRATION,TRANSITION_REGIME,TRANSITION_REGIME,Dealer Controlled,Expansion,-3.6,-41.5,47.7,38.0,-47000.0,-865975.0,-1282.7111714838902,50668.279071556244,-0.003527245914129673,0.016629537168992514,-1.4720218366153115,-2.7283085837755405
2025-11-28,HINDZINC,NIFTY METAL,2.244231377094086,1.49565944984833,2.5791570559865917,478.05,489.2,476.9,485.2,5889839,,,LONG_GAMMA,LONG_GAMMA,Support Weakening,Support Weakening,-33.4,-38.6,49.6,45.0,-672525.0,-815850.0,59928.99988260912,68871.98520458129,0.006688584688477772,-0.0021207724840444087,1.5912897822445426,0.3350030350843136
2025-11-28,PAYTM,NIFTY FIN SERVICE,2.126672337792912,0.9555844354407261,2.346915373442404,1308.1,1338.8,1308.1,1320.6,6950734,REGIME_SHIFT|IV_SKEW_ACCUMULATION,REGIME_SHIFT|INVENTORY_MIGRATION,TRANSITION_REGIME,TRANSITION_REGIME,Flip Zone,Expansion,-67.0,10.5,43.7,36.5,-1305725.0,128325.0,59788.22311941884,7032.000404583858,0.009602766261980922,-0.009460322271556132,0.8245533669262395,-0.43173338023398955
2025-11-28,M&M,NIFTY AUTO,2.067260675866578,1.7686890574214464,2.1354434839164327,3692.0,3768.9,3690.1,3757.3,2944457,VOLATILITY_COIL|REGIME_SHIFT|INVENTORY_MIGRATION|IV_SKEW_ACCUMULATION,INVENTORY_MIGRATION|IV_SKEW_ACCUMULATION,TRANSITION_REGIME,TRANSITION_REGIME,Expansion,Expansion,-6.7,3.0,41.2,38.0,-125600.0,-33200.0,6268.889754401476,13714.33956971395,0.0005772979406233891,-0.018833005724549712,7.287056337626008,6.030769590465779
2025-11-28,ABCAPITAL,NIFTY FIN SERVICE,1.7910447761193993,1.4305949008498686,2.6068376068375976,353.0,360.15,351.0,358.05,8364994,REGIME_SHIFT|IV_SKEW_ACCUMULATION,FLOOR_BOUNCE|INVENTORY_MIGRATION|IV_SKEW_ACCUMULATION,TRANSITION_REGIME,LONG_GAMMA,Flip Zone,Expansion,27.2,22.1,41.3,38.0,505300.0,359600.0,-4829.268552885653,53631.877571178455,-0.009077099646694564,-0.012100872290334908,9.562423500612006,8.306136753451778
2025-11-28,EXIDEIND,NIFTY AUTO,1.751051988597796,1.2972972972973063,2.1739130434782705,370.0,376.0,368.0,374.8,1779891,REGIME_SHIFT,REGIME_SHIFT,TRANSITION_REGIME,TRANSITION_REGIME,Flip Zone,Flip Zone,-0.3,27.7,41.5,37.2,-39600.0,471600.0,57155.94049300355,29947.230771827075,0.010830658416176142,-0.006698241738242183,-2.1537658269155435,-3.4100525740757726
2025-11-28,IIFL,Other,1.7405063291139333,1.3840224246671529,2.2793276423479725,570.8,581.1,568.15,578.7,1817250,VOLATILITY_COIL,,TRANSITION_REGIME,TRANSITION_REGIME,Compression,Dealer Controlled,2.3,5.5,49.4,43.1,57750.0,52800.0,-12646.122791496644,14779.428093158873,0.007897969639289903,-0.016792162666019406,6.840210468014418,5.583923720854189
2025-12-01,IEX,NIFTY OIL & GAS,5.319836312728832,4.785714285714282,5.596054888507718,140.0,147.75,139.92,146.7,32323758,REGIME_SHIFT,FLOOR_BOUNCE|REGIME_SHIFT|INVENTORY_MIGRATION|IV_SKEW_ACCUMULATION,LONG_GAMMA,LONG_GAMMA,Flip Zone,Expansion,-100.0,33.2,36.3,44.4,-2283750.0,427500.0,21463.330797593546,332563.53123110125,-0.04461221314067165,0.02935271745799184,5.49403135337263,3.7303728651465473
2025-12-01,KFINTECH,NIFTY FIN SERVICE,3.7773359840954424,2.544434050514499,4.307116104868913,1069.0,1114.0,1068.0,1096.2,2836993,INVENTORY_MIGRATION,REGIME_SHIFT|INVENTORY_MIGRATION|IV_SKEW_ACCUMULATION,TRANSITION_REGIME,TRANSITION_REGIME,Expansion,Expansion,-20.0,-3.0,34.7,44.4,-357300.0,-180350.0,10231.697358854131,19605.807193323213,-0.0016721603123117657,0.022096434797312048,-0.17302613605316708,-1.9366846242792501
2025-12-01,TVSMOTOR,NIFTY AUTO,3.68965029024495,3.1492957746478867,3.2909751768053885,3550.0,3665.9,3549.1,3661.8,1616247,VOLATILITY_COIL|INVENTORY_MIGRATION|IV_SKEW_ACCUMULATION,INVENTORY_MIGRATION|IV_SKEW_ACCUMULATION,TRANSITION_REGIME,TRANSITION_REGIME,Expansion,Expansion,3.5,6.7,35.2,44.4,56175.0,-4725.0,-1809.5873895175282,15397.596656777365,-0.00538633055212831,0.010667960792244358,4.363439450508744,2.5997809622826606
2025-12-01,PAYTM,NIFTY FIN SERVICE,3.574132969862198,2.4569288389513,3.706505295007556,1335.0,1371.0,1322.0,1367.8,6146500,REGIME_SHIFT|INVENTORY_MIGRATION,IV_SKEW_ACCUMULATION,TRANSITION_REGIME,TRANSITION_REGIME,Expansion,Expansion,10.5,87.9,36.5,51.6,128325.0,1574700.0,7032.000404583858,3189.0643263124803,-0.009460322271556132,0.00846259264009458,4.9570288520564665,3.1933703638303834
2025-12-01,CYIENT,Other,3.533285866856528,2.946902654867256,4.241071428571419,1130.0,1167.5,1120.0,1163.3,667205,INVENTORY_MIGRATION|IV_SKEW_ACCUMULATION,REGIME_SHIFT|INVENTORY_MIGRATION,TRANSITION_REGIME,TRANSITION_REGIME,Expansion,Expansion,3.8,18.9,35.5,51.6,46325.0,257125.0,2668.7931406280095,-3279.4781942108384,-0.006284821891014869,0.03824854326889604,0.06881720430107485,-1.6948412839250082
2025-12-01,HINDZINC,NIFTY METAL,3.0193734542456774,-0.04999000199960024,2.262581168831157,500.1,503.95,492.8,499.85,12744627,,REGIME_SHIFT|INVENTORY_MIGRATION|IV_SKEW_ACCUMULATION,LONG_GAMMA,LONG_GAMMA,Support Weakening,Expansion,-38.6,-47.5,45.0,43.1,-815850.0,-1016750.0,68871.98520458129,115360.892320393,-0.0021207724840444087,0.0010397235954570094,4.900314795382998,3.1366563071569153
2025-12-01,KPITTECH,NIFTY IT,2.9286649214659732,3.2750554050726466,4.907216494845357,1218.3,1272.0,1212.5,1258.2,1195256,VOLATILITY_COIL|PINCH_ZONE|IV_SKEW_ACCUMULATION,INVENTORY_MIGRATION,TRANSITION_REGIME,TRANSITION_REGIME,Compression,Expansion,-5.5,7.4,35.2,49.8,-112000.0,51600.0,4157.366097942959,50.70488515008401,-0.005396483895804716,0.022891575779297457,7.842633067626648,6.0789745794005645
2025-12-01,NAUKRI,NIFTY IT,2.623665614193338,2.917671893847995,3.211700844390819,1326.4,1369.0,1326.4,1365.1,939714,REGIME_SHIFT|PINCH_ZONE,REGIME_SHIFT|INVENTORY_MIGRATION|IV_SKEW_ACCUMULATION,TRANSITION_REGIME,TRANSITION_REGIME,Flip Zone,Expansion,-9.6,5.0,35.2,39.0,-161625.0,15000.0,4578.502864032728,18424.191179111556,-0.0009746906962346258,0.01930828970196924,-0.9577015163607427,-2.721360004586826
2025-12-01,POLICYBZR,NIFTY FIN SERVICE,2.457529275935988,2.457529275935988,3.083700440528636,1818.9,1872.0,1816.0,1863.6,1418116,,,TRANSITION_REGIME,TRANSITION_REGIME,Dealer Controlled,Resistance Weakening,-5.3,8.9,34.7,39.1,-116900.0,96250.0,4973.39947326497,1211.7367833771896,-0.004207062283459961,0.031709704955732776,4.379970874873962,2.616312386647879
2025-12-01,ANGELONE,NIFTY FIN SERVICE,2.204305052148814,2.008121077888525,2.518649826427355,2709.0,2776.0,2707.8,2763.4,658606,REGIME_SHIFT,,TRANSITION_REGIME,TRANSITION_REGIME,Flip Zone,Dealer Controlled,-6.6,7.8,37.6,36.6,-62500.0,82500.0,-17986.712536220264,15699.029725994893,-0.0076055077434541984,0.010089700521746403,10.873054084416633,9.10939559619055
2025-12-02,ASIANPAINT,NIFTY FMCG,3.026921467429222,3.0484827345657495,3.522997343771861,2867.0,2962.0,2861.2,2954.4,2102147,VOLATILITY_COIL|PINCH_ZONE|IV_SKEW_ACCUMULATION,INVENTORY_MIGRATION|IV_SKEW_ACCUMULATION,TRANSITION_REGIME,TRANSITION_REGIME,Compression,Expansion,-14.1,7.0,36.2,45.6,-265250.0,-1000.0,23305.735494477005,65398.79550834269,0.010108917450144916,0.006326610023893564,17.602101743491772,16.558565091620014
2025-12-02,POWERINDIA,NIFTY INFRA,2.569303583502358,3.010411951109093,3.4467120181405964,22090.0,22810.0,22050.0,22755.0,196298,,INVENTORY_MIGRATION|IV_SKEW_ACCUMULATION,TRANSITION_REGIME,TRANSITION_REGIME,Dealer Controlled,Expansion,0.5,3.9,36.8,41.5,-6850.0,-2400.0,607.0410437772562,907.5899715234891,0.00806079472056781,0.008361236039933051,26.988113175958482,25.944576524086724
2025-12-02,MOTHERSON,NIFTY AUTO,2.325182325182329,3.255411255411267,3.585657370517925,115.5,119.6,115.46,119.26,31242759,VOLATILITY_COIL|IV_SKEW_ACCUMULATION,INVENTORY_MIGRATION|IV_SKEW_ACCUMULATION,LONG_GAMMA,LONG_GAMMA,Compression,Expansion,52.3,100.0,42.3,41.6,990150.0,5190600.0,16085.829212523997,-73058.94871946867,0.0022240762196501507,0.0002788713076146143,12.96769915695748,11.924162505085722
2025-12-02,IDEA,NIFTY MEDIA & COMM,2.014098690835864,-0.686274509803908,2.3809523809523725,10.2,10.32,10.08,10.13,649396924,VOLATILITY_COIL|REGIME_SHIFT|PINCH_ZONE,PINCH_ZONE,LONG_GAMMA,LONG_GAMMA,Compression,Support Weakening,-100.0,-100.0,36.2,41.5,-19798575.0,-21371025.0,-215153.35045680776,1389261.684475978,0.020124627749012025,0.017018730056899245,6.184486373165643,5.140949721293886
2025-12-02,GLENMARK,NIFTY PHARMA,1.9003965597157002,1.3730915052771797,2.125907242497549,1951.8,1984.0,1942.7,1978.6,1261494,VOLATILITY_COIL,INVENTORY_MIGRATION|IV_SKEW_ACCUMULATION,TRANSITION_REGIME,TRANSITION_REGIME,Compression,Expansion,-3.2,18.1,42.3,44.2,-56250.0,284250.0,1674.817631202619,8375.98368294278,0.002372054120264422,-0.0005781161465300833,4.224610198061507,3.18107354618975
2025-12-02,KEI,NIFTY INFRA,1.882152422692962,1.807785888077862,2.9195289499509336,4110.0,4195.0,4076.0,4184.3,143908,,INVENTORY_MIGRATION,TRANSITION_REGIME,TRANSITION_REGIME,Dealer Controlled,Expansion,-3.6,2.9,36.3,41.5,-40250.0,1050.0,2266.5843133989365,-851.0557210014558,0.004014351833864838,0.028076164527692682,5.024974272734117,3.9814376208623603
2025-12-02,ANGELONE,NIFTY FIN SERVICE,1.838315119056233,2.2341700875504023,2.843205067530663,2752.7,2825.0,2746.9,2814.2,1167875,,INVENTORY_MIGRATION,TRANSITION_REGIME,TRANSITION_REGIME,Dealer Controlled,Expansion,7.8,2.8,36.6,44.2,82500.0,-3500.0,15699.029725994893,29031.758085665308,0.010089700521746403,-0.011091638238941881,9.76675247679224,8.723215824920484
2025-12-02,NAUKRI,NIFTY IT,1.5749761922203565,0.8436363636363575,3.5888347363757234,1375.0,1402.8,1354.2,1386.6,2136679,REGIME_SHIFT|INVENTORY_MIGRATION|IV_SKEW_ACCUMULATION,INVENTORY_MIGRATION,TRANSITION_REGIME,TRANSITION_REGIME,Expansion,Expansion,5.0,-20.7,39.0,40.4,15000.0,-455250.0,18424.191179111556,39947.49974150794,0.01930828970196924,-0.004827182702866473,1.9858781994704255,0.9423415475986685
2025-12-02,IDFCFIRSTB,NIFTY PVT BANK,1.573534877958127,1.775294847920561,2.1601489757914427,80.55,82.29,80.55,81.98,39182438,FLOOR_BOUNCE|PINCH_ZONE,FLOOR_BOUNCE|INVENTORY_MIGRATION,LONG_GAMMA,LONG_GAMMA,Support Building,Expansion,10.9,100.0,36.2,39.7,111300.0,2949450.0,518766.7365991834,14629.715763226151,0.009113923543415364,0.007597687609297132,-0.012196609342596254,-1.0557332612143533
2025-12-02,SIEMENS,NIFTY INFRA,1.534650474291599,1.534650474291599,2.5112841174154132,3310.2,3384.0,3301.1,3361.0,744346,REGIME_SHIFT|PINCH_ZONE,INVENTORY_MIGRATION,TRANSITION_REGIME,TRANSITION_REGIME,Flip Zone,Expansion,1.5,4.6,36.2,40.4,17100.0,29250.0,2178.5656607979945,1494.6416959458948,0.007957242138854653,0.014063731013676223,7.466027178257395,6.422490526385638
2025-12-03,IDEA,NIFTY MEDIA & COMM,4.146100691016774,3.9408866995073843,4.743083003952564,10.15,10.6,10.12,10.55,1176128408,PINCH_ZONE,INVENTORY_MIGRATION,LONG_GAMMA,LONG_GAMMA,Support Weakening,Expansion,-100.0,100.0,41.5,56.5,-21371025.0,6575700.0,1389261.684475978,6939588.312824606,0.017018730056899245,0.018073541747711586,12.11477151965994,10.597640064233381
2025-12-03,BIOCON,NIFTY PHARMA,2.7568922305764465,1.990049751243772,3.112110986126737,402.0,412.5,400.05,410.0,10962895,REGIME_SHIFT|PINCH_ZONE|IV_SKEW_ACCUMULATION,FLOOR_BOUNCE|REGIME_SHIFT|INVENTORY_MIGRATION,LONG_GAMMA,LONG_GAMMA,Flip Zone,Expansion,-18.4,7.4,39.2,50.8,-395000.0,30000.0,76726.86742836013,154261.96101666067,0.00129945816465038,0.005288387893926161,7.752956636005259,6.235825180578702
2025-12-03,SAMMAANCAP,NIFTY FIN SERVICE,2.313333333333323,1.9734219269103015,4.018912529550822,150.5,154.0,148.05,153.47,11508227,INVENTORY_MIGRATION,PINCH_ZONE,SHORT_GAMMA,LONG_GAMMA,Expansion,Dealer Controlled,-20.7,8.4,40.4,50.4,-331100.0,12900.0,-118789.78509043495,569049.7706161002,0.0076125554590324995,-0.026197037033571458,-17.586725378584468,-19.103856834011026
2025-12-03,WIPRO,NIFTY IT,1.80677139545109,1.6320830007980902,2.626222310915982,250.6,257.13,250.55,254.69,17215454,VOLATILITY_COIL|REGIME_SHIFT|PINCH_ZONE,FLOOR_BOUNCE|INVENTORY_MIGRATION|IV_SKEW_ACCUMULATION,LONG_GAMMA,LONG_GAMMA,Compression,Expansion,-1.0,90.5,38.6,50.4,-12000.0,1623000.0,-42861.926510820864,244023.09806258813,-0.01165740381579447,-0.00048007650422948744,7.048587760591807,5.53145630516525
2025-12-03,HINDZINC,NIFTY METAL,1.7653586199939397,0.8799999999999919,2.62813412546572,500.0,509.6,496.55,504.4,11256116,PINCH_ZONE|IV_SKEW_ACCUMULATION,PINCH_ZONE,LONG_GAMMA,LONG_GAMMA,Support Weakening,Support Weakening,-63.7,-55.6,38.6,49.5,-1182125.0,-1135575.0,47372.4940729434,92812.70106100343,0.011148622033185951,-0.004876037263954636,6.559628182106247,5.0424967266796905
2025-12-03,ASHOKLEY,NIFTY AUTO,1.693750000000005,1.4970993699706892,2.288401253918493,160.31,163.15,159.5,162.71,21310659,VOLATILITY_COIL|REGIME_SHIFT,,LONG_GAMMA,LONG_GAMMA,Compression,Dealer Controlled,-100.0,-10.0,41.0,53.0,-2110000.0,-355000.0,-220474.4119278693,878301.5454150627,-7.279855491781895e-05,-0.0030425495484645015,15.857305610937056,14.3401741555105
2025-12-03,TCS,NIFTY IT,1.412762700513448,1.273885350318471,2.3223956674100155,3140.0,3211.9,3139.0,3180.0,3952112,VOLATILITY_COIL|PINCH_ZONE,REGIME_SHIFT|PINCH_ZONE,TRANSITION_REGIME,TRANSITION_REGIME,Compression,Flip Zone,2.7,-2.3,38.6,48.0,55650.0,-155400.0,-18120.916299161647,102351.07297231916,-0.0009571515414502907,-0.007142817133349272,6.347401511604578,4.830270056178021
2025-12-03,ICICIBANK,NIFTY PVT BANK,1.3474144209759675,1.7922457937088465,1.9897585954645303,1367.0,1394.2,1367.0,1391.5,7955933,PINCH_ZONE|IV_SKEW_ACCUMULATION,FLOOR_BOUNCE|REGIME_SHIFT|PINCH_ZONE|IV_SKEW_ACCUMULATION,LONG_GAMMA,LONG_GAMMA,Support Weakening,Flip Zone,-62.2,100.0,38.6,48.0,-1108100.0,1899100.0,-279338.9695158686,254591.73955817288,0.0006122264169134972,0.00240880846872496,4.084075099109885,2.566943643683328
2025-12-03,HINDALCO,NIFTY METAL,1.1712214166201829,0.6783423778983666,2.328484924152563,810.8,819.6,800.95,816.3,4948661,PINCH_ZONE,PINCH_ZONE,TRANSITION_REGIME,LONG_GAMMA,Support Building,Dealer Controlled,20.8,-7.9,38.6,48.0,416500.0,-196000.0,-32468.896236937435,22350.13180416572,-0.004263720210798766,0.012326940127349445,-1.8162136155881692,-3.333345071014726
2025-12-03,INFY,NIFTY IT,1.1338885329916781,1.5175872934216628,2.0526349655749287,1555.1,1586.0,1554.1,1578.7,12895312,VOLATILITY_COIL|REGIME_SHIFT|IV_SKEW_ACCUMULATION,INVENTORY_MIGRATION|IV_SKEW_ACCUMULATION,LONG_GAMMA,LONG_GAMMA,Compression,Expansion,3.3,-100.0,40.8,48.0,72400.0,-4866000.0,-39858.136892814364,508306.2962927027,0.000791567474336452,-0.004647285401539386,7.5481981061380266,6.03106665071147
2025-12-04,PETRONET,NIFTY OIL & GAS,4.539534883720919,3.4997237060232056,3.7993360383622,271.45,281.4,271.1,280.95,12174889,GAMMA_SQUEEZE|INVENTORY_MIGRATION,REGIME_SHIFT|INVENTORY_MIGRATION,SHORT_GAMMA,TRANSITION_REGIME,Expansion,Expansion,3.9,9.9,47.3,44.4,103700.0,6600.0,-40869.3265668823,287063.897099067,0.0012608174096330194,0.018426390701991258,2.1636363636363676,0.10931977034047691
2025-12-04,BDL,NIFTY INFRA,3.0343897505057393,2.550335570469797,3.783127655270069,1490.0,1539.0,1482.9,1528.0,1496051,,REGIME_SHIFT,TRANSITION_REGIME,TRANSITION_REGIME,Expansion,Expansion,-37.8,28.7,54.4,42.5,-639750.0,459525.0,9059.235269810175,-2673.720561304086,0.02333298789216498,-0.005678672047318423,6.251303803629793,4.196987210333902
2025-12-04,COFORGE,NIFTY IT,2.807843137254906,2.2996878251821062,3.5561580978204166,1922.0,1986.0,1917.8,1966.2,3120396,VOLATILITY_COIL|REGIME_SHIFT|PINCH_ZONE,INVENTORY_MIGRATION|IV_SKEW_ACCUMULATION,TRANSITION_REGIME,TRANSITION_REGIME,Compression,Expansion,-13.7,3.3,47.3,39.9,-263625.0,-33000.0,13111.56525492837,-453.67814079618256,-0.0005593947470756699,0.010442345231347794,11.468904132887348,9.414587539591457
2025-12-04,CAMS,NIFTY FIN SERVICE,2.5158047466058653,2.5158047466058653,2.8344906207897314,3859.6,3969.0,3859.6,3956.7,643528,VOLATILITY_COIL,REGIME_SHIFT|IV_SKEW_ACCUMULATION,TRANSITION_REGIME,TRANSITION_REGIME,Compression,Expansion,0.3,13.1,48.4,39.0,750.0,175500.0,603.2805944045176,-1760.789905205358,-0.0002797661605064006,0.003200978232706264,5.799775389058226,3.7454587957623353
2025-12-04,HFCL,Other,2.4273255813953565,1.953125,5.1513387660069965,69.12,72.26,68.72,70.47,20826668,INVENTORY_MIGRATION,INVENTORY_MIGRATION,LONG_GAMMA,LONG_GAMMA,Expansion,Expansion,-100.0,-30.3,48.0,38.6,-3412050.0,-683700.0,-117086.25275739207,248116.19080539036,0.018258731651219384,0.01060604534423909,-5.650020083009776,-7.704336676305667
2025-12-04,ASTRAL,NIFTY CONS DURABLES,2.2062996594778728,2.57012672647019,3.0115335326783566,1404.6,1446.9,1404.6,1440.7,783804,INVENTORY_MIGRATION,INVENTORY_MIGRATION,TRANSITION_REGIME,TRANSITION_REGIME,Expansion,Expansion,-3.8,3.7,48.4,38.6,-51000.0,3400.0,-3699.602746059685,19344.644181715033,0.008176500354043936,-0.02281188483316615,-8.007151522891254,-10.061468116187145
2025-12-04,HEROMOTOCO,NIFTY AUTO,2.0687434597118193,1.472471190781044,1.7870021636348987,6248.0,6351.0,6239.5,6340.0,883433,REGIME_SHIFT|IV_SKEW_ACCUMULATION,REGIME_SHIFT|INVENTORY_MIGRATION|IV_SKEW_ACCUMULATION,TRANSITION_REGIME,TRANSITION_REGIME,Flip Zone,Expansion,-0.9,3.2,47.4,39.0,15150.0,-11550.0,-11521.683453153059,26932.59607171408,0.007074486196624402,-0.00897452563128659,19.038678182500934,16.984361589205044
2025-12-04,EXIDEIND,NIFTY AUTO,2.066282034080258,2.3271455474845437,2.7037933817594784,371.7,381.75,371.7,380.35,2191657,REGIME_SHIFT,REGIME_SHIFT|INVENTORY_MIGRATION,TRANSITION_REGIME,TRANSITION_REGIME,Flip Zone,Expansion,-13.3,-24.0,48.0,39.0,-207000.0,-527400.0,-18997.35580783493,61334.20392427323,0.008029857915722083,-0.004818345195196749,0.13163090693695256,-1.922685686358938
2025-12-04,TORNTPHARM,NIFTY PHARMA,2.010266333413946,1.6659970537029611,2.3629032258064564,3733.5,3807.9,3720.0,3795.7,561605,INVENTORY_MIGRATION|IV_SKEW_ACCUMULATION,REGIME_SHIFT|INVENTORY_MIGRATION|IV_SKEW_ACCUMULATION,TRANSITION_REGIME,TRANSITION_REGIME,Expansion,Expansion,-2.4,1.1,47.3,39.0,-42250.0,-38500.0,2743.1248944359377,8288.368013513991,0.003299140062265893,0.013918336741085086,6.8188214104800915,4.764504817184201
2025-12-04,PERSISTENT,NIFTY IT,1.911230453324908,1.1285266457680354,3.0707293969055804,6380.0,6528.5,6334.0,6452.0,668828,PINCH_ZONE|IV_SKEW_ACCUMULATION,REGIME_SHIFT|INVENTORY_MIGRATION|IV_SKEW_ACCUMULATION,TRANSITION_REGIME,TRANSITION_REGIME,Dealer Controlled,Expansion,-4.8,6.7,47.3,39.0,-62600.0,62900.0,880.6181551641712,322.5481766732846,0.01777577704875566,-0.0388532805828769,10.441629578911327,8.387312985615436
2025-12-05,PATANJALI,NIFTY FMCG,4.170212765957437,4.426959901412442,6.218310532861371,527.45,555.15,522.65,550.8,5471238,INVENTORY_MIGRATION,REGIME_SHIFT|INVENTORY_MIGRATION,TRANSITION_REGIME,TRANSITION_REGIME,Expansion,Expansion,-40.6,-2.7,38.3,48.1,-641700.0,-184500.0,-23187.281271109285,94316.47007434955,0.044970173306849326,-0.03723060040011514,-4.854033511832789,-7.577012607481281
2025-12-05,SBICARD,NIFTY FIN SERVICE,3.4174553101997907,2.9723127035830466,3.6786173070185724,859.6,887.8,856.3,885.15,1752612,,REGIME_SHIFT|INVENTORY_MIGRATION,TRANSITION_REGIME,TRANSITION_REGIME,Dealer Controlled,Expansion,-11.5,12.6,36.3,48.1,-174400.0,128000.0,-35287.3270186943,71801.65251609076,0.018470471430394597,-0.014633165157475203,1.5080275229357731,-1.2149515727127191
2025-12-05,INDUSTOWER,NIFTY MEDIA & COMM,3.407960199004978,3.6916936891993046,4.447506890503639,400.9,416.85,399.1,415.7,9654037,FLOOR_BOUNCE|INVENTORY_MIGRATION|IV_SKEW_ACCUMULATION,INVENTORY_MIGRATION|IV_SKEW_ACCUMULATION,LONG_GAMMA,LONG_GAMMA,Expansion,Expansion,8.1,-25.6,36.2,48.1,181900.0,-617100.0,-33810.95279194956,184241.59656489827,0.01327215191105896,0.006128102618231379,3.717564870259471,0.9945857746109787
2025-12-05,CHOLAFIN,NIFTY FIN SERVICE,3.2643074536014893,3.2643074536014893,3.8180730101735394,1675.7,1734.8,1671.0,1730.4,1344984,PINCH_ZONE|IV_SKEW_ACCUMULATION,REGIME_SHIFT|PINCH_ZONE,TRANSITION_REGIME,TRANSITION_REGIME,Dealer Controlled,Expansion,-9.2,15.3,36.2,48.1,-188750.0,190000.0,18188.553224796422,30061.846175328184,-0.006451176823711435,-0.0021712981984148283,1.5552555901167997,-1.1677235055316926
2025-12-05,SHRIRAMFIN,NIFTY FIN SERVICE,3.2300911670591015,3.2300911670591015,3.4836684175572064,828.15,857.0,828.15,854.9,12137708,VOLATILITY_COIL,REGIME_SHIFT|IV_SKEW_ACCUMULATION,TRANSITION_REGIME,LONG_GAMMA,Compression,Expansion,3.6,28.8,38.4,55.4,74250.0,415800.0,-6298.893528462038,157066.4780652354,-0.0008690208287471246,-0.01956291674950611,4.722239235621961,1.9992601399734689
2025-12-05,MARICO,NIFTY FMCG,3.07843000069965,2.8840782122905084,3.471004838370373,716.0,737.8,713.05,736.65,2651174,REGIME_SHIFT,REGIME_SHIFT|INVENTORY_MIGRATION,TRANSITION_REGIME,TRANSITION_REGIME,Flip Zone,Expansion,0.8,45.6,36.7,46.8,-6000.0,768000.0,29804.660989904834,58635.29621838236,-0.0042291518315000776,-0.007990935400687182,3.5202360876896988,0.7972569920412065
2025-12-05,LTF,NIFTY FIN SERVICE,3.0454318522216806,3.5105315947843607,4.4127516778523335,299.1,311.15,298.0,309.6,8154419,REGIME_SHIFT,INVENTORY_MIGRATION,LONG_GAMMA,LONG_GAMMA,Flip Zone,Expansion,-50.5,-14.0,42.8,46.9,-933432.0,-402454.0,-27026.910327804973,324750.6067099508,0.008282075967235902,-0.015663808383099054,1.976284584980248,-0.7466945106682443
2025-12-05,ABCAPITAL,NIFTY FIN SERVICE,2.6760160274756695,2.6760160274756695,4.204594711746856,349.4,360.6,346.05,358.75,4438367,VOLATILITY_COIL|REGIME_SHIFT|INVENTORY_MIGRATION,,LONG_GAMMA,LONG_GAMMA,Expansion,Expansion,-49.6,-35.3,38.3,43.2,-942400.0,-781200.0,30446.41513324424,197407.93904834485,-0.00247809362685264,-0.014703919963903078,6.107660455486541,3.3846813598380487
2025-12-05,MUTHOOTFIN,NIFTY FIN SERVICE,2.6499189627228414,2.6499189627228414,2.8363047001620734,3702.0,3807.0,3702.0,3800.1,328682,REGIME_SHIFT|PINCH_ZONE,INVENTORY_MIGRATION,TRANSITION_REGIME,TRANSITION_REGIME,Flip Zone,Expansion,-7.8,0.1,37.9,43.3,-100650.0,-80575.0,-5816.159639985228,32074.183762344917,0.01763701945582452,-0.03906828848265789,17.650154798761598,14.927175703113106
2025-12-05,SBIN,NIFTY PSU BANK,2.46809408290265,2.3871001738947184,2.8097602197105553,948.85,973.3,946.7,971.5,17347847,VOLATILITY_COIL|INVENTORY_MIGRATION,FLOOR_BOUNCE|INVENTORY_MIGRATION|IV_SKEW_ACCUMULATION,LONG_GAMMA,LONG_GAMMA,Expansion,Expansion,-100.0,100.0,38.3,43.2,-2115000.0,8189250.0,45487.29596433905,630104.2790423762,-0.004671509598413309,-0.015092226445792611,1.6372861850708853,-1.085692910577607
2025-12-08,TECHM,NIFTY IT,1.3368983957219305,0.6831119544592035,1.4624531061232293,1581.0,1595.7,1572.7,1591.8,2833786,IV_SKEW_ACCUMULATION,REGIME_SHIFT|INVENTORY_MIGRATION|IV_SKEW_ACCUMULATION,TRANSITION_REGIME,TRANSITION_REGIME,Resistance Weakening,Expansion,7.3,-11.3,46.6,51.5,129000.0,-264000.0,3317.926486011085,31773.90213266475,0.00037061453484757423,0.00664451711693409,13.878952639862652,12.368845833629049
2025-12-08,POLICYBZR,NIFTY FIN SERVICE,1.0613581159573338,0.7315789473684164,1.8748349617111248,1900.0,1929.0,1893.5,1913.9,3420798,REGIME_SHIFT,REGIME_SHIFT|INVENTORY_MIGRATION,TRANSITION_REGIME,TRANSITION_REGIME,Flip Zone,Expansion,5.0,-2.5,50.5,51.4,32200.0,-85750.0,6332.230190983537,11369.099003565876,-0.0022183508266861995,0.016769900072610366,6.416458159577432,4.90635135334383
2025-12-08,WIPRO,NIFTY IT,0.5655803932130166,0.5269028114303298,1.2937507219591193,260.01,263.07,259.71,261.38,9684253,IV_SKEW_ACCUMULATION,REGIME_SHIFT|INVENTORY_MIGRATION,LONG_GAMMA,LONG_GAMMA,Resistance Weakening,Expansion,100.0,-100.0,45.1,49.7,1965000.0,-2037000.0,68602.07529323979,134726.11450525827,-0.0106875991110163,0.01616207731218236,8.98098732488326,7.4708805186496585
2025-12-08,HCLTECH,NIFTY IT,0.33273915626856887,0.33273915626856887,1.103226191186124,1683.0,1695.4,1676.9,1688.6,2702407,REGIME_SHIFT|INVENTORY_MIGRATION|IV_SKEW_ACCUMULATION,REGIME_SHIFT|IV_SKEW_ACCUMULATION,LONG_GAMMA,LONG_GAMMA,Expansion,Flip Zone,-28.6,-13.1,42.3,49.7,-612150.0,-257950.0,110929.81411417856,19363.477772718383,-0.0027425097067015347,0.007969438270605006,9.613761765660488,8.103654959426887
2025-12-08,MFSL,NIFTY FIN SERVICE,0.3017394391196193,-0.27647058823530024,2.0313337701793,1700.0,1712.8,1678.7,1695.3,801332,VOLATILITY_COIL|REGIME_SHIFT|IV_SKEW_ACCUMULATION,REGIME_SHIFT|IV_SKEW_ACCUMULATION,TRANSITION_REGIME,TRANSITION_REGIME,Compression,Flip Zone,0.7,-8.6,40.2,49.7,11200.0,-177600.0,-739.2628359576229,17045.38502700948,-0.00397070827088275,0.007360838382169277,4.706318324995373,3.1962115187617712
2025-12-08,DALBHARAT,NIFTY COMMODITIES,0.2413273001508287,0.6969696969696848,1.7171717171717171,1980.0,2014.0,1980.0,1993.8,553059,VOLATILITY_COIL|REGIME_SHIFT|PINCH_ZONE,VOLATILITY_COIL|REGIME_SHIFT|PINCH_ZONE,TRANSITION_REGIME,TRANSITION_REGIME,Compression,Compression,-1.4,-4.5,40.2,49.7,-24050.0,-101075.0,-1618.961938616916,9757.247738083513,-0.002326983133650873,0.010193472317737207,-3.0111397577467502,-4.521246563980352
2025-12-08,SHREECEM,NIFTY COMMODITIES,0.2301054650047929,0.5192307692307718,1.4038461538461444,26000.0,26365.0,26000.0,26135.0,48562,INVENTORY_MIGRATION,VOLATILITY_COIL|INVENTORY_MIGRATION,TRANSITION_REGIME,TRANSITION_REGIME,Expansion,Expansion,-2.5,0.1,40.8,49.7,-6350.0,-5675.0,-235.26090795396226,434.09475321271316,0.00441522356557833,0.005586195378392611,-3.525286083425616,-5.035392889659218
2025-12-08,RELIANCE,NIFTY OIL & GAS,0.1557834609892339,0.2468814968815014,1.042345276872969,1539.2,1551.0,1535.0,1543.0,11301491,FLOOR_BOUNCE|REGIME_SHIFT,FLOOR_BOUNCE|REGIME_SHIFT,LONG_GAMMA,LONG_GAMMA,Flip Zone,Flip Zone,39.7,19.4,40.8,50.5,757500.0,333000.0,-70302.81070285314,262981.2276471106,-0.00996462167367107,0.002231703587059569,3.605720808433488,2.095614002199886
2025-12-08,SUZLON,NIFTY ENERGY,0.07730962504832739,-0.44222264949047574,2.7729299980608912,52.01,53.0,51.57,51.78,97482417,,VOLATILITY_COIL,LONG_GAMMA,LONG_GAMMA,Support Weakening,Compression,-100.0,-100.0,41.9,55.6,-3199775.0,-5048625.0,456434.8137413452,303537.5279879703,-0.02149395006272309,0.016291360530680532,-9.838063729757963,-11.348170535991564
2025-12-08,HDFCBANK,NIFTY PVT BANK,-0.01993421708361698,0.31000000000001027,0.9022556390977376,1000.0,1006.5,997.5,1003.1,12901022,FLOOR_BOUNCE|REGIME_SHIFT|PINCH_ZONE,VOLATILITY_COIL|FLOOR_BOUNCE|REGIME_SHIFT|PINCH_ZONE,LONG_GAMMA,LONG_GAMMA,Flip Zone,Compression,28.6,100.0,40.2,49.7,490050.0,2131800.0,141228.30846488976,-151423.9506703649,-0.004899121075074203,0.007242206484424474,1.8892839004570838,0.3791770942234818
2025-12-09,KAYNES,NIFTY INFRA,13.764118728657726,10.48469387755102,19.461279461279467,3920.0,4435.0,3712.5,4331.0,18448771,REGIME_SHIFT|INVENTORY_MIGRATION,INVENTORY_MIGRATION,SHORT_GAMMA,TRANSITION_REGIME,Expansion,Expansion,-44.2,21.2,57.3,55.8,-350000.0,8100.0,-12282.448291719145,5946.7021350408795,-0.004574175395986757,-0.010637431797663355,-32.909921772132286,-33.473067448617364
2025-12-09,PGEL,NIFTY CONS DURABLES,5.0698640483383794,5.059945246861153,8.681055155875296,529.65,566.5,521.25,556.45,9378408,REGIME_SHIFT|INVENTORY_MIGRATION,REGIME_SHIFT|IV_SKEW_ACCUMULATION,TRANSITION_REGIME,TRANSITION_REGIME,Expansion,Expansion,-100.0,100.0,57.3,55.9,-1934500.0,1790650.0,-6446.1267249681405,23902.04246648249,0.0703378855313187,-0.06751808410218474,5.149281934996219,4.586136258511142
2025-12-09,IDEA,NIFTY MEDIA & COMM,4.373177842565612,4.271844660194168,7.029702970297036,10.3,10.81,10.1,10.74,889952074,,,LONG_GAMMA,LONG_GAMMA,Expansion,Expansion,-100.0,100.0,57.3,56.3,-42027300.0,54535425.0,-10525712.717973564,10812046.707618564,0.006092054649854406,0.012199016350282199,4.8828125,4.319666823514923
2025-12-09,DELHIVERY,NIFTY SERVICES,4.333626428840587,5.125933426148599,5.683544303797472,395.05,417.45,395.0,415.3,4147364,INVENTORY_MIGRATION|IV_SKEW_ACCUMULATION,INVENTORY_MIGRATION,TRANSITION_REGIME,TRANSITION_REGIME,Expansion,Expansion,-19.2,92.2,57.0,52.4,-315400.0,1612275.0,-25835.866738316596,111293.82613668266,0.021293192620559287,-0.016873429434876352,-3.4410602185538264,-4.004205895038904
2025-12-09,BANDHANBNK,NIFTY PVT BANK,4.082084594375135,3.8980178321420533,5.325884543761639,135.71,141.4,134.25,141.0,9961299,INVENTORY_MIGRATION,GAMMA_SQUEEZE|INVENTORY_MIGRATION,SHORT_GAMMA,SHORT_GAMMA,Expansion,Expansion,-3.6,-0.5,57.3,55.8,50400.0,-169200.0,-172870.1174394054,300364.28884287353,0.07168681059172594,-0.03812417500341175,-6.585398171458856,-7.148543847943933
2025-12-09,AMBER,NIFTY CONS DURABLES,3.5885909161370355,3.6769839422853057,5.812302839116712,6445.5,6708.5,6340.0,6682.5,482532,REGIME_SHIFT|PINCH_ZONE,REGIME_SHIFT|PINCH_ZONE|IV_SKEW_ACCUMULATION,TRANSITION_REGIME,TRANSITION_REGIME,Flip Zone,Expansion,-7.6,8.6,51.5,51.9,-87700.0,60700.0,-1369.699380232898,15472.407685212438,0.006400266294167789,-0.0034235108983189377,-6.46651270207852,-7.029658378563597
2025-12-09,TIINDIA,NIFTY AUTO,3.451768739286276,3.22655885554346,5.065836158637538,2572.4,2665.1,2536.6,2655.4,675085,INVENTORY_MIGRATION,REGIME_SHIFT|INVENTORY_MIGRATION|IV_SKEW_ACCUMULATION,TRANSITION_REGIME,TRANSITION_REGIME,Expansion,Expansion,-12.9,9.9,58.5,55.8,-139000.0,86400.0,-25.2288936490977,7355.528365122875,0.017106751175384738,0.001361530296438207,-11.468960458758415,-12.032106135243492
2025-12-09,GODREJPROP,NIFTY REALTY,3.4378006176902565,3.7055837563451766,5.092213114754096,1970.0,2051.4,1952.0,2043.0,1296198,INVENTORY_MIGRATION,INVENTORY_MIGRATION,TRANSITION_REGIME,TRANSITION_REGIME,Expansion,Expansion,-48.9,44.6,57.3,51.8,-794750.0,755425.0,-3947.491920096705,2915.019584524336,0.05498423260266677,-0.021634073555291122,-5.3509381514940895,-5.914083827979167
2025-12-09,CGPOWER,NIFTY INFRA,3.1909140075716547,4.180967238689548,5.625147719215318,641.0,670.35,634.65,667.8,3303762,,INVENTORY_MIGRATION,TRANSITION_REGIME,TRANSITION_REGIME,Support Weakening,Expansion,-21.1,5.8,55.8,52.6,-336600.0,5950.0,-32054.457441358172,76540.97152489817,0.025828777281159565,0.006336055908897853,-8.888737294494863,-9.451882970979941
2025-12-09,BHEL,NIFTY INFRA,2.7067111605487693,2.821083890126208,4.332465600595037,269.4,280.55,268.9,277.0,9945144,INVENTORY_MIGRATION,FLOOR_BOUNCE|INVENTORY_MIGRATION,LONG_GAMMA,LONG_GAMMA,Expansion,Expansion,-100.0,100.0,57.3,54.7,-2583000.0,1929375.0,-298439.8219230759,358935.8516080849,0.013801021656310586,-0.015801835785308915,-3.0790762771168656,-3.642221953601943
2025-12-10,HINDZINC,NIFTY METAL,4.313765388137147,1.8172790466732813,3.052064631956908,503.5,516.6,501.3,512.65,21067651,VOLATILITY_COIL|FLOOR_BOUNCE|PINCH_ZONE|IV_SKEW_ACCUMULATION,FLOOR_BOUNCE|REGIME_SHIFT|INVENTORY_MIGRATION,LONG_GAMMA,LONG_GAMMA,Compression,Expansion,43.8,33.1,47.1,58.4,834225.0,450800.0,-31408.770132017613,159544.8697991926,-0.006325128330590568,0.0011272845613359839,6.38099190703465,6.836243532105179
2025-12-10,ICICIPRULI,NIFTY FIN SERVICE,3.086914688903142,3.685483870967743,4.3618739903069415,620.0,646.0,619.0,642.85,2073986,,REGIME_SHIFT|INVENTORY_MIGRATION,TRANSITION_REGIME,TRANSITION_REGIME,Resistance Weakening,Expansion,11.3,-29.0,50.4,53.5,179450.0,-653975.0,14858.63146145994,63474.24190487432,0.0012087447371873505,0.0005366325971675745,1.564104589620019,2.0193562146905486
2025-12-10,AUBANK,NIFTY PVT BANK,2.2272516845841306,1.294597349643234,2.67584097859328,981.0,1007.25,981.0,993.7,7019615,INVENTORY_MIGRATION|IV_SKEW_ACCUMULATION,IV_SKEW_ACCUMULATION,TRANSITION_REGIME,TRANSITION_REGIME,Expansion,Dealer Controlled,20.4,-8.2,50.1,56.3,322000.0,-241000.0,32585.596581897873,64290.44917464892,0.0017948189048664354,0.009744260223672585,12.658012584320621,13.11326420939115
2025-12-10,HDFCAMC,NIFTY FIN SERVICE,1.9735042401031633,1.9695193434935643,2.610394685424011,2559.0,2625.8,2559.0,2609.4,751288,VOLATILITY_COIL|INVENTORY_MIGRATION|IV_SKEW_ACCUMULATION,REGIME_SHIFT|INVENTORY_MIGRATION,TRANSITION_REGIME,TRANSITION_REGIME,Expansion,Expansion,-2.2,5.9,47.1,55.8,-50700.0,48000.0,5660.507352118754,21952.318730420535,-0.0028402442946670603,-0.011214951728048761,-52.43095433415368,-51.97570270908315
2025-12-10,VEDL,NIFTY METAL,1.5596241402693112,0.9532980259990387,2.8286350866996157,519.25,530.75,516.15,524.2,14712797,IV_SKEW_ACCUMULATION,FLOOR_BOUNCE|INVENTORY_MIGRATION,LONG_GAMMA,LONG_GAMMA,Dealer Controlled,Expansion,1.4,100.0,47.4,55.7,-27600.0,2601300.0,191393.5674931424,122905.11610813439,0.0017531727344016201,0.0018534281653252993,0.6915097963887895,1.1467614214593191
2025-12-10,EICHERMOT,NIFTY AUTO,1.4811175066685278,1.3885966757837265,2.307314678448691,7129.5,7294.0,7129.5,7228.5,626505,VOLATILITY_COIL|IV_SKEW_ACCUMULATION,REGIME_SHIFT|IV_SKEW_ACCUMULATION,TRANSITION_REGIME,TRANSITION_REGIME,Compression,Flip Zone,0.0,9.4,47.1,51.9,8550.0,121175.0,-7671.346044760845,-3942.906105456321,0.006250144043714434,-0.00820174989920841,5.080680331443532,5.535931956514062
2025-12-10,SRF,NIFTY COMMODITIES,1.2746994611026574,0.7976620250988331,1.7818369808719536,2908.5,2953.2,2901.5,2931.7,439194,REGIME_SHIFT,REGIME_SHIFT|IV_SKEW_ACCUMULATION,TRANSITION_REGIME,TRANSITION_REGIME,Flip Zone,Flip Zone,5.5,12.0,50.5,50.6,37600.0,189800.0,6098.215261586411,4283.562558100246,0.007787239385473654,-0.0074055418231623316,-0.32977493710478756,0.12547668796574207
2025-12-10,CUMMINSIND,NIFTY INFRA,1.2636467147417951,1.017817371937646,2.0527138708956727,4490.0,4568.9,4477.0,4535.7,520273,VOLATILITY_COIL|IV_SKEW_ACCUMULATION,INVENTORY_MIGRATION,TRANSITION_REGIME,TRANSITION_REGIME,Compression,Expansion,0.8,1.9,47.1,50.6,8000.0,-3000.0,-839.4891656555646,6693.393441248774,-0.01115189662192162,-0.003988780635272776,3.1919734267643385,3.647225051834868
2025-12-10,SIEMENS,NIFTY INFRA,1.1804760086546962,0.9492063492063441,2.5151359010691765,3150.0,3183.3,3105.2,3179.9,358536,,REGIME_SHIFT|INVENTORY_MIGRATION,TRANSITION_REGIME,TRANSITION_REGIME,Dealer Controlled,Expansion,-10.0,4.9,53.9,51.7,-134700.0,59175.0,-4022.0302379488057,5142.480040560877,0.021179773807430857,-0.012534059436551892,4.03389386900479,4.48914549407532
2025-12-10,HINDALCO,NIFTY METAL,1.0886947964079186,0.6984866123399325,2.230825958702054,816.05,831.75,813.6,821.75,5280811,PINCH_ZONE,PINCH_ZONE,LONG_GAMMA,LONG_GAMMA,Dealer Controlled,Support Building,-6.5,16.2,47.1,50.6,-93800.0,266000.0,-41206.90902170626,33442.106752880034,-0.001337996267922248,0.001304739809974309,3.4428499496475418,3.8981015747180714
2025-12-11,DIXON,NIFTY CONS DURABLES,5.157477127358101,5.174508057332572,7.419620774938163,12349.0,13030.0,12130.0,12988.0,1277223,INVENTORY_MIGRATION|IV_SKEW_ACCUMULATION,REGIME_SHIFT|INVENTORY_MIGRATION,TRANSITION_REGIME,TRANSITION_REGIME,Expansion,Expansion,-33.4,20.2,59.1,49.1,-439150.0,212900.0,-20504.062798490897,20449.224803839348,0.05396780863825157,-0.0406467350521349,-15.238530313907194,-15.31349413613473
2025-12-11,IDEA,NIFTY MEDIA & COMM,4.944029850746268,4.748603351955305,5.700934579439254,10.74,11.31,10.7,11.25,1194694954,VOLATILITY_COIL,FLOOR_BOUNCE|INVENTORY_MIGRATION,LONG_GAMMA,LONG_GAMMA,Compression,Expansion,100.0,100.0,53.5,46.1,74119575.0,134373000.0,-1195616.3317126129,-1598480.0894687902,-0.01103567957121987,0.005774471091795963,7.44985673352434,7.374892911296804
2025-12-11,KFINTECH,NIFTY FIN SERVICE,4.688566137050376,4.627374573794452,5.640526059425244,1026.5,1084.4,1026.5,1074.0,1920257,,INVENTORY_MIGRATION,TRANSITION_REGIME,TRANSITION_REGIME,Dealer Controlled,Expansion,0.8,21.5,58.5,46.1,57300.0,263700.0,-13914.453838722206,26355.834902467395,0.006459153903577097,0.020628101127768805,-0.8401809620533607,-0.9151447842808969
2025-12-11,BSE,NIFTY FIN SERVICE,4.535771003602296,4.0000000000000036,4.707930367504831,2595.0,2706.7,2585.0,2698.8,5536101,INVENTORY_MIGRATION,REGIME_SHIFT|INVENTORY_MIGRATION,TRANSITION_REGIME,TRANSITION_REGIME,Expansion,Expansion,-72.6,71.5,59.1,49.1,-1221000.0,1216125.0,-63891.08036457938,77330.94033681323,0.033728724762169315,-0.0272050858296935,-2.224476487211058,-2.299440309438594
2025-12-11,ANGELONE,NIFTY FIN SERVICE,3.998708792317318,3.51004016064258,4.844796104686555,2490.0,2583.9,2464.5,2577.4,638720,INVENTORY_MIGRATION,REGIME_SHIFT|INVENTORY_MIGRATION,TRANSITION_REGIME,TRANSITION_REGIME,Expansion,Expansion,-13.5,27.3,58.7,46.2,-188250.0,396750.0,-26145.281069719713,25640.820828773285,0.03438745599219223,-0.05264942917146426,-5.015662428597745,-5.090626250825281
2025-12-11,KAYNES,NIFTY INFRA,3.8812491967613383,3.2575370464997366,7.806788511749341,3914.0,4129.0,3830.0,4041.5,10748408,INVENTORY_MIGRATION,INVENTORY_MIGRATION,TRANSITION_REGIME,TRANSITION_REGIME,Expansion,Expansion,-22.3,-0.6,59.1,49.1,-230700.0,-102900.0,4178.957910916607,21601.777379909032,0.14690243372846623,-0.043453803306680916,-36.618834783972396,-36.693798606199934
2025-12-11,TATAELXSI,NIFTY IT,3.1564877647542566,2.482124616956072,3.3408717105263053,4895.0,5026.5,4864.0,5016.5,139396,INVENTORY_MIGRATION|IV_SKEW_ACCUMULATION,REGIME_SHIFT|PINCH_ZONE,TRANSITION_REGIME,TRANSITION_REGIME,Expansion,Expansion,-18.6,9.5,51.7,46.1,-290600.0,89600.0,5322.376483004187,13829.954628459582,0.024428957201080848,-0.032998891287690235,-5.482807348092322,-5.5577711703198585
2025-12-11,NUVAMA,NIFTY FIN SERVICE,3.101383145586767,2.429522595268452,4.049822064056929,7059.0,7309.5,7025.0,7230.5,138476,INVENTORY_MIGRATION,REGIME_SHIFT|INVENTORY_MIGRATION,TRANSITION_REGIME,TRANSITION_REGIME,Expansion,Expansion,-0.6,4.8,58.5,45.1,13675.0,-100.0,-690.4179144674308,2613.8709937474914,0.01977610372470784,-0.017030274662616196,-1.9260766361478443,-2.0010404583753805
2025-12-11,RBLBANK,NIFTY PVT BANK,3.0463576158940464,3.0463576158940464,3.8205980066445155,302.0,312.5,301.0,311.2,5400088,FLOOR_BOUNCE|REGIME_SHIFT,REGIME_SHIFT|IV_SKEW_ACCUMULATION,LONG_GAMMA,LONG_GAMMA,Flip Zone,Expansion,23.6,24.1,51.5,45.1,485775.0,317500.0,-114964.3328186596,361398.354099128,0.005184244902478152,-0.020923449109063075,-1.3472816611190375,-1.4222454833465736
2025-12-11,MOTHERSON,NIFTY AUTO,3.0271757825937273,2.9563423856995508,3.336773305813545,116.36,120.16,116.28,119.8,30012240,VOLATILITY_COIL,REGIME_SHIFT|IV_SKEW_ACCUMULATION,LONG_GAMMA,LONG_GAMMA,Compression,Expansion,-18.6,100.0,49.9,47.9,-332100.0,2730600.0,-58319.852485892596,252988.22230140283,0.0024473683942916047,-0.005922633954964063,9.777329790158529,9.702365967930993
2025-12-12,HINDZINC,NIFTY METAL,7.461972639433645,5.375234521575978,6.593406593406592,533.0,567.45,532.35,561.65,39406555,,INVENTORY_MIGRATION,LONG_GAMMA,LONG_GAMMA,Support Building,Expansion,39.3,29.6,47.5,50.2,693350.0,265825.0,-10565.572828141158,106988.31887557346,-0.014234400042639761,0.05010120008356983,15.316702597269272,14.788336191183603
2025-12-12,GMRAIRPORT,NIFTY INFRA,6.295843520782407,5.500505561172897,6.627303267840778,98.9,104.74,98.23,104.34,71679432,INVENTORY_MIGRATION,REGIME_SHIFT|INVENTORY_MIGRATION,LONG_GAMMA,LONG_GAMMA,Expansion,Expansion,-100.0,100.0,41.1,51.6,-2476125.0,13531500.0,-242099.2134763907,2179823.792314902,-0.001264764259478579,-0.0034284528226922184,9.062402006898719,8.534035600813052
2025-12-12,KAYNES,NIFTY INFRA,5.542496597797841,3.5566885166302464,4.426829268292676,4119.0,4281.5,4100.0,4265.5,7232940,INVENTORY_MIGRATION,,TRANSITION_REGIME,TRANSITION_REGIME,Expansion,Expansion,-0.6,35.7,49.1,51.0,-102900.0,525800.0,21601.777379909032,17502.53719540665,-0.043453803306680916,-0.06545426012753608,-32.63581806696146,-33.16418447304713
2025-12-12,JSWENERGY,NIFTY ENERGY,5.329838357361294,5.329838357361294,5.9633027522935755,457.8,485.1,457.8,482.2,5749586,FLOOR_BOUNCE|REGIME_SHIFT|INVENTORY_MIGRATION,FLOOR_BOUNCE|REGIME_SHIFT|INVENTORY_MIGRATION|IV_SKEW_ACCUMULATION,LONG_GAMMA,LONG_GAMMA,Expansion,Expansion,8.7,100.0,44.2,45.8,122000.0,3079000.0,67279.09231634485,29498.897860979545,0.00041312556103878517,0.011002534938603703,-8.812405446293493,-9.34077185237916
2025-12-12,NATIONALUM,NIFTY METAL,5.240257283390082,4.273664479850048,5.030974281959821,266.75,279.75,266.35,278.15,21981929,REGIME_SHIFT|IV_SKEW_ACCUMULATION,FLOOR_BOUNCE|REGIME_SHIFT|INVENTORY_MIGRATION|IV_SKEW_ACCUMULATION,LONG_GAMMA,LONG_GAMMA,Flip Zone,Expansion,-22.4,100.0,41.1,45.9,-450000.0,5872500.0,69895.92378389236,159603.65543358424,-0.001960869096850948,0.012767464672229056,5.933655787028225,5.405289380942557
2025-12-12,DALBHARAT,NIFTY COMMODITIES,4.282622917819934,4.078352586639866,4.34957307885484,1991.0,2077.6,1991.0,2072.2,550121,REGIME_SHIFT|PINCH_ZONE,REGIME_SHIFT|INVENTORY_MIGRATION,TRANSITION_REGIME,TRANSITION_REGIME,Flip Zone,Expansion,8.0,9.0,44.1,49.0,89700.0,38025.0,3430.409439751733,7585.0116696737205,0.00711200395791084,0.024556899319779918,1.948243628849755,1.4198772227640877
2025-12-12,PNBHOUSING,NIFTY FIN SERVICE,4.104871410320499,3.8107898526642314,5.789532170241141,902.7,952.0,899.9,937.1,3906514,REGIME_SHIFT|PINCH_ZONE,INVENTORY_MIGRATION,TRANSITION_REGIME,TRANSITION_REGIME,Flip Zone,Expansion,3.7,-100.0,44.1,48.6,14950.0,-2545400.0,18605.054907242076,130818.19564788564,0.0004686616608918781,0.020296591146959087,2.3705483941446337,1.8421819880589663
2025-12-12,BPCL,NIFTY OIL & GAS,3.9140335895246237,3.5602836879432553,4.014184397163123,352.5,366.65,352.5,365.05,6101145,INVENTORY_MIGRATION,FLOOR_BOUNCE|REGIME_SHIFT|INVENTORY_MIGRATION|IV_SKEW_ACCUMULATION,TRANSITION_REGIME,LONG_GAMMA,Expansion,Expansion,-16.1,79.4,41.2,45.9,-268600.0,1364725.0,-52279.749155509606,231659.85124710595,0.005018808792520257,-0.01762575007407141,-1.6435403475683619,-2.1719067536540293
2025-12-12,SAMMAANCAP,NIFTY FIN SERVICE,3.503427265803505,2.742268041237117,3.092783505154628,145.5,150.0,145.5,149.49,20179714,,FLOOR_BOUNCE|REGIME_SHIFT,SHORT_GAMMA,LONG_GAMMA,Dealer Controlled,Expansion,0.2,9.8,47.9,45.8,-30100.0,21500.0,-42689.04993221245,450376.51169412106,-0.03823821568231167,-0.0008821197450027407,-15.130010219143852,-15.658376625229518
2025-12-12,NMDC,NIFTY METAL,3.492232107289861,2.5661271219897364,3.3774834437086065,75.99,78.05,75.5,77.94,22392662,FLOOR_BOUNCE|REGIME_SHIFT|PINCH_ZONE|IV_SKEW_ACCUMULATION,INVENTORY_MIGRATION,LONG_GAMMA,LONG_GAMMA,Flip Zone,Expansion,100.0,10.9,41.8,49.7,2045250.0,-60750.0,409036.0564442178,1135164.7697245725,-0.020193315322042382,-0.0004975285553429076,1.8158066623122249,1.2874402562265574
2025-12-15,NBCC,NIFTY REALTY,5.311672903166942,5.678175657111462,7.133640552995391,109.19,116.24,108.5,115.39,32608285,REGIME_SHIFT,FLOOR_BOUNCE|REGIME_SHIFT|INVENTORY_MIGRATION,LONG_GAMMA,LONG_GAMMA,Flip Zone,Expansion,-54.8,100.0,45.9,50.9,-1105000.0,3081000.0,191375.18479516153,369619.12157545716,-0.009723755692150837,0.04008626398196069,-1.2241054613935876,-1.2773471498278233
2025-12-15,IOC,NIFTY OIL & GAS,2.981609335858759,2.0463764606163393,4.03200984918437,165.17,169.0,162.45,168.55,33661881,FLOOR_BOUNCE|INVENTORY_MIGRATION,FLOOR_BOUNCE|REGIME_SHIFT|INVENTORY_MIGRATION|IV_SKEW_ACCUMULATION,LONG_GAMMA,LONG_GAMMA,Expansion,Expansion,100.0,100.0,42.2,49.1,2700750.0,1925625.0,-382593.04163837014,457029.5933869323,-0.006539912646174761,0.02626512209280185,-2.6397874306839153,-2.693029119118151
2025-12-15,DIXON,NIFTY CONS DURABLES,2.675835264220039,3.1848569067828514,4.020860101277313,13313.0,13763.0,13231.0,13737.0,567800,INVENTORY_MIGRATION,,TRANSITION_REGIME,TRANSITION_REGIME,Expansion,Expansion,17.2,26.7,44.7,48.7,252750.0,446100.0,15156.55678430479,5612.353901865688,-0.022014465944721118,0.013972260498703593,-12.1731347100569,-12.226376398491135
2025-12-15,AMBER,NIFTY CONS DURABLES,2.648656806519778,1.3409818967443865,2.617801047120416,6711.5,6860.0,6685.0,6801.5,671335,PINCH_ZONE|IV_SKEW_ACCUMULATION,REGIME_SHIFT|INVENTORY_MIGRATION,TRANSITION_REGIME,TRANSITION_REGIME,Dealer Controlled,Expansion,2.5,10.8,42.7,52.1,100.0,107600.0,8013.949577785435,1787.754495112411,-0.010754665796266494,0.017228912957615083,-8.624974810237118,-8.678216498671354
2025-12-15,KEI,NIFTY INFRA,2.4784244301836678,2.4784244301836678,3.5870235598865152,4067.1,4198.9,4053.5,4167.9,443216,,INVENTORY_MIGRATION,TRANSITION_REGIME,TRANSITION_REGIME,Dealer Controlled,Expansion,1.2,4.7,40.8,48.7,18375.0,14350.0,-997.6468703959654,273.1863708871824,-0.010701653036764958,0.040339923160524205,0.40954973620179747,0.35630804776756175
2025-12-15,UPL,NIFTY COMMODITIES,2.3117525222155377,1.9507323568575208,3.5733512786002564,751.0,769.55,743.0,765.65,1840513,VOLATILITY_COIL,INVENTORY_MIGRATION,TRANSITION_REGIME,LONG_GAMMA,Compression,Expansion,-15.3,-9.4,40.8,48.7,-303520.0,-264225.0,26187.096011817717,100533.52689204921,-0.0018208338048543993,0.02345306914476067,-0.9764614588722242,-1.02970314730646
2025-12-15,INDIGO,NIFTY SERVICES,2.1602715769982517,1.3367346938775615,3.0732860520094496,4900.0,5014.0,4864.5,4965.5,4014614,IV_SKEW_ACCUMULATION,FLOOR_BOUNCE|REGIME_SHIFT|INVENTORY_MIGRATION,TRANSITION_REGIME,LONG_GAMMA,Support Weakening,Expansion,-26.4,51.4,41.2,48.7,-498750.0,879150.0,55824.38183511906,76717.75727849413,-0.013300386941361375,0.0007329327458790447,-15.452068789375106,-15.505310477809342
2025-12-15,BRITANNIA,NIFTY FMCG,2.070830868058482,2.070830868058482,3.380570257811155,5915.5,6055.0,5857.0,6038.0,244119,,REGIME_SHIFT|INVENTORY_MIGRATION,TRANSITION_REGIME,TRANSITION_REGIME,Support Building,Expansion,5.8,6.1,41.5,48.7,73750.0,44750.0,6024.59703490876,9543.278043593727,0.00886426368521076,0.011986205210751083,3.5588714518480336,3.505629763413798
2025-12-15,SYNGENE,Other,2.06336939721794,2.06336939721794,2.2026431718061623,647.0,661.2,646.95,660.35,758214,REGIME_SHIFT|INVENTORY_MIGRATION|IV_SKEW_ACCUMULATION,INVENTORY_MIGRATION,TRANSITION_REGIME,TRANSITION_REGIME,Expansion,Expansion,-5.3,-3.1,46.2,48.7,-131000.0,-127000.0,14913.696389443605,63234.19019881608,0.0036288323063973227,-0.0022546110583697154,1.2573794372460423,1.2041377488118066
2025-12-15,IDFCFIRSTB,NIFTY PVT BANK,1.9200388868635399,2.0440442876262344,3.2909224369953582,82.19,84.43,81.74,83.87,45772681,INVENTORY_MIGRATION,IV_SKEW_ACCUMULATION,LONG_GAMMA,LONG_GAMMA,Expansion,Resistance Weakening,100.0,100.0,44.0,52.1,7392175.0,10805375.0,791562.8277640082,-81831.29538891371,-0.0004859207755658068,0.004625881391328079,3.530428342179981,3.477186653745745
2025-12-16,SUPREMEIND,NIFTY CONS DURABLES,4.089242053789732,3.6773211567732167,4.1369863013698716,3285.0,3420.9,3285.0,3405.8,902022,IV_SKEW_ACCUMULATION,REGIME_SHIFT|INVENTORY_MIGRATION|IV_SKEW_ACCUMULATION,TRANSITION_REGIME,TRANSITION_REGIME,Dealer Controlled,Expansion,6.8,14.1,48.7,57.7,82600.0,124250.0,1053.9513851041847,16426.67229781278,0.023907787053818297,0.0512533609151134,-5.8755250939641845,-5.682742756608594
2025-12-16,VEDL,NIFTY METAL,3.658536585365857,3.9233576642335732,5.080704328686703,548.0,572.9,545.2,569.5,34011443,IV_SKEW_ACCUMULATION,INVENTORY_MIGRATION,LONG_GAMMA,LONG_GAMMA,Support Weakening,Expansion,-46.9,100.0,46.3,60.6,-943000.0,2765750.0,226840.80352191126,101080.14295519632,0.0004907109037641799,0.010907648137346126,11.513608772273344,11.706391109628933
2025-12-16,ASTRAL,NIFTY CONS DURABLES,2.2577939326156926,3.0211267605633862,3.7872910642499313,1420.0,1471.6,1417.9,1462.9,831639,IV_SKEW_ACCUMULATION,REGIME_SHIFT|INVENTORY_MIGRATION,TRANSITION_REGIME,TRANSITION_REGIME,Dealer Controlled,Expansion,-1.7,2.6,48.0,59.5,-62900.0,-33150.0,19643.819494975673,37156.7878956714,0.00916435393443249,0.026339543448010705,0.903572906607808,1.0963552439633983
2025-12-16,TITAN,NIFTY FMCG,1.6372665666545938,2.0649350649350584,2.8605015673981216,3850.0,3937.5,3828.0,3929.5,1560827,,REGIME_SHIFT|INVENTORY_MIGRATION,TRANSITION_REGIME,LONG_GAMMA,Dealer Controlled,Expansion,-10.9,20.8,45.7,55.1,-190750.0,321475.0,7706.130254930526,34513.67429633549,0.009160029596009922,-5.051657806867671e-05,1.2966591049700993,1.4894414423256896
2025-12-16,BHARTIARTL,NIFTY MEDIA & COMM,1.5606126491762184,1.5409883580503436,1.7631998454181064,2070.1,2106.6,2070.1,2102.0,5756692,PINCH_ZONE|IV_SKEW_ACCUMULATION,FLOOR_BOUNCE|REGIME_SHIFT|PINCH_ZONE,LONG_GAMMA,LONG_GAMMA,Support Weakening,Flip Zone,-17.9,32.5,45.7,55.0,-286425.0,499700.0,-206145.7939445203,358599.2374201057,0.017893132156983876,0.0016981150790133237,-2.1961660152614804,-2.00338367790589
2025-12-16,PATANJALI,NIFTY FMCG,1.5290231241151586,1.2995573971183783,2.1077504725897978,530.95,540.15,529.0,537.85,6005311,,REGIME_SHIFT,TRANSITION_REGIME,TRANSITION_REGIME,Support Weakening,Flip Zone,-18.5,0.0,47.3,55.0,-308700.0,-61200.0,-40025.98992677365,92160.7131224671,0.006559268006678831,0.001914031916108172,-8.380887488288892,-8.188105150933302
2025-12-16,UNOMINDA,NIFTY AUTO,1.4200419557850452,1.4609734441843436,3.2006498781478543,1238.9,1270.4,1231.0,1257.0,1122608,,,TRANSITION_REGIME,TRANSITION_REGIME,Dealer Controlled,Support Building,-3.5,6.6,53.0,58.2,-45650.0,75900.0,-10976.69751387871,21813.991168616507,-0.011004395337246953,-0.012045817471896314,-2.7315638783564133,-2.538781541000823
2025-12-16,GODREJCP,NIFTY FMCG,1.3978217991596154,1.3891270794031962,2.972763983160065,1166.2,1198.5,1163.9,1182.4,2230112,INVENTORY_MIGRATION,IV_SKEW_ACCUMULATION,TRANSITION_REGIME,TRANSITION_REGIME,Expansion,Support Weakening,11.6,-25.5,46.3,53.9,190500.0,-545000.0,3019.4014066992095,38206.956422652904,0.017961545322587008,-0.00018407957454924517,3.528587689344209,3.7213700266997995
2025-12-16,PGEL,NIFTY CONS DURABLES,1.0978308986277163,1.403072551283202,4.296591733139943,563.05,575.3,551.6,570.95,2664479,INVENTORY_MIGRATION|IV_SKEW_ACCUMULATION,IV_SKEW_ACCUMULATION,TRANSITION_REGIME,TRANSITION_REGIME,Expansion,Dealer Controlled,-11.4,-12.1,53.0,58.5,-197700.0,-271150.0,-19841.04368442556,48539.05729605787,0.014650175883384686,0.01396142600818956,-2.050094355807164,-1.8573120184515735
2025-12-16,TATACONSUM,NIFTY FMCG,1.0800069120442402,1.0800069120442402,2.020114444251764,1157.4,1176.7,1153.4,1169.9,1181775,INVENTORY_MIGRATION,REGIME_SHIFT,TRANSITION_REGIME,TRANSITION_REGIME,Expansion,Flip Zone,1.6,-2.8,47.3,53.8,4950.0,-91850.0,23355.892966206797,39626.522367368074,0.016932144321234327,0.0004380550975433828,1.369032146261162,1.5618144836167525
2025-12-17,CANBK,NIFTY PSU BANK,2.0656383773867137,2.18367346938777,2.6342658770675875,147.0,150.78,146.91,150.21,26335842,IV_SKEW_ACCUMULATION,FLOOR_BOUNCE|REGIME_SHIFT|INVENTORY_MIGRATION,LONG_GAMMA,LONG_GAMMA,Support Weakening,Expansion,-100.0,100.0,53.1,49.2,-3537000.0,7985250.0,-587146.7280225635,692067.7388564006,-0.0036735031460857215,0.012336840681255623,-0.1130469477323981,0.7855180734842593
2025-12-17,PNB,NIFTY PSU BANK,1.9653080406733192,1.9653080406733192,2.2921655833048282,117.03,119.6,116.92,119.33,15220726,PINCH_ZONE,FLOOR_BOUNCE|REGIME_SHIFT|PINCH_ZONE,LONG_GAMMA,LONG_GAMMA,Support Weakening,Flip Zone,-100.0,100.0,53.1,49.2,-7064000.0,9352000.0,-682396.9119191226,888732.2092999876,0.004458328352630325,-0.00219405735082423,-4.58180073564689,-3.683235714430233
2025-12-17,HINDZINC,NIFTY METAL,1.867183371499026,-0.29310344827586654,2.4666608559225978,580.0,587.8,573.65,578.3,18632926,VOLATILITY_COIL|INVENTORY_MIGRATION,INVENTORY_MIGRATION,LONG_GAMMA,LONG_GAMMA,Expansion,Expansion,17.3,-100.0,60.5,52.6,365050.0,-4971050.0,-54363.21091103437,227393.6839761458,-0.007016175612399755,0.00391700414688817,21.351379708320195,22.249944729536853
2025-12-17,SHRIRAMFIN,NIFTY FIN SERVICE,1.8623290900518619,0.9579439252336508,2.3918128654970783,856.0,875.45,855.0,864.2,11621162,FLOOR_BOUNCE|REGIME_SHIFT,REGIME_SHIFT|IV_SKEW_ACCUMULATION,LONG_GAMMA,LONG_GAMMA,Flip Zone,Flip Zone,2.5,-100.0,54.2,49.2,84975.0,-2011350.0,8131.483717521594,111926.22367093212,0.0005402737163553439,0.02254993490678403,5.641464458162715,6.540029479379372
2025-12-17,BANKINDIA,NIFTY PSU BANK,1.851054670684471,1.851054670684471,2.65995686556435,139.38,142.8,139.1,141.96,6426422,REGIME_SHIFT|INVENTORY_MIGRATION,INVENTORY_MIGRATION|IV_SKEW_ACCUMULATION,TRANSITION_REGIME,LONG_GAMMA,Expansion,Expansion,-19.9,-33.2,53.8,49.2,-301600.0,-733200.0,-209238.69678584355,325995.9770697971,0.0019987645912026286,0.0024216315934908472,-4.461942257217844,-3.5633772360011866
2025-12-17,APLAPOLLO,NIFTY INFRA,1.823532806278494,1.9942196531791856,3.302325581395338,1730.0,1776.8,1720.0,1764.5,750140,VOLATILITY_COIL|REGIME_SHIFT|INVENTORY_MIGRATION,INVENTORY_MIGRATION,TRANSITION_REGIME,TRANSITION_REGIME,Expansion,Expansion,0.2,-4.7,53.1,49.2,13650.0,-152950.0,-574.8875144758777,36693.66049816096,0.0016055978224531198,0.007781486089089629,2.533558021965243,3.4321230431819005
2025-12-17,BANKBARODA,NIFTY PSU BANK,1.6793353367509312,1.9135364989369297,2.2332506203473823,282.2,288.4,282.1,287.6,13792834,,FLOOR_BOUNCE|INVENTORY_MIGRATION,LONG_GAMMA,LONG_GAMMA,Support Weakening,Expansion,-100.0,100.0,53.1,48.1,-2483325.0,3659175.0,-88421.92896825087,301416.4395408218,0.0019380329638185034,-0.005191099169679858,-1.943402659393112,-1.0448376381764546
2025-12-17,SBIN,NIFTY PSU BANK,1.5294178848254791,1.0667495209984112,1.4725707767292429,965.55,978.5,964.3,975.85,8013382,REGIME_SHIFT|INVENTORY_MIGRATION,FLOOR_BOUNCE|INVENTORY_MIGRATION|IV_SKEW_ACCUMULATION,LONG_GAMMA,LONG_GAMMA,Expansion,Expansion,-100.0,100.0,54.2,48.1,-2343000.0,6748500.0,-144289.51607884024,352677.13604739425,0.006967321854892766,-0.0020064146544256367,-0.7021114220300162,0.19645359918664118
2025-12-17,PETRONET,NIFTY OIL & GAS,1.4922553834529673,1.4347744006040886,1.7179535586180794,264.85,269.4,264.85,268.65,1442506,GAMMA_SQUEEZE|INVENTORY_MIGRATION,GAMMA_SQUEEZE|REGIME_SHIFT|INVENTORY_MIGRATION|IV_SKEW_ACCUMULATION,SHORT_GAMMA,SHORT_GAMMA,Expansion,Expansion,6.3,25.6,53.1,48.1,173400.0,430000.0,-93642.40759335743,114533.12417262213,0.014221010993783423,-0.005231370549698383,-2.041932543299918,-1.1433675220832606
2025-12-17,HINDALCO,NIFTY METAL,1.3916263513110039,0.5627628694982567,1.4045946911081852,844.05,851.9,840.1,848.8,3270389,REGIME_SHIFT|IV_SKEW_ACCUMULATION,INVENTORY_MIGRATION|IV_SKEW_ACCUMULATION,LONG_GAMMA,LONG_GAMMA,Flip Zone,Expansion,-47.9,-13.5,53.1,46.9,-875700.0,-312900.0,-16381.482979222666,95106.73361789592,0.001972405726590354,-0.0011650837967587258,7.313989506289897,8.212554527506555
2025-12-18,HDFCAMC,NIFTY FIN SERVICE,7.1501652762474555,4.610242421914013,4.852280149064492,2602.9,2729.2,2602.9,2722.9,2915803,IV_SKEW_ACCUMULATION,REGIME_SHIFT|INVENTORY_MIGRATION,TRANSITION_REGIME,TRANSITION_REGIME,Support Building,Expansion,0.5,29.9,46.9,53.4,59100.0,317100.0,-20758.061884640072,45517.340367748424,-0.005483148663692816,0.015135891242820665,-49.56658640488979,-48.12875102291465
2025-12-18,POLICYBZR,NIFTY FIN SERVICE,3.9320113314447624,3.3464788732394446,4.397477416055917,1775.0,1837.5,1760.1,1834.4,1625989,INVENTORY_MIGRATION,REGIME_SHIFT|INVENTORY_MIGRATION,TRANSITION_REGIME,TRANSITION_REGIME,Expansion,Expansion,-33.4,24.6,53.3,53.9,-537950.0,355250.0,-13405.833493168906,45838.32942277174,0.02470132724394858,-0.04114845366411102,-0.515212321709424,0.9226230602657148
2025-12-18,KFINTECH,NIFTY FIN SERVICE,3.655580335498887,2.7884615384615286,3.6414565826330625,1040.0,1073.0,1035.3,1069.0,1495429,VOLATILITY_COIL,,TRANSITION_REGIME,TRANSITION_REGIME,Compression,Expansion,1.1,32.7,52.6,56.8,31150.0,510300.0,-5821.437760728393,29689.58856419483,0.011642305724118951,-0.022485899201276305,-1.0551647537949016,0.3826706281802372
2025-12-18,ASHOKLEY,NIFTY AUTO,3.2683279162152523,3.2683279162152523,3.8761094004709395,166.14,172.05,165.63,171.57,21614399,FLOOR_BOUNCE|REGIME_SHIFT|IV_SKEW_ACCUMULATION,,LONG_GAMMA,LONG_GAMMA,Flip Zone,Expansion,56.4,100.0,46.1,57.2,1260000.0,2775000.0,-1072905.3776495163,1006901.688870552,-0.014270352136222964,0.013703152286927645,17.32084245076586,18.758677832740997
2025-12-18,OBEROIRLTY,NIFTY REALTY,3.000186346978073,2.617736246054836,4.581299286518958,1615.9,1671.0,1597.8,1658.2,516729,REGIME_SHIFT,INVENTORY_MIGRATION,TRANSITION_REGIME,TRANSITION_REGIME,Flip Zone,Expansion,-1.3,18.9,52.5,51.8,7350.0,267750.0,-13527.215008865198,30782.73380615338,0.0016537018593336672,0.022607410491633062,-2.9441030143400604,-1.5062676323649216
2025-12-18,INDIGO,NIFTY SERVICES,2.710571227788372,2.782800884066705,3.691749041759129,4977.0,5140.0,4957.0,5115.5,4260902,FLOOR_BOUNCE|REGIME_SHIFT|PINCH_ZONE,FLOOR_BOUNCE|REGIME_SHIFT|PINCH_ZONE,LONG_GAMMA,LONG_GAMMA,Flip Zone,Expansion,2.2,100.0,46.1,51.4,46500.0,2024550.0,13983.049801774381,18339.466517767112,-0.004905631604854577,-0.011198203146790764,-11.580675827499787,-10.142840445524648
2025-12-18,CROMPTON,NIFTY CONS DURABLES,2.608870158539034,2.015163607342374,5.720000000000014,250.6,264.3,250.0,255.65,15018319,REGIME_SHIFT|INVENTORY_MIGRATION,INVENTORY_MIGRATION,TRANSITION_REGIME,LONG_GAMMA,Expansion,Expansion,-97.4,-81.7,47.2,56.0,-1814400.0,-1681200.0,-29276.395556276053,218473.06308791047,0.00264568514632052,-0.0004506487085728095,-5.314814814814817,-3.876979432839678
2025-12-18,CAMS,NIFTY FIN SERVICE,2.5211229217770414,1.3471642193183309,3.4671034671034606,742.3,758.0,732.6,752.3,2495229,INVENTORY_MIGRATION,REGIME_SHIFT|IV_SKEW_ACCUMULATION,TRANSITION_REGIME,TRANSITION_REGIME,Expansion,Expansion,1.6,-5.8,52.8,56.0,118500.0,-198000.0,-90665.18410724713,78227.69004845696,0.024240759092778896,-0.106158711434855,-81.26043093785029,-79.82259555587515
2025-12-18,ICICIPRULI,NIFTY FIN SERVICE,2.4028548770816727,2.151728502491901,3.434779135713706,632.05,647.45,625.95,645.65,2632156,INVENTORY_MIGRATION,FLOOR_BOUNCE|REGIME_SHIFT|INVENTORY_MIGRATION|IV_SKEW_ACCUMULATION,TRANSITION_REGIME,LONG_GAMMA,Expansion,Expansion,-13.2,12.6,46.1,51.4,-215525.0,162800.0,-4054.0954737608845,48595.44718687018,0.014878991703777766,-0.011876505292855888,4.406532988357048,5.844368370332187
2025-12-18,HINDZINC,NIFTY METAL,2.394950717620614,1.7614710431345548,3.0337176042298797,581.9,594.35,576.85,592.15,15414612,INVENTORY_MIGRATION,FLOOR_BOUNCE|INVENTORY_MIGRATION|IV_SKEW_ACCUMULATION,LONG_GAMMA,LONG_GAMMA,Expansion,Expansion,-100.0,100.0,52.6,51.4,-4971050.0,3602725.0,227393.6839761458,127987.28291735775,0.00391700414688817,-0.011795499491355443,25.41565180557026,26.853487187545397
2025-12-19,TATAELXSI,NIFTY IT,7.9784581629600115,5.815089913995308,7.664954563413673,5116.0,5450.0,5062.0,5413.5,1773370,REGIME_SHIFT|PINCH_ZONE,REGIME_SHIFT|INVENTORY_MIGRATION,TRANSITION_REGIME,TRANSITION_REGIME,Flip Zone,Expansion,4.0,64.8,48.7,50.3,49900.0,873400.0,1889.7507025825325,-32997.939789045486,-0.013833777301434036,0.03313768124608957,1.7479560191711263,2.138279076235017
2025-12-19,IDEA,NIFTY MEDIA & COMM,5.840707964601766,4.728546409807355,6.666666666666665,11.42,12.0,11.25,11.96,1241113159,PINCH_ZONE,FLOOR_BOUNCE|REGIME_SHIFT|INVENTORY_MIGRATION,LONG_GAMMA,LONG_GAMMA,Support Weakening,Expansion,-100.0,100.0,50.3,47.0,-5360625.0,131585475.0,1190851.4775603805,7158795.002822638,-0.0034691166610871793,0.048513792846851866,19.959879638916746,20.350202695980638
2025-12-19,KPITTECH,NIFTY IT,5.496209510682282,4.980711530218596,5.811450710288413,1166.5,1229.0,1161.5,1224.6,1651986,INVENTORY_MIGRATION,REGIME_SHIFT|INVENTORY_MIGRATION,TRANSITION_REGIME,TRANSITION_REGIME,Expansion,Expansion,-6.9,57.7,48.5,47.0,-111725.0,929800.0,-1188.39659221896,5813.886142125277,0.008650944109266034,-0.029378524482909896,4.765163829241148,5.155486886305038
2025-12-19,NBCC,NIFTY REALTY,5.024939959357111,4.57095557803735,5.117565698478566,108.73,114.0,108.45,113.7,17749011,,REGIME_SHIFT,LONG_GAMMA,LONG_GAMMA,Support Weakening,Expansion,-100.0,100.0,55.7,47.0,-4524000.0,15034500.0,-95667.46567900816,471791.684330423,-0.005441711948733441,-0.023066903316670717,0.9679424562649919,1.3582655133288823
2025-12-19,KEI,NIFTY INFRA,4.835078790251535,4.497560975609738,5.09527653433135,4100.0,4296.4,4088.1,4284.4,376557,REGIME_SHIFT|INVENTORY_MIGRATION,REGIME_SHIFT|INVENTORY_MIGRATION|IV_SKEW_ACCUMULATION,TRANSITION_REGIME,TRANSITION_REGIME,Expansion,Expansion,0.4,17.1,50.0,47.0,23100.0,180600.0,-2033.4617241188444,5667.246928500726,-0.0003629010972056035,0.04712794567293094,4.999509851975281,5.389832909039171
2025-12-19,POLYCAB,NIFTY INFRA,4.789406958726583,4.922425952045129,5.192606180330173,7090.0,7455.0,7087.0,7439.0,630329,VOLATILITY_COIL|REGIME_SHIFT|INVENTORY_MIGRATION|IV_SKEW_ACCUMULATION,REGIME_SHIFT|INVENTORY_MIGRATION|IV_SKEW_ACCUMULATION,TRANSITION_REGIME,TRANSITION_REGIME,Expansion,Expansion,-1.1,27.8,48.4,47.0,-13875.0,364750.0,2534.347574982112,1497.6125056538494,-0.004084172781296913,-0.031898292922871,-1.0902805477994937,-0.6999574907356032
2025-12-19,RVNL,NIFTY ENERGY,4.314430462493868,3.3851635892452103,4.581770748410241,308.7,320.7,306.65,319.15,5025216,IV_SKEW_ACCUMULATION,INVENTORY_MIGRATION|IV_SKEW_ACCUMULATION,LONG_GAMMA,LONG_GAMMA,Dealer Controlled,Expansion,-4.4,100.0,50.0,47.0,-66375.0,3212575.0,-39900.48690603825,446386.1285343666,0.01232338114815712,0.021070467778604773,1.6401273885350287,2.030450445598919
2025-12-19,PAYTM,NIFTY FIN SERVICE,3.8799471269730157,3.766990291262129,4.669260700389111,1287.5,1345.0,1285.0,1336.0,7311327,INVENTORY_MIGRATION|IV_SKEW_ACCUMULATION,REGIME_SHIFT,TRANSITION_REGIME,LONG_GAMMA,Expansion,Expansion,25.1,100.0,49.0,47.0,429200.0,2735425.0,41849.91075799544,38618.25368341108,-0.02205611816124592,-0.0019706827815499928,5.545899826196865,5.936222883260756
2025-12-19,SHRIRAMFIN,NIFTY FIN SERVICE,3.7092414744953617,3.762945914844651,7.407407407407418,869.0,913.5,850.5,901.7,35297309,FLOOR_BOUNCE|IV_SKEW_ACCUMULATION,FLOOR_BOUNCE|REGIME_SHIFT|INVENTORY_MIGRATION,LONG_GAMMA,LONG_GAMMA,Support Building,Expansion,100.0,100.0,48.4,47.0,2304225.0,3537600.0,14505.719188819057,-44658.79644728452,0.00029809002883296465,-0.009209757568286514,9.5226527389773,9.91297579604119
2025-12-19,PNBHOUSING,NIFTY FIN SERVICE,3.53177481448419,3.2035595105673,4.394558584784192,899.0,932.4,893.15,927.8,2275095,VOLATILITY_COIL|REGIME_SHIFT,REGIME_SHIFT,TRANSITION_REGIME,TRANSITION_REGIME,Compression,Expansion,-23.0,84.2,48.4,47.0,-451100.0,1493700.0,51145.99737468746,43058.009201180364,0.0003552814107665725,-0.0004462735034498899,4.582088711040977,4.972411768104868
2025-12-22,SOLARINDS,NIFTY INFRA,5.9524809000083945,5.386221294363258,6.9367088607594996,11975.0,12672.0,11850.0,12620.0,189388,REGIME_SHIFT,REGIME_SHIFT|INVENTORY_MIGRATION|IV_SKEW_ACCUMULATION,TRANSITION_REGIME,TRANSITION_REGIME,Flip Zone,Expansion,1.7,12.5,46.6,45.9,-1475.0,34625.0,2296.573800202339,8537.8777575231,-0.009675368397404238,0.0917925551221116,-5.58838931697464,-6.408512971128221
2025-12-22,MAZDOCK,NIFTY INFRA,5.672286354953915,5.026826248452343,6.330431885385868,2423.0,2553.1,2401.1,2544.8,1921319,REGIME_SHIFT|INVENTORY_MIGRATION|IV_SKEW_ACCUMULATION,INVENTORY_MIGRATION|IV_SKEW_ACCUMULATION,TRANSITION_REGIME,TRANSITION_REGIME,Expansion,Expansion,8.4,22.3,44.5,45.9,93475.0,190800.0,12126.938505626636,49369.86144821999,-0.032870810083419855,0.03665302267063231,-5.26041472767208,-6.0805383818256615
2025-12-22,MCX,NIFTY FIN SERVICE,4.986902105365276,4.048076923076915,5.167733178204381,10400.0,10847.0,10314.0,10821.0,723069,IV_SKEW_ACCUMULATION,INVENTORY_MIGRATION|IV_SKEW_ACCUMULATION,TRANSITION_REGIME,TRANSITION_REGIME,Resistance Weakening,Expansion,14.4,57.6,42.2,46.0,233625.0,881500.0,3169.3797379112366,1154.6992350182263,-0.007724236831826492,0.02822917605213815,9.68526683898434,8.865143184830758
2025-12-22,NATIONALUM,NIFTY METAL,4.236983842010766,3.3096085409252796,4.367201426024958,281.0,292.75,280.5,290.3,18744818,VOLATILITY_COIL|REGIME_SHIFT|PINCH_ZONE|IV_SKEW_ACCUMULATION,REGIME_SHIFT|INVENTORY_MIGRATION,LONG_GAMMA,LONG_GAMMA,Compression,Expansion,-87.6,100.0,41.5,46.0,-1661250.0,4987500.0,13387.509925852995,32900.182207693695,-0.008959586059630709,0.020724676233178696,15.629729945033066,14.809606290879485
2025-12-22,RVNL,NIFTY ENERGY,4.182986056713145,3.8900171848148757,5.139454716389835,320.05,335.5,319.1,332.5,13224486,INVENTORY_MIGRATION|IV_SKEW_ACCUMULATION,REGIME_SHIFT|INVENTORY_MIGRATION,LONG_GAMMA,LONG_GAMMA,Expansion,Expansion,100.0,100.0,47.0,47.1,3212575.0,2678875.0,446386.1285343666,-311730.3864763923,0.021070467778604773,0.011822770366249014,2.3549330460212348,1.534809391867653
2025-12-22,TITAGARH,Other,4.012738853503195,4.278416347381864,5.710243714230612,783.0,821.95,777.55,816.5,2195944,INVENTORY_MIGRATION,REGIME_SHIFT|INVENTORY_MIGRATION,TRANSITION_REGIME,TRANSITION_REGIME,Expansion,Expansion,11.6,35.0,43.4,45.9,172550.0,545200.0,4536.179533245449,13718.814682155287,0.026229941853314342,0.1200188644670796,-3.286941071957361,-4.107064726110943
2025-12-22,PPLPHARMA,Other,3.7482484820177353,3.3319765075303875,4.758003160297308,171.97,179.0,170.87,177.7,6094697,FLOOR_BOUNCE|REGIME_SHIFT|IV_SKEW_ACCUMULATION,INVENTORY_MIGRATION|IV_SKEW_ACCUMULATION,LONG_GAMMA,LONG_GAMMA,Expansion,Expansion,14.6,100.0,45.4,46.0,172000.0,3290500.0,164776.1705419931,39609.962632368726,0.02365063536580414,-0.004998903550112788,-4.631567648795166,-5.451691302948747
2025-12-22,BDL,NIFTY INFRA,3.677809336537763,3.159420289855075,4.001166095765618,1380.0,1427.0,1372.1,1423.6,1601899,IV_SKEW_ACCUMULATION,INVENTORY_MIGRATION|IV_SKEW_ACCUMULATION,TRANSITION_REGIME,TRANSITION_REGIME,Resistance Weakening,Expansion,37.9,79.9,44.5,45.9,656375.0,1396850.0,20218.74140370779,38125.12140372972,-0.026263565415438117,0.010995668674245562,-3.615436696005425,-4.435560350159006
2025-12-22,SHRIRAMFIN,NIFTY FIN SERVICE,3.676389042918937,1.7247007616975063,3.8032786885245917,919.0,949.8,915.0,934.85,31894463,FLOOR_BOUNCE|REGIME_SHIFT|INVENTORY_MIGRATION,INVENTORY_MIGRATION|IV_SKEW_ACCUMULATION,LONG_GAMMA,LONG_GAMMA,Expansion,Expansion,100.0,-76.1,47.0,47.1,3537600.0,-1585650.0,-44658.79644728452,239360.10967595084,-0.009209757568286514,0.014610924169704331,12.877324317797623,12.057200663644041
2025-12-22,KEI,NIFTY INFRA,3.6691251983941964,2.672214516874716,4.081300813008126,4326.0,4480.7,4305.0,4441.6,631106,REGIME_SHIFT|INVENTORY_MIGRATION|IV_SKEW_ACCUMULATION,INVENTORY_MIGRATION|IV_SKEW_ACCUMULATION,TRANSITION_REGIME,TRANSITION_REGIME,Expansion,Expansion,17.1,6.9,47.0,46.0,180600.0,5250.0,5667.246928500726,-2364.0719528336376,0.04712794567293094,0.053470005071558746,8.126004187156145,7.305880533002563
2025-12-23,CHOLAFIN,NIFTY FIN SERVICE,5.905735377626353,4.579439252336459,7.369344529389665,1605.0,1713.4,1595.8,1678.5,7716481,INVENTORY_MIGRATION,GAMMA_SQUEEZE|IV_SKEW_ACCUMULATION,SHORT_GAMMA,SHORT_GAMMA,Expansion,Expansion,100.0,-61.5,48.4,49.3,3593125.0,-1398750.0,-122885.58075330962,188990.78720157835,0.17684140783519298,-0.1856873294408682,-0.4093983624065545,-1.538825671097388
2025-12-23,NMDC,NIFTY METAL,3.8334182373917614,3.046006066734064,4.3753963221306424,79.12,82.3,78.85,81.53,77610652,REGIME_SHIFT|INVENTORY_MIGRATION,FLOOR_BOUNCE|INVENTORY_MIGRATION|IV_SKEW_ACCUMULATION,LONG_GAMMA,LONG_GAMMA,Expansion,Expansion,-100.0,100.0,44.3,45.9,-3867750.0,9693000.0,2137161.847024877,-1033603.510940487,0.04304786996821894,-0.014906164506298447,12.14580467675379,11.016377368062958
2025-12-23,IRFC,NIFTY ENERGY,3.7606837606837695,3.056027164685915,6.5662186456638905,117.8,124.48,116.81,121.4,55006061,FLOOR_BOUNCE|INVENTORY_MIGRATION,INVENTORY_MIGRATION|IV_SKEW_ACCUMULATION,LONG_GAMMA,LONG_GAMMA,Expansion,Expansion,100.0,-100.0,43.9,45.9,2218500.0,-4760000.0,268949.213996415,417678.6954864906,0.037450820486068626,0.006461676176582665,3.9917765975672426,2.862349288876409
2025-12-23,COALINDIA,NIFTY ENERGY,3.663430420711977,3.342366757000903,3.752102471212315,387.45,400.95,386.45,400.4,18487395,PINCH_ZONE,REGIME_SHIFT|INVENTORY_MIGRATION,LONG_GAMMA,LONG_GAMMA,Support Weakening,Expansion,-83.9,-100.0,40.8,45.9,-1626750.0,-4037850.0,159982.90568062395,148009.70411384478,0.019546577287091776,0.028745998996578287,8.201594379137944,7.072167070447111
2025-12-23,HFCL,Other,3.612197028928854,3.450429352068718,5.35069825827712,64.05,67.14,63.73,66.26,20754927,INVENTORY_MIGRATION,FLOOR_BOUNCE|REGIME_SHIFT|INVENTORY_MIGRATION|IV_SKEW_ACCUMULATION,LONG_GAMMA,LONG_GAMMA,Expansion,Expansion,-7.3,100.0,40.8,45.9,-135450.0,5579250.0,20665.39782100846,563807.9472088018,0.10497326816519698,-0.00162066955455209,-6.293310705699318,-7.422738014390151
2025-12-23,PFC,NIFTY FIN SERVICE,3.3488642981945205,3.018867924528301,4.2487954445904474,344.5,357.0,342.45,354.9,9432271,FLOOR_BOUNCE|REGIME_SHIFT|INVENTORY_MIGRATION|IV_SKEW_ACCUMULATION,FLOOR_BOUNCE|REGIME_SHIFT|INVENTORY_MIGRATION,LONG_GAMMA,LONG_GAMMA,Expansion,Expansion,41.1,100.0,41.6,45.9,698100.0,3959800.0,314089.7542743555,275193.95460229774,0.028478236877266583,0.0038588027504209976,-1.7985611510791366,-2.92798845976997
2025-12-23,RECLTD,NIFTY FIN SERVICE,2.8753993610223683,2.429149797570851,4.12115916703073,345.8,357.5,343.35,354.2,8591989,FLOOR_BOUNCE|INVENTORY_MIGRATION,FLOOR_BOUNCE|INVENTORY_MIGRATION,LONG_GAMMA,LONG_GAMMA,Expansion,Expansion,75.1,100.0,42.7,44.3,1357275.0,3359675.0,195726.59712785314,21734.430951679125,0.017322559289359885,0.01919159420391303,0.6965174129353269,-0.43290989575550665
2025-12-23,RVNL,NIFTY ENERGY,2.8120300751879768,2.289048473967692,4.954954954954949,334.2,349.5,333.0,341.85,20825008,REGIME_SHIFT|INVENTORY_MIGRATION,REGIME_SHIFT|INVENTORY_MIGRATION|IV_SKEW_ACCUMULATION,LONG_GAMMA,LONG_GAMMA,Expansion,Expansion,100.0,52.4,47.1,44.4,2678875.0,916575.0,-311730.3864763923,-92543.92528597533,0.011822770366249014,-0.0018832904166393716,5.868689996903087,4.7392626882122535
2025-12-23,NCC,Other,2.688549715818378,2.48565965583174,4.084507042253538,156.9,162.58,156.2,160.8,4736183,INVENTORY_MIGRATION,FLOOR_BOUNCE|REGIME_SHIFT|INVENTORY_MIGRATION|IV_SKEW_ACCUMULATION,TRANSITION_REGIME,LONG_GAMMA,Expansion,Expansion,50.2,33.9,40.8,43.9,939600.0,548100.0,28596.86017042547,127325.71763242007,0.045836578748699175,-0.05994190430655166,-7.1754315072446895,-8.304858815935523
2025-12-23,GMRAIRPORT,NIFTY INFRA,2.66222961730449,2.3816495851634922,4.011461318051568,102.45,105.27,101.21,104.89,15810413,IV_SKEW_ACCUMULATION,FLOOR_BOUNCE|REGIME_SHIFT|INVENTORY_MIGRATION|IV_SKEW_ACCUMULATION,LONG_GAMMA,LONG_GAMMA,Support Weakening,Expansion,-74.5,100.0,40.8,43.9,-1527525.0,10804275.0,653081.8964822246,1291641.757269417,0.008805781902874621,-0.0033036744727628076,0.6525285481239873,-0.4768987605668462
2025-12-24,MANAPPURAM,NIFTY FIN SERVICE,6.699457259158748,6.0876897133220975,7.152542372881365,296.5,316.1,295.0,314.55,24308241,REGIME_SHIFT|INVENTORY_MIGRATION|IV_SKEW_ACCUMULATION,FLOOR_BOUNCE|REGIME_SHIFT|INVENTORY_MIGRATION|IV_SKEW_ACCUMULATION,LONG_GAMMA,LONG_GAMMA,Expansion,Expansion,-92.3,100.0,40.8,45.6,-1809000.0,6618000.0,322126.5598397659,-361122.6173459473,-0.005708110586049087,-0.013016971521610965,9.294649061848514,9.535821649073238
2025-12-24,IIFL,Other,5.133129637712774,4.9041811846689765,6.122448979591821,574.0,605.8,570.85,602.15,5216175,FLOOR_BOUNCE|IV_SKEW_ACCUMULATION,FLOOR_BOUNCE|REGIME_SHIFT|INVENTORY_MIGRATION,LONG_GAMMA,LONG_GAMMA,Support Building,Expansion,8.9,97.1,40.8,45.6,151800.0,1687950.0,24746.96382450065,-10277.752699730801,0.02055895164869953,-0.011938115582404762,5.501533070521236,5.742705657745962
2025-12-24,NUVAMA,NIFTY FIN SERVICE,4.572919527602304,4.572919527602304,5.3066850447967,7282.0,7640.0,7255.0,7615.0,504291,REGIME_SHIFT|INVENTORY_MIGRATION|IV_SKEW_ACCUMULATION,INVENTORY_MIGRATION|IV_SKEW_ACCUMULATION,TRANSITION_REGIME,TRANSITION_REGIME,Expansion,Expansion,7.1,13.4,43.9,45.6,79400.0,96100.0,1222.801757242225,3932.8661537033695,-0.039984296308372025,0.036575553737668076,4.1296321619034515,4.370804749128176
2025-12-24,PNBHOUSING,NIFTY FIN SERVICE,3.5857854960604563,3.892054617783036,4.254173397953687,930.1,968.0,928.5,966.3,2832626,REGIME_SHIFT,REGIME_SHIFT|INVENTORY_MIGRATION|IV_SKEW_ACCUMULATION,TRANSITION_REGIME,LONG_GAMMA,Flip Zone,Expansion,-3.3,54.0,41.0,45.7,-46800.0,900250.0,-12748.93100671153,91968.5332613095,-0.00844945458700419,0.02756460549527734,5.502784146740902,5.743956733965627
2025-12-24,BDL,NIFTY INFRA,3.47911135950818,3.291492329149226,4.99754678629003,1434.0,1498.0,1426.7,1481.2,2713018,IV_SKEW_ACCUMULATION,REGIME_SHIFT|INVENTORY_MIGRATION,TRANSITION_REGIME,TRANSITION_REGIME,Dealer Controlled,Expansion,-1.4,34.2,40.8,45.6,-36250.0,499625.0,13720.015315165656,13886.319793491799,0.01025051651113118,0.015286347753166951,-0.43022317827372536,-0.18905059104900035
2025-12-24,HINDZINC,NIFTY METAL,2.468022302394246,0.9450726978998514,2.2574641961323527,619.0,631.9,617.95,624.85,13964315,FLOOR_BOUNCE|INVENTORY_MIGRATION,FLOOR_BOUNCE|REGIME_SHIFT|INVENTORY_MIGRATION|IV_SKEW_ACCUMULATION,LONG_GAMMA,LONG_GAMMA,Expansion,Expansion,71.3,12.9,40.8,43.9,1356075.0,115150.0,14820.973145205062,129543.09202059009,-0.009020285980251175,-0.0025831448894969578,32.87612971823499,33.11730230545972
2025-12-24,DALBHARAT,NIFTY COMMODITIES,2.427891618918121,1.7166554151798685,3.419679008732124,2073.8,2120.0,2049.9,2109.4,252729,REGIME_SHIFT|IV_SKEW_ACCUMULATION,REGIME_SHIFT|INVENTORY_MIGRATION,TRANSITION_REGIME,TRANSITION_REGIME,Flip Zone,Expansion,-3.7,2.2,44.0,43.9,-147225.0,-33475.0,59432.215972106176,14921.409276380546,0.024672469483196124,0.042767884976827986,4.085660712523453,4.326833299748179
2025-12-24,TRENT,NIFTY FMCG,2.3917506086790663,1.9149441672606349,3.1125242045372925,4209.0,4313.3,4183.1,4289.6,960632,REGIME_SHIFT|INVENTORY_MIGRATION,REGIME_SHIFT|INVENTORY_MIGRATION,TRANSITION_REGIME,TRANSITION_REGIME,Expansion,Expansion,-12.2,30.2,40.8,43.9,-164200.0,440800.0,-8715.318412891269,37498.35144764822,0.011982057990561068,-0.0057130918185748225,-0.06523157208087049,0.17594101514385452
2025-12-24,INDUSTOWER,NIFTY MEDIA & COMM,2.304814770121877,2.304814770121877,4.0048543689320315,414.35,428.5,412.0,423.9,8149917,IV_SKEW_ACCUMULATION,FLOOR_BOUNCE|INVENTORY_MIGRATION|IV_SKEW_ACCUMULATION,LONG_GAMMA,LONG_GAMMA,Support Weakening,Expansion,-23.5,100.0,41.0,43.9,-527000.0,3901500.0,405500.625941074,-117890.90363558778,-0.001954985427396305,0.011054580435413519,4.51183431952662,4.753006906751345
2025-12-24,TITAGARH,Other,2.096648945702184,1.9869920639656202,4.266426642664256,837.95,868.8,833.25,854.6,3098632,INVENTORY_MIGRATION,REGIME_SHIFT,TRANSITION_REGIME,TRANSITION_REGIME,Expansion,Flip Zone,-12.8,7.8,43.9,47.5,-331325.0,83375.0,56103.60117024257,-10200.175921118527,0.005649194454532269,-0.07227428643584705,0.7842443540303057,1.0254169412550307
2025-12-26,RVNL,NIFTY ENERGY,12.221579404107619,11.897894433227574,13.575249385571775,346.7,392.8,345.85,387.95,102998642,IV_SKEW_ACCUMULATION,INVENTORY_MIGRATION,LONG_GAMMA,LONG_GAMMA,Support Weakening,Expansion,-38.8,13.6,44.8,45.9,-770925.0,-188575.0,160862.97921348328,29017.449660939863,-0.009960773092572928,0.10902914063928149,19.534740409798168,20.195607719467436
2025-12-26,IRFC,NIFTY ENERGY,10.000823113013402,9.415424922220383,10.446413917610386,122.14,134.59,121.86,133.64,163985127,VOLATILITY_COIL|IV_SKEW_ACCUMULATION,REGIME_SHIFT|INVENTORY_MIGRATION|IV_SKEW_ACCUMULATION,LONG_GAMMA,LONG_GAMMA,Compression,Expansion,-100.0,100.0,40.8,46.0,-3599750.0,15546500.0,-86201.3845661846,-220569.96107310872,-0.0013878556661246488,0.08165451511540794,13.29264157341472,13.953508883083986
2025-12-26,NBCC,NIFTY REALTY,5.079201101928388,4.763539610333867,5.457988980716255,116.51,122.5,116.16,122.06,45284006,,INVENTORY_MIGRATION,LONG_GAMMA,LONG_GAMMA,Support Weakening,Expansion,-100.0,-70.7,40.8,45.9,-1969500.0,-1586000.0,76523.7430315672,562669.6040284268,-0.016754600195441338,0.0007397774771701893,3.951626639414063,4.61249394908333
2025-12-26,TITAGARH,Other,5.049145799204302,5.252359458350431,7.098528281813343,852.95,906.0,845.95,897.75,5868339,REGIME_SHIFT,REGIME_SHIFT|INVENTORY_MIGRATION,TRANSITION_REGIME,TRANSITION_REGIME,Flip Zone,Expansion,7.8,14.8,47.5,45.9,83375.0,121075.0,-10200.175921118527,6502.975531532662,-0.07227428643584705,0.14980061981495812,7.123679971362096,7.784547281031362
2025-12-26,NATIONALUM,NIFTY METAL,3.9112766677954713,2.969798657718137,4.283305227655987,298.0,309.2,296.5,306.85,12990101,FLOOR_BOUNCE|REGIME_SHIFT|INVENTORY_MIGRATION|IV_SKEW_ACCUMULATION,FLOOR_BOUNCE|INVENTORY_MIGRATION|IV_SKEW_ACCUMULATION,LONG_GAMMA,LONG_GAMMA,Expansion,Expansion,85.7,100.0,43.0,45.9,1563750.0,3566250.0,88727.41154702404,69511.43404717033,0.0002575334212358005,0.016024744618056252,17.418589522825556,18.079456832494824
2025-12-26,IRCTC,Other,3.8034282351210313,3.8034282351210313,4.972009428403057,679.65,712.55,678.8,705.5,7180874,VOLATILITY_COIL|FLOOR_BOUNCE|REGIME_SHIFT,REGIME_SHIFT|INVENTORY_MIGRATION,LONG_GAMMA,LONG_GAMMA,Compression,Expansion,11.8,-100.0,40.8,45.9,246750.0,-2853375.0,-79714.91829391551,229025.54455877666,-0.004253006691944672,0.07357259319708509,2.5659664170967433,3.2268337267660097
2025-12-26,HUDCO,Other,2.4973407945243498,2.71585484543726,3.220417633410677,215.77,222.44,215.5,221.63,5995250,VOLATILITY_COIL|FLOOR_BOUNCE|REGIME_SHIFT|INVENTORY_MIGRATION,FLOOR_BOUNCE|REGIME_SHIFT|INVENTORY_MIGRATION,LONG_GAMMA,LONG_GAMMA,Expansion,Expansion,50.2,85.3,40.8,43.9,962925.0,1467975.0,-67260.36472261557,551490.7025707952,-0.013795597694698791,0.02089499093603342,-7.488416746671122,-6.827549437001856
2025-12-26,DALBHARAT,NIFTY COMMODITIES,2.4272304920830434,2.1946835682527643,2.7962085308056883,2114.2,2169.0,2110.0,2160.6,726199,REGIME_SHIFT|INVENTORY_MIGRATION,INVENTORY_MIGRATION,TRANSITION_REGIME,TRANSITION_REGIME,Expansion,Expansion,2.2,18.6,43.9,43.9,-33475.0,282425.0,14921.409276380546,11517.383694969569,0.042767884976827986,0.06738506868000904,7.002773375594296,7.663640685263562
2025-12-26,CONCOR,NIFTY SERVICES,2.300432559968524,2.209999017778208,2.9831643201732705,509.05,523.0,507.85,520.3,2498657,FLOOR_BOUNCE|REGIME_SHIFT|INVENTORY_MIGRATION,REGIME_SHIFT|INVENTORY_MIGRATION,LONG_GAMMA,LONG_GAMMA,Expansion,Expansion,3.3,-17.4,40.8,43.9,96250.0,-435000.0,-56400.48054613883,173804.3974419025,0.0028717661909909986,0.008514136829593677,1.2158350355023773,1.8767023451716436
2025-12-26,TITAN,NIFTY FMCG,2.1154682423963234,2.1259177773798266,2.7410256410256517,3908.9,4006.9,3900.0,3992.0,1113050,REGIME_SHIFT,INVENTORY_MIGRATION|IV_SKEW_ACCUMULATION,LONG_GAMMA,LONG_GAMMA,Flip Zone,Expansion,-1.1,6.8,40.8,43.9,-15750.0,-10675.0,28489.966153423826,-25561.810372075648,-0.006681052477832655,0.03847539487377183,2.272436143775769,2.9333034534450353
2025-12-29,HFCL,Other,5.498617211647949,4.596774193548381,10.922725790674924,62.0,68.04,61.34,64.85,171871693,INVENTORY_MIGRATION|IV_SKEW_ACCUMULATION,FLOOR_BOUNCE|REGIME_SHIFT|INVENTORY_MIGRATION,LONG_GAMMA,LONG_GAMMA,Expansion,Expansion,-100.0,100.0,48.4,58.0,-4560150.0,8320500.0,-346850.1784921476,257738.4835327313,0.20895181496782445,0.14325945938195728,-7.581587573036918,-6.5860889745966595
2025-12-29,HUDCO,Other,2.310156567251731,1.7044180309486512,2.4660246602465907,222.95,227.7,222.22,226.75,10244849,FLOOR_BOUNCE|REGIME_SHIFT|INVENTORY_MIGRATION,INVENTORY_MIGRATION,LONG_GAMMA,LONG_GAMMA,Expansion,Expansion,85.3,100.0,43.9,56.2,1467975.0,8535900.0,551490.7025707952,-527258.417525519,0.02089499093603342,0.15404386846874002,-5.236542962219993,-4.241044363779734
2025-12-29,TATASTEEL,NIFTY METAL,1.8803216650898902,1.6459205946552036,2.8589993502274202,169.51,174.13,169.29,172.3,48001907,FLOOR_BOUNCE|REGIME_SHIFT|PINCH_ZONE|IV_SKEW_ACCUMULATION,INVENTORY_MIGRATION,LONG_GAMMA,LONG_GAMMA,Flip Zone,Expansion,100.0,-100.0,40.8,56.1,7639500.0,-7331500.0,-1091472.652017829,3395186.080105865,0.00799208079906863,0.07772338327962644,2.58394855918076,3.5794471576210185
2025-12-29,TATACONSUM,NIFTY FMCG,1.6585863740750106,1.8057921635434404,2.597180692011958,1174.0,1200.9,1170.5,1195.2,1806020,REGIME_SHIFT|IV_SKEW_ACCUMULATION,INVENTORY_MIGRATION|IV_SKEW_ACCUMULATION,LONG_GAMMA,LONG_GAMMA,Flip Zone,Expansion,-6.3,-11.5,40.8,55.3,-106150.0,-293150.0,-33561.59624238423,117697.62472025352,0.029811188132294386,0.17378358096489743,1.9447287615148356,2.9402273599550943
2025-12-29,BPCL,NIFTY OIL & GAS,1.5300546448087537,1.5300546448087537,1.9736842105263053,366.0,372.0,364.8,371.6,4666863,FLOOR_BOUNCE|REGIME_SHIFT|IV_SKEW_ACCUMULATION,FLOOR_BOUNCE|REGIME_SHIFT|INVENTORY_MIGRATION,LONG_GAMMA,LONG_GAMMA,Flip Zone,Expansion,16.1,33.8,40.8,55.3,308100.0,556950.0,-7696.175202845945,304283.20597463415,-0.0014730157665381882,0.18416725965307568,3.4809245335561068,4.476423131996365
2025-12-29,SAMMAANCAP,NIFTY FIN SERVICE,1.4012010294538246,1.3142857142857123,3.016591251885381,140.0,143.43,139.23,141.84,12880656,GAMMA_SQUEEZE|REGIME_SHIFT|INVENTORY_MIGRATION,INVENTORY_MIGRATION|IV_SKEW_ACCUMULATION,SHORT_GAMMA,SHORT_GAMMA,Expansion,Expansion,16.0,-10.5,40.8,54.1,374100.0,-322500.0,-273433.0168943242,580404.5094975965,0.059860422225805565,0.05349560973580647,-7.752341311134225,-6.756842712693967
2025-12-29,HINDPETRO,NIFTY OIL & GAS,1.3790891597177612,1.2059765208110917,1.9383165560077131,468.5,475.95,466.9,474.15,1617182,REGIME_SHIFT|INVENTORY_MIGRATION|IV_SKEW_ACCUMULATION,FLOOR_BOUNCE|REGIME_SHIFT|INVENTORY_MIGRATION|IV_SKEW_ACCUMULATION,TRANSITION_REGIME,LONG_GAMMA,Expansion,Expansion,8.1,11.2,40.8,54.1,206550.0,147825.0,-240957.05891584497,175026.55310041088,0.04392045501290043,0.10011077056578399,3.6393442622950856,4.634842860735344
2025-12-29,SAIL,NIFTY METAL,1.3376662636033876,0.8954100827689881,4.439428141459745,132.9,138.8,132.9,134.09,44684863,VOLATILITY_COIL|FLOOR_BOUNCE,REGIME_SHIFT|INVENTORY_MIGRATION|IV_SKEW_ACCUMULATION,LONG_GAMMA,LONG_GAMMA,Compression,Expansion,100.0,-100.0,40.8,54.1,2100900.0,-7252100.0,-167420.61351593863,184827.17978176312,0.024682514851078086,0.10478939992325259,-0.6078126158179487,0.38768598262231
2025-12-29,MARICO,NIFTY FMCG,1.318444773308225,1.0872483221476603,1.6150740242261152,745.0,755.0,743.0,753.1,1469144,FLOOR_BOUNCE|REGIME_SHIFT|INVENTORY_MIGRATION|IV_SKEW_ACCUMULATION,FLOOR_BOUNCE|REGIME_SHIFT|INVENTORY_MIGRATION,LONG_GAMMA,LONG_GAMMA,Expansion,Expansion,14.0,13.4,41.5,54.1,218400.0,223200.0,88683.76477305306,-42251.00440232322,0.05152259586558103,0.17149164531520888,4.9763033175355575,5.971801915975816
2025-12-29,CUMMINSIND,NIFTY INFRA,1.2838210933186156,1.433179723502298,3.181186283595916,4340.0,4453.3,4316.0,4402.2,477997,INVENTORY_MIGRATION|IV_SKEW_ACCUMULATION,REGIME_SHIFT|PINCH_ZONE,TRANSITION_REGIME,TRANSITION_REGIME,Expansion,Flip Zone,-7.1,-0.3,41.6,54.1,-87000.0,-54600.0,-12163.233635612938,18341.401369673298,0.0793211139671558,0.11209975102166764,-1.7212510883397036,-0.725752489899445
2025-12-30,NATIONALUM,NIFTY METAL,5.217680292455973,6.241610738255043,6.996644295302024,298.0,318.85,298.0,316.6,24881884,REGIME_SHIFT,FLOOR_BOUNCE|INVENTORY_MIGRATION|IV_SKEW_ACCUMULATION,LONG_GAMMA,LONG_GAMMA,Flip Zone,Expansion,-100.0,100.0,54.1,59.9,-4822500.0,4653750.0,-478532.42371134856,247412.50111834178,0.22942918412694813,-0.38672589706580407,20.015163002274463,20.920199152146015
2025-12-30,SAIL,NIFTY METAL,5.168170631665303,5.168170631665303,6.185412610453822,134.09,141.8,133.54,141.02,41245044,REGIME_SHIFT|INVENTORY_MIGRATION|IV_SKEW_ACCUMULATION,FLOOR_BOUNCE|REGIME_SHIFT|INVENTORY_MIGRATION,LONG_GAMMA,LONG_GAMMA,Expansion,Expansion,-100.0,100.0,54.1,59.9,-7252100.0,12483200.0,184827.17978176312,-586186.4810696505,0.10478939992325259,-0.1831429846673488,4.420584968530172,5.325621118401724
2025-12-30,NMDC,NIFTY METAL,3.1791192478970665,3.102595797280583,3.9578163771712305,80.9,83.79,80.6,83.41,40418456,INVENTORY_MIGRATION,INVENTORY_MIGRATION|IV_SKEW_ACCUMULATION,LONG_GAMMA,LONG_GAMMA,Expansion,Expansion,-100.0,100.0,54.1,62.6,-5946750.0,4617000.0,-1875629.370937469,-13404.822694769595,0.06511123113003303,-0.1179189710629433,10.638015651943222,11.543051801814775
2025-12-30,INDIANB,NIFTY PSU BANK,3.1295812352603702,3.1295812352603702,4.694021704231699,784.45,815.2,778.65,809.0,7951593,REGIME_SHIFT|IV_SKEW_ACCUMULATION,INVENTORY_MIGRATION|IV_SKEW_ACCUMULATION,TRANSITION_REGIME,TRANSITION_REGIME,Flip Zone,Expansion,85.0,42.7,53.3,59.9,1593000.0,730000.0,24806.535897964088,-67133.02563159249,0.055509658967573206,-0.21808278607976062,-8.829661351214291,-7.924625201342739
2025-12-30,JINDALSTEL,NIFTY METAL,3.109540636042407,2.953629032258065,3.96390916463909,992.0,1025.5,986.4,1021.3,2097101,PINCH_ZONE,REGIME_SHIFT|PINCH_ZONE|IV_SKEW_ACCUMULATION,TRANSITION_REGIME,TRANSITION_REGIME,Dealer Controlled,Expansion,-11.4,47.1,53.3,58.9,-239375.0,808750.0,42677.65819814484,9016.429777985075,0.12705239643715488,-0.293468500068643,-2.547709923664121,-1.642673773792569
2025-12-30,HEROMOTOCO,NIFTY AUTO,2.605102407473958,2.53141831238779,3.1617713105182688,5570.0,5742.5,5566.5,5711.0,2980473,REGIME_SHIFT|INVENTORY_MIGRATION,REGIME_SHIFT|INVENTORY_MIGRATION,TRANSITION_REGIME,TRANSITION_REGIME,Expansion,Expansion,4.1,33.3,53.3,57.5,116250.0,533250.0,-33209.7191944425,37395.18875102369,0.1011711504574469,-0.31508619346434275,-9.284409498848378,-8.379373348976825
2025-12-30,SHRIRAMFIN,NIFTY FIN SERVICE,2.5013082155939337,1.919975024715126,2.4611061969925574,960.95,984.6,960.95,979.4,17757531,REGIME_SHIFT|INVENTORY_MIGRATION|IV_SKEW_ACCUMULATION,REGIME_SHIFT|INVENTORY_MIGRATION|IV_SKEW_ACCUMULATION,LONG_GAMMA,LONG_GAMMA,Expansion,Expansion,-19.3,100.0,53.3,60.8,-311850.0,2784375.0,-197408.21592428978,-96826.87669938436,0.07564403867207692,-0.21134740051228104,15.013798367682462,15.918834517554014
2025-12-30,ADANIENSOL,NIFTY ENERGY,2.4816130484815124,2.3740503798480805,3.2018468332831507,1000.4,1028.2,996.3,1024.15,879685,REGIME_SHIFT|INVENTORY_MIGRATION|IV_SKEW_ACCUMULATION,REGIME_SHIFT|INVENTORY_MIGRATION|IV_SKEW_ACCUMULATION,TRANSITION_REGIME,TRANSITION_REGIME,Expansion,Expansion,1.5,20.5,54.1,60.8,85725.0,339525.0,-71081.78842903007,-128828.56434663742,0.17441179106004528,-0.3679124855050392,2.5072565308777994,3.4122926807493514
2025-12-30,NHPC,NIFTY ENERGY,2.331032686547707,2.317708333333335,2.5390625,76.8,78.75,76.8,78.58,17154730,INVENTORY_MIGRATION,INVENTORY_MIGRATION|IV_SKEW_ACCUMULATION,LONG_GAMMA,LONG_GAMMA,Expansion,Expansion,-100.0,-32.0,54.5,57.5,-5465600.0,-678400.0,-490008.7659358948,20653.450511864852,0.06448178375830915,-0.13405753905813134,1.6558861578266582,2.56092230769821
2025-12-30,HINDALCO,NIFTY METAL,2.213872832369934,1.8605990783410187,2.8303524917520306,868.0,888.3,863.85,884.15,15280248,REGIME_SHIFT|INVENTORY_MIGRATION|IV_SKEW_ACCUMULATION,REGIME_SHIFT|INVENTORY_MIGRATION|IV_SKEW_ACCUMULATION,LONG_GAMMA,TRANSITION_REGIME,Expansion,Expansion,-24.2,100.0,53.3,57.5,-415800.0,4104100.0,-181844.1243002095,-282064.38518179336,0.1160332771080207,-0.25305915226561737,9.04662062160828,9.951656771479833
2025-12-31,HINDPETRO,NIFTY OIL & GAS,6.464000000000003,6.22605363984674,6.790320861315413,469.8,500.9,469.05,499.05,11948717,INVENTORY_MIGRATION|IV_SKEW_ACCUMULATION,REGIME_SHIFT|INVENTORY_MIGRATION|IV_SKEW_ACCUMULATION,TRANSITION_REGIME,TRANSITION_REGIME,Expansion,Expansion,16.4,7.9,54.8,53.5,384750.0,-56700.0,-276797.46214780293,100614.19257060249,-0.28239561000618496,0.13521888313397226,10.789210789210802,10.41505877747151
2025-12-31,JSWSTEEL,NIFTY METAL,4.785894206549113,0.7612456747404739,3.2138442521631783,1156.0,1169.0,1132.6,1164.8,5881898,REGIME_SHIFT|PINCH_ZONE|IV_SKEW_ACCUMULATION,REGIME_SHIFT|INVENTORY_MIGRATION,TRANSITION_REGIME,TRANSITION_REGIME,Flip Zone,Expansion,29.6,36.6,57.0,54.2,519750.0,537300.0,8494.43132976118,22877.6079156763,-0.24270502464399893,0.1307382026236635,0.24096385542167198,-0.1331881563176207
2025-12-31,SAIL,NIFTY METAL,4.233442064955328,1.3025499655410222,3.7482614742698095,145.1,149.19,143.8,146.99,68661714,FLOOR_BOUNCE|REGIME_SHIFT|INVENTORY_MIGRATION,INVENTORY_MIGRATION|IV_SKEW_ACCUMULATION,LONG_GAMMA,LONG_GAMMA,Expansion,Expansion,100.0,-91.5,59.9,54.2,12483200.0,-1903500.0,-586186.4810696505,226758.6459344325,-0.1831429846673488,0.11613312617826638,10.969349237505654,10.595197225766361
2025-12-31,BPCL,NIFTY OIL & GAS,3.9242219215155583,3.9242219215155583,4.607046070460696,369.5,386.0,369.0,384.0,12051156,REGIME_SHIFT|INVENTORY_MIGRATION|IV_SKEW_ACCUMULATION,REGIME_SHIFT|INVENTORY_MIGRATION,TRANSITION_REGIME,TRANSITION_REGIME,Expansion,Expansion,100.0,50.9,54.8,50.8,2370000.0,849250.0,-810564.0603471234,27575.804542360274,-0.37379444173226045,0.15751190736719445,7.038327526132404,6.664175514393111
2025-12-31,INDIANB,NIFTY PSU BANK,3.4919653893696,2.9954483946364796,4.203347799132051,812.9,840.4,806.5,837.25,3654469,INVENTORY_MIGRATION|IV_SKEW_ACCUMULATION,,TRANSITION_REGIME,TRANSITION_REGIME,Expansion,Expansion,42.7,3.4,59.9,54.2,730000.0,-35000.0,-67133.02563159249,8670.935422124167,-0.21808278607976062,0.14610201403469897,-2.5830472976903884,-2.957199309429681
2025-12-31,LTF,NIFTY FIN SERVICE,3.4375511540350345,3.794349540078845,4.67845924946273,304.4,316.6,302.45,315.95,9647536,REGIME_SHIFT|INVENTORY_MIGRATION,INVENTORY_MIGRATION|IV_SKEW_ACCUMULATION,LONG_GAMMA,LONG_GAMMA,Expansion,Expansion,53.2,-7.4,57.5,54.2,982728.0,-245250.0,-146474.38187275018,-2883.3314436333603,-0.32938466818556444,0.16463616704243064,3.2347655611828063,2.8606135494435136
2025-12-31,SAMMAANCAP,NIFTY FIN SERVICE,3.2834550741082102,2.131837307152873,4.0968081374956,142.6,148.39,142.55,145.64,39493816,INVENTORY_MIGRATION,,TRANSITION_REGIME,TRANSITION_REGIME,Expansion,Expansion,-48.3,-100.0,60.0,53.5,-954600.0,-2502600.0,359291.0580273868,121233.43875299647,-0.28484948541176136,0.12121657048995699,-2.9066666666666796,-3.2808186784059723
2025-12-31,JINDALSTEL,NIFTY METAL,3.1822187408205194,1.0936300844205604,2.1680736761319874,1042.4,1065.0,1042.4,1053.8,4643020,REGIME_SHIFT|PINCH_ZONE|IV_SKEW_ACCUMULATION,REGIME_SHIFT|INVENTORY_MIGRATION|IV_SKEW_ACCUMULATION,TRANSITION_REGIME,TRANSITION_REGIME,Expansion,Expansion,47.1,-30.4,58.9,54.2,808750.0,-682500.0,9016.429777985075,56520.71300014545,-0.293468500068643,0.11932109198937554,2.4300155520995403,2.0558635403602477
2025-12-31,TORNTPOWER,Other,3.165956102952805,2.768383798662999,3.4371304690579363,1271.5,1312.1,1268.5,1306.7,245781,PINCH_ZONE,REGIME_SHIFT|PINCH_ZONE,TRANSITION_REGIME,TRANSITION_REGIME,Dealer Controlled,Expansion,3.6,3.8,54.8,50.7,114025.0,-17425.0,-32738.264475543612,3532.246163905632,-0.3372513058538921,0.1489473887375028,-0.5025508261630951,-0.8767028379023878
2025-12-31,OIL,NIFTY OIL & GAS,3.1352533722202036,2.972579471002179,4.527750730282376,412.1,429.4,410.8,424.35,2728793,GAMMA_SQUEEZE|INVENTORY_MIGRATION,INVENTORY_MIGRATION,SHORT_GAMMA,TRANSITION_REGIME,Expansion,Expansion,27.0,-100.0,55.5,50.7,495600.0,-2142000.0,-119647.24680541838,84327.65968750452,-0.3329462568743471,0.1536469103396029,1.8480739229569387,1.473921911217646
2026-01-01,IDEA,NIFTY MEDIA & COMM,7.806691449814118,3.571428571428581,10.055350553505527,11.2,11.93,10.84,11.6,3038646084,INVENTORY_MIGRATION,INVENTORY_MIGRATION,LONG_GAMMA,LONG_GAMMA,Expansion,Expansion,-100.0,100.0,55.6,53.7,-88414575.0,75549075.0,-5726602.631166817,7859767.798861057,0.28948649087637024,-0.13506459060108567,9.95260663507107,9.33477395593616
2026-01-01,INDUSTOWER,NIFTY MEDIA & COMM,4.071641791044778,3.5031468946680855,4.465027906424424,421.05,439.85,421.05,435.8,17970341,REGIME_SHIFT|INVENTORY_MIGRATION|IV_SKEW_ACCUMULATION,REGIME_SHIFT|INVENTORY_MIGRATION,LONG_GAMMA,LONG_GAMMA,Expansion,Expansion,-100.0,100.0,45.9,53.8,-5474000.0,4250000.0,241231.39067788876,-71598.50628131349,0.15538538392252305,-0.02434099554491609,7.698010626467333,7.080177947332422
2026-01-01,JSWENERGY,NIFTY ENERGY,4.052233392061355,3.7190082644628086,4.151138716356106,484.0,503.05,483.0,502.0,6027942,REGIME_SHIFT|IV_SKEW_ACCUMULATION,REGIME_SHIFT|INVENTORY_MIGRATION,TRANSITION_REGIME,TRANSITION_REGIME,Expansion,Expansion,-8.9,27.5,49.1,53.7,-251000.0,403000.0,41207.295030141875,-21598.386491580735,0.13215079761524834,0.022824865003378325,6.763079540621009,6.145246861486098
2026-01-01,SUPREMEIND,NIFTY CONS DURABLES,3.8940902856461346,3.4867834867834846,4.118312206153663,3367.0,3499.0,3360.6,3484.4,379188,REGIME_SHIFT|INVENTORY_MIGRATION|IV_SKEW_ACCUMULATION,INVENTORY_MIGRATION,TRANSITION_REGIME,TRANSITION_REGIME,Expansion,Expansion,0.5,7.1,49.0,57.1,-62475.0,21350.0,4682.63066890561,309.51083221637373,0.180795253869674,-0.02377979037101008,5.671134833505187,5.053302154370276
2026-01-01,PNBHOUSING,NIFTY FIN SERVICE,3.6889122438255484,3.4171907756813447,4.88150911670433,954.0,998.0,951.55,986.6,3562795,REGIME_SHIFT|PINCH_ZONE,INVENTORY_MIGRATION|IV_SKEW_ACCUMULATION,TRANSITION_REGIME,TRANSITION_REGIME,Flip Zone,Expansion,2.9,-1.7,45.9,55.0,40950.0,-148200.0,4520.69609352883,21769.998367697648,0.16789549480416552,-0.009653469885401444,12.362621718580957,11.744789039446047
2026-01-01,ASTRAL,NIFTY CONS DURABLES,3.3417356859920755,2.646827383933048,3.232526398965585,1397.9,1437.1,1392.1,1434.9,592945,PINCH_ZONE,PINCH_ZONE|IV_SKEW_ACCUMULATION,TRANSITION_REGIME,TRANSITION_REGIME,Dealer Controlled,Expansion,-1.2,-9.5,49.0,53.7,-84575.0,-280925.0,28558.059044873724,15455.804639804956,0.1091853971855844,0.03259877123727939,1.794835414301943,1.177002735167032
2026-01-01,ASHOKLEY,NIFTY AUTO,3.1754004129694646,3.1754004129694646,3.7749566579050375,179.19,185.56,178.81,184.88,26287021,FLOOR_BOUNCE|REGIME_SHIFT|INVENTORY_MIGRATION|IV_SKEW_ACCUMULATION,INVENTORY_MIGRATION|IV_SKEW_ACCUMULATION,LONG_GAMMA,LONG_GAMMA,Expansion,Expansion,7.9,-100.0,45.9,53.8,140000.0,-8940000.0,53831.9236734123,960567.398108928,0.07915131923579113,-0.013522064511913734,13.625468625161318,13.007635946026408
2026-01-01,RECLTD,NIFTY FIN SERVICE,3.054932735426008,2.13888888888889,2.5740921107555215,360.0,368.6,359.35,367.7,13409679,PINCH_ZONE,PINCH_ZONE,LONG_GAMMA,LONG_GAMMA,Support Weakening,Expansion,-100.0,-82.3,47.8,52.6,-3014200.0,-1710800.0,166430.09636070445,312477.9562171968,0.10887165175357416,-0.006547445269832086,4.967170996288894,4.3493383171539834
2026-01-01,INDUSINDBK,NIFTY PVT BANK,3.0085628326776304,2.859783927436599,3.2541980312680963,865.45,891.6,863.5,890.2,4244931,,INVENTORY_MIGRATION|IV_SKEW_ACCUMULATION,TRANSITION_REGIME,TRANSITION_REGIME,Expansion,Expansion,-48.4,99.6,48.9,52.1,-1017100.0,1813700.0,94493.74327622476,-12031.290573392762,0.15939031348973182,-0.010570230451687979,5.112764198842856,4.494931519707945
2026-01-01,APLAPOLLO,NIFTY INFRA,2.925809822361547,2.305774823431661,3.965517241379324,1925.6,1989.9,1914.0,1970.0,1879995,REGIME_SHIFT|INVENTORY_MIGRATION,REGIME_SHIFT|INVENTORY_MIGRATION|IV_SKEW_ACCUMULATION,TRANSITION_REGIME,TRANSITION_REGIME,Expansion,Expansion,-2.7,-5.5,48.5,52.1,-99400.0,-196000.0,6566.7784576594695,12355.914315512258,0.13540737785923365,0.007779908127424934,12.43650476570972,11.81867208657481
2026-01-02,BOSCHLTD,NIFTY AUTO,9.075816270060866,8.985346972629248,9.543568464730301,36170.0,39600.0,36150.0,39420.0,185984,VOLATILITY_COIL|REGIME_SHIFT|PINCH_ZONE|IV_SKEW_ACCUMULATION,INVENTORY_MIGRATION|IV_SKEW_ACCUMULATION,TRANSITION_REGIME,TRANSITION_REGIME,Compression,Expansion,0.6,15.7,48.7,45.7,4250.0,-24425.0,64.50144945119129,3119.23921599823,-0.003637648962446227,0.07320619649772181,6.988736599267198,5.856360356889523
2026-01-02,COALINDIA,NIFTY ENERGY,6.854788363091524,6.615173788463924,7.107231920199508,401.35,429.5,401.0,427.9,35090129,FLOOR_BOUNCE|REGIME_SHIFT,INVENTORY_MIGRATION|IV_SKEW_ACCUMULATION,LONG_GAMMA,LONG_GAMMA,Flip Zone,Expansion,13.2,100.0,48.7,48.5,237600.0,1836000.0,55894.62040907901,39560.244812552,-0.012488128940216475,0.034394159103976446,12.887481862551109,11.755105620173435
2026-01-02,TORNTPOWER,Other,5.4559155990957064,5.694864048338366,6.268882175226587,1324.0,1407.0,1324.0,1399.4,1781418,PINCH_ZONE|IV_SKEW_ACCUMULATION,INVENTORY_MIGRATION|IV_SKEW_ACCUMULATION,TRANSITION_REGIME,TRANSITION_REGIME,Dealer Controlled,Expansion,-1.4,3.7,50.6,49.0,-71825.0,-90950.0,5781.820724067433,9589.248031514097,0.01111770190865663,-0.001569526914860453,7.671001000230815,6.53862475785314
2026-01-02,IREDA,NIFTY ENERGY,5.223880597014907,4.705462334880384,5.390931810067823,140.05,147.6,140.05,146.64,28577864,VOLATILITY_COIL|REGIME_SHIFT|INVENTORY_MIGRATION,INVENTORY_MIGRATION,LONG_GAMMA,LONG_GAMMA,Expansion,Expansion,-95.1,-16.9,48.7,49.0,-1821600.0,-486450.0,154492.73814584926,48497.02659373096,-0.017175468935854754,0.05055235223952936,7.232175502742222,6.099799260364547
2026-01-02,NHPC,NIFTY ENERGY,5.103066867772754,5.103066867772754,5.5723270440251715,79.56,83.93,79.5,83.62,32430153,FLOOR_BOUNCE|REGIME_SHIFT|INVENTORY_MIGRATION,REGIME_SHIFT|INVENTORY_MIGRATION,LONG_GAMMA,LONG_GAMMA,Expansion,Expansion,75.5,16.7,48.7,50.9,1440000.0,121600.0,-98901.58020220546,325402.3163694708,0.003830426707620349,-0.013187487001402598,8.752763688386,7.620387446008325
2026-01-02,PPLPHARMA,Other,5.062396986107842,4.9265138154027,5.291005291005302,170.1,179.1,170.1,178.48,4960834,INVENTORY_MIGRATION,INVENTORY_MIGRATION,TRANSITION_REGIME,TRANSITION_REGIME,Expansion,Expansion,-2.7,-90.4,56.0,45.6,-13125.0,-1882125.0,-3010.045765782048,95030.6413396675,0.005186081462716374,0.06856902042357016,-1.3104782969311612,-2.4428545393088363
2026-01-02,NATIONALUM,NIFTY METAL,4.990464081373158,4.459203036053139,4.973075704783025,316.2,331.4,315.7,330.3,21272570,VOLATILITY_COIL,INVENTORY_MIGRATION,LONG_GAMMA,LONG_GAMMA,Compression,Expansion,-59.3,100.0,56.0,49.0,-1132500.0,9247500.0,49055.45142752968,-120324.22599855578,-0.00895876658761885,-0.003239584865037781,22.674094707520887,21.541718465143212
2026-01-02,NTPC,NIFTY ENERGY,4.698186143324423,4.542755344418059,5.07515999404673,336.8,353.0,335.95,352.1,23128940,,REGIME_SHIFT|INVENTORY_MIGRATION,LONG_GAMMA,LONG_GAMMA,Dealer Controlled,Expansion,-4.0,-100.0,51.7,45.6,-195000.0,-2505000.0,399250.81371107517,411.605218952056,-0.002789615647171867,0.019547519809287345,9.026165041028044,7.893788798650369
2026-01-02,DABUR,NIFTY FMCG,4.530453045304528,4.217768471432848,5.480961923847705,501.45,526.35,499.0,522.6,5340608,REGIME_SHIFT|PINCH_ZONE,REGIME_SHIFT|INVENTORY_MIGRATION,TRANSITION_REGIME,LONG_GAMMA,Flip Zone,Expansion,-24.3,53.5,48.7,50.7,-436250.0,863750.0,3914.237580020417,68713.0121491008,0.0033891378064458966,0.04304843026627886,2.8537689431214375,1.7213927007437624
2026-01-02,INOXWIND,NIFTY ENERGY,4.224664224664232,4.046806435884931,4.656265236470003,123.06,128.79,123.06,128.04,9949850,PINCH_ZONE,INVENTORY_MIGRATION,TRANSITION_REGIME,LONG_GAMMA,Support Weakening,Expansion,-37.8,-1.0,48.7,45.6,-704275.0,-157300.0,15884.50214657608,100847.05519063851,0.008840872553231849,0.022578417554109387,-1.3863216266173817,-2.5186978689950568
2026-01-05,PGEL,NIFTY CONS DURABLES,4.629168740666989,4.231404958677687,7.239141288067907,605.0,644.4,600.9,630.6,8409335,REGIME_SHIFT|INVENTORY_MIGRATION,INVENTORY_MIGRATION,TRANSITION_REGIME,TRANSITION_REGIME,Expansion,Expansion,-67.0,-33.3,45.6,60.8,-1413600.0,-786600.0,70493.64122446014,51961.45668722983,0.028731439754366206,0.00982131886124099,13.847264849250784,13.603436457086149
2026-01-05,UNIONBANK,NIFTY PSU BANK,3.6119974473516336,2.7594936708860818,3.479144181321825,158.0,162.99,157.51,162.36,30448320,INVENTORY_MIGRATION|IV_SKEW_ACCUMULATION,INVENTORY_MIGRATION,TRANSITION_REGIME,LONG_GAMMA,Expansion,Expansion,-100.0,38.8,43.9,60.8,-2801025.0,615075.0,157565.22770825843,93141.40491732795,0.014802078607037528,0.020934482442059865,5.909980430528372,5.6661520383637365
2026-01-05,AMBER,NIFTY CONS DURABLES,3.5403008098727318,2.913216804661145,4.984615384615387,6522.0,6824.0,6500.0,6712.0,339436,REGIME_SHIFT,REGIME_SHIFT,TRANSITION_REGIME,TRANSITION_REGIME,Flip Zone,Expansion,1.2,7.5,47.2,57.6,6100.0,31400.0,-250.7201184379919,1432.5254623679712,-0.01792966308366073,0.05153919917226968,2.2780952380952346,2.034266845930599
2026-01-05,VOLTAS,NIFTY CONS DURABLES,3.258285554467899,3.3088492479887988,5.016863406408079,1429.5,1494.6,1423.2,1476.8,1588073,PINCH_ZONE,REGIME_SHIFT|INVENTORY_MIGRATION|IV_SKEW_ACCUMULATION,TRANSITION_REGIME,TRANSITION_REGIME,Expansion,Expansion,2.7,12.3,45.6,60.8,-56250.0,135375.0,12275.579083943434,1186.1315835241112,0.014627702878871163,-0.011526857305855953,11.288620949510175,11.04479255734554
2026-01-05,SOLARINDS,NIFTY INFRA,3.2020103761349006,3.210376976084306,5.477551020408167,12335.0,12921.0,12250.0,12731.0,231189,IV_SKEW_ACCUMULATION,INVENTORY_MIGRATION,TRANSITION_REGIME,TRANSITION_REGIME,Dealer Controlled,Expansion,1.5,7.4,47.7,57.5,-13350.0,34500.0,2326.134889421572,135.2850718330692,0.0005681748380627627,0.0018144954147354397,-0.6864810047585657,-0.9303093969232012
2026-01-05,LODHA,NIFTY REALTY,3.1592520954222936,2.686348216741541,4.032406554962242,1090.7,1130.0,1086.2,1120.0,2876700,REGIME_SHIFT|INVENTORY_MIGRATION|IV_SKEW_ACCUMULATION,INVENTORY_MIGRATION,TRANSITION_REGIME,TRANSITION_REGIME,Expansion,Expansion,-16.8,-7.3,41.5,57.5,-359100.0,-243000.0,13196.499090205729,25240.772807187936,-0.0030643189055473696,0.024601806798689507,0.7556675062972307,0.5118391141325951
2026-01-05,BDL,NIFTY INFRA,3.130434782608682,3.130434782608682,3.9491298527443153,1495.0,1553.0,1494.0,1541.8,3329765,REGIME_SHIFT|PINCH_ZONE|IV_SKEW_ACCUMULATION,INVENTORY_MIGRATION,TRANSITION_REGIME,TRANSITION_REGIME,Flip Zone,Expansion,-9.1,-10.0,41.2,57.6,-203350.0,-298900.0,9796.042405811997,25906.112483879573,0.001230303014945755,0.024284857685532846,1.9371900826446353,1.6933616904799997
2026-01-05,CROMPTON,NIFTY CONS DURABLES,3.0345101150337284,2.789869410368029,4.151696606786426,252.7,260.9,250.5,259.75,5740102,IV_SKEW_ACCUMULATION,REGIME_SHIFT|INVENTORY_MIGRATION,TRANSITION_REGIME,LONG_GAMMA,Support Weakening,Expansion,-21.1,-21.8,41.5,56.5,-444600.0,-529200.0,50169.166672555315,166052.65113121207,0.012345471521992002,0.03651750745480653,-0.13456362937332988,-0.3783920215379655
2026-01-05,PRESTIGE,NIFTY REALTY,2.9836916234247557,2.907407407407403,4.024344801887958,1620.0,1675.0,1610.2,1667.1,906033,PINCH_ZONE|IV_SKEW_ACCUMULATION,INVENTORY_MIGRATION,TRANSITION_REGIME,TRANSITION_REGIME,Dealer Controlled,Expansion,-5.6,4.2,41.2,59.2,-133650.0,-8100.0,6871.606546905987,8023.034844789141,0.01791759143741556,0.019894756267305136,-1.3375155353021362,-1.5813439274667718
2026-01-05,PATANJALI,NIFTY FMCG,2.86355475763016,2.86355475763016,3.3620999640417093,557.0,574.9,556.2,572.95,2007552,INVENTORY_MIGRATION|IV_SKEW_ACCUMULATION,INVENTORY_MIGRATION,TRANSITION_REGIME,TRANSITION_REGIME,Expansion,Expansion,-25.4,-12.5,41.2,56.3,-510300.0,-327600.0,14856.90202362019,30417.535451497948,0.012983197858224382,0.016593009701039718,4.02142338416851,3.7775949920038743
2026-01-06,IEX,NIFTY OIL & GAS,10.63402292007738,9.719557195571937,15.144465290806753,135.5,153.43,133.25,148.67,80273941,VOLATILITY_COIL|REGIME_SHIFT,INVENTORY_MIGRATION,LONG_GAMMA,LONG_GAMMA,Compression,Expansion,-25.9,-100.0,53.9,58.1,-498750.0,-24300000.0,27657.489996736433,947648.7804000728,0.013767177310075651,0.10298082256138241,4.763582552321899,3.9232690766829004
2026-01-06,NATIONALUM,NIFTY METAL,4.806529625151135,3.9892021595680838,5.61561561561561,333.4,351.7,333.0,346.7,41794775,VOLATILITY_COIL|INVENTORY_MIGRATION,INVENTORY_MIGRATION,LONG_GAMMA,LONG_GAMMA,Expansion,Expansion,-40.2,-100.0,52.9,54.8,-761250.0,-12247500.0,-20774.633057755826,503933.3565639467,0.00858547940408022,0.04157532431024902,29.196944289174564,28.356630813535567
2026-01-06,DIVISLAB,NIFTY PHARMA,4.384379665278537,3.6999453594567244,4.176442984514317,6405.5,6660.0,6393.0,6642.5,732441,REGIME_SHIFT|IV_SKEW_ACCUMULATION,REGIME_SHIFT|INVENTORY_MIGRATION,TRANSITION_REGIME,TRANSITION_REGIME,Flip Zone,Expansion,1.3,3.8,52.8,54.9,37500.0,-86400.0,-2474.2743846453195,15209.77698476113,0.0037703728113875623,0.020779840805893957,4.961681283084451,4.121367807445453
2026-01-06,APOLLOHOSP,NIFTY PHARMA,3.741352534236908,4.374999999999996,4.545454545454541,7040.0,7360.0,7040.0,7348.0,581189,REGIME_SHIFT,REGIME_SHIFT|INVENTORY_MIGRATION,TRANSITION_REGIME,TRANSITION_REGIME,Flip Zone,Expansion,-1.3,15.5,52.8,50.9,-2000.0,162625.0,-10593.656394356243,10204.779731882445,0.0025117055358014895,0.011579512591811947,3.551296505073287,2.7109830294342885
2026-01-06,HAVELLS,NIFTY CONS DURABLES,3.465619401956732,2.9972565157750264,4.293628808864258,1458.0,1506.0,1444.0,1501.7,1346661,REGIME_SHIFT|INVENTORY_MIGRATION|IV_SKEW_ACCUMULATION,REGIME_SHIFT,TRANSITION_REGIME,TRANSITION_REGIME,Expansion,Expansion,-7.0,0.8,53.2,54.3,-160500.0,-91500.0,15929.948712621348,22877.103250808796,0.016606581290628114,0.01917074178772199,6.707880338236349,5.867566862597351
2026-01-06,FORTIS,NIFTY PHARMA,3.227920694740294,3.227920694740294,3.9879649890590896,915.45,950.45,914.0,945.0,3869929,VOLATILITY_COIL|PINCH_ZONE|IV_SKEW_ACCUMULATION,INVENTORY_MIGRATION,TRANSITION_REGIME,TRANSITION_REGIME,Compression,Expansion,-27.5,33.7,52.8,57.0,-526225.0,545600.0,19763.484062375763,4553.492613123264,0.004211108006804576,0.00574006782371328,9.781598513011147,8.941285037372149
2026-01-06,SBICARD,NIFTY FIN SERVICE,3.211219232970808,3.158075404771421,3.8080513084807865,873.95,906.4,873.15,901.55,1737746,VOLATILITY_COIL|REGIME_SHIFT|INVENTORY_MIGRATION,INVENTORY_MIGRATION,TRANSITION_REGIME,TRANSITION_REGIME,Expansion,Expansion,-1.8,-13.4,52.8,50.9,-24000.0,-360800.0,-9160.773083545682,61226.797555255085,0.0067294809273651945,0.021235463613782535,3.6145270658545003,2.774213590215502
2026-01-06,LUPIN,NIFTY PHARMA,3.1674425301146947,3.1723939335764895,3.9961482908040358,2083.6,2160.0,2077.0,2149.7,1795864,REGIME_SHIFT|PINCH_ZONE,INVENTORY_MIGRATION|IV_SKEW_ACCUMULATION,TRANSITION_REGIME,TRANSITION_REGIME,Flip Zone,Expansion,-15.7,4.4,52.8,50.9,-272425.0,-13175.0,16138.039782620803,8848.10092863813,0.01425489348760034,0.019331595767055093,3.8151349785096933,2.974821502870695
2026-01-06,IIFL,Other,3.052134169958931,2.3622653124038218,4.545806551537224,649.8,675.0,645.65,665.15,3802351,IV_SKEW_ACCUMULATION,INVENTORY_MIGRATION|IV_SKEW_ACCUMULATION,TRANSITION_REGIME,TRANSITION_REGIME,Resistance Weakening,Expansion,13.7,-19.9,55.2,49.9,247500.0,-476850.0,-10205.08703410723,33226.92716785702,-0.00843052966878044,0.03198566653180529,19.9224736320202,19.0821601563812
2026-01-06,ICICIBANK,NIFTY PVT BANK,2.894640904119572,2.857142857142869,3.4846266471449505,1372.0,1413.6,1366.0,1411.2,17260416,INVENTORY_MIGRATION,FLOOR_BOUNCE|REGIME_SHIFT|PINCH_ZONE,LONG_GAMMA,LONG_GAMMA,Expansion,Expansion,-100.0,24.4,53.5,49.6,-2699200.0,367500.0,356296.4833567217,-71476.38475662924,0.01704333953895404,0.01208569225877909,1.5544041450777257,0.7140906694387272
2026-01-07,TATAELXSI,NIFTY IT,9.504209541627695,9.606741573033716,11.0007496251874,5340.0,5923.0,5336.0,5853.0,2893997,VOLATILITY_COIL,INVENTORY_MIGRATION|IV_SKEW_ACCUMULATION,TRANSITION_REGIME,TRANSITION_REGIME,Compression,Expansion,-0.3,24.9,46.1,47.3,7200.0,125900.0,-998.8172831488646,5137.30221745682,0.001067786073804422,0.02389499346032098,17.541921879706802,16.376658418320922
2026-01-07,KPITTECH,NIFTY IT,6.018071760680743,6.027373223372523,6.872037914691931,1139.8,1217.7,1139.4,1208.5,2462611,,REGIME_SHIFT|INVENTORY_MIGRATION,TRANSITION_REGIME,TRANSITION_REGIME,Dealer Controlled,Expansion,-2.8,29.5,52.0,43.9,-24225.0,378250.0,-5597.616077391784,2118.6922979477204,-0.000980458560586428,0.03935130082621868,0.19898847525081642,-0.9662749861350628
2026-01-07,TATATECH,Other,5.291535084341059,4.192073170731714,5.637480798771133,656.0,687.7,651.0,683.5,9021028,GAMMA_SQUEEZE|VOLATILITY_COIL|REGIME_SHIFT,REGIME_SHIFT|INVENTORY_MIGRATION,SHORT_GAMMA,TRANSITION_REGIME,Expansion,Expansion,2.4,-100.0,46.1,43.9,56800.0,-2938400.0,-11321.59658348261,202775.46211166916,0.003844050201450011,0.062475198315614544,4.815212390737611,3.6499489293517318
2026-01-07,DMART,NIFTY FMCG,4.855746922510029,4.818553888130972,5.131075914800665,3665.0,3849.9,3662.0,3841.6,1317962,,REGIME_SHIFT|INVENTORY_MIGRATION,TRANSITION_REGIME,TRANSITION_REGIME,Support Building,Expansion,4.5,9.2,47.7,43.9,74250.0,11850.0,-2548.154141172694,21926.437432658095,-0.010335257085213323,0.04938567470887534,-1.7493606138107465,-2.9146240751966257
2026-01-07,PERSISTENT,NIFTY IT,4.232677228356541,4.954882371898162,5.422172091524335,6206.0,6542.5,6206.0,6513.5,633821,REGIME_SHIFT|IV_SKEW_ACCUMULATION,REGIME_SHIFT|INVENTORY_MIGRATION,TRANSITION_REGIME,TRANSITION_REGIME,Flip Zone,Expansion,0.5,13.1,46.1,43.9,-8600.0,114100.0,1087.9918011310765,-2172.844898625057,-0.0073953041629610805,0.013775269880779761,3.3560774357346945,2.1908139743488153
2026-01-07,KALYANKJIL,NIFTY FMCG,4.118764370688788,3.1188118811881216,6.414719045251127,505.0,535.0,502.75,520.75,15853176,REGIME_SHIFT|PINCH_ZONE,INVENTORY_MIGRATION|IV_SKEW_ACCUMULATION,TRANSITION_REGIME,TRANSITION_REGIME,Flip Zone,Expansion,8.5,-87.5,46.1,46.8,190350.0,-1823600.0,-27320.52751129243,107647.61812808135,-0.004484267949712406,0.0001932185718306889,10.0137319108482,8.84846844946232
2026-01-07,IEX,NIFTY OIL & GAS,4.109773323468091,5.695165255394707,8.476811996667589,146.44,156.25,144.04,154.78,110509071,INVENTORY_MIGRATION,INVENTORY_MIGRATION,LONG_GAMMA,LONG_GAMMA,Expansion,Expansion,-100.0,100.0,58.1,47.3,-24300000.0,9637500.0,947648.7804000728,-131634.80076062423,0.10298082256138241,0.046658716127783606,9.625327572774278,8.460064111388398
2026-01-07,TORNTPHARM,NIFTY PHARMA,3.9473684210526327,3.9473684210526327,4.288617886178869,3936.8,4104.8,3936.0,4092.2,893695,INVENTORY_MIGRATION,INVENTORY_MIGRATION|IV_SKEW_ACCUMULATION,TRANSITION_REGIME,TRANSITION_REGIME,Expansion,Expansion,-4.1,5.5,48.4,43.9,-129750.0,-13750.0,10451.083419844015,3718.553248529588,0.029769747566180504,-0.013331752503080219,8.722335875023246,7.557072413637367
2026-01-07,TITAN,NIFTY FMCG,3.9252881949511043,1.140828402366867,2.6201808662541737,4225.0,4312.1,4202.0,4273.2,3496340,,REGIME_SHIFT|INVENTORY_MIGRATION|IV_SKEW_ACCUMULATION,TRANSITION_REGIME,TRANSITION_REGIME,Resistance Weakening,Expansion,10.9,11.6,46.5,43.9,185675.0,24325.0,-2573.819384226357,32977.18691397448,0.007361999988966944,-0.011508926606608821,11.021044427123927,9.855780965738049
2026-01-07,POWERINDIA,NIFTY INFRA,3.899824905820548,4.026774330641736,6.292735042735043,18824.0,19898.0,18720.0,19582.0,171492,INVENTORY_MIGRATION,REGIME_SHIFT|INVENTORY_MIGRATION,TRANSITION_REGIME,TRANSITION_REGIME,Expansion,Expansion,-1.9,5.2,48.7,44.0,-11550.0,-19550.0,313.9412620535527,1096.5071416312035,0.0027338962867753946,0.027803580017804974,0.42051282051283057,-0.7447506408730487
2026-01-08,IDFCFIRSTB,NIFTY PVT BANK,1.9786729857819818,1.9907571987202166,3.681938114655803,84.39,86.45,83.38,86.07,62702609,VOLATILITY_COIL|REGIME_SHIFT|PINCH_ZONE|IV_SKEW_ACCUMULATION,INVENTORY_MIGRATION,LONG_GAMMA,LONG_GAMMA,Compression,Expansion,-91.6,-53.6,39.4,52.8,-1706600.0,-1242850.0,-196131.78554233583,1076056.9602788351,0.007096746134653054,-0.0006124929200603813,7.158864541832677,6.697454494468746
2026-01-08,DIXON,NIFTY CONS DURABLES,1.8436703483432515,1.7572156196943967,2.9637854458489876,11780.0,12055.0,11708.0,11987.0,814042,VOLATILITY_COIL,REGIME_SHIFT|INVENTORY_MIGRATION,TRANSITION_REGIME,TRANSITION_REGIME,Compression,Expansion,-1.6,12.8,47.9,56.3,-56700.0,191200.0,7848.745989608735,3357.4749585931604,-0.01827168088104858,-0.003413394839955508,-2.947129787061775,-3.4085398344257056
2026-01-08,SOLARINDS,NIFTY INFRA,0.9303721488595373,0.4705355142280876,2.89073616415787,13389.0,13739.0,13353.0,13452.0,301679,REGIME_SHIFT|INVENTORY_MIGRATION|IV_SKEW_ACCUMULATION,INVENTORY_MIGRATION,TRANSITION_REGIME,TRANSITION_REGIME,Expansion,Expansion,10.2,-0.2,43.9,51.2,77750.0,-36050.0,-1116.0300165404833,1817.0223891945816,0.01604014110909424,0.0031743085695536966,7.996146435452789,7.5347363880888585
2026-01-08,ETERNAL,NIFTY SERVICES,0.925431571453994,1.0693281055070392,3.010752688172036,280.55,287.4,279.0,283.55,38191591,REGIME_SHIFT|INVENTORY_MIGRATION,INVENTORY_MIGRATION|IV_SKEW_ACCUMULATION,LONG_GAMMA,LONG_GAMMA,Expansion,Expansion,-64.4,-100.0,39.4,56.2,-1256150.0,-6283175.0,31486.07165865414,395728.23440601176,0.0014441309971766625,0.024364431448247736,0.10591350397175514,-0.3554965433921753
2026-01-08,OBEROIRLTY,NIFTY REALTY,0.778369520688238,0.7017543859649145,2.28350606007377,1710.0,1746.9,1707.9,1722.0,564739,REGIME_SHIFT,,TRANSITION_REGIME,TRANSITION_REGIME,Flip Zone,Support Weakening,-3.4,-16.1,39.4,49.0,-34650.0,-336700.0,-4941.579381898646,29017.40769540795,0.0005743712252276323,0.011951211490585423,5.87801278898179,5.41660274161786
2026-01-08,SBILIFE,NIFTY FIN SERVICE,0.5843152404867658,0.09611225911865251,1.3444890457996905,2080.9,2095.5,2067.7,2082.9,956736,,IV_SKEW_ACCUMULATION,LONG_GAMMA,LONG_GAMMA,Support Weakening,Support Weakening,-72.6,-38.4,39.4,49.0,-1355625.0,-766125.0,39632.59883805766,120745.52143109357,-0.0005650493865268502,0.009082495853653616,3.395383469843649,2.9339734224797187
2026-01-08,ICICIBANK,NIFTY PVT BANK,0.5113119002591482,0.41987403778867005,1.327899950818523,1429.0,1442.2,1423.3,1435.0,14861699,PINCH_ZONE,FLOOR_BOUNCE|PINCH_ZONE,LONG_GAMMA,LONG_GAMMA,Support Weakening,Support Building,-100.0,100.0,40.0,49.0,-2510900.0,3310300.0,92498.08030668064,-283208.5068190739,0.011411568405107764,0.004832854270257425,5.2361396303901575,4.774729583026227
2026-01-08,INDUSTOWER,NIFTY MEDIA & COMM,0.43123543123544383,0.09292600766639403,2.9096477794793296,430.45,436.8,424.45,430.85,10696988,FLOOR_BOUNCE|REGIME_SHIFT|INVENTORY_MIGRATION|IV_SKEW_ACCUMULATION,REGIME_SHIFT,LONG_GAMMA,LONG_GAMMA,Expansion,Flip Zone,2.2,-94.8,39.4,49.2,66300.0,-1834300.0,-16758.27267114533,66525.84059950776,0.0011933666673313859,0.013252497985371314,6.580086580086575,6.1186765327226444
2026-01-08,IDEA,NIFTY MEDIA & COMM,0.3490401396160525,0.2615518744550904,3.011514614703281,11.47,11.63,11.29,11.5,836687162,,VOLATILITY_COIL,LONG_GAMMA,LONG_GAMMA,Support Weakening,Compression,-100.0,-100.0,40.9,49.8,-23014950.0,-98421075.0,-620832.2183464319,2996823.688631071,-0.003868664189477511,0.029518736851431804,7.276119402985071,6.81470935562114
2026-01-08,BAJFINANCE,NIFTY FIN SERVICE,0.32514450867053846,0.3562209602478106,1.3519113229047974,968.5,978.35,965.3,971.95,4410256,PINCH_ZONE,VOLATILITY_COIL|PINCH_ZONE,LONG_GAMMA,LONG_GAMMA,Support Weakening,Compression,-48.6,-64.6,39.4,49.0,-894000.0,-1277250.0,-43333.4356069279,208972.99014737317,0.008483931602766226,-0.007831955629222787,-3.795902207265156,-4.2573122546290865
2026-01-09,NATIONALUM,NIFTY METAL,4.362818590704642,5.198730542541941,6.249049718716715,330.85,349.4,328.85,348.05,28744580,INVENTORY_MIGRATION,INVENTORY_MIGRATION,LONG_GAMMA,LONG_GAMMA,Expansion,Expansion,-100.0,-16.5,55.2,57.5,-7267500.0,-502500.0,-323515.5164803381,462385.28820728365,0.04284017907423204,-0.009085819026367126,31.687476352629584,32.518603964020954
2026-01-09,HINDZINC,NIFTY METAL,2.657638595006362,3.111451160418266,4.089092918473192,588.15,612.2,588.15,606.45,10779863,,,TRANSITION_REGIME,LONG_GAMMA,Expansion,Expansion,-16.6,-100.0,56.7,59.6,-79625.0,-4792200.0,-642896.4901043139,408564.5221985248,0.03705421493695077,-0.034660487422498165,16.033674543193356,16.864802154584726
2026-01-09,OIL,NIFTY OIL & GAS,2.4637150872057534,1.9538834951456252,3.228155339805827,412.0,425.3,412.0,420.05,3122912,IV_SKEW_ACCUMULATION,REGIME_SHIFT|INVENTORY_MIGRATION,TRANSITION_REGIME,TRANSITION_REGIME,Support Weakening,Expansion,-54.0,-3.8,51.8,55.9,-970200.0,-154000.0,3757.639633130384,65402.66733486706,0.026346274566856953,0.0027411984624042263,3.75447696677782,4.585604578169189
2026-01-09,COFORGE,NIFTY IT,2.1007893139040723,2.045027004065769,2.2513502032890376,1647.9,1685.0,1647.9,1681.6,1700004,INVENTORY_MIGRATION,INVENTORY_MIGRATION,TRANSITION_REGIME,TRANSITION_REGIME,Expansion,Expansion,3.9,31.7,51.2,55.9,185250.0,538500.0,-94077.08956561614,44930.53661675421,0.020939235350105112,-0.005527336662302651,-8.678179645921592,-7.847052034530223
2026-01-09,ASHOKLEY,NIFTY AUTO,1.7559072187296687,1.9880499728408552,3.7302882001087445,184.1,190.76,183.9,187.76,25410790,FLOOR_BOUNCE|REGIME_SHIFT|IV_SKEW_ACCUMULATION,REGIME_SHIFT|IV_SKEW_ACCUMULATION,LONG_GAMMA,LONG_GAMMA,Flip Zone,Flip Zone,9.8,61.6,49.0,57.9,245000.0,1025000.0,-235254.5200419312,616641.873543639,0.00984759978166072,0.0024958546998571918,17.108463793426054,17.939591404817424
2026-01-09,PETRONET,NIFTY OIL & GAS,1.5186297015716166,-0.06952894142185917,3.15550906555091,287.65,295.85,286.8,287.45,7547930,INVENTORY_MIGRATION|IV_SKEW_ACCUMULATION,INVENTORY_MIGRATION,SHORT_GAMMA,SHORT_GAMMA,Expansion,Expansion,-32.1,18.1,54.0,55.5,-461700.0,285000.0,-286470.7751818142,79631.12103723598,0.04495615769042527,-0.005638755104022397,6.030984876429346,6.862112487820715
2026-01-09,ABB,NIFTY INFRA,1.433977295359501,0.8514851485148522,3.100230761513001,5050.0,5138.0,4983.5,5093.0,329338,INVENTORY_MIGRATION,INVENTORY_MIGRATION,TRANSITION_REGIME,TRANSITION_REGIME,Expansion,Expansion,-13.3,6.5,56.7,53.6,-113500.0,87875.0,-9889.192145547955,6002.81297771726,0.08226055328475901,-0.04205633595567104,-2.8516928946113462,-2.020565283219977
2026-01-09,ASIANPAINT,NIFTY FMCG,1.3996052395478298,1.276031398974875,2.530328045366459,2789.9,2856.7,2786.2,2825.5,1657381,REGIME_SHIFT|INVENTORY_MIGRATION,REGIME_SHIFT|INVENTORY_MIGRATION,TRANSITION_REGIME,TRANSITION_REGIME,Expansion,Expansion,-7.5,9.6,49.0,53.6,-116000.0,128750.0,-34391.56292419678,16485.231446900507,0.004696252721347216,-0.005645079651813434,1.6586313592861668,2.489758970677536
2026-01-09,ONGC,NIFTY OIL & GAS,1.153746435053149,0.7748934521503381,2.69396551724137,232.29,238.25,232.0,234.09,12706408,INVENTORY_MIGRATION,REGIME_SHIFT|INVENTORY_MIGRATION,LONG_GAMMA,LONG_GAMMA,Expansion,Expansion,-100.0,-100.0,51.6,53.5,-3323250.0,-11421000.0,-1368121.9183410243,2203648.625528363,0.02318849050004257,-0.017848032781314915,-1.812004530011324,-0.9808769186199551
2026-01-09,SIEMENS,NIFTY INFRA,1.1397242066788493,1.022236973116497,4.120603015075375,3013.0,3108.0,2985.0,3043.8,587723,INVENTORY_MIGRATION,INVENTORY_MIGRATION,TRANSITION_REGIME,TRANSITION_REGIME,Expansion,Expansion,-15.7,3.8,51.2,53.5,-194600.0,40950.0,-9964.834907859575,-1765.4362455437404,0.06190818301862788,-0.029251870138183977,-4.777099953073671,-3.9459723416823023
2026-01-12,BSE,NIFTY FIN SERVICE,4.53643004307922,3.355555555555556,4.283054003724396,2700.0,2800.0,2685.0,2790.6,7690160,,REGIME_SHIFT|INVENTORY_MIGRATION,TRANSITION_REGIME,TRANSITION_REGIME,Support Weakening,Expansion,-15.7,70.4,54.6,50.7,-269250.0,1179938.0,-1920.9348505058733,12819.99117804262,-0.00016040621577168013,0.048999626086831005,2.0329067641681853,3.018434820236171
2026-01-12,PREMIERENE,NIFTY ENERGY,3.923618370618165,4.06140963014654,5.013635410111195,716.5,750.9,715.05,745.6,7119994,IV_SKEW_ACCUMULATION,REGIME_SHIFT|INVENTORY_MIGRATION,SHORT_GAMMA,TRANSITION_REGIME,Dealer Controlled,Expansion,-4.3,-8.7,59.6,54.9,-28750.0,-285199.0,-15421.566014230852,43700.14199637053,-0.013261972155567292,0.03912121157458481,-18.890399782431324,-17.90487172636334
2026-01-12,HINDZINC,NIFTY METAL,3.5946904114106504,0.5521766965429054,2.7534113060428744,624.8,632.55,615.6,628.25,13671026,,,LONG_GAMMA,LONG_GAMMA,Expansion,Expansion,-100.0,17.2,59.6,54.1,-4792200.0,172725.0,408564.5221985248,340859.8570374723,-0.034660487422498165,0.005108106548794011,11.857918632600374,12.84344668866836
2026-01-12,PFC,NIFTY FIN SERVICE,3.59431596544999,4.101917961640766,5.028169014084516,357.15,372.85,355.0,371.8,8700735,FLOOR_BOUNCE|REGIME_SHIFT,REGIME_SHIFT|INVENTORY_MIGRATION|IV_SKEW_ACCUMULATION,LONG_GAMMA,LONG_GAMMA,Flip Zone,Expansion,18.5,57.4,59.6,50.7,444600.0,924950.0,-282484.5171561227,368787.74728116405,0.004164734393811542,0.012548282734351657,8.018593840790246,9.004121896858232
2026-01-12,IREDA,NIFTY ENERGY,3.57953297708804,1.078648474891053,3.6519714826131144,139.99,142.48,137.46,141.5,50046560,INVENTORY_MIGRATION,FLOOR_BOUNCE|REGIME_SHIFT|IV_SKEW_ACCUMULATION,LONG_GAMMA,LONG_GAMMA,Expansion,Expansion,-100.0,53.9,59.8,54.8,-6837900.0,828000.0,47294.01119088719,578279.3468807617,0.02634710165560261,-0.06032696306118912,3.9065942135408926,4.892122269608878
2026-01-12,COALINDIA,NIFTY ENERGY,3.3345285048404394,3.198854141799967,4.210273066281722,418.9,433.15,415.65,432.3,14407896,INVENTORY_MIGRATION|IV_SKEW_ACCUMULATION,INVENTORY_MIGRATION,LONG_GAMMA,LONG_GAMMA,Expansion,Expansion,-100.0,20.9,53.6,50.7,-2695950.0,216000.0,-151076.4886039123,404521.51530916756,0.007499588451991501,0.019090582782614107,12.769010043041607,13.754538099109594
2026-01-12,MANAPPURAM,NIFTY FIN SERVICE,2.9211124715759818,1.134410450326584,3.0000000000000027,290.9,298.7,290.0,294.2,15984613,INVENTORY_MIGRATION,INVENTORY_MIGRATION,LONG_GAMMA,LONG_GAMMA,Expansion,Expansion,-100.0,-100.0,59.8,53.7,-7602000.0,-4017000.0,-118050.62074072874,395582.1048968134,0.1677631761017887,-0.050596969888991705,2.294853963838661,3.280382019906647
2026-01-12,VEDL,NIFTY METAL,2.869558088054447,1.2099701540695396,2.2608978529603307,619.85,628.7,614.8,627.35,13566302,INVENTORY_MIGRATION,INVENTORY_MIGRATION|IV_SKEW_ACCUMULATION,LONG_GAMMA,LONG_GAMMA,Expansion,Expansion,-100.0,50.6,53.5,52.8,-2674900.0,846975.0,227758.43838738906,190580.07710675278,-0.0016483634086124077,0.01707437078813534,15.406548933038987,16.39207698910697
2026-01-12,TATASTEEL,NIFTY METAL,2.7130044843049372,2.7130044843049372,3.3832470164377515,178.4,183.65,177.64,183.24,25782267,,FLOOR_BOUNCE|REGIME_SHIFT|IV_SKEW_ACCUMULATION,LONG_GAMMA,LONG_GAMMA,Support Weakening,Expansion,-100.0,80.1,53.9,48.9,-2678500.0,1201750.0,-275842.8128895685,1689844.9992467372,-0.00023895203211848903,0.004432824369564992,6.60306009657341,7.588588152641396
2026-01-12,IEX,NIFTY OIL & GAS,2.6452732003469093,1.6679790965709929,4.407514450867045,139.69,144.5,138.4,142.02,60452419,,FLOOR_BOUNCE|REGIME_SHIFT,SHORT_GAMMA,LONG_GAMMA,Expansion,Expansion,6.7,77.3,59.8,53.7,420000.0,1374375.0,-896010.4047579787,520858.02901738585,-0.04399660876841782,-0.012084447818093924,-0.8240223463687024,0.16150570969928335
2026-01-13,OIL,NIFTY OIL & GAS,5.239661654135319,4.223385689354275,5.709586466165395,429.75,449.9,425.6,447.9,12617320,INVENTORY_MIGRATION,INVENTORY_MIGRATION|IV_SKEW_ACCUMULATION,TRANSITION_REGIME,TRANSITION_REGIME,Expansion,Expansion,3.2,74.0,46.6,54.3,21700.0,1240400.0,29299.159618376536,26876.966668195382,0.0066088054432071885,0.015853768989725237,10.989964068888614,12.123389356951531
2026-01-13,MANAPPURAM,NIFTY FIN SERVICE,4.707681849082257,4.44143075097474,5.563139931740624,294.95,309.3,293.0,308.05,12463499,INVENTORY_MIGRATION,REGIME_SHIFT,LONG_GAMMA,LONG_GAMMA,Expansion,Expansion,-100.0,100.0,53.7,54.5,-4017000.0,8928000.0,395582.1048968134,120923.01113812102,-0.050596969888991705,-0.04463899905919627,7.615720524017466,8.749145812080384
2026-01-13,ONGC,NIFTY OIL & GAS,3.423698612702042,2.4285714285714244,3.5411365564037345,238.0,244.15,235.8,243.78,22527192,FLOOR_BOUNCE|REGIME_SHIFT|INVENTORY_MIGRATION|IV_SKEW_ACCUMULATION,INVENTORY_MIGRATION,LONG_GAMMA,LONG_GAMMA,Expansion,Expansion,100.0,4.3,45.9,54.3,1870875.0,-279000.0,172589.94137516432,1648192.899690858,0.002354613969654945,0.008635884000427002,3.581899298916502,4.715324586979419
2026-01-13,ETERNAL,NIFTY SERVICES,3.2602979842243585,1.744386873920556,2.818606259726808,289.5,297.3,289.15,294.55,50350178,VOLATILITY_COIL|INVENTORY_MIGRATION|IV_SKEW_ACCUMULATION,INVENTORY_MIGRATION,LONG_GAMMA,LONG_GAMMA,Expansion,Expansion,-44.2,100.0,45.9,57.8,-858449.0,3967300.0,187915.88866809604,294533.1986513849,0.019060572287429745,0.0024424533733783393,-1.3067515496733018,-0.17332626161038478
2026-01-13,ANGELONE,NIFTY FIN SERVICE,2.989233692210269,2.577796467619864,3.368421052631576,2378.0,2455.0,2375.0,2439.3,1328986,INVENTORY_MIGRATION|IV_SKEW_ACCUMULATION,REGIME_SHIFT,TRANSITION_REGIME,TRANSITION_REGIME,Expansion,Expansion,9.5,13.3,53.8,56.6,139125.0,154250.0,5675.962051337507,15697.53588293703,0.024036882420432004,-0.003914143137077608,-5.545014520813163,-4.411589232750247
2026-01-13,MCX,NIFTY FIN SERVICE,2.5950782997762767,1.9564250778123515,2.858418937025453,2249.0,2303.0,2239.0,2293.0,2810584,IV_SKEW_ACCUMULATION,REGIME_SHIFT|IV_SKEW_ACCUMULATION,TRANSITION_REGIME,LONG_GAMMA,Dealer Controlled,Expansion,1.5,36.5,48.9,55.6,-34375.0,608125.0,57063.63377191115,65693.51341785234,-0.019280976731204658,-0.019291668478603086,-77.48870999410956,-76.35528470604663
2026-01-13,INOXWIND,NIFTY ENERGY,2.4828690931743225,1.2395604395604387,3.739910313901351,113.75,115.67,111.5,115.16,22393302,,REGIME_SHIFT|IV_SKEW_ACCUMULATION,LONG_GAMMA,LONG_GAMMA,Support Weakening,Flip Zone,-100.0,-21.7,53.5,52.7,-5855850.0,-525525.0,60926.813412549265,285240.27908902726,0.01667565304471963,0.0005444622628105744,-8.595920311135806,-7.46249502307289
2026-01-13,NATIONALUM,NIFTY METAL,2.099700042851005,1.2464589235127388,2.4633347572262654,353.0,359.8,351.15,357.4,17824247,INVENTORY_MIGRATION|IV_SKEW_ACCUMULATION,FLOOR_BOUNCE|REGIME_SHIFT|PINCH_ZONE|IV_SKEW_ACCUMULATION,LONG_GAMMA,LONG_GAMMA,Expansion,Flip Zone,-38.6,100.0,45.9,52.7,-746250.0,4391250.0,-36807.09624838666,141793.22960923763,0.0055793911411242125,-0.024338325467098354,28.23824901327592,29.371674301338835
2026-01-13,TECHM,NIFTY IT,1.8094697686148464,2.0733249051833047,2.5853350189633417,1582.0,1622.9,1582.0,1614.8,2573438,VOLATILITY_COIL|INVENTORY_MIGRATION|IV_SKEW_ACCUMULATION,INVENTORY_MIGRATION|IV_SKEW_ACCUMULATION,TRANSITION_REGIME,TRANSITION_REGIME,Expansion,Expansion,5.7,-14.6,45.9,52.7,102000.0,-342600.0,-4844.579423501134,57426.65308233647,0.0019654908138761473,-0.008680744645569116,2.5009521391392564,3.6343774272021734
2026-01-13,HINDALCO,NIFTY METAL,1.75514861707331,0.9596722018546444,1.6198060566661177,927.4,937.9,922.95,936.3,6868939,INVENTORY_MIGRATION,INVENTORY_MIGRATION|IV_SKEW_ACCUMULATION,LONG_GAMMA,LONG_GAMMA,Expansion,Expansion,-11.4,70.0,48.9,54.6,-315700.0,1279600.0,208946.98731961718,53451.279620398534,-0.0022736143143868293,-0.020474621357706058,10.432269859055253,11.56569514711817
2026-01-14,UNIONBANK,NIFTY PSU BANK,7.8705096576207945,7.864019253910959,9.641990291262136,166.2,180.69,164.8,179.27,88500243,REGIME_SHIFT|IV_SKEW_ACCUMULATION,REGIME_SHIFT|INVENTORY_MIGRATION|IV_SKEW_ACCUMULATION,LONG_GAMMA,LONG_GAMMA,Flip Zone,Expansion,-35.0,100.0,51.7,49.0,-730125.0,17483175.0,167866.57854053855,-258399.4311272754,0.007091408262960508,0.0032907549997519547,17.016971279373383,17.769095207741792
2026-01-14,VEDL,NIFTY METAL,6.049905838041414,4.443585780525505,5.808611695086818,647.0,679.45,642.15,675.75,45759805,IV_SKEW_ACCUMULATION,INVENTORY_MIGRATION,LONG_GAMMA,LONG_GAMMA,Resistance Weakening,Expansion,12.8,5.7,54.2,48.3,170200.0,-120750.0,189961.2256365522,-156525.164555419,0.0014749677124028526,0.04294314233687552,18.656716417910445,19.408840346278854
2026-01-14,MCX,NIFTY FIN SERVICE,5.407762756214574,4.904513888888884,7.049036777583195,2304.0,2445.0,2284.0,2417.0,5300087,REGIME_SHIFT|IV_SKEW_ACCUMULATION,REGIME_SHIFT|INVENTORY_MIGRATION,LONG_GAMMA,TRANSITION_REGIME,Expansion,Expansion,36.5,100.0,55.6,45.6,608125.0,2190625.0,65693.51341785234,-45050.57078311214,-0.019291668478603086,0.005446447458109183,-76.21999212908304,-75.46786820071463
2026-01-14,NATIONALUM,NIFTY METAL,4.5187465025182005,4.052924791086343,5.0519225371877585,359.0,374.3,356.3,373.55,27306024,FLOOR_BOUNCE|REGIME_SHIFT|PINCH_ZONE|IV_SKEW_ACCUMULATION,FLOOR_BOUNCE|REGIME_SHIFT|INVENTORY_MIGRATION,LONG_GAMMA,LONG_GAMMA,Flip Zone,Expansion,100.0,100.0,52.7,45.5,4391250.0,10121250.0,141793.22960923763,-169276.6257477064,-0.024338325467098354,-0.0016530420639146448,34.92866173017879,35.680785658547194
2026-01-14,HINDZINC,NIFTY METAL,3.8659998412320373,2.2187500000000027,5.420692905962765,640.0,670.95,636.45,654.2,27694609,VOLATILITY_COIL,FLOOR_BOUNCE|REGIME_SHIFT|INVENTORY_MIGRATION,LONG_GAMMA,LONG_GAMMA,Compression,Expansion,-92.1,100.0,52.3,48.8,-1768900.0,2487975.0,134047.9322580006,-66956.92294153536,0.005739819016660652,0.059587707467412154,15.236920908930763,15.989044837299172
2026-01-14,INDUSINDBK,NIFTY PVT BANK,3.7285157322497486,3.450164293537794,4.850828729281775,913.0,948.9,905.0,944.5,11559313,PINCH_ZONE,INVENTORY_MIGRATION|IV_SKEW_ACCUMULATION,TRANSITION_REGIME,TRANSITION_REGIME,Support Building,Expansion,11.6,84.7,49.6,49.0,204400.0,1487500.0,24234.841222621268,-34085.78624905029,0.0006139554354366306,0.0036725253946737757,11.768534406248165,12.520658334616574
2026-01-14,TATASTEEL,NIFTY METAL,3.658870570192252,3.658870570192252,4.948805460750849,182.57,190.65,181.66,189.25,55907778,VOLATILITY_COIL|IV_SKEW_ACCUMULATION,REGIME_SHIFT|INVENTORY_MIGRATION|IV_SKEW_ACCUMULATION,LONG_GAMMA,LONG_GAMMA,Compression,Expansion,-100.0,100.0,49.6,49.0,-3025000.0,25069000.0,169858.86658624746,-122369.80400724383,-0.0028894309802773854,0.01960812204282003,11.434964376140844,12.187088304509253
2026-01-14,BANKINDIA,NIFTY PSU BANK,3.5985361886690104,3.45831077422849,5.208048179578428,147.76,153.73,146.12,152.87,16837377,IV_SKEW_ACCUMULATION,INVENTORY_MIGRATION|IV_SKEW_ACCUMULATION,LONG_GAMMA,LONG_GAMMA,Resistance Weakening,Expansion,26.7,33.2,53.0,49.0,468000.0,499200.0,62237.864750921086,186312.24887695914,0.0019253547878931299,0.011231916089092242,9.678576553307504,10.430700481675913
2026-01-14,ANGELONE,NIFTY FIN SERVICE,3.529701143770758,3.2841192589260215,3.9835728952771987,2445.1,2532.0,2435.0,2525.4,1313670,REGIME_SHIFT,INVENTORY_MIGRATION,TRANSITION_REGIME,TRANSITION_REGIME,Expansion,Expansion,13.3,9.9,56.6,45.6,154250.0,84250.0,15697.53588293703,16290.105045922981,-0.003914143137077608,-0.005789717552955376,-0.2764176275469876,0.4757063008214213
2026-01-14,INDIANB,NIFTY PSU BANK,3.503515744420671,3.219512195121954,5.120593692022268,820.0,849.9,808.5,846.4,3279844,INVENTORY_MIGRATION,REGIME_SHIFT|INVENTORY_MIGRATION|IV_SKEW_ACCUMULATION,TRANSITION_REGIME,TRANSITION_REGIME,Expansion,Expansion,-5.4,38.5,50.7,49.0,-71000.0,622000.0,-10520.10033419793,49621.23619694947,0.023634390610710376,-0.024324816462943932,9.47422880424238,10.226352732610788
2026-01-16,FEDERALBNK,NIFTY PVT BANK,9.479440956046181,9.191919191919196,12.507577288341064,247.5,278.4,247.45,270.25,66836048,,REGIME_SHIFT|INVENTORY_MIGRATION,TRANSITION_REGIME,LONG_GAMMA,Support Weakening,Expansion,-100.0,100.0,47.3,48.5,-3240000.0,3865000.0,129409.19450792248,922418.8804275346,0.01074393275817015,0.023742634442738886,2.5227617602427754,3.0038112382343773
2026-01-16,ANGELONE,NIFTY FIN SERVICE,8.980755523877404,6.344667697063366,7.236434108527123,2588.0,2766.7,2580.0,2752.2,5582743,INVENTORY_MIGRATION,INVENTORY_MIGRATION,TRANSITION_REGIME,TRANSITION_REGIME,Expansion,Expansion,9.9,73.4,45.6,44.6,84250.0,1077000.0,16290.105045922981,2930.2367071612534,-0.005789717552955376,-0.06994960217236085,9.885810109398708,10.36685958739031
2026-01-16,OFSS,NIFTY IT,5.689815429557821,4.9442942843958,6.155171271450333,7584.5,8011.0,7546.5,7959.5,381617,IV_SKEW_ACCUMULATION,REGIME_SHIFT|INVENTORY_MIGRATION,TRANSITION_REGIME,TRANSITION_REGIME,Dealer Controlled,Expansion,-3.8,6.3,47.7,44.6,-10200.0,-65400.0,-3542.119164440935,8885.690960309377,0.00870858211093245,0.06712998537880344,3.20259319286873,3.683642670860332
2026-01-16,INFY,NIFTY IT,5.625703212901612,1.5687924505619844,2.4555461473327655,1663.7,1694.0,1653.4,1689.8,19335957,REGIME_SHIFT,FLOOR_BOUNCE|REGIME_SHIFT|INVENTORY_MIGRATION|IV_SKEW_ACCUMULATION,LONG_GAMMA,LONG_GAMMA,Flip Zone,Expansion,-29.4,100.0,41.9,44.6,-612000.0,7835600.0,41858.01630139584,994914.7320519269,0.004570231142362435,-0.04341924028696986,5.480649188514364,5.961698666505965
2026-01-16,TECHM,NIFTY IT,5.1621026125275415,4.406249999999989,5.0437500000000135,1600.0,1680.7,1600.0,1670.5,3733401,REGIME_SHIFT|IV_SKEW_ACCUMULATION,REGIME_SHIFT|INVENTORY_MIGRATION|IV_SKEW_ACCUMULATION,TRANSITION_REGIME,TRANSITION_REGIME,Flip Zone,Expansion,-22.8,27.4,41.6,48.1,-382200.0,333600.0,-9807.041742471716,62426.173611200415,0.01371069654300161,0.028462061437579733,5.768013169558062,6.249062647549664
2026-01-16,AUBANK,NIFTY PVT BANK,5.02381318174836,5.115325474115839,6.339373289969541,975.5,1029.95,968.55,1025.4,7202895,PINCH_ZONE,REGIME_SHIFT|PINCH_ZONE,TRANSITION_REGIME,TRANSITION_REGIME,Support Building,Expansion,15.4,79.1,40.8,44.6,288000.0,1348000.0,-4375.684684342705,2625.757935041649,0.0024779873035948308,0.03535977469704665,3.5443804907603793,4.025429968751981
2026-01-16,LTIM,Other,4.6016084901749466,4.6016084901749466,5.62971561230412,6030.5,6370.0,6030.5,6308.0,872154,REGIME_SHIFT|IV_SKEW_ACCUMULATION,REGIME_SHIFT|INVENTORY_MIGRATION,TRANSITION_REGIME,TRANSITION_REGIME,Flip Zone,Expansion,-4.2,7.5,40.8,48.1,-45900.0,-7350.0,-3601.352585161845,9935.875674788796,0.013990662295942369,-0.01789721906223163,0.8876449420231802,1.3686944200147821
2026-01-16,360ONE,NIFTY FIN SERVICE,4.220327184128081,0.6470588235294228,4.144903117101939,1190.0,1236.2,1187.0,1197.7,4335885,INVENTORY_MIGRATION,REGIME_SHIFT|INVENTORY_MIGRATION,TRANSITION_REGIME,TRANSITION_REGIME,Expansion,Expansion,-2.8,-48.7,42.2,46.7,-86000.0,-1075500.0,4619.51615976484,56118.38842399762,-0.012622083132600215,0.02601730916590944,6.358227510878267,6.8392769888698695
2026-01-16,RBLBANK,NIFTY PVT BANK,4.038461538461546,3.0476190476190546,4.269841269841268,315.0,328.45,315.0,324.6,16184591,INVENTORY_MIGRATION|IV_SKEW_ACCUMULATION,,LONG_GAMMA,LONG_GAMMA,Expansion,Expansion,-85.5,-1.3,46.6,48.1,-1717675.0,-152400.0,205271.26421379476,28039.88610848837,0.00444431436337267,0.07854077845303825,9.311331874052886,9.792381352044488
2026-01-16,HINDPETRO,NIFTY OIL & GAS,4.032716119504709,2.898876404494377,3.08988764044944,445.0,458.75,445.0,457.9,8060832,INVENTORY_MIGRATION,FLOOR_BOUNCE|REGIME_SHIFT|INVENTORY_MIGRATION|IV_SKEW_ACCUMULATION,TRANSITION_REGIME,LONG_GAMMA,Expansion,Expansion,-60.6,38.1,41.6,44.9,-1093500.0,575100.0,-55514.44714239733,237187.43992957598,-0.012638597087297643,0.02036246807619696,-1.6220861531850872,-1.1410366751934853
2026-01-19,CGPOWER,NIFTY INFRA,5.038276660138852,1.724137931034475,4.655172413793096,580.0,607.0,580.0,590.0,17314136,INVENTORY_MIGRATION,,TRANSITION_REGIME,TRANSITION_REGIME,Expansion,Expansion,-49.2,6.8,46.7,46.1,-856800.0,-69700.0,-48100.95480152579,156795.4705504602,0.007536777865392974,0.031554705668230876,-10.849199153822898,-9.958069582692321
2026-01-19,POWERINDIA,NIFTY INFRA,4.625632169729865,4.271928207019493,5.802469135802468,16269.0,17140.0,16200.0,16964.0,262806,INVENTORY_MIGRATION,REGIME_SHIFT|INVENTORY_MIGRATION,TRANSITION_REGIME,TRANSITION_REGIME,Expansion,Expansion,-10.1,8.2,44.8,45.9,-75700.0,16800.0,397.8684405369461,3783.284303683215,-0.02502085410866889,0.020364336668973637,-6.5859030837004395,-5.694773512569862
2026-01-19,INDIGO,NIFTY SERVICES,4.251054852320668,3.7149753384405404,3.945849512015953,4764.5,4952.5,4764.5,4941.5,2171150,VOLATILITY_COIL|PINCH_ZONE,INVENTORY_MIGRATION,TRANSITION_REGIME,TRANSITION_REGIME,Compression,Expansion,1.4,52.6,39.9,45.9,19350.0,826350.0,9566.298283460608,98812.12672418464,0.026882600203869622,0.025074355277595772,-3.4014270354803977,-2.51029746434982
2026-01-19,POLYCAB,NIFTY INFRA,4.163448711647821,3.2788026453184793,3.961156909319552,7182.5,7440.5,7157.0,7418.0,1189009,INVENTORY_MIGRATION|IV_SKEW_ACCUMULATION,INVENTORY_MIGRATION,TRANSITION_REGIME,TRANSITION_REGIME,Expansion,Expansion,-27.7,3.9,45.8,45.9,-471000.0,-71625.0,10761.348612933503,38244.22373646838,0.020251962582613636,-0.06967036525309378,4.493590646569934,5.384720217700512
2026-01-19,POLICYBZR,NIFTY FIN SERVICE,3.7901234567901287,3.7901234567901287,4.67789029011616,1620.0,1685.0,1609.7,1681.4,2218140,INVENTORY_MIGRATION|IV_SKEW_ACCUMULATION,INVENTORY_MIGRATION,TRANSITION_REGIME,TRANSITION_REGIME,Expansion,Expansion,-10.6,18.6,45.0,45.9,-152950.0,238350.0,-5453.1256285557865,30790.56478268201,-0.015462016730107053,0.044061154910990386,-8.340601831661576,-7.449472260530999
2026-01-19,BANKINDIA,NIFTY PSU BANK,3.629083513410447,3.458121827411187,4.675159235668791,157.6,164.34,157.0,163.05,35194066,INVENTORY_MIGRATION|IV_SKEW_ACCUMULATION,INVENTORY_MIGRATION,LONG_GAMMA,LONG_GAMMA,Expansion,Expansion,100.0,-100.0,46.8,45.9,2111200.0,-4524000.0,-918.8444112724974,268495.43505036936,-0.0010695952945674048,0.03906713924864891,14.581869290231907,15.472998861362484
2026-01-19,HINDZINC,NIFTY METAL,3.5515484123872954,1.6000000000000014,2.9146426092991007,650.0,667.35,648.45,660.4,16631601,INVENTORY_MIGRATION|IV_SKEW_ACCUMULATION,INVENTORY_MIGRATION,LONG_GAMMA,LONG_GAMMA,Expansion,Expansion,-100.0,-33.4,43.2,48.7,-7335300.0,-823200.0,46202.26802469231,432312.3927569988,0.027834659371481885,0.016680340928291626,11.52579582875961,12.41692539989019
2026-01-19,FEDERALBNK,NIFTY PVT BANK,3.4967622571692836,3.0392337447043616,3.700277520814055,271.45,280.25,270.25,279.7,31846487,REGIME_SHIFT|INVENTORY_MIGRATION,INVENTORY_MIGRATION|IV_SKEW_ACCUMULATION,LONG_GAMMA,LONG_GAMMA,Expansion,Expansion,100.0,100.0,48.5,46.1,3865000.0,17310000.0,922418.8804275346,168184.27088056703,0.023742634442738886,-0.03722110387887689,5.388093443858333,6.279223014988911
2026-01-19,COLPAL,NIFTY FMCG,3.477765108323827,3.650121353447866,5.444221776887104,2101.3,2209.9,2095.8,2178.0,1131606,REGIME_SHIFT|PINCH_ZONE|IV_SKEW_ACCUMULATION,INVENTORY_MIGRATION,TRANSITION_REGIME,TRANSITION_REGIME,Flip Zone,Expansion,3.0,25.6,39.9,46.1,39825.0,364050.0,10207.4519416939,1597.0337832017249,0.023315721613517026,0.05198783029481013,4.210526315789465,5.101655886920042
2026-01-19,IIFL,Other,2.8643572950366902,3.132911392405058,3.880952380952385,632.0,654.45,630.0,651.8,1970220,VOLATILITY_COIL|INVENTORY_MIGRATION|IV_SKEW_ACCUMULATION,,TRANSITION_REGIME,TRANSITION_REGIME,Expansion,Expansion,-31.8,-0.4,39.9,44.7,-600600.0,-103950.0,9742.298200492296,72200.74269945848,0.006841320133790407,0.11584332222619714,16.28902765388045,17.180157225011026
2026-01-20,HINDZINC,NIFTY METAL,3.0814657783161836,1.786782296650724,6.396946564885497,668.8,696.9,655.0,680.75,46014901,INVENTORY_MIGRATION,IV_SKEW_ACCUMULATION,LONG_GAMMA,LONG_GAMMA,Expansion,Expansion,-33.4,100.0,48.7,57.3,-823200.0,4414900.0,432312.3927569988,259851.38754844153,0.016680340928291626,-0.031743334095488906,15.626326963906578,18.45267177874422
2026-01-20,DALBHARAT,NIFTY COMMODITIES,1.5900978165129143,2.2155884136386916,4.018779342723011,2143.9,2215.6,2130.0,2191.4,1166469,REGIME_SHIFT,INVENTORY_MIGRATION|IV_SKEW_ACCUMULATION,TRANSITION_REGIME,TRANSITION_REGIME,Flip Zone,Expansion,1.7,2.0,41.3,52.4,38350.0,-14950.0,6702.092655608736,3991.719588553071,0.0412678967351674,-0.029721885866000886,8.738153128566474,11.564497943404119
2026-01-20,TATACONSUM,NIFTY FMCG,0.40671072699542954,0.4237288135593209,2.3463402193318217,1180.0,1203.9,1176.3,1185.0,2027446,REGIME_SHIFT,INVENTORY_MIGRATION|IV_SKEW_ACCUMULATION,TRANSITION_REGIME,TRANSITION_REGIME,Flip Zone,Expansion,-4.3,-2.1,41.2,50.5,-55550.0,-60500.0,-21930.708797005354,12309.539423274662,0.017823308260462634,-0.006931260212391432,0.08445945945945166,2.9108042742970963
2026-01-20,HDFCBANK,NIFTY PVT BANK,0.3556417717426541,0.20445496610352887,1.620269682470643,929.3,934.5,919.6,931.2,36022727,REGIME_SHIFT|INVENTORY_MIGRATION,FLOOR_BOUNCE|REGIME_SHIFT|INVENTORY_MIGRATION|IV_SKEW_ACCUMULATION,LONG_GAMMA,LONG_GAMMA,Expansion,Expansion,-100.0,100.0,41.2,50.5,-13927650.0,11507100.0,1803856.6717930227,-822683.4973385306,-0.021196692756153768,-0.006837331452723139,-5.509893455098935,-2.6835486402612907
2026-01-20,MANKIND,NIFTY PHARMA,0.33534857358776815,0.5823863636363669,2.2951605174892142,2112.0,2134.9,2087.0,2124.3,534187,PINCH_ZONE,VOLATILITY_COIL|INVENTORY_MIGRATION|IV_SKEW_ACCUMULATION,TRANSITION_REGIME,TRANSITION_REGIME,Expansion,Expansion,-18.8,6.8,42.6,51.3,-282600.0,121950.0,-1619.7979421855161,-1447.023895547536,0.044641105476626586,0.0006379806654662756,-2.200635329865097,0.6257094849725475
2026-01-20,GODREJCP,NIFTY FMCG,0.17042687875343798,-0.962850036106877,2.897135416666674,1246.3,1264.4,1228.8,1234.3,1806384,VOLATILITY_COIL|REGIME_SHIFT|INVENTORY_MIGRATION,REGIME_SHIFT|INVENTORY_MIGRATION|IV_SKEW_ACCUMULATION,TRANSITION_REGIME,TRANSITION_REGIME,Expansion,Expansion,1.6,-13.9,41.2,50.5,40500.0,-277000.0,-860.9818732084168,16586.188684943,0.011760785057666978,0.005927390621272455,4.054965435845559,6.881310250683203
2026-01-20,DRREDDY,NIFTY PHARMA,-0.04283755997258609,-0.14549811708319815,2.703633545720674,1168.4,1192.8,1161.4,1166.7,2790934,,VOLATILITY_COIL|INVENTORY_MIGRATION|IV_SKEW_ACCUMULATION,SHORT_GAMMA,TRANSITION_REGIME,Dealer Controlled,Expansion,-4.3,-5.6,47.2,50.5,-56875.0,-118125.0,-26965.92494619971,32683.864648537412,0.03173251923385184,0.014723688661687995,-8.723204506337034,-5.8968596914993885
2026-01-20,LICI,NIFTY FIN SERVICE,-0.07409694350107854,-0.07409694350107854,1.9751552795030936,809.75,820.9,805.0,809.15,974480,INVENTORY_MIGRATION|IV_SKEW_ACCUMULATION,VOLATILITY_COIL|INVENTORY_MIGRATION,TRANSITION_REGIME,TRANSITION_REGIME,Expansion,Expansion,23.6,14.1,41.2,50.5,491400.0,269500.0,-50922.53671286462,1585.0997861130272,0.005767392584491604,0.005762212843357428,-5.029342723004692,-2.2029979081670477
2026-01-20,SBIN,NIFTY PSU BANK,-0.19260400616333273,-0.32219283481604855,1.8343739412419513,1039.75,1052.0,1033.05,1036.4,8905718,INVENTORY_MIGRATION|IV_SKEW_ACCUMULATION,REGIME_SHIFT|IV_SKEW_ACCUMULATION,LONG_GAMMA,LONG_GAMMA,Expansion,Flip Zone,-90.0,-100.0,41.2,50.5,-1757250.0,-2516250.0,496776.7517371408,406215.5638638849,0.012082602776077367,0.010187147699910748,5.722737937366129,8.549082752203773
2026-01-20,CUMMINSIND,NIFTY INFRA,-0.2579812963560135,-0.32473971244422195,1.550000000000007,4034.0,4062.0,4000.0,4020.9,440629,REGIME_SHIFT|IV_SKEW_ACCUMULATION,VOLATILITY_COIL|REGIME_SHIFT|INVENTORY_MIGRATION|IV_SKEW_ACCUMULATION,TRANSITION_REGIME,TRANSITION_REGIME,Flip Zone,Expansion,-1.0,13.1,42.3,50.5,4800.0,257800.0,-9098.777153300525,-14218.832472160188,0.014977935826911482,0.00442114854196346,-8.831398512606558,-6.005053697768913
2026-01-21,ETERNAL,NIFTY SERVICES,5.15578635014835,5.292479108635106,6.845238095238093,269.25,287.2,268.8,283.5,71728259,INVENTORY_MIGRATION,REGIME_SHIFT|INVENTORY_MIGRATION,LONG_GAMMA,LONG_GAMMA,Expansion,Expansion,-100.0,100.0,55.8,52.1,-9033125.0,21788625.0,-332887.6943770404,370542.1356878985,0.07525736960297835,-0.0024681405479500818,-1.1161492849668608,2.7615997942157966
2026-01-21,SWIGGY,NIFTY FMCG,2.591229684145957,2.701458173445892,6.595477386934667,325.75,339.4,318.4,334.55,18958128,REGIME_SHIFT|INVENTORY_MIGRATION|IV_SKEW_ACCUMULATION,INVENTORY_MIGRATION,SHORT_GAMMA,TRANSITION_REGIME,Expansion,Expansion,-11.2,6.4,51.6,49.8,-141700.0,31200.0,-43886.25787514716,93896.47561450288,0.01813784034020216,0.04321041520010399,-17.679625984251956,-13.8018769050693
2026-01-21,HINDZINC,NIFTY METAL,2.4678663239074528,2.2800586510263843,2.974660301138443,682.0,701.0,680.75,697.55,29031895,IV_SKEW_ACCUMULATION,IV_SKEW_ACCUMULATION,LONG_GAMMA,LONG_GAMMA,Expansion,Support Weakening,100.0,-35.6,57.3,49.8,4414900.0,-721525.0,259851.38754844153,142522.57740227855,-0.031743334095488906,-0.015255312492750472,15.012366034624879,18.890115113807536
2026-01-21,DABUR,NIFTY FMCG,2.1975846367056073,3.013370584713626,3.45240470963879,501.1,518.4,501.1,516.2,4341920,IV_SKEW_ACCUMULATION,REGIME_SHIFT|INVENTORY_MIGRATION|IV_SKEW_ACCUMULATION,TRANSITION_REGIME,TRANSITION_REGIME,Support Building,Expansion,11.5,74.6,50.5,46.1,282500.0,1336250.0,-155108.7410583248,124402.07746406973,-0.007340327347042597,0.006751359720956973,4.557423536560679,8.435172615743337
2026-01-21,NAUKRI,NIFTY IT,2.169247278859432,3.3255813953488422,5.776656946961922,1290.0,1342.2,1268.9,1332.9,2016669,REGIME_SHIFT,INVENTORY_MIGRATION,TRANSITION_REGIME,TRANSITION_REGIME,Flip Zone,Expansion,11.1,13.4,55.6,49.2,241125.0,179625.0,-32942.85377446594,47482.51277763367,0.035467309065471186,-0.05616059066072443,-0.9438168846611084,2.933932194521549
2026-01-21,DALBHARAT,NIFTY COMMODITIES,1.8709500775759835,1.7966256269949854,3.270231679793656,2193.0,2242.1,2171.1,2232.4,883916,INVENTORY_MIGRATION|IV_SKEW_ACCUMULATION,INVENTORY_MIGRATION|IV_SKEW_ACCUMULATION,TRANSITION_REGIME,TRANSITION_REGIME,Expansion,Expansion,2.0,-17.4,52.4,46.1,-14950.0,-394875.0,3991.719588553071,32652.242557670208,-0.029721885866000886,0.023714431140078207,10.833085095819683,14.71083417500234
2026-01-21,MOTHERSON,NIFTY AUTO,1.6498285290573733,3.150865312264872,4.740406320541757,106.32,111.36,106.32,109.67,17449709,,FLOOR_BOUNCE,TRANSITION_REGIME,LONG_GAMMA,Expansion,Support Building,-100.0,100.0,55.8,46.2,-5990100.0,5811750.0,-675722.4511933133,345089.6617244594,0.01297688706664113,-0.017105188759390322,-9.445958219800177,-5.56820914061752
2026-01-21,ADANIENSOL,NIFTY ENERGY,1.558441558441559,1.6158192090395485,3.606070980257914,885.0,907.9,876.3,899.3,1645912,INVENTORY_MIGRATION,REGIME_SHIFT,TRANSITION_REGIME,TRANSITION_REGIME,Expansion,Flip Zone,-19.6,22.0,51.6,45.3,-300375.0,372600.0,-28025.913060226096,16068.63447208011,0.02793545811578757,-0.030400494092270858,-10.774878460164706,-6.897129380982048
2026-01-21,ULTRACEMCO,NIFTY COMMODITIES,1.4263205904303744,1.4263205904303744,2.469959946595468,12059.0,12280.0,11984.0,12231.0,209393,REGIME_SHIFT|IV_SKEW_ACCUMULATION,,TRANSITION_REGIME,TRANSITION_REGIME,Flip Zone,Support Building,-4.6,4.1,51.2,44.1,-35950.0,31700.0,-11109.915176123606,10399.501284991446,0.011056420698885017,-0.006584829688530913,6.061394380853269,9.939143460035925
2026-01-21,INDIGO,NIFTY SERVICES,1.4091858037578398,1.5257602675305737,4.2526315789473745,4784.5,4952.0,4750.0,4857.5,1740395,REGIME_SHIFT|INVENTORY_MIGRATION|IV_SKEW_ACCUMULATION,REGIME_SHIFT|INVENTORY_MIGRATION|IV_SKEW_ACCUMULATION,TRANSITION_REGIME,TRANSITION_REGIME,Expansion,Expansion,-18.9,37.8,51.5,44.1,-233250.0,657600.0,-98177.64569764741,13190.94655868841,-0.007175373583364231,0.01828037400935134,-5.597123700320672,-1.719374621138015
2026-01-22,WAAREEENER,NIFTY ENERGY,9.206283588259613,2.990253411306032,7.03125,2565.0,2740.0,2560.0,2641.7,9970347,INVENTORY_MIGRATION|IV_SKEW_ACCUMULATION,REGIME_SHIFT|INVENTORY_MIGRATION,TRANSITION_REGIME,TRANSITION_REGIME,Expansion,Expansion,-14.4,35.4,49.3,47.4,-179900.0,340725.0,-9406.736104699976,36995.37584389461,0.06157997032043161,-0.1157664561218027,-14.690305496350842,-11.300899086562154
2026-01-22,BANKINDIA,NIFTY PSU BANK,5.676911353822711,3.366459627329177,4.596273291925468,161.0,168.4,161.0,166.42,42718644,PINCH_ZONE|IV_SKEW_ACCUMULATION,REGIME_SHIFT|INVENTORY_MIGRATION|IV_SKEW_ACCUMULATION,LONG_GAMMA,LONG_GAMMA,Support Weakening,Expansion,-38.9,100.0,43.4,50.2,-681200.0,3411200.0,-152531.709865639,722967.8700613236,0.052553156459007155,-0.11925877860542489,18.120519554262195,21.509925964050883
2026-01-22,SONACOMS,NIFTY AUTO,5.546180672741596,4.244444444444451,5.828289621161176,450.0,472.1,446.1,469.1,2758332,VOLATILITY_COIL|PINCH_ZONE,REGIME_SHIFT|INVENTORY_MIGRATION,TRANSITION_REGIME,TRANSITION_REGIME,Compression,Expansion,-0.0,62.9,43.4,47.4,13475.0,1025325.0,-21898.76813476126,71509.45259055472,0.03345153515068772,0.0007947095112399993,-3.9320090108539762,-0.5426026010652896
2026-01-22,INDIANB,NIFTY PSU BANK,5.431779436834994,4.309642898685584,6.298290798407868,859.7,908.0,854.2,896.75,5457242,REGIME_SHIFT|PINCH_ZONE,INVENTORY_MIGRATION|IV_SKEW_ACCUMULATION,TRANSITION_REGIME,LONG_GAMMA,Flip Zone,Expansion,-11.9,-23.6,43.4,47.4,-244000.0,-654000.0,30801.7606671678,230828.26907002355,-0.0003806170404409559,0.008673232547853682,14.490903287583778,17.880309697372464
2026-01-22,DRREDDY,NIFTY PHARMA,5.2108537849982595,1.882845188284521,3.1405237012713583,1195.0,1225.0,1187.7,1217.5,6464461,INVENTORY_MIGRATION|IV_SKEW_ACCUMULATION,REGIME_SHIFT|INVENTORY_MIGRATION|IV_SKEW_ACCUMULATION,TRANSITION_REGIME,LONG_GAMMA,Expansion,Expansion,-46.0,11.9,43.4,47.4,-873125.0,16250.0,45837.24103575932,262935.08033776545,0.04479180809719174,-0.050240809945824694,-5.142189326061553,-1.7527829162728663
2026-01-22,APLAPOLLO,NIFTY INFRA,5.184712019589055,4.05476566614007,5.16272659811301,1899.0,1984.0,1886.6,1976.0,1290138,,REGIME_SHIFT|INVENTORY_MIGRATION|IV_SKEW_ACCUMULATION,TRANSITION_REGIME,TRANSITION_REGIME,Support Building,Expansion,0.8,9.4,44.2,47.4,59150.0,11900.0,-21116.862159507436,54484.51123269918,-0.009338250971707929,-0.0200618830525654,5.787247711333587,9.176654121122274
2026-01-22,ASHOKLEY,NIFTY AUTO,4.987861399249605,2.6875337290879653,3.7446485666287277,185.3,191.44,184.53,190.28,20314511,VOLATILITY_COIL|FLOOR_BOUNCE,REGIME_SHIFT,LONG_GAMMA,LONG_GAMMA,Compression,Expansion,100.0,100.0,44.7,47.4,3220000.0,20995000.0,-354734.7986698069,423081.967885002,-0.00565291936439144,-0.0061947659143096745,6.922904023376031,10.312310433164718
2026-01-22,ASTRAL,NIFTY CONS DURABLES,4.852351981006087,4.6814814814814865,5.481481481481487,1350.0,1424.0,1350.0,1413.2,637788,GAMMA_SQUEEZE|INVENTORY_MIGRATION,INVENTORY_MIGRATION|IV_SKEW_ACCUMULATION,SHORT_GAMMA,TRANSITION_REGIME,Expansion,Expansion,-3.4,-15.6,44.7,47.4,21250.0,-454750.0,-16482.61354618015,138159.10200816076,0.023112453110161246,-0.037741474109339535,-0.26817219477769383,3.121234215010993
2026-01-22,SUPREMEIND,NIFTY CONS DURABLES,4.153850748051502,4.3657799455399715,5.382299819385916,3341.9,3500.8,3322.0,3487.8,536820,INVENTORY_MIGRATION,REGIME_SHIFT|INVENTORY_MIGRATION,TRANSITION_REGIME,TRANSITION_REGIME,Expansion,Expansion,0.6,8.2,44.2,47.4,16100.0,41825.0,3122.0829138649888,19390.031890316684,-0.040489649529246,0.0033604670056430197,4.085469575337974,7.474875985126661
2026-01-22,PREMIERENE,NIFTY ENERGY,4.014341957255341,1.2801204819277157,5.305555555555563,730.4,758.2,720.0,739.75,4916795,IV_SKEW_ACCUMULATION,REGIME_SHIFT,SHORT_GAMMA,TRANSITION_REGIME,Expansion,Expansion,-17.7,-28.9,49.3,51.0,-248400.0,-685975.0,-39828.56508301495,86952.76995003496,-0.014784511614288731,0.07097448838665266,-15.980464535180882,-12.591058125392195
2026-01-23,BANDHANBNK,NIFTY PVT BANK,4.82240628948476,-0.5792276964047827,4.85871812543075,150.2,152.15,145.1,149.33,66066666,INVENTORY_MIGRATION,FLOOR_BOUNCE|REGIME_SHIFT|PINCH_ZONE,LONG_GAMMA,LONG_GAMMA,Expansion,Expansion,70.4,100.0,48.6,67.4,1177200.0,5526000.0,534818.8852098363,87245.764136045,-0.049684082009221364,0.008552169762637729,2.0501605959133418,6.232877363120249
2026-01-23,HINDZINC,NIFTY METAL,4.55667789001124,0.5323741007194238,3.190175132621187,695.0,710.0,688.05,698.7,32427217,INVENTORY_MIGRATION|IV_SKEW_ACCUMULATION,FLOOR_BOUNCE|INVENTORY_MIGRATION|IV_SKEW_ACCUMULATION,LONG_GAMMA,LONG_GAMMA,Expansion,Expansion,-73.4,100.0,43.0,67.4,-1249500.0,13630575.0,-302815.74809899554,-218124.26108068554,0.02513169276772992,-0.016314801376918486,11.818836520764986,16.001553287971895
2026-01-23,VOLTAS,NIFTY CONS DURABLES,1.6930807885581878,1.3405238828967603,5.250965250965245,1298.0,1363.0,1295.0,1315.4,1639531,VOLATILITY_COIL|REGIME_SHIFT|INVENTORY_MIGRATION|IV_SKEW_ACCUMULATION,REGIME_SHIFT|INVENTORY_MIGRATION|IV_SKEW_ACCUMULATION,TRANSITION_REGIME,TRANSITION_REGIME,Expansion,Expansion,8.3,-26.5,42.2,65.3,162000.0,-586875.0,5498.421855897515,17884.111663620643,-0.059773103642299596,0.009375478417241845,-5.685810568581051,-1.5030938013741437
2026-01-23,NATIONALUM,NIFTY METAL,1.6593527153044407,1.0358457135068777,4.72085385878489,366.85,382.65,365.4,370.65,22954119,FLOOR_BOUNCE|REGIME_SHIFT|INVENTORY_MIGRATION|IV_SKEW_ACCUMULATION,FLOOR_BOUNCE|REGIME_SHIFT|INVENTORY_MIGRATION|IV_SKEW_ACCUMULATION,LONG_GAMMA,LONG_GAMMA,Expansion,Expansion,100.0,100.0,42.5,65.3,3480000.0,3150000.0,-35311.69526571734,-273325.1240661442,-0.01664628327285811,0.022421738325449247,25.516423975617997,29.699140742824902
2026-01-23,DRREDDY,NIFTY PHARMA,1.486652977412728,0.45528455284551406,2.106122448979586,1230.0,1250.8,1225.0,1235.6,3888860,REGIME_SHIFT|INVENTORY_MIGRATION|IV_SKEW_ACCUMULATION,FLOOR_BOUNCE|REGIME_SHIFT|INVENTORY_MIGRATION|IV_SKEW_ACCUMULATION,LONG_GAMMA,LONG_GAMMA,Expansion,Expansion,11.9,61.6,47.4,65.3,16250.0,1135000.0,262935.08033776545,42635.53870098916,-0.050240809945824694,0.004004084809175468,-2.3858429451730223,1.7968738220338847
2026-01-23,ASHOKLEY,NIFTY AUTO,1.4189615303762837,0.5104166666666687,4.847368421052645,192.0,199.21,190.0,192.98,32467563,REGIME_SHIFT,INVENTORY_MIGRATION,LONG_GAMMA,LONG_GAMMA,Expansion,Expansion,100.0,-80.6,47.4,65.4,20995000.0,-1540000.0,423081.967885002,-344539.9491162372,-0.0061947659143096745,0.007517736529647989,10.079288118190632,14.26200488539754
2026-01-23,APLAPOLLO,NIFTY INFRA,1.2196356275303577,0.004999999999988347,3.966659971881903,2000.0,2070.6,1991.6,2000.1,2186960,REGIME_SHIFT|INVENTORY_MIGRATION|IV_SKEW_ACCUMULATION,REGIME_SHIFT|INVENTORY_MIGRATION|IV_SKEW_ACCUMULATION,TRANSITION_REGIME,TRANSITION_REGIME,Expansion,Expansion,9.4,3.6,47.4,65.3,11900.0,27650.0,54484.51123269918,-40337.0071827236,-0.0200618830525654,-0.03559749702750237,7.61325729043365,11.795974057640557
2026-01-23,PETRONET,NIFTY OIL & GAS,1.1088892928558414,-1.0320284697508786,2.133429759537142,281.0,282.45,276.55,278.1,3056627,GAMMA_SQUEEZE|VOLATILITY_COIL|INVENTORY_MIGRATION,GAMMA_SQUEEZE|REGIME_SHIFT|INVENTORY_MIGRATION,SHORT_GAMMA,SHORT_GAMMA,Expansion,Expansion,23.7,83.4,42.2,66.7,457900.0,1559900.0,22713.366913502658,-45901.54396241295,0.01569606812093499,0.020283029555303145,-1.0496352962106381,3.133081470996269
2026-01-23,LAURUSLABS,NIFTY PHARMA,1.053887452773905,-0.14736221632772883,4.479999999999995,1017.9,1044.8,1000.0,1016.4,4200801,REGIME_SHIFT|PINCH_ZONE,PINCH_ZONE,TRANSITION_REGIME,TRANSITION_REGIME,Flip Zone,Support Building,-19.3,17.2,44.9,65.3,-425000.0,266900.0,67649.7432154481,79491.64398858827,-0.004427893777121161,-0.028270704573878203,-6.305309734513276,-2.1225929673063693
2026-01-23,TATATECH,Other,0.82803036111323,0.6967840735068842,2.287783084270534,653.0,663.95,649.1,657.55,1175442,INVENTORY_MIGRATION,REGIME_SHIFT|PINCH_ZONE,TRANSITION_REGIME,TRANSITION_REGIME,Expansion,Flip Zone,-13.2,5.8,42.9,65.0,-293600.0,80000.0,52982.13500549535,42868.43139248909,-0.034315077373404224,0.012044329673460252,-0.007603406326039952,4.175113360880867
2026-01-27,SONACOMS,NIFTY AUTO,6.950230212672648,3.787234042553189,6.418039895923688,470.0,490.8,461.2,487.8,8264444,INVENTORY_MIGRATION,REGIME_SHIFT|INVENTORY_MIGRATION,TRANSITION_REGIME,TRANSITION_REGIME,Expansion,Expansion,7.0,43.4,65.6,68.1,220500.0,627200.0,-69237.57241679454,-13958.118709276878,0.0067197952444544296,-0.2813885302954559,1.1823273179838223,4.5111423612019586
2026-01-27,MCX,NIFTY FIN SERVICE,5.95968448729185,1.383647798742138,6.30160799652324,2385.0,2446.0,2301.0,2418.0,6439930,FLOOR_BOUNCE|REGIME_SHIFT,REGIME_SHIFT,LONG_GAMMA,TRANSITION_REGIME,Flip Zone,Expansion,35.1,100.0,68.1,69.3,730000.0,5921875.0,-78489.43388496822,-162329.89098777898,0.029363185428270322,-0.32865522777218653,-78.12160694896852,-74.79279190575038
2026-01-27,ADANIENT,NIFTY SERVICES,5.112112434288174,2.64536406495548,4.273639725303746,1909.0,1973.9,1893.0,1959.5,5449633,INVENTORY_MIGRATION,INVENTORY_MIGRATION,TRANSITION_REGIME,TRANSITION_REGIME,Expansion,Expansion,-68.0,47.5,68.2,68.1,-1055853.0,804945.0,-46542.40468494264,5411.219842540037,0.2818473849358989,-0.36682419121533416,-12.126104309610298,-8.797289266392163
2026-01-27,AXISBANK,NIFTY PVT BANK,4.594594594594592,2.0949720670391025,4.2866082603254085,1288.8,1333.2,1278.4,1315.8,22715357,INVENTORY_MIGRATION,GAMMA_SQUEEZE|REGIME_SHIFT|INVENTORY_MIGRATION|IV_SKEW_ACCUMULATION,LONG_GAMMA,SHORT_GAMMA,Expansion,Expansion,-71.3,100.0,65.6,68.1,-1008750.0,13327500.0,-2032724.403441621,-924332.3723594542,0.09602633057604765,-0.22822298237809735,7.132388861748895,10.461203904967032
2026-01-27,ADANIENSOL,NIFTY ENERGY,4.478897502153312,2.301204819277114,5.694564279551351,830.0,857.5,811.3,849.1,3675055,INVENTORY_MIGRATION|IV_SKEW_ACCUMULATION,,TRANSITION_REGIME,TRANSITION_REGIME,Expansion,Expansion,-94.5,-6.0,68.2,69.5,-1467450.0,-224100.0,-35983.23725232008,20297.12849323892,0.13385147636254063,-0.3779491186578155,-16.36954594701073,-13.040730903792596
2026-01-27,JSWSTEEL,NIFTY METAL,4.444444444444451,2.088554720133673,4.033144499873176,1197.0,1230.4,1182.7,1222.0,3808562,IV_SKEW_ACCUMULATION,INVENTORY_MIGRATION|IV_SKEW_ACCUMULATION,TRANSITION_REGIME,TRANSITION_REGIME,Support Building,Expansion,3.0,-24.3,64.6,68.1,97200.0,-594675.0,-69438.04445829727,3418.1844548356676,0.00917374240978902,-0.18766655767542217,11.659356725146196,14.988171768364332
2026-01-27,SAIL,NIFTY METAL,4.381668120512638,3.3621262458471746,5.369127516778516,150.5,157.0,149.0,155.56,40035179,FLOOR_BOUNCE|REGIME_SHIFT|PINCH_ZONE|IV_SKEW_ACCUMULATION,FLOOR_BOUNCE|REGIME_SHIFT|INVENTORY_MIGRATION|IV_SKEW_ACCUMULATION,LONG_GAMMA,LONG_GAMMA,Flip Zone,Expansion,100.0,42.9,65.3,68.1,3341700.0,747300.0,-294463.3702661707,-365559.4979975056,0.022295288557330317,-0.17608589158179405,17.56348246674728,20.892297509965417
2026-01-27,BDL,NIFTY INFRA,4.360795454545463,3.844522968197883,5.769230769230771,1415.0,1485.0,1404.0,1469.4,1349065,GAMMA_SQUEEZE|REGIME_SHIFT|INVENTORY_MIGRATION|IV_SKEW_ACCUMULATION,INVENTORY_MIGRATION,SHORT_GAMMA,TRANSITION_REGIME,Expansion,Expansion,6.9,67.2,65.6,68.1,229950.0,1153250.0,-91382.71035038833,18450.15013320348,0.15420617813744442,-0.3883829285525966,-0.5751404019216477,2.7536746412964885
2026-01-27,ADANIPORTS,NIFTY SERVICES,4.241822072760626,2.218391666042119,3.502269288956117,1334.3,1368.3,1322.0,1363.9,3838632,INVENTORY_MIGRATION|IV_SKEW_ACCUMULATION,INVENTORY_MIGRATION,SHORT_GAMMA,TRANSITION_REGIME,Expansion,Expansion,-33.9,37.1,68.6,68.1,-459800.0,620825.0,-133340.61215831025,26294.021017898467,0.14147729889341293,-0.24639456978837304,-8.284580727590596,-4.95576568437246
2026-01-27,HINDZINC,NIFTY METAL,4.079003864319453,-0.7912687585265976,3.1667839549613053,733.0,733.0,710.5,727.2,25791996,FLOOR_BOUNCE|INVENTORY_MIGRATION|IV_SKEW_ACCUMULATION,INVENTORY_MIGRATION,LONG_GAMMA,LONG_GAMMA,Expansion,Expansion,100.0,100.0,67.4,69.9,13630575.0,8990275.0,-218124.26108068554,-817543.975852174,-0.016314801376918486,-0.16010105325939017,14.18701421056765,17.515829253785785
2026-01-28,CGPOWER,NIFTY INFRA,9.667389051163688,8.73505231689089,9.052690582959633,535.2,583.65,535.2,581.95,12172783,INVENTORY_MIGRATION,REGIME_SHIFT,TRANSITION_REGIME,TRANSITION_REGIME,Expansion,Expansion,-100.0,100.0,68.9,60.6,-2079950.0,1962650.0,131302.53466770265,18458.685145032956,-0.15191357848341658,0.18516056058406372,-10.088837388953253,-7.778500137921151
2026-01-28,OIL,NIFTY OIL & GAS,9.352357596700479,7.802197802197797,9.24092409240924,455.0,496.5,454.5,490.5,29364980,,INVENTORY_MIGRATION|IV_SKEW_ACCUMULATION,TRANSITION_REGIME,TRANSITION_REGIME,Expansion,Expansion,33.5,25.2,67.9,60.6,561400.0,198800.0,-62801.28882617888,7972.587982877201,-0.1815479200532376,0.24930958342352383,20.723603248830912,23.033940499863014
2026-01-28,SOLARINDS,NIFTY INFRA,9.008303305655652,8.693275013668678,9.210217951722521,12803.0,13980.0,12801.0,13916.0,294069,INVENTORY_MIGRATION|IV_SKEW_ACCUMULATION,INVENTORY_MIGRATION,TRANSITION_REGIME,TRANSITION_REGIME,Expansion,Expansion,2.7,10.3,65.2,60.6,28100.0,-67300.0,-1265.7760743584163,3238.6873785727284,-0.208615030572799,0.27145710393960504,12.853783148163167,15.16412039919527
2026-01-28,BEL,NIFTY INFRA,8.907320591417234,8.373205741626787,9.633357296908706,418.0,457.5,417.3,453.0,71986647,FLOOR_BOUNCE|INVENTORY_MIGRATION|IV_SKEW_ACCUMULATION,INVENTORY_MIGRATION|IV_SKEW_ACCUMULATION,LONG_GAMMA,LONG_GAMMA,Expansion,Expansion,100.0,-100.0,65.6,60.6,6586350.0,-7940100.0,-1291420.4232263144,522180.22529734165,-0.13293483836111764,0.15932798930780584,15.193897012078828,17.50423426311093
2026-01-28,ONGC,NIFTY OIL & GAS,8.320225851986285,7.776886035312991,8.206260032102719,249.2,269.65,249.2,268.58,73427983,INVENTORY_MIGRATION|IV_SKEW_ACCUMULATION,INVENTORY_MIGRATION|IV_SKEW_ACCUMULATION,LONG_GAMMA,LONG_GAMMA,Expansion,Expansion,100.0,-28.0,67.3,56.7,13639500.0,-825750.0,-7076602.558279352,226097.09746512072,-0.0681510658273154,0.10280600198350204,14.37696959373136,16.687306844763462
2026-01-28,MAZDOCK,NIFTY INFRA,7.3016144918847115,6.621276595744674,6.978723404255316,2350.0,2514.0,2350.0,2505.6,2205285,INVENTORY_MIGRATION|IV_SKEW_ACCUMULATION,REGIME_SHIFT|INVENTORY_MIGRATION,TRANSITION_REGIME,TRANSITION_REGIME,Expansion,Expansion,28.1,-2.4,68.3,56.5,490600.0,-262000.0,15246.520495672281,15390.35668919086,-0.24754074050044922,0.27184969086960736,-1.2493595554329495,1.0609776955991523
2026-01-28,MCX,NIFTY FIN SERVICE,7.237386269644341,4.220257234726699,5.937372915819439,2488.0,2605.0,2459.0,2593.0,7308758,REGIME_SHIFT,INVENTORY_MIGRATION|IV_SKEW_ACCUMULATION,TRANSITION_REGIME,TRANSITION_REGIME,Expansion,Expansion,100.0,55.3,69.3,60.6,5921875.0,865625.0,-162329.89098777898,16083.713506570857,-0.32865522777218653,0.18674930795765526,-76.2914876108622,-73.98115035983011
2026-01-28,ABB,NIFTY INFRA,7.137546468401479,5.978146669468365,6.842105263157894,4759.0,5075.0,4750.0,5043.5,419235,VOLATILITY_COIL|INVENTORY_MIGRATION|IV_SKEW_ACCUMULATION,INVENTORY_MIGRATION|IV_SKEW_ACCUMULATION,TRANSITION_REGIME,TRANSITION_REGIME,Expansion,Expansion,3.3,5.8,68.5,56.5,55500.0,-104625.0,8749.697904830282,6907.685790006983,-0.2115959973954245,0.22902593315911662,-2.352371732817038,-0.04203448178493607
2026-01-28,BDL,NIFTY INFRA,6.846331836123576,6.585200271554648,7.009441010663586,1473.0,1575.5,1472.3,1570.0,2537859,INVENTORY_MIGRATION,INVENTORY_MIGRATION|IV_SKEW_ACCUMULATION,TRANSITION_REGIME,TRANSITION_REGIME,Expansion,Expansion,67.2,-18.8,68.1,60.6,1153250.0,-561050.0,18450.15013320348,23050.40445584571,-0.3883829285525966,0.2516131896046584,6.534572843862385,8.844910094894487
2026-01-28,HAL,NIFTY INFRA,6.335517994710815,5.812356979405031,6.353318812335207,4370.0,4638.6,4361.5,4624.0,1837685,REGIME_SHIFT|INVENTORY_MIGRATION|IV_SKEW_ACCUMULATION,INVENTORY_MIGRATION,TRANSITION_REGIME,TRANSITION_REGIME,Expansion,Expansion,47.0,-16.0,65.2,59.3,872100.0,-501450.0,-21698.936871899023,28837.109259563207,-0.16458239691924942,0.17026759526045404,5.7083419061335405,8.018679157165643
2026-01-29,ABB,NIFTY INFRA,8.53573907009022,8.396039603960403,11.317347245911513,5050.0,5547.5,4983.5,5474.0,2492153,INVENTORY_MIGRATION|IV_SKEW_ACCUMULATION,REGIME_SHIFT|INVENTORY_MIGRATION,TRANSITION_REGIME,TRANSITION_REGIME,Expansion,Expansion,5.8,-8.7,56.5,57.1,-104625.0,-433250.0,6907.685790006983,18272.836163581513,0.22902593315911662,-0.01919141738025376,6.529142745937522,8.533664920205064
2026-01-29,NATIONALUM,NIFTY METAL,5.5890680782962,4.115076474872548,4.847527639411986,411.9,431.5,411.55,428.85,39396481,FLOOR_BOUNCE|REGIME_SHIFT|INVENTORY_MIGRATION,INVENTORY_MIGRATION,LONG_GAMMA,LONG_GAMMA,Expansion,Expansion,39.6,-100.0,56.5,59.2,592500.0,-3491250.0,5354.468906098686,111521.62938974629,0.19639898296272318,0.037978999233518995,35.45483259633606,37.4593547706036
2026-01-29,OIL,NIFTY OIL & GAS,4.943934760448521,4.422355208438988,5.487371944416264,492.95,520.0,492.95,514.75,20563028,INVENTORY_MIGRATION|IV_SKEW_ACCUMULATION,INVENTORY_MIGRATION|IV_SKEW_ACCUMULATION,TRANSITION_REGIME,TRANSITION_REGIME,Expansion,Expansion,25.2,-29.5,60.6,57.1,198800.0,-705600.0,7972.587982877201,45877.23349511352,0.24930958342352383,-0.008098024413923821,25.106331267468708,27.11085344173625
2026-01-29,TATASTEEL,NIFTY METAL,4.3693577508382875,4.047312933916181,4.5747256710112705,194.45,202.99,194.11,202.32,60610904,INVENTORY_MIGRATION,INVENTORY_MIGRATION,LONG_GAMMA,LONG_GAMMA,Expansion,Expansion,-84.8,100.0,52.1,57.5,-1650000.0,10142000.0,120377.37807992415,-2172.5651832134463,0.09899971854185233,0.010786020888064352,15.08532423208191,17.08984640634945
2026-01-29,ADANIGREEN,NIFTY ENERGY,4.362620002430417,4.172731683648712,5.915492957746471,824.4,864.8,816.5,858.8,7356835,INVENTORY_MIGRATION,,TRANSITION_REGIME,TRANSITION_REGIME,Expansion,Expansion,-5.0,34.1,58.3,57.9,-161400.0,516600.0,26338.041651901574,16520.415611151977,0.18001815870177823,0.017037059716249803,-14.72544930989972,-12.720927135632177
2026-01-29,SAMMAANCAP,NIFTY FIN SERVICE,4.047098639215951,4.069111424541605,4.936092083892363,141.8,148.6,141.61,147.57,28565983,INVENTORY_MIGRATION,INVENTORY_MIGRATION|IV_SKEW_ACCUMULATION,TRANSITION_REGIME,LONG_GAMMA,Expansion,Expansion,-100.0,-100.0,59.0,57.1,-3117500.0,-8105500.0,83313.28033339811,329407.9317626827,0.2291305085338799,0.048785738495714936,4.652152329622017,6.656674503889559
2026-01-29,VEDL,NIFTY METAL,3.9682539682539764,2.8312646762831406,3.606998654104965,745.25,769.8,743.0,766.35,30290476,,INVENTORY_MIGRATION,LONG_GAMMA,LONG_GAMMA,Expansion,Expansion,100.0,-35.1,60.6,57.5,3831800.0,-796950.0,-52236.16565446957,98493.97988472658,0.15752103346983903,-0.007546404723070055,26.554372058459276,28.558894232726818
2026-01-29,SIEMENS,NIFTY INFRA,3.874798711755223,3.9026845637583962,5.339773034315054,2980.0,3118.9,2960.8,3096.3,487145,REGIME_SHIFT|PINCH_ZONE,INVENTORY_MIGRATION,TRANSITION_REGIME,TRANSITION_REGIME,Expansion,Expansion,1.3,-8.3,55.3,57.2,-63000.0,-276325.0,4246.750441928695,7915.78956677443,0.17336500907951163,0.01575590571928076,2.204984320845038,4.2095064951125805
2026-01-29,INDUSTOWER,NIFTY MEDIA & COMM,3.8208323536327304,2.925407925407919,3.907992019715989,429.0,442.7,426.05,441.55,8487120,INVENTORY_MIGRATION,INVENTORY_MIGRATION|IV_SKEW_ACCUMULATION,TRANSITION_REGIME,TRANSITION_REGIME,Expansion,Expansion,-23.6,-50.1,59.1,52.9,-469200.0,-1077800.0,31936.05582979125,78408.82907157044,0.18929826411754105,0.007047426694141268,4.620305650989209,6.624827825256752
2026-01-29,NMDC,NIFTY METAL,3.778213935230612,3.4229828850855792,4.011251070074606,81.8,85.05,81.77,84.6,71597178,PINCH_ZONE,INVENTORY_MIGRATION,LONG_GAMMA,LONG_GAMMA,Expansion,Expansion,-100.0,-100.0,56.5,57.1,-7911000.0,-9153000.0,612530.210948317,374149.5702905839,0.1439637142214408,0.03282874444625605,1.4266874475482583,3.4312096218158006
2026-01-30,IDEA,NIFTY MEDIA & COMM,11.144278606965162,12.148594377510037,15.415821501014214,9.96,11.38,9.86,11.17,1730514645,REGIME_SHIFT,,SHORT_GAMMA,LONG_GAMMA,Flip Zone,Expansion,-100.0,100.0,55.9,60.0,-8648475.0,51462000.0,635478.269226023,5737726.651566824,0.004319156484796194,0.008417741220544839,3.810408921933095,6.90632313416748
2026-01-30,AUROPHARMA,NIFTY PHARMA,4.962628193985763,1.4873949579832013,3.833049403747868,1190.0,1219.0,1174.0,1207.7,8127226,,REGIME_SHIFT|PINCH_ZONE|IV_SKEW_ACCUMULATION,TRANSITION_REGIME,TRANSITION_REGIME,Dealer Controlled,Expansion,-7.1,-32.4,49.9,55.6,-164450.0,-782100.0,8673.570230545523,57165.869621331396,0.008474126729858256,0.025938591380642084,2.0879120879121027,5.183826300146488
2026-01-30,BLUESTARCO,NIFTY CONS DURABLES,4.871572871572871,6.876470588235306,7.233241127655821,1700.0,1822.0,1699.1,1816.9,1269386,,INVENTORY_MIGRATION,TRANSITION_REGIME,TRANSITION_REGIME,Dealer Controlled,Expansion,2.2,6.2,55.4,55.6,-10725.0,-27300.0,1076.390740736277,5667.17637922621,0.03280370337850558,-0.05706430727654754,4.980643670191265,8.07655788242565
2026-01-30,PGEL,NIFTY CONS DURABLES,3.574130105900175,4.32380952380953,8.343734997599617,525.0,564.2,520.75,547.7,4531512,REGIME_SHIFT|INVENTORY_MIGRATION,INVENTORY_MIGRATION,TRANSITION_REGIME,TRANSITION_REGIME,Expansion,Expansion,-31.8,9.7,57.1,59.5,-547200.0,76000.0,9030.583486146776,10827.996757432844,-0.0031774389329215502,0.03140602421493899,-4.797496958108793,-1.7015827458744077
2026-01-30,NESTLEIND,NIFTY FMCG,3.455237207857742,3.608087091757395,4.4115354637568105,1286.0,1339.6,1283.0,1332.4,5292100,VOLATILITY_COIL|PINCH_ZONE|IV_SKEW_ACCUMULATION,INVENTORY_MIGRATION|IV_SKEW_ACCUMULATION,TRANSITION_REGIME,TRANSITION_REGIME,Compression,Expansion,-0.6,-45.4,48.2,55.6,-1000.0,-1007500.0,-326.2397647437574,87135.24556178888,-0.002834353234546283,-0.013034886474971474,3.4472049689441064,6.543119181178492
2026-01-30,UNOMINDA,NIFTY AUTO,3.4021339863564704,3.528896672504378,4.695498676081211,1142.0,1186.2,1133.0,1182.3,1033856,IV_SKEW_ACCUMULATION,INVENTORY_MIGRATION,TRANSITION_REGIME,TRANSITION_REGIME,Dealer Controlled,Expansion,-2.6,-2.8,53.6,55.6,-37400.0,-152350.0,1154.1116797349327,7905.33362936596,0.008566696076154567,0.05518655378767001,-8.049463369108722,-4.953549156874336
2026-01-30,AMBER,NIFTY CONS DURABLES,3.0466919055345265,3.1024531024530955,6.487370525168079,5544.0,5860.0,5503.0,5716.0,537803,INVENTORY_MIGRATION|IV_SKEW_ACCUMULATION,INVENTORY_MIGRATION,TRANSITION_REGIME,TRANSITION_REGIME,Expansion,Expansion,-3.2,4.7,48.3,56.9,-27700.0,-5700.0,683.5728769286217,715.0404969186425,-0.014664865660989401,0.027321736578521272,-10.505714733051509,-7.409800520817123
2026-01-30,POWERINDIA,NIFTY INFRA,2.947276498198881,3.637362637362629,4.558011049723754,18200.0,18925.0,18100.0,18862.0,150302,INVENTORY_MIGRATION,,TRANSITION_REGIME,TRANSITION_REGIME,Expansion,Expansion,5.0,3.9,59.2,60.5,-9050.0,-7850.0,392.1758423915725,436.8048034099154,-0.004909634876317459,-0.01705661665326519,3.0147460404150728,6.110660252649458
2026-01-30,DELHIVERY,NIFTY SERVICES,2.7076250607090735,2.9075425790754172,5.308641975308648,411.0,426.5,405.0,422.95,6406082,INVENTORY_MIGRATION,REGIME_SHIFT|INVENTORY_MIGRATION|IV_SKEW_ACCUMULATION,TRANSITION_REGIME,TRANSITION_REGIME,Expansion,Expansion,-21.0,-48.2,53.3,57.3,-431600.0,-1004300.0,21113.554423807393,35906.58906883266,0.0394615918966964,0.01407021150491905,4.729478766868889,7.825392979103274
2026-01-30,UNITDSPR,NIFTY FMCG,2.4203247143716133,2.2512381809995485,3.0120481927710774,1332.6,1368.0,1328.0,1362.6,1803157,VOLATILITY_COIL,PINCH_ZONE,TRANSITION_REGIME,TRANSITION_REGIME,Compression,Dealer Controlled,16.2,1.5,53.9,53.9,304800.0,-46000.0,-19377.331712490093,14864.114948037111,-0.004164849648970015,0.02155419779438139,-5.617510563136396,-2.521596350902011
2026-02-02,HINDPETRO,NIFTY OIL & GAS,6.1475409836065475,3.2577742339674254,4.959630911188007,438.95,455.0,433.5,453.25,12394412,REGIME_SHIFT,REGIME_SHIFT|INVENTORY_MIGRATION,TRANSITION_REGIME,TRANSITION_REGIME,Flip Zone,Expansion,-16.4,37.8,58.2,60.3,-277425.0,512325.0,2673.790060859399,160380.3405405464,-0.0009069645592013065,0.002056211298407995,-9.0954673084637,-5.048470668371607
2026-02-02,POWERGRID,NIFTY ENERGY,5.419103313840146,7.621890547263677,8.479999999999999,251.25,271.2,250.0,270.4,37109237,IV_SKEW_ACCUMULATION,INVENTORY_MIGRATION,LONG_GAMMA,LONG_GAMMA,Support Weakening,Expansion,-100.0,77.2,52.8,64.8,-3233800.0,1149500.0,156301.15116139915,932918.3024753976,-0.004168705491978897,-0.0240022632783638,1.3493253373313197,5.396321977423413
2026-02-02,AMBER,NIFTY CONS DURABLES,4.951014695591316,-0.4810882548108797,4.068117313150421,6028.0,6050.0,5813.5,5999.0,380630,INVENTORY_MIGRATION,REGIME_SHIFT,TRANSITION_REGIME,TRANSITION_REGIME,Expansion,Expansion,4.7,8.4,56.9,60.3,-5700.0,23400.0,715.0404969186425,3849.354344472142,0.027321736578521272,-0.014199315730754836,-6.956184567661882,-2.909187927569789
2026-02-02,CGPOWER,NIFTY INFRA,4.160602688126036,1.3156799067365998,4.016030013642569,600.45,609.95,586.4,608.35,3460394,REGIME_SHIFT,INVENTORY_MIGRATION,TRANSITION_REGIME,TRANSITION_REGIME,Flip Zone,Expansion,-22.5,23.1,53.5,60.3,-391000.0,310250.0,-14355.523380876246,59133.79527999736,-0.017215589798805886,0.05243845384146428,-4.632387521555092,-0.5853908814629989
2026-02-02,DELHIVERY,NIFTY SERVICES,4.0075659061354685,-0.9568839356073444,4.078096118299435,444.15,450.45,432.8,439.9,7787791,REGIME_SHIFT|INVENTORY_MIGRATION|IV_SKEW_ACCUMULATION,INVENTORY_MIGRATION|IV_SKEW_ACCUMULATION,TRANSITION_REGIME,TRANSITION_REGIME,Expansion,Expansion,-48.2,69.6,57.3,63.8,-1004300.0,1211800.0,35906.58906883266,3750.9159839732165,0.01407021150491905,-0.10272462905707924,9.810284573140283,13.857281213232376
2026-02-02,TMPV,NIFTY AUTO,3.6709041565490486,5.295227041926598,6.860158311345632,344.65,364.5,341.1,362.9,19654613,REGIME_SHIFT,INVENTORY_MIGRATION,TRANSITION_REGIME,LONG_GAMMA,Flip Zone,Expansion,-91.8,100.0,51.0,60.4,-1736000.0,2576800.0,55464.959666745286,187969.24477898955,-0.0067560919329666125,-0.010360669185937588,-1.2651339953747898,2.7818626447173034
2026-02-02,PAYTM,NIFTY FIN SERVICE,2.980219780219784,-0.22146507666097603,3.2499782173041725,1174.0,1185.0,1147.7,1171.4,2484739,INVENTORY_MIGRATION,,TRANSITION_REGIME,TRANSITION_REGIME,Expansion,Expansion,-100.0,-0.9,59.6,62.6,-2074950.0,-94975.0,51963.74656369105,4481.904758987832,-0.03409580394742662,-0.02337046913365809,-9.313308043663381,-5.266311403571288
2026-02-02,PGEL,NIFTY CONS DURABLES,2.7569837502282146,3.9335180055401597,7.553444180522573,541.5,566.0,526.25,562.8,3502398,INVENTORY_MIGRATION,INVENTORY_MIGRATION,TRANSITION_REGIME,TRANSITION_REGIME,Expansion,Expansion,9.7,-19.8,59.5,62.4,76000.0,-458850.0,10827.996757432844,22467.168973972948,0.03140602421493899,0.030262998604662528,-2.7895327748510335,1.2574638652410597
2026-02-02,SUPREMEIND,NIFTY CONS DURABLES,2.484701864237948,3.322812051649926,4.5588831605167135,3485.0,3610.0,3452.6,3600.8,148477,VOLATILITY_COIL|REGIME_SHIFT|PINCH_ZONE,PINCH_ZONE,TRANSITION_REGIME,TRANSITION_REGIME,Compression,Dealer Controlled,0.9,-2.2,50.9,58.9,11725.0,-115150.0,-237.81577581485772,6606.948869470745,0.0011970753238601528,0.006813834724354595,3.3406038342325806,7.387600474324674
2026-02-02,WIPRO,NIFTY IT,2.2794428028704017,-0.6967213114754012,2.001755192444321,244.0,244.08,239.29,242.3,12335721,INVENTORY_MIGRATION|IV_SKEW_ACCUMULATION,INVENTORY_MIGRATION,LONG_GAMMA,LONG_GAMMA,Expansion,Expansion,-100.0,-12.3,50.9,58.9,-2286000.0,-354000.0,-41687.8551935252,366733.99546713126,0.0023033177439500396,0.011111397078362117,-9.36974004114457,-5.3227434010524775
2026-02-03,WAAREEENER,NIFTY ENERGY,10.994239919859773,1.1212516297262054,5.8893712922148955,3068.0,3195.0,3017.3,3102.4,8624667,VOLATILITY_COIL,INVENTORY_MIGRATION,TRANSITION_REGIME,TRANSITION_REGIME,Compression,Expansion,-3.4,-6.9,56.2,58.0,-74375.0,-474425.0,4830.587692037372,12330.882785972299,0.010824114569207455,0.06533278303255302,8.237100094198091,10.519793216303185
2026-02-03,ADANIGREEN,NIFTY ENERGY,10.444931571775573,0.8766233766233755,5.727777777777776,924.0,951.55,900.0,932.1,10826968,,INVENTORY_MIGRATION,TRANSITION_REGIME,TRANSITION_REGIME,Dealer Controlled,Expansion,6.0,100.0,61.8,59.6,133800.0,1757400.0,13928.061072965153,26382.02818431348,-0.020939205352331625,-0.0013818948202858339,-10.27146707739699,-7.988773955291895
2026-02-03,ADANIENT,NIFTY SERVICES,10.383882930740684,2.4465116279069665,4.800337853690584,2150.0,2233.4,2131.1,2202.6,6918581,REGIME_SHIFT|INVENTORY_MIGRATION,REGIME_SHIFT|INVENTORY_MIGRATION,TRANSITION_REGIME,TRANSITION_REGIME,Expansion,Expansion,-2.3,-3.6,60.1,58.0,-9888.0,-420549.0,1841.3511560419574,44811.52374467909,-0.015627856979974042,0.08843883074851677,-3.3862619528028937,-1.1035688306977987
2026-02-03,ADANIENSOL,NIFTY ENERGY,10.15148089531992,2.460567823343851,4.85488689714042,951.0,982.7,937.2,974.4,5085074,PINCH_ZONE,REGIME_SHIFT|INVENTORY_MIGRATION,TRANSITION_REGIME,TRANSITION_REGIME,Dealer Controlled,Expansion,-8.9,33.2,56.1,58.0,-139050.0,334800.0,8618.880871388257,11786.851955299971,-0.026417008577005907,0.04688348082152405,-7.892995557236048,-5.610302435130953
2026-02-03,ADANIPORTS,NIFTY SERVICES,9.101275746561189,3.6284863254806288,4.048199295965338,1477.2,1537.0,1477.2,1530.8,11977119,REGIME_SHIFT|INVENTORY_MIGRATION,INVENTORY_MIGRATION,TRANSITION_REGIME,TRANSITION_REGIME,Expansion,Expansion,4.7,24.0,56.1,58.0,115900.0,146300.0,10517.23749861661,55108.98315648755,-0.0009005633202210928,0.06341889116883193,2.772742531050687,5.055435653155782
2026-02-03,GODREJPROP,NIFTY REALTY,8.92891481315301,5.421836228287846,8.253633089057244,1612.0,1743.1,1610.2,1699.4,3763783,,REGIME_SHIFT|INVENTORY_MIGRATION,TRANSITION_REGIME,TRANSITION_REGIME,Dealer Controlled,Expansion,-2.0,44.0,58.6,58.0,-6875.0,567600.0,-8575.9228073487,15830.616118795919,-0.003916322192516641,0.00641584047330751,-17.843848199178147,-15.561155077073053
2026-02-03,CGPOWER,NIFTY INFRA,8.744965891345435,0.48606364395837875,2.819606637984018,658.35,669.15,650.8,661.55,14524072,INVENTORY_MIGRATION,INVENTORY_MIGRATION,TRANSITION_REGIME,TRANSITION_REGIME,Expansion,Expansion,23.1,69.7,60.3,59.6,310250.0,1064200.0,59133.79527999736,18574.273240506634,0.05243845384146428,-0.053402269269882896,1.9180403635803422,4.200733485685437
2026-02-03,CDSL,NIFTY FIN SERVICE,8.55156805690267,0.8561129468308781,2.9505461165048485,1331.6,1357.3,1318.4,1343.0,5410284,INVENTORY_MIGRATION,INVENTORY_MIGRATION,TRANSITION_REGIME,TRANSITION_REGIME,Expansion,Expansion,-42.1,48.5,61.3,58.0,-627950.0,661200.0,8479.412630046041,87590.63851766984,-0.014917228605610122,0.02201661696424423,-8.42765580253647,-6.144962680431376
2026-02-03,JIOFIN,NIFTY FIN SERVICE,8.111429741909038,1.4804845222072593,3.911266783420908,260.05,267.0,256.95,263.9,40223294,,FLOOR_BOUNCE|REGIME_SHIFT|INVENTORY_MIGRATION,LONG_GAMMA,LONG_GAMMA,Expansion,Expansion,-100.0,100.0,61.3,58.0,-7348450.0,18818800.0,256867.03978162544,218365.62613054924,-0.0038915198936602113,0.008265936831733989,-12.529002320185622,-10.246309198080528
2026-02-03,TIINDIA,NIFTY AUTO,8.10122209267179,3.6134105960264895,5.4221854304635775,2416.0,2547.0,2416.0,2503.3,746504,REGIME_SHIFT|PINCH_ZONE,REGIME_SHIFT|INVENTORY_MIGRATION,TRANSITION_REGIME,TRANSITION_REGIME,Flip Zone,Expansion,0.1,10.2,56.1,58.0,26000.0,-43000.0,1744.2572304508394,3451.662210744831,-0.0044169154536242705,0.060620558447720296,-3.6339839088424197,-1.3512907867373247
2026-02-04,KAYNES,NIFTY INFRA,6.452975804861549,6.461971830985913,8.114266184386665,3550.0,3796.0,3511.1,3779.4,2778461,REGIME_SHIFT|PINCH_ZONE,INVENTORY_MIGRATION,TRANSITION_REGIME,TRANSITION_REGIME,Flip Zone,Expansion,8.1,-0.7,55.6,50.3,89100.0,-214400.0,5363.583147163466,11593.243518435751,0.04414264364477616,0.09010360869822343,-5.4582749649789815,-3.6514384716817667
2026-02-04,DIXON,NIFTY CONS DURABLES,5.865288731755958,5.855692530819434,7.203002013545667,11032.0,11713.0,10926.0,11678.0,1509099,REGIME_SHIFT|INVENTORY_MIGRATION,INVENTORY_MIGRATION,TRANSITION_REGIME,TRANSITION_REGIME,Expansion,Expansion,38.8,33.2,61.3,50.3,534650.0,425600.0,8150.967094717178,-3263.9143622842385,0.008196837520188294,0.038528632355845804,-3.095178823334166,-1.2883423300369512
2026-02-04,PFC,NIFTY FIN SERVICE,5.603667855323491,5.576776165011466,6.641025641025644,392.7,415.9,390.0,414.6,22538378,INVENTORY_MIGRATION,INVENTORY_MIGRATION,LONG_GAMMA,LONG_GAMMA,Expansion,Expansion,74.4,-18.2,55.6,46.7,1385800.0,-522600.0,-84519.86995120783,-19802.08605761302,-0.007175766824195018,0.02927384426297186,10.545260631915742,12.352097125212957
2026-02-04,TIINDIA,NIFTY AUTO,5.356928853912835,5.075697211155372,8.119432127893255,2510.0,2657.9,2458.3,2637.4,858431,REGIME_SHIFT|INVENTORY_MIGRATION,INVENTORY_MIGRATION|IV_SKEW_ACCUMULATION,TRANSITION_REGIME,TRANSITION_REGIME,Expansion,Expansion,10.2,5.0,58.0,50.3,-43000.0,-63600.0,3451.662210744831,4251.49282201849,0.060620558447720296,-0.01581734397378798,4.245059288537556,6.051895781834771
2026-02-04,PGEL,NIFTY CONS DURABLES,5.203700409179857,5.3536433279886,6.206527554842145,561.3,595.5,560.7,591.35,4632840,VOLATILITY_COIL|INVENTORY_MIGRATION,REGIME_SHIFT,TRANSITION_REGIME,TRANSITION_REGIME,Expansion,Expansion,-80.0,100.0,58.1,46.7,-1539950.0,1984550.0,54426.30309667227,4812.9015864182,-0.05366935097725334,0.004369783541689487,-6.22423089121471,-4.417394397917496
2026-02-04,NMDC,NIFTY METAL,5.180649112063684,5.12914677439098,5.8052663808940475,81.69,86.39,81.65,85.88,73789115,VOLATILITY_COIL,INVENTORY_MIGRATION,LONG_GAMMA,LONG_GAMMA,Compression,Expansion,-100.0,-100.0,53.6,46.5,-4745250.0,-4394250.0,293221.11411375715,519369.88776607416,-0.010298752553629664,0.06762318817555069,2.3477535454653697,4.154590038762585
2026-02-04,ETERNAL,NIFTY SERVICES,5.128663330950656,5.14745308310991,8.02050906427394,279.75,294.95,273.05,294.15,64894681,REGIME_SHIFT,REGIME_SHIFT|INVENTORY_MIGRATION,LONG_GAMMA,LONG_GAMMA,Expansion,Expansion,100.0,100.0,58.4,50.3,3380450.0,9532675.0,172184.05982279312,64685.9946770455,-0.00045863504195992055,0.05530673984140788,4.382540809084445,6.18937730238166
2026-02-04,TRENT,NIFTY FMCG,4.964947159150346,4.658320292123097,6.964520367936933,3834.0,4070.0,3805.0,4012.6,1925540,REGIME_SHIFT,REGIME_SHIFT,TRANSITION_REGIME,TRANSITION_REGIME,Expansion,Expansion,7.9,-9.5,56.4,50.3,67000.0,-386800.0,10294.320864809753,26950.643512508905,-0.009221455423370772,0.04683140888491433,-9.418032416813404,-7.611195923516188
2026-02-04,CROMPTON,NIFTY CONS DURABLES,4.886329451201177,4.832266655212414,6.2903920723826,232.81,246.7,232.1,244.06,9631168,FLOOR_BOUNCE|INVENTORY_MIGRATION,REGIME_SHIFT|INVENTORY_MIGRATION,LONG_GAMMA,TRANSITION_REGIME,Expansion,Expansion,68.7,100.0,59.6,46.6,1209600.0,1834200.0,28811.519503895193,-43399.720881935296,0.008477779044657852,0.051079124938925025,-6.040423484119339,-4.233586990822124
2026-02-04,MCX,NIFTY FIN SERVICE,4.486257754406164,3.3861788617886246,4.367346938775518,2460.0,2557.0,2450.0,2543.3,4065299,REGIME_SHIFT|INVENTORY_MIGRATION,INVENTORY_MIGRATION,TRANSITION_REGIME,TRANSITION_REGIME,Expansion,Expansion,31.4,79.4,58.0,46.6,456250.0,1382500.0,53610.336395954415,39442.720943426626,-0.03587707097165771,-0.010517848430783072,15.657116871305155,17.463953364602368
2026-02-05,POLICYBZR,NIFTY FIN SERVICE,7.840822279324944,7.908269631688669,12.143312327409195,1439.0,1583.8,1412.3,1552.8,14233176,,REGIME_SHIFT,TRANSITION_REGIME,TRANSITION_REGIME,Support Weakening,Expansion,-38.4,73.0,47.0,58.9,-682150.0,1133650.0,14399.085622386545,17168.276220145926,-0.016228866626695704,-0.06640251091281618,-10.953090950797106,-8.906006870991767
2026-02-05,JUBLFOOD,NIFTY FMCG,5.516840882694551,5.639534883720931,6.114933617598606,516.0,547.5,515.95,545.1,6629518,INVENTORY_MIGRATION,INVENTORY_MIGRATION|IV_SKEW_ACCUMULATION,TRANSITION_REGIME,TRANSITION_REGIME,Expansion,Expansion,19.8,-20.8,44.7,58.2,322500.0,-576250.0,-14406.638379299977,86509.21425260665,0.04610143509664494,0.04909435120361055,-0.25617566331198605,1.790908416493353
2026-02-05,CUMMINSIND,NIFTY INFRA,4.499916712276608,7.421722113502915,9.573412698412698,4088.0,4418.0,4032.0,4391.4,1692136,REGIME_SHIFT|INVENTORY_MIGRATION|IV_SKEW_ACCUMULATION,INVENTORY_MIGRATION,TRANSITION_REGIME,TRANSITION_REGIME,Expansion,Expansion,-11.1,21.2,42.3,62.1,-244000.0,249200.0,10465.72270786246,4648.826057633891,0.00726416196662949,-0.02332309440828728,6.3215747040166415,8.368658783821981
2026-02-05,PAGEIND,NIFTY FMCG,3.529411764705892,3.4542815674891036,7.03332350339132,34450.0,36295.0,33910.0,35640.0,64590,REGIME_SHIFT|INVENTORY_MIGRATION|IV_SKEW_ACCUMULATION,INVENTORY_MIGRATION,TRANSITION_REGIME,TRANSITION_REGIME,Expansion,Expansion,3.1,6.0,44.6,58.8,150.0,2205.0,-86.86473044470313,-159.15186929948618,0.005286606927515203,-0.012010697409202575,0.7918552036199067,2.838939283425246
2026-02-05,TRENT,NIFTY FMCG,2.9581817275581956,3.9739266119696026,7.232720683406679,3973.4,4142.4,3863.0,4131.3,3837832,REGIME_SHIFT,INVENTORY_MIGRATION,TRANSITION_REGIME,TRANSITION_REGIME,Expansion,Expansion,-9.5,5.7,50.3,57.7,-386800.0,-11100.0,26950.643512508905,29945.634324309016,0.04683140888491433,-0.06311384538205478,2.067892084198042,4.114976164003381
2026-02-05,NYKAA,NIFTY FMCG,2.8920846114010246,2.0707370084963372,4.452027616855814,253.05,263.24,252.02,258.29,13907681,REGIME_SHIFT|INVENTORY_MIGRATION,REGIME_SHIFT|IV_SKEW_ACCUMULATION,TRANSITION_REGIME,TRANSITION_REGIME,Expansion,Expansion,-30.6,-35.9,48.3,61.0,-656250.0,-775000.0,53612.071268331456,12559.691119992829,0.05406967702766713,-0.003011110373560999,-3.999256643746507,-1.952172563941168
2026-02-05,DMART,NIFTY FMCG,2.892032528828792,2.23174850610548,3.2522025567959023,3849.0,3949.5,3825.1,3934.9,867140,,INVENTORY_MIGRATION|IV_SKEW_ACCUMULATION,TRANSITION_REGIME,TRANSITION_REGIME,Dealer Controlled,Expansion,1.9,-1.2,42.8,61.0,150.0,-115050.0,-1157.143688893786,21879.581581056842,0.016541046960380612,-0.017012528948704086,7.402352812730317,9.449436892535656
2026-02-05,ADANIENSOL,NIFTY ENERGY,2.3579416080554694,3.2091836734693846,3.724489795918373,980.0,1016.5,980.0,1011.45,1770119,INVENTORY_MIGRATION|IV_SKEW_ACCUMULATION,INVENTORY_MIGRATION,TRANSITION_REGIME,TRANSITION_REGIME,Expansion,Expansion,28.9,1.9,45.5,57.2,517050.0,-33750.0,-17213.190959889867,13996.599429849015,-0.0715010530332425,-0.02158557954345619,-3.1270951058327667,-1.0800110260274276
2026-02-05,UNOMINDA,NIFTY AUTO,2.158034528552455,1.853690830850696,5.626859328516787,1208.4,1242.7,1176.5,1230.8,2378517,REGIME_SHIFT|INVENTORY_MIGRATION,INVENTORY_MIGRATION,TRANSITION_REGIME,TRANSITION_REGIME,Expansion,Expansion,-0.0,-30.5,44.7,57.3,22550.0,-652850.0,-2318.1895032530847,26320.667654488323,0.010579463703250747,-0.035536534776351325,-6.8211068211068255,-4.774022741301486
2026-02-05,MARICO,NIFTY FMCG,2.0316334878647258,1.39566395663957,2.481203007518795,738.0,749.65,731.5,748.3,2400386,VOLATILITY_COIL|INVENTORY_MIGRATION,INVENTORY_MIGRATION,TRANSITION_REGIME,TRANSITION_REGIME,Expansion,Expansion,-5.1,-34.5,44.7,56.6,-98400.0,-735600.0,-4134.151848042522,123202.97378302953,-0.0032839721827601642,0.009239629668299887,-3.947115076054164,-1.9000309962488249
2026-02-06,POWERINDIA,NIFTY INFRA,13.917391530808887,4.645933014354076,7.399299474605958,20900.0,22077.0,20556.0,21871.0,993958,INVENTORY_MIGRATION,REGIME_SHIFT|INVENTORY_MIGRATION|IV_SKEW_ACCUMULATION,TRANSITION_REGIME,TRANSITION_REGIME,Expansion,Expansion,-0.1,23.4,62.5,61.4,-25750.0,28750.0,929.1955958057515,1373.412968049362,0.043479842995283846,-0.056738434052136855,11.689306505974884,13.39947166956047
2026-02-06,LICI,NIFTY FIN SERVICE,7.395058052991965,6.419257773319953,7.0859637736739645,847.45,907.5,847.45,901.85,15819930,REGIME_SHIFT|INVENTORY_MIGRATION,REGIME_SHIFT|INVENTORY_MIGRATION,TRANSITION_REGIME,TRANSITION_REGIME,Expansion,Expansion,-34.0,30.7,62.4,58.6,-670600.0,305900.0,37886.80989762702,84367.048205476,-0.002510049356162336,-0.00801267021730423,5.85715124127002,7.567316404855607
2026-02-06,NYKAA,NIFTY FMCG,7.2399241163033645,4.603474320241685,5.692599620493355,264.8,278.5,263.5,276.99,57686215,REGIME_SHIFT|IV_SKEW_ACCUMULATION,REGIME_SHIFT|INVENTORY_MIGRATION,TRANSITION_REGIME,LONG_GAMMA,Expansion,Expansion,-35.9,100.0,61.0,60.7,-775000.0,2162500.0,12559.691119992829,168091.6237793643,-0.003011110373560999,-0.06689487080886836,3.994743758212871,5.704908921798458
2026-02-06,ITC,NIFTY FMCG,5.029013539651839,5.096774193548392,6.292572169964306,310.0,327.7,308.3,325.8,68057745,,INVENTORY_MIGRATION,LONG_GAMMA,LONG_GAMMA,Support Weakening,Expansion,-100.0,-100.0,55.8,58.0,-5310400.0,-10072000.0,-599028.0803388637,3514066.3018111284,-0.016776862123284414,0.015739504609318417,-4.52747252747252,-2.817307363886934
2026-02-06,AMBER,NIFTY CONS DURABLES,3.758106102039216,4.0752351097178785,5.592079207920797,6380.0,6665.5,6312.5,6640.0,442275,VOLATILITY_COIL|IV_SKEW_ACCUMULATION,INVENTORY_MIGRATION|IV_SKEW_ACCUMULATION,TRANSITION_REGIME,TRANSITION_REGIME,Compression,Expansion,-0.4,5.6,54.2,58.6,-13500.0,-3900.0,922.3519428644477,400.4704048516278,0.009309040284597003,0.13576197626125286,-0.1954005711709006,1.5147645924146858
2026-02-06,MUTHOOTFIN,NIFTY FIN SERVICE,3.5039678104392458,4.373062834601282,6.984785615491007,3549.0,3712.8,3470.4,3704.2,827152,REGIME_SHIFT|INVENTORY_MIGRATION,INVENTORY_MIGRATION,TRANSITION_REGIME,TRANSITION_REGIME,Expansion,Expansion,-25.3,10.2,62.9,58.6,-371525.0,86900.0,-2130.766886396881,13741.957473652075,0.02857215960339876,-0.02841966163087878,-6.461958031362847,-4.75179286777726
2026-02-06,KOTAKBANK,NIFTY PVT BANK,3.3272171253822647,2.76155717761557,3.497440896904691,411.0,424.65,410.3,422.35,21228778,IV_SKEW_ACCUMULATION,REGIME_SHIFT,TRANSITION_REGIME,LONG_GAMMA,Support Weakening,Expansion,-100.0,-21.3,54.2,58.1,-2620000.0,-628000.0,16347.137491620218,829130.0086659831,0.008810835077795287,-0.012245605575494978,-80.3008395522388,-78.59067438865321
2026-02-06,HINDUNILVR,NIFTY FMCG,2.9646619096160176,2.9646619096160176,3.9144385026737893,2354.4,2429.0,2337.5,2424.2,1421995,IV_SKEW_ACCUMULATION,REGIME_SHIFT|INVENTORY_MIGRATION,TRANSITION_REGIME,TRANSITION_REGIME,Support Weakening,Expansion,-37.3,7.1,54.2,57.0,-701400.0,35700.0,19150.483582337365,96258.35504096744,0.0079354946772342,0.001702233489555005,1.033591731266137,2.7437568948517232
2026-02-06,VEDL,NIFTY METAL,2.4191086691086605,4.362363919129075,5.169855525185474,643.0,673.35,640.25,671.05,16866400,INVENTORY_MIGRATION,,LONG_GAMMA,LONG_GAMMA,Expansion,Support Building,-100.0,100.0,62.9,56.5,-4520650.0,4159550.0,-264740.76456342684,119184.723346146,0.043126215403654744,-0.030372599302140313,7.851173256187716,9.561338419773302
2026-02-06,KAYNES,NIFTY INFRA,2.328475429329946,8.354319180087844,12.558808546342636,3415.0,3756.2,3337.1,3700.3,6979879,INVENTORY_MIGRATION,,TRANSITION_REGIME,TRANSITION_REGIME,Expansion,Dealer Controlled,-17.0,9.6,62.9,62.2,-194100.0,57600.0,-736.3855384904182,9342.647049272093,-0.021238091961098382,-0.09989511940914464,-3.419204969592571,-1.7090398060069845
2026-02-09,KALYANKJIL,NIFTY FMCG,15.016436554898105,7.987654320987669,12.082489878542502,405.0,442.95,395.2,437.35,73673179,REGIME_SHIFT|INVENTORY_MIGRATION,INVENTORY_MIGRATION,TRANSITION_REGIME,LONG_GAMMA,Expansion,Expansion,-100.0,100.0,58.6,49.9,-3368725.0,4230000.0,121497.55072168465,114921.70243731793,0.024101255288529577,0.07992032792461379,-14.54669792887846,-14.509792354977469
2026-02-09,SBIN,NIFTY PSU BANK,7.464366091522878,2.321428571428563,4.497955474784199,1120.0,1150.0,1100.5,1146.0,40852966,,REGIME_SHIFT|INVENTORY_MIGRATION,LONG_GAMMA,LONG_GAMMA,Support Weakening,Expansion,-100.0,100.0,56.0,49.9,-2965500.0,18154500.0,230564.63977472868,-194475.84271413158,-0.016429553014886022,-0.003494155927052628,14.829659318637267,14.866564892538259
2026-02-09,CROMPTON,NIFTY CONS DURABLES,7.301146798351232,7.288011099322622,8.537337996297056,245.06,263.8,243.05,262.92,8983263,REGIME_SHIFT|INVENTORY_MIGRATION,REGIME_SHIFT|INVENTORY_MIGRATION,LONG_GAMMA,LONG_GAMMA,Expansion,Expansion,-77.1,100.0,54.0,50.4,-1459800.0,3164400.0,63829.64436514242,16977.914953404572,-0.007876170556383677,0.00707257882643586,2.04541044052009,2.0823160144210817
2026-02-09,KAYNES,NIFTY INFRA,6.577845039591379,4.746347941567053,5.6282931502474876,3765.0,3969.3,3757.8,3943.7,3687383,,,TRANSITION_REGIME,TRANSITION_REGIME,Dealer Controlled,Expansion,9.6,45.2,62.2,50.4,57600.0,697600.0,9342.647049272093,-1146.889807896896,-0.09989511940914464,-0.010236323163436367,6.016290760504317,6.053196334405309
2026-02-09,AMBER,NIFTY CONS DURABLES,6.144578313253013,5.09207485275478,6.0019506339560325,6706.5,7064.5,6664.5,7048.0,549369,INVENTORY_MIGRATION|IV_SKEW_ACCUMULATION,REGIME_SHIFT|INVENTORY_MIGRATION|IV_SKEW_ACCUMULATION,TRANSITION_REGIME,TRANSITION_REGIME,Expansion,Expansion,5.6,6.6,58.6,46.2,-3900.0,-58900.0,400.4704048516278,3267.724655015106,0.13576197626125286,0.008803214028932693,7.982227669679798,8.01913324358079
2026-02-09,SHRIRAMFIN,NIFTY FIN SERVICE,6.004987531172068,5.741293532338321,6.418178194139923,1005.0,1067.8,1003.4,1062.7,8667620,REGIME_SHIFT|PINCH_ZONE,INVENTORY_MIGRATION,LONG_GAMMA,LONG_GAMMA,Flip Zone,Expansion,2.8,83.4,54.7,49.9,13200.0,1390950.0,65772.09846310882,19618.444771522452,-0.008276334145590813,0.044925383321019974,7.029912377882974,7.066817951783966
2026-02-09,GODREJPROP,NIFTY REALTY,5.977173785151213,4.671702498547359,6.18550690841253,1721.0,1821.4,1715.3,1801.4,3904447,REGIME_SHIFT|PINCH_ZONE,REGIME_SHIFT|INVENTORY_MIGRATION|IV_SKEW_ACCUMULATION,TRANSITION_REGIME,TRANSITION_REGIME,Flip Zone,Expansion,-1.2,40.5,54.0,46.2,-34100.0,572825.0,10010.195877417354,16239.519640038961,-0.05551484638569609,0.1127816758937581,-14.018423941577963,-13.981518367676971
2026-02-09,MOTHERSON,NIFTY AUTO,5.342929720575795,3.9348370927318133,4.689203925845153,119.7,124.8,119.21,124.41,20428343,,INVENTORY_MIGRATION,LONG_GAMMA,LONG_GAMMA,Support Weakening,Expansion,-100.0,-32.9,57.3,46.3,-3954450.0,-842550.0,45987.32218344248,399260.2098826561,-0.0030310779577781832,0.03159008235643057,5.334010668021327,5.370916241922319
2026-02-09,VOLTAS,NIFTY CONS DURABLES,4.731707317073175,4.368055555555572,5.211680871873692,1440.0,1506.0,1431.4,1502.9,769229,,REGIME_SHIFT|INVENTORY_MIGRATION,TRANSITION_REGIME,TRANSITION_REGIME,Dealer Controlled,Expansion,-0.1,40.4,57.6,51.0,-16875.0,626250.0,9978.97149488901,-7828.786644833468,-0.004537785903421188,-0.026204110381713663,2.300728337077129,2.337633910978121
2026-02-09,INOXWIND,NIFTY ENERGY,4.3890977443608925,4.340065758572087,5.401596993893842,106.45,112.2,106.45,111.07,11982728,PINCH_ZONE,FLOOR_BOUNCE|REGIME_SHIFT|PINCH_ZONE,LONG_GAMMA,LONG_GAMMA,Support Weakening,Expansion,-88.5,100.0,54.0,46.2,-1676675.0,2059200.0,60439.13617091358,-21527.246407182713,-0.025266279686494086,0.023876316962555877,-5.7770614183915825,-5.740155844490591
2026-02-10,SWIGGY,NIFTY FMCG,6.607731495355118,6.178182360841666,7.775442809966959,335.05,359.0,333.1,355.75,31081429,REGIME_SHIFT|INVENTORY_MIGRATION,INVENTORY_MIGRATION,TRANSITION_REGIME,TRANSITION_REGIME,Expansion,Expansion,69.7,26.0,49.9,45.8,1203800.0,291200.0,-3650.7024986575707,32695.59880567997,-0.002851655643234585,0.0025733591519048193,1.1659320346935953,0.18533374709035488
2026-02-10,AMBER,NIFTY CONS DURABLES,6.56214528944381,2.8976572133168954,4.984315092366676,7299.0,7530.0,7172.5,7510.5,1658147,REGIME_SHIFT|INVENTORY_MIGRATION|IV_SKEW_ACCUMULATION,INVENTORY_MIGRATION,TRANSITION_REGIME,TRANSITION_REGIME,Expansion,Expansion,6.6,17.4,46.2,49.2,-58900.0,121100.0,3267.724655015106,5020.541644691653,0.008803214028932693,-0.28267738020034083,18.658661821628876,17.678063534025636
2026-02-10,BSE,NIFTY FIN SERVICE,6.334796154232691,2.0643086816720224,3.8566775244299745,3110.0,3188.4,3070.0,3174.2,17810099,IV_SKEW_ACCUMULATION,INVENTORY_MIGRATION|IV_SKEW_ACCUMULATION,TRANSITION_REGIME,TRANSITION_REGIME,Expansion,Expansion,1.2,70.8,49.3,45.8,-85125.0,1093500.0,16209.317727269561,15957.08175102809,0.017401303120908485,-0.05477642409413652,18.906162202659658,17.92556391505642
2026-02-10,ETERNAL,NIFTY SERVICES,5.175696728405743,4.398625429553271,6.746237675142708,291.0,308.55,289.05,303.8,102621684,,FLOOR_BOUNCE|INVENTORY_MIGRATION,LONG_GAMMA,LONG_GAMMA,Support Building,Expansion,32.6,100.0,44.3,45.8,516525.0,10987675.0,343749.8090623076,-121016.03788604564,0.011464925943121762,-0.021058572541654552,6.8401617724635155,5.859563484860275
2026-02-10,MOTHERSON,NIFTY AUTO,4.035045414355776,3.6269015212169853,6.9841012329656005,124.9,131.89,123.28,129.43,55014074,INVENTORY_MIGRATION,REGIME_SHIFT|INVENTORY_MIGRATION|IV_SKEW_ACCUMULATION,LONG_GAMMA,LONG_GAMMA,Expansion,Expansion,-32.9,-27.6,46.3,45.8,-842550.0,-707250.0,399260.2098826561,352046.99585523934,0.03159008235643057,-0.026625981740610927,11.924939467312345,10.944341179709106
2026-02-10,TORNTPOWER,Other,3.9097533632286963,2.629757785467124,5.6175047338522965,1445.0,1506.0,1425.9,1483.0,1320083,PINCH_ZONE,INVENTORY_MIGRATION|IV_SKEW_ACCUMULATION,TRANSITION_REGIME,TRANSITION_REGIME,Dealer Controlled,Expansion,-5.9,13.6,41.2,49.2,-109225.0,136000.0,6250.666491636708,2556.025087951857,0.016334573976215516,0.015483599410355597,12.237947475970646,11.257349188367407
2026-02-10,TIINDIA,NIFTY AUTO,3.186222654762405,2.46218487394958,3.925312964141736,2380.0,2449.0,2356.5,2438.6,1362296,,INVENTORY_MIGRATION,TRANSITION_REGIME,TRANSITION_REGIME,Dealer Controlled,Expansion,11.4,3.8,47.7,45.8,160000.0,-23400.0,1791.24044787807,11816.786763731856,-0.01714482194762823,-0.0018488478760908533,-0.5667686034658503,-1.5473668910690908
2026-02-10,TATASTEEL,NIFTY METAL,2.975247524752467,2.473028227991514,4.9830913069425,202.99,211.1,201.08,208.01,82443790,FLOOR_BOUNCE|INVENTORY_MIGRATION,INVENTORY_MIGRATION|IV_SKEW_ACCUMULATION,LONG_GAMMA,LONG_GAMMA,Expansion,Expansion,100.0,100.0,44.2,47.2,2255000.0,7447000.0,696803.3139865841,377949.9034706447,-0.012369493767333761,0.005377538983846075,16.597533632286975,15.616935344683736
2026-02-10,BANDHANBNK,NIFTY PVT BANK,2.8506201024248723,2.3579981578139453,4.260089686098656,162.85,167.4,160.56,166.69,21526686,,INVENTORY_MIGRATION|IV_SKEW_ACCUMULATION,LONG_GAMMA,LONG_GAMMA,Resistance Weakening,Expansion,17.6,-22.3,48.4,44.6,277200.0,-507600.0,18561.981635713833,-10827.172286030895,-0.005363187996704766,0.016333523583791365,15.73283343747831,14.75223514987507
2026-02-10,TATAELXSI,NIFTY IT,2.8282056181922366,2.300380228136878,3.1847742922723743,5260.0,5394.5,5228.0,5381.0,213253,,REGIME_SHIFT|INVENTORY_MIGRATION,TRANSITION_REGIME,TRANSITION_REGIME,Dealer Controlled,Expansion,1.1,1.8,48.6,47.7,11000.0,-54300.0,8589.082120210034,10082.79582854205,-0.0038947965763117542,-0.00028176670446355967,-5.447197329116149,-6.427795616719389
2026-02-11,EICHERMOT,NIFTY AUTO,6.510416666666674,3.544303797468351,4.052792960938545,7505.0,7805.0,7501.0,7771.0,2286430,REGIME_SHIFT|IV_SKEW_ACCUMULATION,REGIME_SHIFT|INVENTORY_MIGRATION|IV_SKEW_ACCUMULATION,TRANSITION_REGIME,TRANSITION_REGIME,Flip Zone,Expansion,-10.6,35.0,44.4,47.8,-258000.0,380000.0,18975.531389119802,13022.886577992289,0.01639097746592333,-0.03673502150135477,4.50511027434104,3.8707620225792327
2026-02-11,KAYNES,NIFTY INFRA,4.980291085506372,4.5207547169811235,5.744158375737318,3975.0,4177.0,3950.1,4154.7,3568986,VOLATILITY_COIL,INVENTORY_MIGRATION,TRANSITION_REGIME,TRANSITION_REGIME,Compression,Expansion,3.6,8.1,43.6,52.1,78100.0,-7400.0,48.2996098283038,8370.061593594834,-0.05177741937010616,0.01096037311943343,12.428965741191744,11.794617489429937
2026-02-11,LAURUSLABS,NIFTY PHARMA,4.894706886738764,4.715909090909087,5.696761785955595,968.0,1016.75,961.95,1013.65,2286558,PINCH_ZONE,FLOOR_BOUNCE|REGIME_SHIFT|PINCH_ZONE,TRANSITION_REGIME,LONG_GAMMA,Support Weakening,Expansion,-22.1,21.7,41.8,47.8,-357000.0,247350.0,-37862.82668291975,112362.4565035725,0.02573062462434006,-0.0049819831397997505,-2.8326303680981657,-3.466978619859973
2026-02-11,SUPREMEIND,NIFTY CONS DURABLES,4.299997290486912,4.040649747290459,5.767284068835332,3699.9,3865.9,3655.1,3849.4,597885,REGIME_SHIFT|INVENTORY_MIGRATION|IV_SKEW_ACCUMULATION,INVENTORY_MIGRATION,TRANSITION_REGIME,TRANSITION_REGIME,Expansion,Expansion,-9.9,15.1,41.1,48.2,-185325.0,162050.0,9190.676383290536,-2217.4539554196162,0.005661339447189551,0.033380426146713604,10.023723097150384,9.389374845388577
2026-02-11,APOLLOHOSP,NIFTY PHARMA,3.98947222607009,1.377447670492904,3.1735313977042434,7405.0,7640.0,7405.0,7507.0,1496488,REGIME_SHIFT,REGIME_SHIFT|INVENTORY_MIGRATION|IV_SKEW_ACCUMULATION,TRANSITION_REGIME,TRANSITION_REGIME,Flip Zone,Expansion,-15.9,13.8,42.2,47.8,-311750.0,92500.0,19599.259481070854,20571.68168636493,0.022609505079513537,-0.060625597620494354,3.281282245305084,2.6469339935432767
2026-02-11,ASTRAL,NIFTY CONS DURABLES,3.909411304007304,3.3831168831168767,4.0343571056741245,1540.0,1598.8,1536.8,1592.1,1584163,INVENTORY_MIGRATION,REGIME_SHIFT|INVENTORY_MIGRATION|IV_SKEW_ACCUMULATION,TRANSITION_REGIME,TRANSITION_REGIME,Expansion,Expansion,-14.3,14.2,44.5,47.8,-361250.0,152150.0,27488.93315580988,12308.102544656402,0.003340243076552174,0.014063550671255975,10.662403558768329,10.028055307006522
2026-02-11,BHARATFORG,NIFTY INFRA,3.866171003717467,3.4814814814814854,5.026125901965672,1620.0,1688.4,1607.6,1676.4,2361480,INVENTORY_MIGRATION,INVENTORY_MIGRATION|IV_SKEW_ACCUMULATION,TRANSITION_REGIME,TRANSITION_REGIME,Expansion,Expansion,4.7,7.3,43.0,51.2,45500.0,20000.0,5518.881677938654,7527.491544035438,-0.00011332610505049301,0.029794059167684794,15.08993546615407,14.455587214392263
2026-02-11,DIVISLAB,NIFTY PHARMA,3.4167273904947004,3.1078463028737513,10.88801828272934,6194.0,6793.0,6126.0,6386.5,1263189,REGIME_SHIFT,INVENTORY_MIGRATION,TRANSITION_REGIME,TRANSITION_REGIME,Flip Zone,Expansion,1.7,-4.0,41.5,47.9,-400.0,-232700.0,6363.7280608951605,38102.925394994076,0.024054257756346342,-0.029911047552021397,-1.5264821524940242,-2.1608304042558313
2026-02-11,SBIN,NIFTY PSU BANK,3.3913119482562815,3.3371188957805664,3.9114455722786268,1144.7,1187.5,1142.8,1182.9,29491859,VOLATILITY_COIL|REGIME_SHIFT|INVENTORY_MIGRATION|IV_SKEW_ACCUMULATION,INVENTORY_MIGRATION|IV_SKEW_ACCUMULATION,LONG_GAMMA,LONG_GAMMA,Expansion,Expansion,-100.0,100.0,43.3,47.9,-1930500.0,14445750.0,266405.9470388844,-622753.4692107992,-0.007881461402214601,0.01521096203032929,16.524651529330647,15.89030327756884
2026-02-11,POLICYBZR,NIFTY FIN SERVICE,3.3231423634188406,2.6816380449141253,3.3068783068783025,1514.0,1562.0,1512.0,1554.6,1581434,REGIME_SHIFT,,TRANSITION_REGIME,TRANSITION_REGIME,Flip Zone,Expansion,-20.6,22.4,47.7,47.9,-348950.0,339850.0,-1481.4001015378526,18276.84121596419,0.0016564199337318342,-0.00544523581218459,-7.215756490599823,-7.85010474236163
2026-02-12,MFSL,NIFTY FIN SERVICE,4.578744017069369,4.0447504302925985,4.745470232959437,1743.0,1821.0,1738.5,1813.5,1536113,,,TRANSITION_REGIME,TRANSITION_REGIME,Support Weakening,Expansion,-16.9,62.6,44.7,46.1,-306400.0,1053200.0,10524.957867687153,-16086.743617653112,0.004482753942332884,-0.07033744714744206,10.169491525423723,9.878417661058702
2026-02-12,HUDCO,Other,4.4969985510246335,5.1718750000000036,5.9738903394255916,192.0,202.94,191.5,201.93,22244997,VOLATILITY_COIL,FLOOR_BOUNCE|INVENTORY_MIGRATION,LONG_GAMMA,LONG_GAMMA,Compression,Expansion,-42.1,37.5,43.1,42.7,-788100.0,546675.0,-38036.86218110996,201174.5118449208,0.0038557430759084133,0.04927013076797215,-6.096540178571419,-6.38761404293644
2026-02-12,MUTHOOTFIN,NIFTY FIN SERVICE,3.399267771788872,2.959493670886082,5.1670401566081825,3950.0,4082.9,3882.3,4066.9,918911,,INVENTORY_MIGRATION,TRANSITION_REGIME,TRANSITION_REGIME,Support Weakening,Expansion,-26.2,-43.9,43.8,42.7,-538175.0,-959200.0,19075.950797760728,42946.64548740123,0.013909159428284246,0.043438027176780636,3.580979548175134,3.2899056838101126
2026-02-12,BAJFINANCE,NIFTY FIN SERVICE,3.111615666443046,3.1808323866570287,3.83419689119171,968.3,1002.0,965.0,999.1,10346853,VOLATILITY_COIL,FLOOR_BOUNCE|REGIME_SHIFT|INVENTORY_MIGRATION|IV_SKEW_ACCUMULATION,LONG_GAMMA,LONG_GAMMA,Compression,Expansion,-12.7,18.6,43.1,42.7,-261750.0,202500.0,87928.62859092158,157572.2110932806,-0.0007371422620723322,0.021418169193826442,5.279241306638571,4.98816744227355
2026-02-12,BHARATFORG,NIFTY INFRA,3.0004772130756363,3.0250596658711215,8.477401827611764,1676.0,1756.9,1619.6,1726.7,5012665,INVENTORY_MIGRATION|IV_SKEW_ACCUMULATION,INVENTORY_MIGRATION,TRANSITION_REGIME,TRANSITION_REGIME,Expansion,Expansion,7.3,27.0,51.2,41.7,20000.0,394500.0,7527.491544035438,-7630.15235879067,0.029794059167684794,-0.011783344023596265,18.242826816407586,17.951752952042565
2026-02-12,MCX,NIFTY FIN SERVICE,2.912171274443698,2.7735690235690225,4.607625235082935,2376.0,2447.4,2339.6,2441.9,3463494,,REGIME_SHIFT,TRANSITION_REGIME,TRANSITION_REGIME,Expansion,Expansion,-100.0,58.7,52.5,41.5,-1813125.0,1035000.0,-19929.95189018536,23268.629872631136,0.047595060337080386,-0.012908782236725314,6.4936764064544406,6.202602542089419
2026-02-12,RBLBANK,NIFTY PVT BANK,2.6554404145077593,2.4563671622495287,4.4790812141099146,309.4,318.4,304.75,317.0,5678200,INVENTORY_MIGRATION,,LONG_GAMMA,LONG_GAMMA,Expansion,Expansion,19.6,75.6,43.2,44.5,368300.0,1368425.0,-99477.63743315532,-61058.11892295815,-0.004633165109454995,0.025140087102453745,3.6964344128230353,3.405360548458014
2026-02-12,ZYDUSLIFE,NIFTY PHARMA,2.521429366581329,2.2936798844829687,3.364767591094253,900.3,926.2,896.05,920.95,1614220,FLOOR_BOUNCE|REGIME_SHIFT|PINCH_ZONE,FLOOR_BOUNCE|REGIME_SHIFT|INVENTORY_MIGRATION,LONG_GAMMA,LONG_GAMMA,Flip Zone,Expansion,59.0,100.0,43.7,41.0,1097100.0,2402100.0,12315.238142949413,-37787.229658595315,-0.0011687519305674243,-0.009050841236621143,2.2482513600532883,1.957177495688267
2026-02-12,TIINDIA,NIFTY AUTO,2.4977552852828433,3.354047491666323,4.427202190780477,2429.9,2516.8,2410.1,2511.4,530680,INVENTORY_MIGRATION,REGIME_SHIFT|PINCH_ZONE,TRANSITION_REGIME,TRANSITION_REGIME,Expansion,Flip Zone,3.7,12.2,43.1,41.1,60600.0,160800.0,3331.0292578531553,-898.3452682206189,0.0010712734824490644,0.040108025395911795,5.198341222301339,4.907267357936318
2026-02-12,SHRIRAMFIN,NIFTY FIN SERVICE,2.460257380772135,2.7812055054579954,3.5629227398304097,1053.5,1087.1,1049.7,1082.8,8462756,REGIME_SHIFT,IV_SKEW_ACCUMULATION,LONG_GAMMA,LONG_GAMMA,Flip Zone,Resistance Weakening,44.4,76.9,44.9,44.5,828300.0,1376925.0,-13012.690317052067,-16553.34053173405,-0.007455601381425592,-0.002062229000172444,10.597007302997795,10.305933438632774
2026-02-13,BAJFINANCE,NIFTY FIN SERVICE,2.5673105795215756,2.9899497487437143,3.948428686543126,995.0,1032.0,992.8,1024.75,21613987,FLOOR_BOUNCE|REGIME_SHIFT|INVENTORY_MIGRATION|IV_SKEW_ACCUMULATION,PINCH_ZONE,LONG_GAMMA,LONG_GAMMA,Expansion,Expansion,18.6,-8.4,42.7,56.6,202500.0,-267000.0,157572.2110932806,116434.70325646852,0.021418169193826442,-0.005750487646057678,8.330250013214213,9.088073714978439
2026-02-13,PPLPHARMA,Other,1.616557467393287,2.1230769230769164,5.584905660377348,162.5,167.88,159.0,165.95,4647771,IV_SKEW_ACCUMULATION,REGIME_SHIFT|INVENTORY_MIGRATION|IV_SKEW_ACCUMULATION,LONG_GAMMA,LONG_GAMMA,Dealer Controlled,Expansion,-6.8,-84.9,39.2,55.5,-110250.0,-1687875.0,-10458.498329771246,149344.10034202377,0.01119094190234271,0.018428674987404692,-1.2319961909296628,-0.4741724891654364
2026-02-13,EICHERMOT,NIFTY AUTO,1.535943598136713,2.088607594936698,2.948075825778229,7900.0,8119.0,7886.5,8065.0,967939,INVENTORY_MIGRATION|IV_SKEW_ACCUMULATION,,TRANSITION_REGIME,TRANSITION_REGIME,Expansion,Dealer Controlled,42.4,-3.1,41.1,56.2,810100.0,-115600.0,-27483.143804910473,16406.14710239039,-0.022767885323814463,0.00895635316991722,9.608589290568093,10.366412992332318
2026-02-13,HAL,NIFTY INFRA,1.2863978455841751,0.5586058725232768,2.591558785312098,4189.0,4263.5,4155.8,4212.4,3532180,INVENTORY_MIGRATION,FLOOR_BOUNCE|REGIME_SHIFT|PINCH_ZONE|IV_SKEW_ACCUMULATION,TRANSITION_REGIME,LONG_GAMMA,Expansion,Flip Zone,-49.2,12.9,38.1,54.9,-1006950.0,181800.0,68082.93856598187,60253.72225908193,-0.012871608242765786,-0.024699868398958325,-5.5812076926525345,-4.823383990888308
2026-02-13,CROMPTON,NIFTY CONS DURABLES,1.1800302571860932,1.3333333333333197,5.451348182883953,264.0,269.85,255.9,267.52,4504154,INVENTORY_MIGRATION,INVENTORY_MIGRATION|IV_SKEW_ACCUMULATION,TRANSITION_REGIME,LONG_GAMMA,Expansion,Expansion,46.4,-100.0,40.6,57.5,912600.0,-2570400.0,-58639.1308543013,220007.5579671944,-0.00591722829638841,-0.008582751694605872,5.033372595210039,5.791196296974266
2026-02-13,BLUESTARCO,NIFTY CONS DURABLES,1.175278622087128,1.897959183673481,3.2115965783947154,1960.0,2015.0,1952.3,1997.2,618695,INVENTORY_MIGRATION|IV_SKEW_ACCUMULATION,INVENTORY_MIGRATION|IV_SKEW_ACCUMULATION,TRANSITION_REGIME,TRANSITION_REGIME,Expansion,Expansion,3.3,4.3,40.6,54.8,44200.0,45175.0,2120.0044015849126,461.1694941783571,-0.02215466486820511,0.006838368574187015,10.214668064676346,10.972491766440573
2026-02-13,ICICIPRULI,NIFTY FIN SERVICE,0.8697696285848489,1.3622047244094437,2.6911169326029993,635.0,646.8,629.85,643.65,711887,REGIME_SHIFT,REGIME_SHIFT,TRANSITION_REGIME,TRANSITION_REGIME,Flip Zone,Flip Zone,-0.2,-5.7,38.1,54.5,9250.0,-145225.0,-7608.0144345466,73270.32411617838,-0.003380623381169068,0.013822886550451163,-3.8251774374299607,-3.0673537356657343
2026-02-13,BIOCON,NIFTY PHARMA,0.7732302359685361,1.056149732620315,3.6926418680423456,374.0,381.9,368.3,377.95,5387172,VOLATILITY_COIL|INVENTORY_MIGRATION,INVENTORY_MIGRATION,LONG_GAMMA,LONG_GAMMA,Expansion,Expansion,-100.0,-100.0,44.2,53.5,-3900000.0,-2680000.0,95231.42665641865,257157.91212606017,0.013652813272924114,-0.04515405131499883,-0.27704485488126984,0.4807788468829566
2026-02-13,BHARATFORG,NIFTY INFRA,0.7007586726125004,-1.0302236894530248,3.3779477374123568,1756.9,1784.2,1725.9,1738.8,4313855,INVENTORY_MIGRATION,,TRANSITION_REGIME,TRANSITION_REGIME,Expansion,Dealer Controlled,27.0,4.2,41.7,54.1,394500.0,72000.0,-7630.15235879067,15980.097146377433,-0.011783344023596265,0.0021976710629016405,20.149253731343286,20.907077433107514
2026-02-13,MFSL,NIFTY FIN SERVICE,0.6286186931348192,0.19766101136551306,1.7168326638419718,1821.3,1848.5,1817.3,1824.9,1588459,,INVENTORY_MIGRATION|IV_SKEW_ACCUMULATION,TRANSITION_REGIME,TRANSITION_REGIME,Expansion,Expansion,62.6,-0.0,46.1,57.4,1053200.0,-12000.0,-16086.743617653112,-3972.1108409787194,-0.07033744714744206,0.006975247165230625,10.660360196470808,11.418183898235036
2026-02-16,GMRAIRPORT,NIFTY INFRA,6.90205253642453,5.643720441408284,6.568575932737786,95.15,101.4,95.15,100.52,50976360,,REGIME_SHIFT,LONG_GAMMA,LONG_GAMMA,Support Weakening,Expansion,-100.0,100.0,59.6,46.0,-14410350.0,15345000.0,231777.14105773345,767689.9658847048,-0.008206583673281032,-0.028412990876283628,0.6206206206206044,0.66576673250901
2026-02-16,POWERGRID,NIFTY ENERGY,4.630919220055718,4.340277777777768,4.769364664926012,288.0,300.95,287.25,300.5,22196951,INVENTORY_MIGRATION,REGIME_SHIFT|INVENTORY_MIGRATION,LONG_GAMMA,LONG_GAMMA,Expansion,Expansion,-100.0,100.0,55.7,46.0,-1850600.0,1770800.0,-736586.8598139263,876861.4050205094,-0.00199669584334361,0.04552290870460385,16.789739603575594,16.834885715464
2026-02-16,TORNTPHARM,NIFTY PHARMA,4.4997547817557715,2.827980599860047,5.024283632831472,4144.3,4324.9,4118.0,4261.5,1639922,IV_SKEW_ACCUMULATION,INVENTORY_MIGRATION|IV_SKEW_ACCUMULATION,TRANSITION_REGIME,TRANSITION_REGIME,Support Weakening,Expansion,-18.1,14.3,54.1,50.1,-356750.0,114750.0,26452.378330632986,18956.429773941192,0.021567591691514898,-0.03265962621180479,6.05494997760192,6.100096089490325
2026-02-16,ADANIGREEN,NIFTY ENERGY,4.287217254076792,4.397051079515535,6.679481018740985,949.5,999.0,936.45,991.25,4171950,INVENTORY_MIGRATION,IV_SKEW_ACCUMULATION,TRANSITION_REGIME,TRANSITION_REGIME,Expansion,Expansion,-15.5,36.2,59.5,49.5,-160800.0,555000.0,-61220.87559902693,40907.22163212922,0.04559093104341322,0.010451457464555891,6.5745618750671975,6.6197079869556035
2026-02-16,AUROPHARMA,NIFTY PHARMA,3.40432960893855,3.730297723292453,3.967072423154394,1142.0,1187.2,1141.9,1184.6,1559869,,FLOOR_BOUNCE|INVENTORY_MIGRATION,TRANSITION_REGIME,LONG_GAMMA,Support Weakening,Expansion,-24.8,66.3,58.3,45.9,-436150.0,1147300.0,-38847.128028783394,112049.01507219701,-0.001407025916989213,0.0711426870571561,1.0147522810607823,1.0598983929491879
2026-02-16,KFINTECH,NIFTY FIN SERVICE,3.3880797438281096,3.3880797438281096,9.243697478991585,968.1,1040.0,952.0,1000.9,2252528,INVENTORY_MIGRATION|IV_SKEW_ACCUMULATION,REGIME_SHIFT|INVENTORY_MIGRATION|IV_SKEW_ACCUMULATION,TRANSITION_REGIME,TRANSITION_REGIME,Expansion,Expansion,-27.9,9.1,54.9,45.9,-486000.0,64500.0,14233.2942877161,4911.486037706778,0.028572207922867965,-0.07132240251476141,-6.527829660067241,-6.482683548178835
2026-02-16,COALINDIA,NIFTY ENERGY,3.3133634918694144,3.5539215686274606,4.242498770290215,408.0,423.85,406.6,422.5,9719418,PINCH_ZONE,FLOOR_BOUNCE|REGIME_SHIFT|PINCH_ZONE|IV_SKEW_ACCUMULATION,LONG_GAMMA,LONG_GAMMA,Support Weakening,Expansion,-100.0,100.0,54.9,45.9,-3446550.0,3353400.0,-296880.89459398796,907056.872862361,-0.00400293958982223,-0.006392095040006984,-1.9721577726218076,-1.927011660733402
2026-02-16,JSWENERGY,NIFTY ENERGY,3.2125552980829974,3.913043478260869,4.734042553191498,471.5,492.25,470.0,489.95,2229748,,,TRANSITION_REGIME,LONG_GAMMA,Support Weakening,Expansion,-24.0,19.0,59.8,49.5,-429000.0,243000.0,-2775.2811692128016,151066.3049777525,-0.014658156765475716,0.06089662828171255,-0.5783279220779258,-0.5331818101895203
2026-02-16,SIEMENS,NIFTY INFRA,3.1798491897962355,3.1798491897962355,4.634945347215469,3116.5,3226.0,3083.1,3215.6,293293,,REGIME_SHIFT|IV_SKEW_ACCUMULATION,TRANSITION_REGIME,TRANSITION_REGIME,Dealer Controlled,Expansion,-1.8,17.6,59.8,45.9,-8750.0,238175.0,-2038.692634928797,10611.113381918418,0.01483687766550379,0.0033272468211743567,10.153466703206359,10.198612815094764
2026-02-16,LTF,NIFTY FIN SERVICE,3.121711680112238,3.5211267605633756,5.067567567567566,284.0,295.45,281.2,294.0,6790971,,FLOOR_BOUNCE|PINCH_ZONE,LONG_GAMMA,LONG_GAMMA,Support Building,Expansion,27.7,100.0,59.3,45.9,625500.0,2488500.0,-207256.41933723295,49828.95945191354,-0.035323897742931654,0.025567163863646047,-0.8097165991902799,-0.7645704873018744
2026-02-17,PAYTM,NIFTY FIN SERVICE,4.113614103819785,4.401785714285711,5.789663245092758,1120.0,1174.9,1110.6,1169.3,4617604,VOLATILITY_COIL|REGIME_SHIFT,FLOOR_BOUNCE|REGIME_SHIFT|INVENTORY_MIGRATION,TRANSITION_REGIME,LONG_GAMMA,Compression,Expansion,-13.3,35.7,47.5,45.9,-234900.0,526350.0,-7721.328450986417,148400.7166012041,-0.023570564314869147,0.005292454632776389,-12.175153973261244,-12.721948055847088
2026-02-17,DELHIVERY,NIFTY SERVICES,4.00621860798851,3.5357142857142865,3.8736591179976188,420.0,435.75,419.5,434.85,3217185,REGIME_SHIFT|INVENTORY_MIGRATION,FLOOR_BOUNCE|REGIME_SHIFT|INVENTORY_MIGRATION,TRANSITION_REGIME,LONG_GAMMA,Expansion,Expansion,0.6,42.0,47.6,45.9,33200.0,655700.0,-33234.91091696828,176219.4151905878,0.025348131181354316,-0.016671536876964987,8.306351183063509,7.7595571004776644
2026-02-17,BANKBARODA,NIFTY PSU BANK,3.6574944453939384,3.6574944453939384,4.739010989010994,292.55,305.0,291.2,303.25,17496015,FLOOR_BOUNCE|REGIME_SHIFT|IV_SKEW_ACCUMULATION,FLOOR_BOUNCE|INVENTORY_MIGRATION|IV_SKEW_ACCUMULATION,LONG_GAMMA,LONG_GAMMA,Flip Zone,Expansion,100.0,100.0,43.0,45.9,3951675.0,9266400.0,144158.2843201073,264509.0840797599,0.009157449825679898,-0.00022386306575894466,-1.2697379130717779,-1.816531995657622
2026-02-17,PNB,NIFTY PSU BANK,3.524923281081538,3.524923281081538,4.83265169852265,120.57,125.6,119.81,124.82,39934490,FLOOR_BOUNCE|REGIME_SHIFT,FLOOR_BOUNCE|REGIME_SHIFT|INVENTORY_MIGRATION,LONG_GAMMA,LONG_GAMMA,Flip Zone,Expansion,100.0,100.0,43.4,45.9,8840000.0,28144000.0,296706.99374729395,-366386.9284114172,-0.020570097008639432,0.007001041719455037,-2.5224521671222355,-3.0692462497080797
2026-02-17,INDIANB,NIFTY PSU BANK,3.50995612554843,3.614864864864864,4.642451759364352,888.0,921.9,881.0,920.1,1893818,,REGIME_SHIFT|INVENTORY_MIGRATION,TRANSITION_REGIME,TRANSITION_REGIME,Resistance Weakening,Expansion,25.3,10.9,47.2,45.9,426000.0,92000.0,39666.09695491116,56366.89722506309,-0.009953817497898698,0.05784039356819226,7.150343542564341,6.603549459978497
2026-02-17,UNIONBANK,NIFTY PSU BANK,3.1678409525369933,2.9092890220648204,4.4759705267788386,183.55,190.0,181.86,188.89,29239580,FLOOR_BOUNCE|REGIME_SHIFT|INVENTORY_MIGRATION,REGIME_SHIFT|INVENTORY_MIGRATION|IV_SKEW_ACCUMULATION,LONG_GAMMA,LONG_GAMMA,Expansion,Expansion,58.4,100.0,43.9,49.3,1004475.0,4230300.0,230779.69556323113,157755.9390798763,0.021681116862422356,-0.019752817267260137,6.458885194161068,5.912091111575224
2026-02-17,BANKINDIA,NIFTY PSU BANK,2.777610047702428,2.7838164251207775,3.6363636363636376,165.6,171.0,165.0,170.21,15325479,FLOOR_BOUNCE|INVENTORY_MIGRATION|IV_SKEW_ACCUMULATION,REGIME_SHIFT|INVENTORY_MIGRATION,LONG_GAMMA,LONG_GAMMA,Expansion,Expansion,17.6,-100.0,43.9,44.3,249600.0,-3879200.0,121291.69451020606,354769.181573734,0.020777088539910504,-0.011197046704037983,4.3912910150260664,3.8444969324402223
2026-02-17,ADANIENT,NIFTY SERVICES,2.6686807653575118,3.359447004608307,3.7788018433179804,2170.0,2252.0,2170.0,2242.9,1931699,REGIME_SHIFT|PINCH_ZONE,REGIME_SHIFT|PINCH_ZONE,TRANSITION_REGIME,TRANSITION_REGIME,Flip Zone,Expansion,31.1,30.4,43.9,43.9,519738.0,483276.0,24448.48144138015,53877.92723604789,-0.02271947804119906,-0.03635575588171053,5.073550079640232,4.526755997054388
2026-02-17,ADANIENSOL,NIFTY ENERGY,2.6658029797199667,2.8143712574850266,3.915662650602414,1002.0,1035.0,996.0,1030.2,1460922,REGIME_SHIFT,INVENTORY_MIGRATION,TRANSITION_REGIME,TRANSITION_REGIME,Flip Zone,Expansion,6.5,26.0,46.1,44.0,76275.0,419850.0,13307.612362186024,-12193.149531807685,-0.04499282140407446,-0.038889445883094786,13.40819022457067,12.861396141984827
2026-02-17,ADANIGREEN,NIFTY ENERGY,2.577553593947024,3.475296392408289,4.054123053357173,982.65,1018.95,979.25,1016.8,3770349,IV_SKEW_ACCUMULATION,REGIME_SHIFT|INVENTORY_MIGRATION,TRANSITION_REGIME,TRANSITION_REGIME,Expansion,Expansion,36.2,43.1,49.5,43.9,555000.0,744600.0,40907.22163212922,1747.129119706864,0.010451457464555891,0.005175283626205451,11.247264770240694,10.70047068765485
2026-02-18,HDFCLIFE,NIFTY FIN SERVICE,3.372060073675276,3.364737550471064,3.6674469745335836,705.85,730.7,704.85,729.6,4974855,FLOOR_BOUNCE|INVENTORY_MIGRATION|IV_SKEW_ACCUMULATION,FLOOR_BOUNCE|INVENTORY_MIGRATION|IV_SKEW_ACCUMULATION,LONG_GAMMA,LONG_GAMMA,Expansion,Expansion,35.4,100.0,40.8,45.9,674300.0,1718200.0,-41928.60764587129,534618.6933161693,0.015498841732768609,0.006088675565912749,-0.34148340390657284,-2.6672537397829266
2026-02-18,BSE,NIFTY FIN SERVICE,2.979250993691429,2.133815551537066,2.455632017385012,2765.0,2828.8,2761.0,2824.0,5187180,INVENTORY_MIGRATION,FLOOR_BOUNCE|REGIME_SHIFT|PINCH_ZONE,TRANSITION_REGIME,LONG_GAMMA,Expansion,Expansion,-100.0,43.5,41.6,44.3,-2057625.0,715875.0,31293.653174854102,112071.31573956212,-0.09465125472692354,-0.06361853703803938,6.429486696314157,4.1037163604378035
2026-02-18,BDL,NIFTY INFRA,2.9558602107932375,2.3233834764117445,3.4641665342444172,1269.7,1302.2,1258.6,1299.2,1188469,REGIME_SHIFT,REGIME_SHIFT|INVENTORY_MIGRATION,TRANSITION_REGIME,TRANSITION_REGIME,Flip Zone,Expansion,-4.4,35.0,40.8,44.3,-104300.0,566300.0,23557.483547059113,33042.76986249712,0.008297885821809625,-0.06992558380166775,-10.591149955268042,-12.916920291144397
2026-02-18,TATASTEEL,NIFTY METAL,2.9298798503052836,2.692213215426187,3.02137067059689,203.55,209.7,203.55,209.03,48357001,,IV_SKEW_ACCUMULATION,LONG_GAMMA,LONG_GAMMA,Support Weakening,Expansion,-100.0,100.0,40.8,49.6,-7403000.0,20289500.0,-317168.616577751,1895695.842204363,0.0007028453846712468,-0.029197520294973855,13.875572020047944,11.549801684171591
2026-02-18,CGPOWER,NIFTY INFRA,2.9036929761042662,2.628728244385048,3.9423916205993725,692.35,714.5,687.4,710.55,3814598,VOLATILITY_COIL|IV_SKEW_ACCUMULATION,INVENTORY_MIGRATION,TRANSITION_REGIME,TRANSITION_REGIME,Compression,Expansion,11.3,-8.4,43.4,44.3,204000.0,-255850.0,15596.977646893618,23268.47231754892,0.0011508499324139332,0.01829429766458257,23.843137254901947,21.517366919025594
2026-02-18,TORNTPOWER,Other,2.7919806243272394,3.090209837392899,4.166666666666674,1482.1,1535.0,1473.6,1527.9,1031052,INVENTORY_MIGRATION|IV_SKEW_ACCUMULATION,INVENTORY_MIGRATION,TRANSITION_REGIME,TRANSITION_REGIME,Expansion,Expansion,15.9,33.3,43.8,44.3,276250.0,549525.0,-3265.243175201249,-8995.672229648422,0.0037066644184859943,-0.014217083776327633,15.618615209988661,13.292844874112308
2026-02-18,CUMMINSIND,NIFTY INFRA,2.7839401452868673,2.5119305856833085,3.9595143459090654,4610.0,4786.4,4604.1,4725.8,1146625,INVENTORY_MIGRATION|IV_SKEW_ACCUMULATION,REGIME_SHIFT|INVENTORY_MIGRATION|IV_SKEW_ACCUMULATION,TRANSITION_REGIME,TRANSITION_REGIME,Expansion,Expansion,12.8,-9.4,42.7,44.3,196200.0,-290800.0,-868.0394670822061,-4.8875223408977035,-0.006493774577630562,0.01124340302245741,17.53090104205526,15.205130706178906
2026-02-18,MARICO,NIFTY FMCG,2.756261296152851,2.756261296152851,3.1540847983454023,774.6,798.0,773.6,795.95,2437994,REGIME_SHIFT|INVENTORY_MIGRATION,FLOOR_BOUNCE|REGIME_SHIFT|INVENTORY_MIGRATION|IV_SKEW_ACCUMULATION,LONG_GAMMA,LONG_GAMMA,Expansion,Expansion,-5.2,40.3,40.8,44.3,-104400.0,668400.0,-10912.368836650217,76658.2719317074,0.004694341535804614,0.004015850849144076,6.190380895203806,3.8646105593274527
2026-02-18,KAYNES,NIFTY INFRA,2.7111178614823706,1.9908000904909073,4.35339308578746,3978.3,4075.0,3905.0,4057.5,1341272,,REGIME_SHIFT|IV_SKEW_ACCUMULATION,TRANSITION_REGIME,TRANSITION_REGIME,Support Building,Expansion,6.2,6.1,41.9,43.9,132400.0,20400.0,-520.3686543661606,10294.28970944562,-0.026861746802709252,-0.03186618135814756,16.544592847910387,14.218822512034034
2026-02-18,PNB,NIFTY PSU BANK,2.6838647652619674,2.454036770583534,3.1322598734278673,125.1,128.74,124.83,128.17,37051990,FLOOR_BOUNCE|REGIME_SHIFT|INVENTORY_MIGRATION,FLOOR_BOUNCE|REGIME_SHIFT|INVENTORY_MIGRATION|IV_SKEW_ACCUMULATION,LONG_GAMMA,LONG_GAMMA,Expansion,Expansion,100.0,100.0,45.9,43.9,28144000.0,19600000.0,-366386.9284114172,609327.4035528707,0.007001041719455037,-0.022201069940266716,1.9082452095094071,-0.4175251263669466
2026-02-19,OIL,NIFTY OIL & GAS,5.127356930201787,2.4610424502955475,5.4024734215665005,465.25,485.8,460.9,476.7,19628154,,REGIME_SHIFT|INVENTORY_MIGRATION,TRANSITION_REGIME,LONG_GAMMA,Support Building,Expansion,-4.0,-40.1,47.9,58.0,32200.0,-984200.0,-304579.612811891,296680.35987016925,-0.028642864170472793,0.06858161392862283,9.95271594971745,8.772749736858465
2026-02-19,ONGC,NIFTY OIL & GAS,3.798185941043064,1.6093229744728044,3.210752286727625,270.3,276.45,267.85,274.65,37728943,REGIME_SHIFT|INVENTORY_MIGRATION,FLOOR_BOUNCE|INVENTORY_MIGRATION,LONG_GAMMA,LONG_GAMMA,Expansion,Expansion,-100.0,100.0,41.6,57.7,-58709250.0,7656750.0,2102031.19019216,-3542753.7262496087,-0.016086975052756913,0.003596221360692875,13.318480009902212,12.138513797043228
2026-02-19,UPL,NIFTY COMMODITIES,2.3272921821708037,2.3272921821708037,3.243496288370218,747.65,771.9,747.65,765.05,2242488,FLOOR_BOUNCE|REGIME_SHIFT|PINCH_ZONE|IV_SKEW_ACCUMULATION,FLOOR_BOUNCE|REGIME_SHIFT|INVENTORY_MIGRATION,LONG_GAMMA,LONG_GAMMA,Flip Zone,Expansion,49.0,23.5,41.2,56.1,905140.0,349590.0,844.7935981116607,152893.80877334496,-0.016509885307328886,0.0861477814922299,10.604308226109582,9.424342013250598
2026-02-19,RBLBANK,NIFTY PVT BANK,2.071823204419898,1.6972477064220115,4.1137788652699125,327.0,340.4,326.95,332.55,20881527,FLOOR_BOUNCE|INVENTORY_MIGRATION|IV_SKEW_ACCUMULATION,INVENTORY_MIGRATION|IV_SKEW_ACCUMULATION,LONG_GAMMA,LONG_GAMMA,Expansion,Expansion,100.0,1.8,41.5,59.0,4467225.0,-41275.0,-138191.49078838679,9210.882864145562,0.017461595595018475,-0.005462210184814409,11.78151260504201,10.601546392183025
2026-02-19,SAMMAANCAP,NIFTY FIN SERVICE,1.9186751043489991,1.604026845637585,1.980530379321932,149.0,151.9,148.95,151.39,14294153,FLOOR_BOUNCE|INVENTORY_MIGRATION,FLOOR_BOUNCE|REGIME_SHIFT|PINCH_ZONE,LONG_GAMMA,LONG_GAMMA,Expansion,Flip Zone,29.2,27.3,41.2,56.1,477300.0,455800.0,393980.1029322974,63973.13594952505,0.007721233142479855,0.029752603900401797,9.639339513325584,8.459373300466599
2026-02-19,SYNGENE,Other,1.1658778714071394,0.5968778696051391,2.2814128546612578,435.6,441.6,431.75,438.2,1609859,VOLATILITY_COIL|INVENTORY_MIGRATION,REGIME_SHIFT|PINCH_ZONE,TRANSITION_REGIME,TRANSITION_REGIME,Expansion,Flip Zone,-11.9,-1.5,40.8,54.0,-234000.0,-68000.0,25475.895546911175,35126.71835970138,-0.02239001439773064,0.0001460808801449498,-27.0699841890655,-28.249950401924487
2026-02-19,SBICARD,NIFTY FIN SERVICE,1.1339879632562555,1.7009619672548881,2.9118724689850106,784.85,800.5,777.85,798.2,1585440,INVENTORY_MIGRATION|IV_SKEW_ACCUMULATION,FLOOR_BOUNCE|INVENTORY_MIGRATION|IV_SKEW_ACCUMULATION,LONG_GAMMA,LONG_GAMMA,Expansion,Expansion,-24.3,31.8,42.7,54.0,-536800.0,533600.0,156275.25356755254,303106.82978535513,0.007355760680528345,0.049861970761435725,1.8501977797626745,0.6702315669036896
2026-02-19,AUROPHARMA,NIFTY PHARMA,1.017592273197665,1.2971290210999742,3.8481494292632368,1156.4,1200.9,1156.4,1171.4,3474036,,INVENTORY_MIGRATION,TRANSITION_REGIME,TRANSITION_REGIME,Support Building,Expansion,23.3,-22.7,41.6,53.7,503800.0,-448800.0,-134861.65635253952,36102.36559738323,-0.016443432055439966,-0.029278901959509662,4.430774716947505,3.2508085040885204
2026-02-19,BIOCON,NIFTY PHARMA,0.9763821084575852,0.9630606860158153,2.4894067796610075,379.0,387.0,377.6,382.65,2784719,FLOOR_BOUNCE|REGIME_SHIFT|INVENTORY_MIGRATION|IV_SKEW_ACCUMULATION,FLOOR_BOUNCE|REGIME_SHIFT|INVENTORY_MIGRATION,LONG_GAMMA,LONG_GAMMA,Expansion,Expansion,62.8,100.0,40.8,53.7,1202500.0,3095000.0,-33299.961893483414,80091.17155571096,-0.017349397058437743,-0.013665299314763513,4.878717281074407,3.6987510682154223
2026-02-19,IRCTC,Other,0.9062474937845844,1.1414790996784552,2.6885192959793525,622.0,635.95,619.3,629.1,2866005,REGIME_SHIFT|INVENTORY_MIGRATION,FLOOR_BOUNCE,LONG_GAMMA,LONG_GAMMA,Expansion,Support Building,-19.1,84.3,41.2,53.7,-432250.0,1596875.0,299424.8416946731,-184043.23384746508,-0.02054885622576058,0.0008442668191815383,2.509369398729011,1.3294031858700261
2026-02-20,ABB,NIFTY INFRA,4.676982253693507,4.576419213973804,9.205350118017307,5725.0,6246.0,5719.5,5987.0,4034978,,REGIME_SHIFT|INVENTORY_MIGRATION,TRANSITION_REGIME,TRANSITION_REGIME,Expansion,Expansion,-12.0,16.6,58.3,58.7,-154375.0,-2750.0,-2941.102493400307,-55.70359413381084,0.06051699108166708,-0.037524889225159064,25.896330564609404,24.78383110830471
2026-02-20,POWERINDIA,NIFTY INFRA,4.463699619272687,5.158590308370048,5.718061674008812,22700.0,23998.0,22700.0,23871.0,218752,REGIME_SHIFT|INVENTORY_MIGRATION|IV_SKEW_ACCUMULATION,INVENTORY_MIGRATION|IV_SKEW_ACCUMULATION,TRANSITION_REGIME,TRANSITION_REGIME,Expansion,Expansion,-5.9,8.6,54.4,58.8,-21650.0,26600.0,-3478.3102739441597,3399.717549510156,0.014976347484627062,-0.04219635549300321,41.69288300587641,40.580383549571714
2026-02-20,KEI,NIFTY INFRA,4.1019130587050645,4.184008762322011,6.215316315205333,4565.0,4785.0,4505.0,4756.0,410082,REGIME_SHIFT|INVENTORY_MIGRATION|IV_SKEW_ACCUMULATION,REGIME_SHIFT|INVENTORY_MIGRATION|IV_SKEW_ACCUMULATION,TRANSITION_REGIME,TRANSITION_REGIME,Expansion,Expansion,0.9,8.7,53.3,58.8,42000.0,35350.0,-6727.6322761517595,11502.153466662876,0.022901613073283977,-0.0334896257070762,23.583827045005723,22.47132758870103
2026-02-20,TIINDIA,NIFTY AUTO,3.9183378210022823,4.274538269215267,5.049850044581339,2479.8,2592.0,2467.4,2585.8,752197,REGIME_SHIFT|PINCH_ZONE,REGIME_SHIFT|INVENTORY_MIGRATION,TRANSITION_REGIME,TRANSITION_REGIME,Flip Zone,Expansion,1.2,24.4,53.3,58.8,-1600.0,353200.0,13493.388263486806,-31658.164222458447,-0.015056427858057608,0.08880881525893103,12.582723789620331,11.470224333315638
2026-02-20,HINDALCO,NIFTY METAL,3.318058852757688,3.1074380165289295,4.061702363777608,907.5,937.7,901.1,935.7,5855696,REGIME_SHIFT|PINCH_ZONE,INVENTORY_MIGRATION,TRANSITION_REGIME,TRANSITION_REGIME,Flip Zone,Expansion,99.5,100.0,53.3,61.5,1880200.0,2852500.0,-61510.73991221067,86027.574569116,-0.011032149878491937,0.046257614082191256,-0.9264651384403577,-2.038964594745052
2026-02-20,POLICYBZR,NIFTY FIN SERVICE,3.289204312815608,3.289204312815608,4.217278558755289,1465.4,1527.2,1465.4,1513.6,3126551,INVENTORY_MIGRATION|IV_SKEW_ACCUMULATION,REGIME_SHIFT|INVENTORY_MIGRATION,TRANSITION_REGIME,TRANSITION_REGIME,Expansion,Expansion,-10.2,8.9,54.2,58.8,-126000.0,59850.0,-26733.947393118997,53958.06951743913,0.07001393130979672,-0.06045190929505362,-11.722850810684704,-12.835350266989398
2026-02-20,SIEMENS,NIFTY INFRA,3.1894692800360502,3.0303030303030276,6.50563607085346,3111.9,3307.0,3105.0,3206.2,1339800,INVENTORY_MIGRATION|IV_SKEW_ACCUMULATION,REGIME_SHIFT|INVENTORY_MIGRATION,TRANSITION_REGIME,TRANSITION_REGIME,Expansion,Expansion,-1.9,13.0,54.1,58.8,36575.0,71925.0,-37600.76319797754,22340.178299958236,0.07574080513556247,0.021261468678029805,9.493887029574477,8.381387573269784
2026-02-20,CANBK,NIFTY PSU BANK,3.165573551064127,3.317694369973201,4.103497068930673,149.2,154.5,148.41,154.15,35644772,FLOOR_BOUNCE|REGIME_SHIFT|PINCH_ZONE,REGIME_SHIFT|INVENTORY_MIGRATION,LONG_GAMMA,LONG_GAMMA,Flip Zone,Expansion,100.0,100.0,54.1,58.7,2909250.0,24657750.0,-1811761.0227118686,606759.4814555252,-0.003079621453675463,-0.00243493980352405,-0.34264287561417417,-1.4551423319188683
2026-02-20,JSWENERGY,NIFTY ENERGY,2.8848156634034394,3.1964901284863734,3.6323667957709693,478.65,495.0,477.65,493.95,3144930,REGIME_SHIFT|INVENTORY_MIGRATION,FLOOR_BOUNCE|REGIME_SHIFT|INVENTORY_MIGRATION|IV_SKEW_ACCUMULATION,TRANSITION_REGIME,LONG_GAMMA,Expansion,Expansion,-14.4,45.9,53.3,57.2,-232000.0,753000.0,-82885.57370739456,295725.75638063974,0.022652510039953,-0.010827912361810965,0.32497207271249273,-0.7875273835922014
2026-02-20,BDL,NIFTY INFRA,2.808724305664545,3.0999213217938637,4.488797727989913,1271.0,1324.5,1267.6,1310.4,2072110,INVENTORY_MIGRATION|IV_SKEW_ACCUMULATION,REGIME_SHIFT|INVENTORY_MIGRATION|IV_SKEW_ACCUMULATION,TRANSITION_REGIME,TRANSITION_REGIME,Expansion,Expansion,6.2,20.0,54.1,57.2,185850.0,280000.0,-44946.04414077464,39199.03221367566,0.010931477956892643,-0.0144554321134579,-9.702315325248067,-10.814814781552762
2026-02-23,INDIANB,NIFTY PSU BANK,3.80796450829195,3.1217208814270814,3.565989181240492,953.0,986.0,952.05,982.75,4004600,FLOOR_BOUNCE|REGIME_SHIFT|INVENTORY_MIGRATION|IV_SKEW_ACCUMULATION,INVENTORY_MIGRATION|IV_SKEW_ACCUMULATION,LONG_GAMMA,LONG_GAMMA,Expansion,Expansion,40.9,42.1,56.3,59.5,710000.0,680000.0,73327.41243171683,15038.289042881457,-0.03343411877357794,0.1289060493479462,12.128472816475554,9.476234073070232
2026-02-23,CUMMINSIND,NIFTY INFRA,3.177084433553734,1.8007878446820502,2.727520493092106,4797.9,4900.0,4769.9,4884.3,1570603,REGIME_SHIFT|INVENTORY_MIGRATION|IV_SKEW_ACCUMULATION,INVENTORY_MIGRATION|IV_SKEW_ACCUMULATION,TRANSITION_REGIME,TRANSITION_REGIME,Expansion,Expansion,7.4,2.4,56.3,59.5,83400.0,-78000.0,19083.599859458598,40294.240622397105,-0.023382339556358656,0.01641865589116831,24.26979442295949,21.617555679554165
2026-02-23,SIEMENS,NIFTY INFRA,2.994198739941356,2.8690694993925403,3.623867541393322,3210.1,3317.0,3201.0,3302.2,756804,REGIME_SHIFT|INVENTORY_MIGRATION,REGIME_SHIFT,TRANSITION_REGIME,TRANSITION_REGIME,Expansion,Expansion,13.0,12.0,58.8,58.0,71925.0,202475.0,22340.178299958236,21881.82912793023,0.021261468678029805,0.10411240662704191,13.853261619087021,11.2010228756817
2026-02-23,ADANIPORTS,NIFTY SERVICES,2.930863380747595,2.964923891462612,3.554408260524222,1511.0,1564.5,1510.8,1555.8,3113728,VOLATILITY_COIL|REGIME_SHIFT|PINCH_ZONE,INVENTORY_MIGRATION|IV_SKEW_ACCUMULATION,SHORT_GAMMA,TRANSITION_REGIME,Compression,Expansion,22.4,-24.7,53.6,58.0,444125.0,-622250.0,-88233.48462901119,251262.35213737914,0.007824779470839927,0.08049133780485085,18.908590645062652,16.256351901657332
2026-02-23,BHARATFORG,NIFTY INFRA,2.921348314606731,1.8909899888765347,3.084688726864826,1798.0,1838.0,1783.0,1832.0,2598731,REGIME_SHIFT|INVENTORY_MIGRATION|IV_SKEW_ACCUMULATION,INVENTORY_MIGRATION|IV_SKEW_ACCUMULATION,TRANSITION_REGIME,TRANSITION_REGIME,Expansion,Expansion,15.2,4.8,54.4,58.0,256000.0,-16000.0,24318.703190247717,35699.37027706606,-0.03919432120076255,0.1030448904450163,30.039750141964806,27.387511398559482
2026-02-23,BAJAJHLDNG,NIFTY FIN SERVICE,2.797640328923845,2.504456327985749,4.3228699551569605,11220.0,11632.0,11150.0,11501.0,137005,PINCH_ZONE,REGIME_SHIFT|INVENTORY_MIGRATION,TRANSITION_REGIME,TRANSITION_REGIME,Dealer Controlled,Expansion,0.3,3.1,53.6,58.0,5150.0,-39350.0,-1141.3932229472475,1388.127710367633,0.0022917275656747504,0.2592187316793785,7.8083989501312345,5.156160206725913
2026-02-23,UNITDSPR,NIFTY FMCG,2.7260204451533543,2.67391304347826,2.898550724637672,1380.0,1420.0,1380.0,1416.9,785217,INVENTORY_MIGRATION,INVENTORY_MIGRATION,TRANSITION_REGIME,TRANSITION_REGIME,Expansion,Expansion,-12.9,-13.7,53.6,57.1,-203600.0,-361600.0,-40557.86198450595,116824.74859542563,-0.0035219151475133215,0.11064048545046584,6.294073518379606,3.641834774974284
2026-02-23,360ONE,NIFTY FIN SERVICE,2.3896056696347534,1.5225225225225403,2.7179347332060733,1110.0,1130.0,1100.1,1126.9,793296,INVENTORY_MIGRATION,REGIME_SHIFT|IV_SKEW_ACCUMULATION,SHORT_GAMMA,TRANSITION_REGIME,Expansion,Flip Zone,-13.4,-7.7,54.4,57.1,-246000.0,-223500.0,10141.109275391253,67228.4818827773,0.006826702050854783,0.12905216657378343,1.312595522790616,-1.3396432206147058
2026-02-23,PIIND,NIFTY COMMODITIES,2.3458005249343827,2.0278004905968983,2.870734908136474,3057.5,3135.5,3048.0,3119.5,286156,IV_SKEW_ACCUMULATION,REGIME_SHIFT|INVENTORY_MIGRATION|IV_SKEW_ACCUMULATION,TRANSITION_REGIME,TRANSITION_REGIME,Support Building,Expansion,7.7,3.3,54.3,57.1,119350.0,-9275.0,5544.267783182731,14461.828191950608,-0.022442623469801137,0.23166814448941153,-1.7604081375574787,-4.4126468809628
2026-02-23,RVNL,NIFTY ENERGY,2.274911887215625,1.9808306709265144,3.516129032258064,313.0,320.9,310.0,319.2,8267917,INVENTORY_MIGRATION,INVENTORY_MIGRATION|IV_SKEW_ACCUMULATION,LONG_GAMMA,LONG_GAMMA,Expansion,Expansion,100.0,100.0,59.1,57.1,7621950.0,4858650.0,-704830.8084578726,270300.1691830142,-0.10551035383205942,0.18458910355718305,-1.829924650161463,-4.482163393566784
2026-02-24,BANDHANBNK,NIFTY PVT BANK,3.9735099337748325,4.394333622434243,5.242752155546548,172.95,181.87,172.81,180.55,20492056,FLOOR_BOUNCE|IV_SKEW_ACCUMULATION,REGIME_SHIFT|INVENTORY_MIGRATION,LONG_GAMMA,TRANSITION_REGIME,Support Building,Expansion,100.0,69.6,55.2,66.5,2052000.0,1216800.0,-50950.325744155765,-91187.42110153585,0.16091603338578642,-0.28763317336839134,21.158233794121585,20.168180011460727
2026-02-24,WAAREEENER,NIFTY ENERGY,3.693668975924269,3.2263571184704576,5.30860359893619,2929.0,3049.0,2895.3,3023.5,2294645,INVENTORY_MIGRATION,REGIME_SHIFT|INVENTORY_MIGRATION,TRANSITION_REGIME,TRANSITION_REGIME,Expansion,Expansion,10.0,11.8,54.4,66.5,175000.0,112875.0,-10337.950653295196,-4161.72988263686,0.16119951066052995,-0.44943568216545654,12.180914217868821,11.190860435207961
2026-02-24,ADANIENSOL,NIFTY ENERGY,3.3173939031679645,3.735933983495854,5.162523900573612,999.75,1045.0,993.7,1037.1,1356273,REGIME_SHIFT|PINCH_ZONE,INVENTORY_MIGRATION|IV_SKEW_ACCUMULATION,TRANSITION_REGIME,TRANSITION_REGIME,Flip Zone,Expansion,-2.3,4.5,54.4,66.5,-60075.0,-675.0,37146.0351300455,-57593.071831824775,0.13160384150791038,-0.42510228091678537,22.14109056648215,21.15103678382129
2026-02-24,AUBANK,NIFTY PVT BANK,2.884714095062102,3.3195876288659942,4.24796118509343,970.0,1009.85,968.7,1002.2,3314603,REGIME_SHIFT|INVENTORY_MIGRATION,REGIME_SHIFT|INVENTORY_MIGRATION,TRANSITION_REGIME,TRANSITION_REGIME,Expansion,Expansion,-36.9,33.8,55.5,66.3,-537000.0,570000.0,-231079.29535858546,58023.682532317755,0.14560214441078068,-0.3658366913659348,4.011208551709822,3.0211547690489615
2026-02-24,POWERINDIA,NIFTY INFRA,2.722435342160634,3.3276627525828717,4.166666666666674,24101.0,25000.0,24000.0,24903.0,139000,INVENTORY_MIGRATION,REGIME_SHIFT|INVENTORY_MIGRATION,TRANSITION_REGIME,TRANSITION_REGIME,Expansion,Expansion,3.4,5.0,56.3,64.1,27300.0,20450.0,-877.437358127504,-3474.965188812973,0.1216606168460484,-0.3577729530526253,49.03943982284995,48.04938604018909
2026-02-24,CHOLAFIN,NIFTY FIN SERVICE,2.680790626109597,2.8939097432248095,4.60502585066731,1686.3,1740.0,1663.4,1735.1,2032442,GAMMA_SQUEEZE|REGIME_SHIFT|INVENTORY_MIGRATION,REGIME_SHIFT|INVENTORY_MIGRATION,SHORT_GAMMA,TRANSITION_REGIME,Expansion,Expansion,2.6,7.0,55.2,64.1,9375.0,51250.0,42843.20372032438,31531.482450551277,0.14833474243821543,-0.3825225506935803,5.818137464170259,4.828083681509399
2026-02-24,NMDC,NIFTY METAL,2.3951336966163916,2.278481012658218,3.2352566552031448,79.0,81.05,78.51,80.8,28891427,REGIME_SHIFT|INVENTORY_MIGRATION,FLOOR_BOUNCE|INVENTORY_MIGRATION,LONG_GAMMA,LONG_GAMMA,Expansion,Expansion,-57.8,100.0,54.4,64.3,-1046250.0,11178000.0,-75757.00453276467,-2268915.2004907057,0.056770901902151505,-0.1755280277688542,2.486047691527138,1.4959939088662777
2026-02-24,ABB,NIFTY INFRA,2.3405154203633316,2.966930204879703,3.289977046671777,5881.5,6075.0,5881.5,6056.0,782563,REGIME_SHIFT|INVENTORY_MIGRATION|IV_SKEW_ACCUMULATION,INVENTORY_MIGRATION,TRANSITION_REGIME,TRANSITION_REGIME,Expansion,Expansion,-20.3,27.6,54.4,66.7,-258750.0,527625.0,14162.97708166041,-27482.263170681377,-0.013521288249061736,-0.2914170843045818,28.645778013807742,27.655724231146884
2026-02-24,NHPC,NIFTY ENERGY,2.281317494600432,2.419572857529051,3.1207598371777445,73.98,76.0,73.7,75.77,13924500,PINCH_ZONE,FLOOR_BOUNCE|REGIME_SHIFT|INVENTORY_MIGRATION|IV_SKEW_ACCUMULATION,SHORT_GAMMA,LONG_GAMMA,Support Weakening,Expansion,-100.0,100.0,54.4,66.7,-2579200.0,1843200.0,125836.7468527265,635880.2198773697,0.0446389463642754,-0.20872713336956183,0.8384349214799025,-0.1516188611809577
2026-02-24,SAIL,NIFTY METAL,2.233852438090378,2.2208040842374155,5.675764551134499,156.7,160.68,152.05,160.18,47145393,FLOOR_BOUNCE|REGIME_SHIFT|INVENTORY_MIGRATION,INVENTORY_MIGRATION,LONG_GAMMA,TRANSITION_REGIME,Expansion,Expansion,80.6,100.0,54.4,66.4,1602700.0,2942200.0,-212268.43952889822,-558053.8528577487,0.20083642747876662,-0.5411270976760139,2.9699151452815764,1.9798613626207162
2026-02-25,MANKIND,NIFTY PHARMA,4.9155594490679855,4.266021765417172,5.465705378020247,2067.5,2165.0,2052.8,2155.7,802399,VOLATILITY_COIL|INVENTORY_MIGRATION,INVENTORY_MIGRATION|IV_SKEW_ACCUMULATION,TRANSITION_REGIME,TRANSITION_REGIME,Expansion,Expansion,7.2,-3.2,63.2,53.9,127800.0,-207000.0,-11829.195575464499,11197.348602252787,-0.4452558682977379,0.18976835311590012,1.8328688176106445,1.2814290567322972
2026-02-25,NATIONALUM,NIFTY METAL,4.897959183673484,3.6887608069164246,4.154645124062317,347.0,361.0,346.6,359.8,14931791,GAMMA_SQUEEZE|INVENTORY_MIGRATION,INVENTORY_MIGRATION,SHORT_GAMMA,TRANSITION_REGIME,Expansion,Expansion,92.0,0.9,65.1,50.8,1717500.0,-150000.0,17843.707451361202,165598.27683148778,-0.4346523993830422,0.18794813230775437,-11.412039886741344,-11.96347964761969
2026-02-25,VEDL,NIFTY METAL,4.704359085023735,3.029445073612691,3.6735560588901484,706.4,732.35,706.4,727.8,23666523,FLOOR_BOUNCE|REGIME_SHIFT|INVENTORY_MIGRATION,REGIME_SHIFT|PINCH_ZONE,LONG_GAMMA,LONG_GAMMA,Expansion,Expansion,100.0,33.9,64.3,53.5,4655200.0,465750.0,-328180.8570423701,204541.93505398696,-0.3455644220178942,0.16473642531574323,-1.2617012617012757,-1.813141022579623
2026-02-25,LAURUSLABS,NIFTY PHARMA,4.652406417112287,3.9951690821256047,4.529380419512674,1035.0,1078.9,1032.15,1076.35,2096497,INVENTORY_MIGRATION,INVENTORY_MIGRATION|IV_SKEW_ACCUMULATION,TRANSITION_REGIME,TRANSITION_REGIME,Expansion,Expansion,-4.8,-2.5,63.9,54.2,-117300.0,-187850.0,-44309.17686260834,33533.39132985022,-0.333272931380336,0.17366023434471697,7.742742742742736,7.191302981864389
2026-02-25,HEROMOTOCO,NIFTY AUTO,4.109961894393033,4.109961894393033,6.172166166712123,5511.0,5840.0,5500.5,5737.5,898486,REGIME_SHIFT|INVENTORY_MIGRATION,REGIME_SHIFT|INVENTORY_MIGRATION,TRANSITION_REGIME,TRANSITION_REGIME,Expansion,Expansion,17.2,2.7,66.4,50.7,322200.0,-88500.0,-5006.1860360450955,9508.865252503409,-0.33402663072787875,0.15767094896797046,4.081632653061229,3.530192892182882
2026-02-25,AUROPHARMA,NIFTY PHARMA,4.045001717622809,3.9022298456260707,4.69717825189262,1166.0,1217.0,1162.4,1211.5,3039244,INVENTORY_MIGRATION,PINCH_ZONE,TRANSITION_REGIME,TRANSITION_REGIME,Expansion,Expansion,-18.4,-15.2,64.0,50.7,-384450.0,-410300.0,2306.7058634240657,29811.26460122266,-0.3692227507843226,0.1508768238030555,6.281252741468535,5.729812980590188
2026-02-25,KPITTECH,NIFTY IT,3.7080867850098675,3.219473890851976,5.366492146596857,764.1,805.0,764.0,788.7,5094300,INVENTORY_MIGRATION,PINCH_ZONE,SHORT_GAMMA,TRANSITION_REGIME,Expansion,Expansion,-15.6,-2.0,64.7,50.7,-112200.0,-150875.0,-3504.472684650942,16771.105999069718,-0.46714968126738954,0.1948581749040778,-28.676071622354847,-29.227511383233193
2026-02-25,HINDZINC,NIFTY METAL,3.63271114087218,1.9012345679012332,3.0604628016919433,607.5,621.3,602.85,619.05,10715612,REGIME_SHIFT|PINCH_ZONE,REGIME_SHIFT|INVENTORY_MIGRATION,TRANSITION_REGIME,LONG_GAMMA,Flip Zone,Expansion,100.0,27.1,63.9,52.7,4150300.0,382200.0,-277632.79229808506,171781.47496647568,-0.3957740204548716,0.2053267256280335,-12.588251906241188,-13.139691667119536
2026-02-25,BOSCHLTD,NIFTY AUTO,3.5097650721766183,3.2176121930567403,5.715495342929722,35430.0,37455.0,35430.0,36570.0,62472,VOLATILITY_COIL|REGIME_SHIFT|INVENTORY_MIGRATION,INVENTORY_MIGRATION,TRANSITION_REGIME,TRANSITION_REGIME,Expansion,Expansion,1.9,4.5,64.5,53.8,38700.0,-24475.0,-1051.093200480834,1023.4020569389941,-0.3881200501397378,0.15084147963891092,1.0639767859610405,0.5125370250826933
2026-02-25,UNOMINDA,NIFTY AUTO,3.4225053078556167,2.9939106901217816,3.801343651671041,1182.4,1220.6,1175.9,1217.8,508503,PINCH_ZONE,PINCH_ZONE|IV_SKEW_ACCUMULATION,TRANSITION_REGIME,TRANSITION_REGIME,Dealer Controlled,Expansion,-13.2,-2.9,63.9,50.7,-210650.0,-152900.0,16505.803544534854,8536.259643702171,-0.4673081549681068,0.17048393040222026,6.024725753090721,5.473285992212373
2026-02-26,MANKIND,NIFTY PHARMA,5.7521918634318325,5.7521918634318325,6.477468661167807,2155.7,2284.9,2145.9,2279.7,2770867,INVENTORY_MIGRATION|IV_SKEW_ACCUMULATION,INVENTORY_MIGRATION,TRANSITION_REGIME,TRANSITION_REGIME,Expansion,Expansion,-3.2,8.5,53.9,55.0,-207000.0,-18900.0,11197.348602252787,8703.621279096773,0.18976835311590012,0.008842739268090538,8.515803503427243,8.21032214900199
2026-02-26,TIINDIA,NIFTY AUTO,3.879787680910396,4.02676864244742,4.584692115864186,2615.0,2726.0,2606.5,2720.3,862660,,REGIME_SHIFT|INVENTORY_MIGRATION,TRANSITION_REGIME,TRANSITION_REGIME,Dealer Controlled,Expansion,4.1,3.5,52.4,52.3,17000.0,-49400.0,472.63726383956464,3609.8458426375078,0.18761276813067235,0.004979524466581786,16.982024597918645,16.67654324349339
2026-02-26,OFSS,NIFTY IT,3.6978221415608026,3.0897609382047886,3.755089730055805,6651.0,6880.0,6631.0,6856.5,254463,IV_SKEW_ACCUMULATION,INVENTORY_MIGRATION,TRANSITION_REGIME,TRANSITION_REGIME,Dealer Controlled,Expansion,3.5,3.0,52.7,55.6,1275.0,-52800.0,1505.2293030098424,3719.459370476771,0.1675749668975657,-0.018468789936203878,-12.516746411483249,-12.8222277659085
2026-02-26,IDFCFIRSTB,NIFTY PVT BANK,3.6884078610082582,3.6884078610082582,4.738725841088054,70.22,73.16,69.85,72.81,142273285,REGIME_SHIFT|PINCH_ZONE,INVENTORY_MIGRATION,LONG_GAMMA,LONG_GAMMA,Flip Zone,Expansion,-100.0,100.0,45.9,58.9,-9803675.0,14014525.0,-121984.10045550368,1364852.512173144,0.1266958475856298,-0.06862162124668797,-12.77105546903079,-13.076536823456042
2026-02-26,FORTIS,NIFTY PHARMA,3.5347837765242973,3.0476394161364384,3.2454686413944334,935.15,965.5,935.15,963.65,2899022,INVENTORY_MIGRATION,INVENTORY_MIGRATION,TRANSITION_REGIME,TRANSITION_REGIME,Expansion,Expansion,-14.5,-35.3,46.8,56.0,-313875.0,-785075.0,18657.705615569565,42378.86742810233,0.1650241684854462,0.0074589561700414975,14.413772632828724,14.108291278403472
2026-02-26,INDUSINDBK,NIFTY PVT BANK,2.9071318077559027,2.8358208955223896,3.4764498558154555,938.0,968.85,936.3,964.6,8974624,IV_SKEW_ACCUMULATION,INVENTORY_MIGRATION,TRANSITION_REGIME,TRANSITION_REGIME,Resistance Weakening,Expansion,4.8,-36.1,48.3,54.6,75600.0,-791000.0,8919.392670732443,66892.8999696823,0.14268126320167068,0.014436160274064025,7.368655387355294,7.063174032930042
2026-02-26,BANKBARODA,NIFTY PSU BANK,2.7228114611365983,2.6740506329113956,3.0063291139240444,316.0,325.5,316.0,324.45,20502406,IV_SKEW_ACCUMULATION,INVENTORY_MIGRATION,LONG_GAMMA,TRANSITION_REGIME,Resistance Weakening,Expansion,37.7,100.0,48.9,53.3,690300.0,2822625.0,46325.137866884324,-42488.85379020308,0.11899546460131666,0.011095146031778302,7.273929575136395,6.968448220711143
2026-02-26,BDL,NIFTY INFRA,2.627337201805302,2.281124497991982,2.602409638554226,1245.0,1277.4,1245.0,1273.4,903679,VOLATILITY_COIL,,TRANSITION_REGIME,TRANSITION_REGIME,Compression,Expansion,-6.3,15.7,47.1,53.3,-117950.0,222250.0,6820.882851771166,1744.642242082955,0.17044617474500562,0.0045458510781491435,-16.809302933298486,-17.114784287723737
2026-02-26,TMPV,NIFTY AUTO,2.5402645017676972,2.5805606497249167,3.4727703235990504,381.7,393.3,380.1,391.55,14697484,REGIME_SHIFT,IV_SKEW_ACCUMULATION,TRANSITION_REGIME,LONG_GAMMA,Flip Zone,Expansion,-69.4,-100.0,47.3,50.1,-1360800.0,-2605600.0,63288.004099912476,191783.2052470044,0.129313647809569,0.01921391642023207,11.299033541785096,10.993552187359844
2026-02-26,UPL,NIFTY COMMODITIES,2.27563078888533,2.1695780489750405,3.167202572347283,626.85,641.7,622.0,640.45,4874080,,,TRANSITION_REGIME,LONG_GAMMA,Support Weakening,Dealer Controlled,-100.0,3.5,52.4,55.4,-2075860.0,-10840.0,75769.35281728208,93771.79270463265,0.1362103771701858,-0.008816598433150857,-10.54542915008031,-10.850910504505562
2026-02-27,DIXON,NIFTY CONS DURABLES,4.072756030051394,4.175737185830197,5.304908279623199,10106.0,10620.0,10085.0,10528.0,1359438,,REGIME_SHIFT|INVENTORY_MIGRATION,TRANSITION_REGIME,TRANSITION_REGIME,Expansion,Expansion,-9.8,17.8,56.5,57.0,-114900.0,175800.0,-183.32800299557925,8781.922314822155,0.0041021989991556485,0.0008511286986341293,0.7849894696534632,1.3457965579391162
2026-02-27,SIEMENS,NIFTY INFRA,2.4483802331505267,2.4760191846522783,5.140901033070477,3336.0,3440.0,3271.8,3418.6,857596,PINCH_ZONE|IV_SKEW_ACCUMULATION,REGIME_SHIFT|PINCH_ZONE,TRANSITION_REGIME,TRANSITION_REGIME,Dealer Controlled,Flip Zone,-0.4,-1.6,47.0,50.4,10325.0,-114450.0,-580.6718209070386,9702.14885545969,0.000404624671929088,0.01487779532079364,10.231193370522028,10.792000458807681
2026-02-27,OIL,NIFTY OIL & GAS,2.207202450100332,2.2612003381234036,4.259613341831314,473.2,490.75,470.7,483.9,7740031,REGIME_SHIFT,INVENTORY_MIGRATION,TRANSITION_REGIME,TRANSITION_REGIME,Flip Zone,Expansion,-31.5,-58.1,56.3,50.4,-623000.0,-1184400.0,27123.292290878868,60203.09386378627,-0.011871098998876284,0.0005392179148624443,-5.126948338398208,-4.566141250112555
2026-02-27,PETRONET,NIFTY OIL & GAS,2.018927444794949,2.018927444794949,3.258462511863325,317.0,326.4,316.1,323.4,8390107,INVENTORY_MIGRATION,INVENTORY_MIGRATION|IV_SKEW_ACCUMULATION,TRANSITION_REGIME,TRANSITION_REGIME,Expansion,Expansion,21.9,-100.0,49.5,53.3,393300.0,-2131800.0,-19550.416085196426,100183.19594633245,-0.010326552412923878,0.00561670638668163,11.61345987920621,12.174266967491864
2026-02-27,MPHASIS,NIFTY IT,1.547645368118511,-0.927523727351165,3.1537048377219934,2318.0,2358.3,2286.2,2296.5,861454,VOLATILITY_COIL|IV_SKEW_ACCUMULATION,REGIME_SHIFT|INVENTORY_MIGRATION|IV_SKEW_ACCUMULATION,TRANSITION_REGIME,TRANSITION_REGIME,Compression,Expansion,-3.1,-0.7,55.2,49.9,-64625.0,-59125.0,3554.475025249174,5414.025212470368,-0.02098898273272809,-0.0010024665454060333,-16.763320043494023,-16.20251295520837
2026-02-27,KEI,NIFTY INFRA,1.423409394901265,1.417335409430276,3.5188298928347184,5009.4,5110.0,4936.3,5080.4,394177,REGIME_SHIFT|INVENTORY_MIGRATION,,TRANSITION_REGIME,TRANSITION_REGIME,Expansion,Dealer Controlled,-0.0,0.9,47.6,48.0,-36925.0,-24500.0,3274.4767261569996,1542.84392090264,0.004028012557706351,-0.004596674177267612,26.34353783790504,26.904344926190692
2026-02-27,POLYCAB,NIFTY INFRA,1.2285445567834508,1.2761703128675528,2.981285790188326,8502.0,8722.0,8469.5,8610.5,926904,,INVENTORY_MIGRATION,TRANSITION_REGIME,TRANSITION_REGIME,Resistance Weakening,Expansion,5.4,-2.0,50.1,48.7,50625.0,-81875.0,538.2109170978911,4751.578282329556,-0.004245425706921657,0.01876193041859342,22.77037142653453,23.331178514820184
2026-02-27,TIINDIA,NIFTY AUTO,1.2167775612983878,1.2167775612983878,2.7964496601923683,2720.3,2768.0,2692.7,2753.4,996503,REGIME_SHIFT|INVENTORY_MIGRATION,INVENTORY_MIGRATION|IV_SKEW_ACCUMULATION,TRANSITION_REGIME,TRANSITION_REGIME,Expansion,Expansion,3.5,2.9,52.3,48.0,-49400.0,23200.0,3609.8458426375078,-416.0955446543039,0.004979524466581786,0.0003057846753600213,17.91357971821337,18.474386806499023
2026-02-27,HCLTECH,NIFTY IT,1.135784492173264,-0.6366237482117398,1.6497829232995587,1398.0,1404.8,1382.0,1389.1,8651443,VOLATILITY_COIL,REGIME_SHIFT,TRANSITION_REGIME,TRANSITION_REGIME,Compression,Flip Zone,-9.0,-13.4,47.0,48.0,-158200.0,-291900.0,-4873.050107755113,29692.431250525424,-0.013634685008175385,-0.011150885493470375,-18.07619721632461,-17.515390128038955
2026-02-27,TRENT,NIFTY FMCG,1.1281120331950278,1.1281120331950278,2.34375,3856.0,3930.0,3840.0,3899.5,976499,PINCH_ZONE,PINCH_ZONE,TRANSITION_REGIME,TRANSITION_REGIME,Dealer Controlled,Dealer Controlled,-8.0,3.2,50.0,48.0,-108000.0,25100.0,-5902.5618609725825,4116.063941076107,-0.025070142219098535,0.0014169428677970886,3.0114912164839414,3.5722983047695944
2026-03-02,SOLARINDS,NIFTY INFRA,3.5915284360189537,6.794411787159316,7.542560500801598,13099.0,14087.0,13099.0,13989.0,377410,REGIME_SHIFT,,TRANSITION_REGIME,TRANSITION_REGIME,Flip Zone,Expansion,-3.6,4.8,48.7,58.3,-14750.0,-22300.0,-114.0105938202762,1940.9783784359524,-0.010770816225889157,0.03937930349311797,5.98530191681188,6.872963146702993
2026-03-02,MUTHOOTFIN,NIFTY FIN SERVICE,3.5306396302370757,3.487436287221679,3.871948493248678,3354.9,3484.8,3354.9,3471.9,1268987,,PINCH_ZONE,TRANSITION_REGIME,TRANSITION_REGIME,Dealer Controlled,Expansion,-13.7,15.4,48.7,58.2,-195250.0,188650.0,-5713.94224647613,17771.749571527078,0.030209229161013318,0.015779620428590657,-1.7877853526067078,-0.9001241227155954
2026-03-02,TIINDIA,NIFTY AUTO,3.058037335657726,10.524265794188658,11.007244683337225,2567.4,2850.0,2567.4,2837.6,2001875,INVENTORY_MIGRATION|IV_SKEW_ACCUMULATION,,TRANSITION_REGIME,TRANSITION_REGIME,Expansion,Expansion,2.9,3.7,48.0,60.8,23200.0,-21400.0,-416.0955446543039,6306.572368599033,0.0003057846753600213,-0.013838888984111175,22.537461674655624,23.425122904546736
2026-03-02,KEI,NIFTY INFRA,2.4722462798205003,5.802255868306072,7.8942014242116,4920.5,5303.0,4915.0,5206.0,1582606,,REGIME_SHIFT|INVENTORY_MIGRATION,TRANSITION_REGIME,TRANSITION_REGIME,Dealer Controlled,Expansion,0.9,7.1,48.0,59.6,-24500.0,54425.0,1542.84392090264,3957.0233016212187,-0.004596674177267612,0.017282150712159716,27.604294328153344,28.491955558044456
2026-03-02,MCX,NIFTY FIN SERVICE,2.3697458355502743,3.057272352698792,4.4942893662639705,2427.0,2534.3,2425.3,2501.2,5390946,IV_SKEW_ACCUMULATION,REGIME_SHIFT,TRANSITION_REGIME,TRANSITION_REGIME,Support Weakening,Flip Zone,-22.4,0.2,47.3,59.7,-406875.0,-72500.0,13405.929792087285,6829.172325990468,0.011095459932059792,0.034946670344307484,7.726763717805141,8.614424947696254
2026-03-02,NATIONALUM,NIFTY METAL,2.326565143824033,6.1430451952610765,6.686217008797657,341.85,363.8,341.0,362.85,8626089,INVENTORY_MIGRATION|IV_SKEW_ACCUMULATION,INVENTORY_MIGRATION,TRANSITION_REGIME,TRANSITION_REGIME,Expansion,Expansion,-14.6,23.2,50.4,61.4,-210000.0,360000.0,-92353.42660673577,91717.21692206981,-0.0030481421127920294,0.02084774248573129,-1.85285366513388,-0.9651924352427677
2026-03-02,HINDZINC,NIFTY METAL,2.2938058959920626,1.9224422442244204,3.2727272727272716,606.0,624.8,605.0,617.65,10978219,REGIME_SHIFT|INVENTORY_MIGRATION,INVENTORY_MIGRATION,TRANSITION_REGIME,LONG_GAMMA,Expansion,Expansion,-100.0,26.5,47.3,59.0,-2717050.0,411600.0,-47920.42138662946,125233.51438118672,-0.006471443055462156,0.029012441355637575,1.2375020488444521,2.1251632787355645
2026-03-02,BEL,NIFTY INFRA,2.0800539689678432,2.680389052250609,3.3959701154629762,442.1,456.7,441.7,453.95,35034174,,,LONG_GAMMA,LONG_GAMMA,Support Weakening,Support Weakening,-100.0,-100.0,47.3,56.8,-2537925.0,-2579250.0,99957.47309732833,190198.13807740796,0.007069549100697625,0.023317306717243302,3.3819175586426775,4.26957878853379
2026-03-02,HINDALCO,NIFTY METAL,1.6545906780577324,4.316945954943963,5.501618122977336,901.1,945.4,896.1,940.0,5573300,REGIME_SHIFT|INVENTORY_MIGRATION|IV_SKEW_ACCUMULATION,,TRANSITION_REGIME,TRANSITION_REGIME,Expansion,Resistance Weakening,10.1,16.3,48.1,58.6,248500.0,249900.0,-52983.300943002294,35228.41237288235,0.025480180764591964,0.005698826142170987,1.0209564750134348,1.9086177049045472
2026-03-02,HAL,NIFTY INFRA,0.9812940815700832,2.9867083659108618,4.117108874656905,3837.0,3983.0,3825.5,3951.6,3263290,PINCH_ZONE,PINCH_ZONE,TRANSITION_REGIME,TRANSITION_REGIME,Support Weakening,Dealer Controlled,-20.8,-5.0,48.0,54.3,-330900.0,-131550.0,431.0455431190894,4802.903725695847,0.002539354379909875,0.023497100492648304,-8.922027335376958,-8.034366105485846
2026-03-04,SOLARINDS,NIFTY INFRA,3.8172850096504396,2.8249787595582054,4.360569018514537,14124.0,14599.0,13989.0,14523.0,662105,,INVENTORY_MIGRATION,TRANSITION_REGIME,TRANSITION_REGIME,Expansion,Expansion,4.8,6.4,58.3,59.9,-22300.0,7250.0,1940.9783784359524,571.7102775764565,0.03937930349311797,0.023448591452090495,5.292539694047704,10.13967826728923
2026-03-04,SWIGGY,NIFTY FMCG,3.0276816608996615,6.225472707813062,7.099536211202273,280.3,300.2,280.3,297.75,18441389,,,SHORT_GAMMA,TRANSITION_REGIME,Expansion,Expansion,8.9,-27.2,59.3,62.8,300300.0,-618800.0,-69059.64488251953,85672.21920961107,0.06689577002469554,-0.01590599119884667,-6.2942564909520105,-1.4471179177104831
2026-03-04,NATIONALUM,NIFTY METAL,2.9350971475816445,2.328767123287667,5.42050852193352,365.0,377.3,357.9,373.5,26380460,INVENTORY_MIGRATION,INVENTORY_MIGRATION,TRANSITION_REGIME,LONG_GAMMA,Expansion,Expansion,23.2,10.0,61.4,62.0,360000.0,90000.0,91717.21692206981,80383.56770393046,0.02084774248573129,0.05216629428495034,0.7145746258595098,5.561713199101037
2026-03-04,COALINDIA,NIFTY ENERGY,2.087976539589431,2.1478873239436647,2.793427230046941,426.0,437.9,426.0,435.15,18921256,INVENTORY_MIGRATION,INVENTORY_MIGRATION,LONG_GAMMA,LONG_GAMMA,Expansion,Expansion,-100.0,-100.0,53.9,58.3,-2317950.0,-2092500.0,122868.44060597991,106185.72731121047,0.008231943554927734,0.04331354479021965,1.3390777829529688,6.186216356194496
2026-03-04,BHARTIARTL,NIFTY MEDIA & COMM,1.745675848814865,2.4071785503197107,5.7676417121137025,1861.1,1920.0,1815.3,1905.9,20565585,VOLATILITY_COIL,FLOOR_BOUNCE|REGIME_SHIFT|IV_SKEW_ACCUMULATION,LONG_GAMMA,LONG_GAMMA,Compression,Flip Zone,-42.5,64.7,59.0,60.4,-805600.0,1155675.0,38773.57561331452,52032.59800909931,0.009475426315275176,0.0057922177470531855,-4.576177840084106,0.27096073315742153
2026-03-04,INFY,NIFTY IT,1.4353324540305579,1.1919504643962853,1.9349845201238391,1292.0,1317.0,1292.0,1307.4,15154950,INVENTORY_MIGRATION,REGIME_SHIFT,TRANSITION_REGIME,LONG_GAMMA,Expansion,Flip Zone,-37.0,-94.2,59.0,60.9,-677600.0,-1876400.0,-3032.538565164228,215554.10418307924,0.02268829837568953,-0.005025321374917069,-21.05072463768115,-16.203586064439623
2026-03-04,OIL,NIFTY OIL & GAS,0.8298330089130168,-0.5958994041005972,4.564701022410422,495.05,506.25,484.15,492.1,20190436,,INVENTORY_MIGRATION,LONG_GAMMA,LONG_GAMMA,Support Weakening,Expansion,-89.1,-10.4,54.3,56.0,-1740200.0,-226800.0,78645.2663612214,26250.683339529292,0.04613060537972358,0.022914898501184056,0.6545305788504985,5.501669152092026
2026-03-04,PERSISTENT,NIFTY IT,0.7638978045962475,2.594771241830074,4.025228855503493,4590.0,4750.0,4566.2,4709.1,707053,REGIME_SHIFT,REGIME_SHIFT|INVENTORY_MIGRATION|IV_SKEW_ACCUMULATION,TRANSITION_REGIME,TRANSITION_REGIME,Flip Zone,Expansion,-3.9,0.9,59.0,60.6,-37600.0,-6300.0,-4095.5410951299637,4316.98378256461,0.014836780994197163,0.015872505729807362,-24.99641634148283,-20.149277768241305
2026-03-04,POLICYBZR,NIFTY FIN SERVICE,0.7556675062972307,1.6832703538302907,3.2065519156024402,1455.5,1487.0,1440.8,1480.0,1419122,,INVENTORY_MIGRATION,TRANSITION_REGIME,TRANSITION_REGIME,Dealer Controlled,Expansion,-10.4,-11.6,56.7,55.6,-173950.0,-245350.0,2006.9377653354823,10944.09235805292,-0.0002965563234794133,0.025352031980798384,1.22426646604199,6.071405039283517
2026-03-04,COFORGE,NIFTY IT,0.6278489722198355,2.6315789473684292,3.512323943661988,1140.0,1175.9,1136.0,1170.0,3036423,PINCH_ZONE,PINCH_ZONE,TRANSITION_REGIME,TRANSITION_REGIME,Dealer Controlled,Support Weakening,3.8,-23.5,54.7,55.6,130125.0,-467250.0,-21203.9415945079,25202.35862743372,0.010290191624111267,0.011631259495094692,-31.662870159453306,-26.81573158621178
2026-03-05,MAZDOCK,NIFTY INFRA,8.6404359471691,7.917794394238253,10.836240132182851,2179.9,2414.9,2178.8,2352.5,9407750,,INVENTORY_MIGRATION|IV_SKEW_ACCUMULATION,TRANSITION_REGIME,TRANSITION_REGIME,Dealer Controlled,Expansion,-10.5,-14.6,60.9,45.6,-141000.0,-586600.0,-629.4165731760331,40813.854066976404,0.020956453442144696,0.043735867754604696,-3.229123817359114,0.6896378213745891
2026-03-05,NATIONALUM,NIFTY METAL,6.0107095046854075,5.02652519893898,7.383798140770259,377.0,404.3,376.5,395.95,45535889,INVENTORY_MIGRATION,FLOOR_BOUNCE|INVENTORY_MIGRATION|IV_SKEW_ACCUMULATION,LONG_GAMMA,LONG_GAMMA,Expansion,Expansion,10.0,91.3,62.0,45.6,90000.0,1541250.0,80383.56770393046,90306.7004366595,0.05216629428495034,0.0228271543030375,5.614830621499078,9.533592260232782
2026-03-05,BLUESTARCO,NIFTY CONS DURABLES,5.5923193751356015,5.466464405677751,7.413509060955525,1845.8,1956.0,1821.0,1946.7,811414,INVENTORY_MIGRATION,INVENTORY_MIGRATION,TRANSITION_REGIME,TRANSITION_REGIME,Expansion,Expansion,-10.4,7.0,56.7,45.6,-110825.0,-31200.0,814.9358103716941,13534.430184111854,0.03346040695843944,-0.01533304758046311,3.5368577810871216,7.455619419820825
2026-03-05,BSE,NIFTY FIN SERVICE,5.1201035441014175,1.8966789667896666,4.732146218424127,2710.0,2782.0,2656.3,2761.4,7464269,,,TRANSITION_REGIME,TRANSITION_REGIME,Support Weakening,Expansion,-22.1,22.6,60.6,45.6,-405375.0,270375.0,13535.527573020261,35954.59976321399,0.01953368472445277,-0.04133960205020559,-4.657666678175609,-0.7389050394419057
2026-03-05,PETRONET,NIFTY OIL & GAS,4.660714285714285,5.0358422939068115,6.115107913669071,279.0,295.0,278.0,293.05,13897467,REGIME_SHIFT|INVENTORY_MIGRATION|IV_SKEW_ACCUMULATION,,SHORT_GAMMA,TRANSITION_REGIME,Expansion,Expansion,100.0,-17.9,61.2,49.0,3748700.0,-488300.0,-206428.97892002983,154446.46206909546,0.1659155711638577,-0.08033427466652299,-1.825795644891115,2.092965993842588
2026-03-05,ADANIPORTS,NIFTY SERVICES,4.524539877300593,3.6000552791597418,4.02846876727474,1447.2,1505.5,1447.2,1499.3,3236481,INVENTORY_MIGRATION,REGIME_SHIFT|INVENTORY_MIGRATION,SHORT_GAMMA,TRANSITION_REGIME,Expansion,Expansion,-2.8,2.2,56.7,45.6,26125.0,-95950.0,-25558.446304912024,67903.34948840899,0.032984660392983256,-0.057407568948850574,-4.37527903565279,-0.45651739691908677
2026-03-05,CUMMINSIND,NIFTY INFRA,4.506194381434292,3.5083171311298234,4.04545454545453,4629.0,4806.9,4620.0,4791.4,957444,INVENTORY_MIGRATION,INVENTORY_MIGRATION,TRANSITION_REGIME,TRANSITION_REGIME,Expansion,Expansion,-10.3,1.9,56.7,49.0,-60000.0,-94200.0,-5305.995819734717,14496.280551579217,0.08555764483244366,-0.03948762289658392,14.018513671084865,17.937275309818567
2026-03-05,PFC,NIFTY FIN SERVICE,4.312192661707215,3.9321608040201017,4.721732561067737,398.0,415.85,397.1,413.65,9973521,INVENTORY_MIGRATION,REGIME_SHIFT|INVENTORY_MIGRATION,LONG_GAMMA,LONG_GAMMA,Expansion,Expansion,-100.0,67.7,56.3,48.8,-2180100.0,1128400.0,-75792.58034690813,224698.88653688488,0.03689332071519147,-0.040238689074224065,-0.22913651712495042,3.689625121608753
2026-03-05,BANDHANBNK,NIFTY PVT BANK,4.295135561693253,3.9435986742317963,4.774237135457704,178.01,186.1,177.62,185.03,10786388,VOLATILITY_COIL|INVENTORY_MIGRATION,REGIME_SHIFT|INVENTORY_MIGRATION|IV_SKEW_ACCUMULATION,LONG_GAMMA,LONG_GAMMA,Expansion,Expansion,-100.0,100.0,61.6,45.7,-2098800.0,2005200.0,66984.71332033334,185959.4098219332,0.015088476333921741,-0.004910115223650091,17.598830558027203,21.517592196760905
2026-03-05,HINDPETRO,NIFTY OIL & GAS,4.222194544775193,3.615651312530943,6.598350412396892,403.8,426.5,400.1,418.4,10165454,INVENTORY_MIGRATION|IV_SKEW_ACCUMULATION,REGIME_SHIFT|INVENTORY_MIGRATION,SHORT_GAMMA,TRANSITION_REGIME,Expansion,Expansion,5.4,-80.7,61.2,49.0,271350.0,-1684800.0,-79074.10456579919,167652.05664022124,0.058358606252914114,-0.04778373233234651,-8.81551705350333,-4.896755414769626
2026-03-06,BDL,NIFTY INFRA,5.942526940496662,5.884648403964721,7.742339942010834,1281.3,1374.9,1276.1,1356.7,5023734,PINCH_ZONE,REGIME_SHIFT|INVENTORY_MIGRATION,TRANSITION_REGIME,TRANSITION_REGIME,Support Building,Expansion,18.8,28.0,41.2,54.9,333200.0,342300.0,-19793.272231495597,8679.890164017714,0.00019056670532768827,0.08696659705551446,6.549909683499577,11.199752914347993
2026-03-06,MAZDOCK,NIFTY INFRA,5.0754516471838595,3.717534510972187,8.012320155267716,2383.3,2560.0,2370.1,2471.9,12648976,INVENTORY_MIGRATION|IV_SKEW_ACCUMULATION,INVENTORY_MIGRATION|IV_SKEW_ACCUMULATION,TRANSITION_REGIME,TRANSITION_REGIME,Expansion,Expansion,-14.6,-7.6,45.6,55.4,-586600.0,-348200.0,40813.854066976404,21109.70341404881,0.043735867754604696,0.029768547282743307,3.0645430286857955,7.714386259534212
2026-03-06,UNITDSPR,NIFTY FMCG,4.827274098657419,5.287878787878775,8.501683501683521,1320.0,1417.9,1306.8,1389.8,5578937,,REGIME_SHIFT|PINCH_ZONE,TRANSITION_REGIME,TRANSITION_REGIME,Dealer Controlled,Expansion,-7.7,15.6,47.2,52.0,-167600.0,113200.0,5792.58604906323,24816.495509303142,-0.01096555691344242,0.03723666387644714,2.236280712078842,6.8861239429272585
2026-03-06,HAL,NIFTY INFRA,3.3891772444627044,3.703608247422685,4.79118028534371,3880.0,4039.7,3855.0,4023.7,2974581,VOLATILITY_COIL|PINCH_ZONE,REGIME_SHIFT|PINCH_ZONE,TRANSITION_REGIME,TRANSITION_REGIME,Compression,Expansion,-3.3,29.7,40.8,52.0,-81000.0,445800.0,3920.839473440017,22621.91107706177,-0.031100447805513964,0.016322614366084176,-0.29240490645521255,4.357438324393204
2026-03-06,SOLARINDS,NIFTY INFRA,3.27857678413197,3.0608080533260695,6.168631995092366,14702.0,15576.0,14671.0,15152.0,395561,IV_SKEW_ACCUMULATION,INVENTORY_MIGRATION|IV_SKEW_ACCUMULATION,TRANSITION_REGIME,TRANSITION_REGIME,Dealer Controlled,Expansion,0.7,5.0,43.8,55.4,-7700.0,-6850.0,529.2061990915377,867.3595306317229,-0.03146087060247249,0.03797985834199036,13.209802749551702,17.859645980400117
2026-03-06,PERSISTENT,NIFTY IT,2.9256522394812245,2.777299716031334,4.018607055175094,4648.4,4830.0,4643.4,4777.5,1246702,INVENTORY_MIGRATION,REGIME_SHIFT,TRANSITION_REGIME,TRANSITION_REGIME,Expansion,Expansion,-3.1,9.2,40.8,52.1,-19500.0,87100.0,-2569.59682783475,6193.3007509640365,-0.02676758197225354,0.005212827401640585,-20.115374968648105,-15.465531737799688
2026-03-06,RVNL,NIFTY ENERGY,2.4171888988361756,2.4171888988361756,7.049327354260071,279.25,298.4,278.75,286.0,19912627,REGIME_SHIFT,IV_SKEW_ACCUMULATION,LONG_GAMMA,LONG_GAMMA,Flip Zone,Support Weakening,-71.0,-44.0,47.2,50.7,-1314550.0,-957700.0,-75003.37237588086,259512.21940871733,-0.042058756461277214,0.01748951069571858,-9.66519267214151,-5.015349441293093
2026-03-06,SRF,NIFTY COMMODITIES,2.3253091958955974,2.3253091958955974,3.675002935305871,2563.1,2649.0,2555.1,2622.7,371737,PINCH_ZONE,REGIME_SHIFT|PINCH_ZONE|IV_SKEW_ACCUMULATION,TRANSITION_REGIME,TRANSITION_REGIME,Dealer Controlled,Flip Zone,-0.6,10.8,41.5,50.4,-41000.0,132800.0,4337.871500942392,5123.798196134131,-0.002724249639577181,0.013707069779094527,-9.758111688401073,-5.108268457552656
2026-03-06,ABB,NIFTY INFRA,2.2432113341204207,2.745762711864397,4.242630771852096,5900.0,6118.0,5869.0,6062.0,377080,,REGIME_SHIFT,TRANSITION_REGIME,TRANSITION_REGIME,Dealer Controlled,Flip Zone,1.4,10.4,47.5,53.9,-21625.0,127125.0,5300.5314435286455,3280.4228947445918,-0.041922277260907026,-0.02198888774029495,5.060658578856159,9.710501809704574
2026-03-06,POWERINDIA,NIFTY INFRA,2.19324244220509,1.4117647058823568,3.3175355450236976,25500.0,26160.0,25320.0,25860.0,111188,INVENTORY_MIGRATION|IV_SKEW_ACCUMULATION,IV_SKEW_ACCUMULATION,TRANSITION_REGIME,TRANSITION_REGIME,Expansion,Dealer Controlled,4.8,3.6,45.6,50.5,-3850.0,6150.0,692.1003338095925,148.4251835332684,-0.06272568789032767,0.005636733947044004,34.69451533934058,39.344358570189
2026-03-09,DMART,NIFTY FMCG,2.332421693585829,2.567948485867233,4.391139074583816,3866.9,3982.0,3814.5,3966.2,933615,,INVENTORY_MIGRATION|IV_SKEW_ACCUMULATION,TRANSITION_REGIME,TRANSITION_REGIME,Dealer Controlled,Expansion,2.2,-2.6,50.6,57.3,8550.0,-138150.0,5977.8156276730515,13286.685227929065,0.01038131155299854,0.01938024994432863,1.9614900125967116,8.44420756592691
2026-03-09,WIPRO,NIFTY IT,1.7144319344933434,2.448453608247414,3.3518105993886937,194.0,199.5,193.03,198.75,25862728,VOLATILITY_COIL|INVENTORY_MIGRATION,REGIME_SHIFT|PINCH_ZONE,LONG_GAMMA,LONG_GAMMA,Expansion,Flip Zone,-100.0,-100.0,47.3,56.8,-3885000.0,-2763000.0,34549.480839984375,570121.7041644698,-0.007170117092490547,0.031416578448362986,-13.856622746185854,-7.373905192855657
2026-03-09,MCX,NIFTY FIN SERVICE,1.704881802754632,3.9572408229124667,5.581167639019213,2479.0,2587.9,2451.1,2577.1,4232863,,,TRANSITION_REGIME,TRANSITION_REGIME,Dealer Controlled,Dealer Controlled,-9.0,3.9,49.9,59.5,-143125.0,16875.0,-2190.0768453517376,-3413.6982329335297,0.017740790644094895,0.03739362917475392,8.263317089564781,14.746034642894978
2026-03-09,RELIANCE,NIFTY OIL & GAS,1.3667425968109326,3.563636363636369,4.335766423357668,1375.0,1429.4,1370.0,1424.0,24870822,FLOOR_BOUNCE|REGIME_SHIFT|INVENTORY_MIGRATION,,LONG_GAMMA,LONG_GAMMA,Expansion,Support Weakening,11.4,-17.7,48.0,55.3,132000.0,-414500.0,124984.6475346043,176232.94713364705,0.004194676078034643,0.02623831511369662,-1.8472566859663586,4.635460867363838
2026-03-09,TORNTPHARM,NIFTY PHARMA,1.294640789290824,1.8323632130384127,3.0334335086401154,4295.0,4388.4,4259.2,4373.7,470670,REGIME_SHIFT,IV_SKEW_ACCUMULATION,TRANSITION_REGIME,TRANSITION_REGIME,Flip Zone,Dealer Controlled,-0.3,-3.4,51.0,58.1,18500.0,-106750.0,-3790.180876681534,14050.263639462068,0.012916670270698816,0.019998126637200186,11.03579588728103,17.518513440611226
2026-03-09,AUROPHARMA,NIFTY PHARMA,1.250101469275089,3.7428262496880915,5.896286270197115,1202.3,1251.8,1182.1,1247.3,2180013,PINCH_ZONE,PINCH_ZONE,TRANSITION_REGIME,TRANSITION_REGIME,Dealer Controlled,Support Weakening,8.7,-34.6,47.4,57.9,151800.0,-702900.0,-10299.256297056068,20654.224694135002,-0.00034089388160740697,0.049860055036948125,4.727120067170443,11.20983762050064
2026-03-09,APOLLOHOSP,NIFTY PHARMA,0.7055472846138944,2.5171323141802926,3.3483324510322987,7588.0,7809.0,7556.0,7779.0,358612,REGIME_SHIFT|PINCH_ZONE,INVENTORY_MIGRATION|IV_SKEW_ACCUMULATION,TRANSITION_REGIME,TRANSITION_REGIME,Flip Zone,Expansion,-2.6,-1.0,47.3,54.6,-27375.0,-44250.0,-2905.5644494130756,4032.3882473941194,0.0050351613316739485,0.02351045785163247,8.759175113596651,15.241892666926848
2026-03-09,BSE,NIFTY FIN SERVICE,0.6287251053932241,3.3171641791044815,5.09590284871182,2680.0,2778.0,2643.3,2768.9,4205385,VOLATILITY_COIL,,TRANSITION_REGIME,TRANSITION_REGIME,Compression,Resistance Weakening,1.7,14.6,47.3,54.6,58125.0,255375.0,-1813.8877101574035,-18112.755655635126,-0.00368660888411515,0.035446389782114895,-4.421815671384188,2.060901881946009
2026-03-09,LTM,NIFTY IT,0.5871388630009244,1.5811764705882414,3.825527350732938,4250.0,4356.0,4195.5,4317.2,253802,VOLATILITY_COIL|REGIME_SHIFT|IV_SKEW_ACCUMULATION,INVENTORY_MIGRATION,TRANSITION_REGIME,TRANSITION_REGIME,Compression,Expansion,-2.6,0.3,48.9,55.3,-39300.0,-13050.0,1346.0598679204725,662.415108937669,0.01528127572089144,0.018518310747642874,,
2026-03-09,INFY,NIFTY IT,0.5044328951390842,1.9379844961240345,2.7680311890838194,1290.0,1318.0,1282.5,1315.0,10068514,VOLATILITY_COIL|FLOOR_BOUNCE|REGIME_SHIFT,INVENTORY_MIGRATION,LONG_GAMMA,LONG_GAMMA,Compression,Expansion,4.1,-100.0,53.5,54.7,69200.0,-3322000.0,153.74620021361625,216161.8322027254,-0.013033371811605465,0.010660291100820896,-12.746334018976835,-6.263616465646638
2026-03-10,DIXON,NIFTY CONS DURABLES,11.260709914320689,4.894701413597469,8.917510569265552,10399.0,11078.0,10171.0,10908.0,2031360,INVENTORY_MIGRATION,INVENTORY_MIGRATION,TRANSITION_REGIME,TRANSITION_REGIME,Expansion,Expansion,-7.6,37.4,60.0,46.6,-81150.0,307800.0,-5189.282320499405,19507.017539339897,0.04513414960174705,0.04801113452546352,-7.221229905588156,-1.0137787993652392
2026-03-10,SHRIRAMFIN,NIFTY FIN SERVICE,7.668152350081048,5.237623762376242,6.119002682030383,1010.0,1068.3,1006.7,1062.9,14297519,,REGIME_SHIFT,SHORT_GAMMA,TRANSITION_REGIME,Dealer Controlled,Expansion,-13.4,56.1,59.9,50.3,-198825.0,805200.0,-11668.07638838206,118773.90358780633,0.02242032374205888,-0.015722932362921216,0.01881998682602415,6.226271093048941
2026-03-10,GLENMARK,NIFTY PHARMA,5.109557990177582,4.009345794392538,5.144573788959805,2140.0,2240.0,2130.4,2225.8,1554898,PINCH_ZONE,INVENTORY_MIGRATION,TRANSITION_REGIME,TRANSITION_REGIME,Dealer Controlled,Expansion,0.4,2.1,54.6,46.6,16875.0,-120000.0,-5042.160046823825,9511.575850224937,0.029823051553205693,0.019489463743031232,12.732982171799033,18.94043327802195
2026-03-10,PFC,NIFTY FIN SERVICE,4.92617107942972,3.5552763819095334,4.653802497162318,398.0,414.9,396.45,412.15,10244278,INVENTORY_MIGRATION,,LONG_GAMMA,LONG_GAMMA,Expansion,Expansion,-100.0,49.5,60.4,46.6,-5449600.0,751400.0,-98566.36608328379,339526.94600178034,0.06333581130721505,-0.040439900434636966,-0.7345857418111779,5.472865364411739
2026-03-10,PNBHOUSING,NIFTY FIN SERVICE,4.738583719391132,3.0338541666666607,3.8368835906455567,768.0,797.0,767.55,791.3,895970,INVENTORY_MIGRATION,INVENTORY_MIGRATION,TRANSITION_REGIME,TRANSITION_REGIME,Expansion,Expansion,-23.4,15.9,55.3,46.6,-384150.0,165100.0,11220.088712358847,14898.75629806832,0.0052996940936917425,-0.009748183244205344,-8.662780631384548,-2.4553295251616314
2026-03-10,BANDHANBNK,NIFTY PVT BANK,4.674936825178033,3.5568181818181666,4.8297567954220355,176.0,183.19,174.75,182.26,8931139,REGIME_SHIFT|INVENTORY_MIGRATION,FLOOR_BOUNCE|REGIME_SHIFT|INVENTORY_MIGRATION|IV_SKEW_ACCUMULATION,LONG_GAMMA,LONG_GAMMA,Expansion,Expansion,-100.0,70.7,60.4,46.6,-2217600.0,1188000.0,-172985.92696230183,178344.5670155873,0.04031865405422874,-0.038774187762374845,12.457580057999639,18.665031164222555
2026-03-10,SUZLON,NIFTY ENERGY,4.6188793538616935,2.6498266468548692,4.0999999999999925,40.38,41.64,40.0,41.45,70866917,,INVENTORY_MIGRATION,LONG_GAMMA,LONG_GAMMA,Support Weakening,Expansion,-100.0,100.0,59.6,48.5,-6046750.0,6660450.0,-2197.8563860291615,1182900.9783278673,0.042851561902555235,-0.0034955850583240355,-13.986304212492207,-7.778853106269291
2026-03-10,MOTHERSON,NIFTY AUTO,4.602474995761985,1.9917355371900758,3.6147602711070093,121.0,123.83,119.51,123.41,20469615,INVENTORY_MIGRATION,FLOOR_BOUNCE,TRANSITION_REGIME,LONG_GAMMA,Expansion,Expansion,-100.0,100.0,60.4,48.5,-3308700.0,2441550.0,-212298.55343315448,356895.72305955144,0.03412425310034278,-0.06483250567292859,-0.8037939072421785,5.4036571989807385
2026-03-10,CGPOWER,NIFTY INFRA,4.3939502544620535,3.144475920679901,4.073652779752601,706.0,731.95,703.3,728.2,3876241,REGIME_SHIFT|INVENTORY_MIGRATION,REGIME_SHIFT|INVENTORY_MIGRATION|IV_SKEW_ACCUMULATION,TRANSITION_REGIME,TRANSITION_REGIME,Expansion,Expansion,-8.3,12.7,55.3,49.5,-81600.0,107950.0,-20508.82753768244,24147.61944273304,0.030207808991390972,-0.0036962659729022906,5.482726153400441,11.690177259623358
2026-03-10,TVSMOTOR,NIFTY AUTO,4.335961188599136,2.0792880258899693,3.5941554007920207,3708.0,3793.1,3661.5,3785.1,957425,INVENTORY_MIGRATION|IV_SKEW_ACCUMULATION,REGIME_SHIFT|INVENTORY_MIGRATION,TRANSITION_REGIME,TRANSITION_REGIME,Expansion,Expansion,-13.7,12.6,60.4,46.6,-141400.0,111125.0,-26744.69182348844,29886.134663144734,0.04358027562384831,-0.026805908988610794,0.541875846681017,6.7493269529039335
2026-03-11,PREMIERENE,NIFTY ENERGY,5.396188565697102,5.220293724966618,6.318956870611836,749.0,795.0,747.75,788.1,5224183,REGIME_SHIFT,INVENTORY_MIGRATION,TRANSITION_REGIME,TRANSITION_REGIME,Expansion,Expansion,10.4,-2.4,50.3,52.7,93725.0,-214475.0,6093.927138517196,47476.725626819025,0.0015338893428700762,0.07189654909632354,-4.339382169084183,3.6355090499756715
2026-03-11,ASTRAL,NIFTY CONS DURABLES,5.154452941530674,3.835176596503742,5.442947418624056,1681.8,1768.7,1677.4,1746.3,2881726,IV_SKEW_ACCUMULATION,INVENTORY_MIGRATION,TRANSITION_REGIME,LONG_GAMMA,Expansion,Expansion,13.1,-41.8,46.7,52.7,149175.0,-987275.0,22166.482512429,181835.07098519214,-0.024651011162413805,0.11498122191172677,13.973371622503583,21.948262841563437
2026-03-11,BLUESTARCO,NIFTY CONS DURABLES,2.8233923085072554,1.895013123359579,4.70209509736661,1905.0,1984.0,1894.9,1941.1,906158,REGIME_SHIFT|INVENTORY_MIGRATION,INVENTORY_MIGRATION,TRANSITION_REGIME,TRANSITION_REGIME,Expansion,Expansion,-1.2,1.3,47.0,50.6,-39650.0,-65650.0,2221.001474702479,13104.061686852467,-0.024070446272070167,0.003957870257792873,-0.3695529435918554,7.605338275467998
2026-03-11,SAIL,NIFTY METAL,2.696209289909235,2.0289086328073136,2.9969500066304278,150.82,155.34,150.82,153.88,13160960,VOLATILITY_COIL,INVENTORY_MIGRATION,SHORT_GAMMA,TRANSITION_REGIME,Compression,Expansion,3.7,8.7,47.0,46.8,65800.0,70500.0,-12382.939711262035,121691.57475766912,-0.0044137116962176814,-0.00033754512520289826,-4.416423380334189,3.558467838725665
2026-03-11,SUPREMEIND,NIFTY CONS DURABLES,2.6384017080982147,1.8770814411141368,3.095479939055368,3963.6,4059.9,3938.0,4038.0,833617,INVENTORY_MIGRATION,INVENTORY_MIGRATION,TRANSITION_REGIME,TRANSITION_REGIME,Expansion,Expansion,3.1,9.1,45.4,52.8,-31150.0,95200.0,7911.0865542922775,-688.1289473483812,-0.016249478212567836,0.007568402925174966,9.410138998022056,17.385030217081912
2026-03-11,OIL,NIFTY OIL & GAS,2.5820847943895497,2.5820847943895497,3.9596523232106495,470.55,484.4,465.95,482.7,6545246,REGIME_SHIFT|INVENTORY_MIGRATION,REGIME_SHIFT|INVENTORY_MIGRATION|IV_SKEW_ACCUMULATION,LONG_GAMMA,LONG_GAMMA,Expansion,Expansion,36.2,-37.0,48.3,46.8,722400.0,-800800.0,-33339.8186755903,132014.33336952582,-0.023574882679764486,0.006062398453288986,-1.258054617980986,6.716836601078868
2026-03-11,NATIONALUM,NIFTY METAL,2.3151125401929207,1.466836734693877,3.250991936516079,392.0,403.35,390.65,397.75,16596283,VOLATILITY_COIL|IV_SKEW_ACCUMULATION,REGIME_SHIFT|INVENTORY_MIGRATION|IV_SKEW_ACCUMULATION,LONG_GAMMA,LONG_GAMMA,Compression,Expansion,27.3,0.6,44.7,51.1,517500.0,-82500.0,5728.776919838216,163836.88124901138,-0.037564560955527904,-0.004445496871760823,7.8936660789366675,15.86855729799652
2026-03-11,GLENMARK,NIFTY PHARMA,2.1071075568334763,1.324119482835484,3.1373429084380566,2243.0,2297.9,2228.0,2272.7,920351,INVENTORY_MIGRATION,IV_SKEW_ACCUMULATION,TRANSITION_REGIME,TRANSITION_REGIME,Expansion,Dealer Controlled,2.1,1.6,46.6,47.0,-120000.0,-24000.0,9511.575850224937,-406.1818695103284,0.019489463743031232,0.006898115481613565,16.072522982635327,24.047414201695183
2026-03-11,VOLTAS,NIFTY CONS DURABLES,1.5529022016702365,1.1271477663230334,3.894852738783361,1455.0,1509.8,1453.2,1471.4,1149992,,,TRANSITION_REGIME,TRANSITION_REGIME,Dealer Controlled,Dealer Controlled,-1.8,-0.3,42.4,49.1,-51750.0,-64875.0,-1090.2349810506566,36376.48087990569,-0.04545220849406134,0.019162526604200647,-0.2846299810246533,7.690261238035201
2026-03-11,AUROPHARMA,NIFTY PHARMA,1.4697876973325918,1.0689388071262629,2.209302325581386,1291.0,1318.5,1290.0,1304.8,2541782,INVENTORY_MIGRATION|IV_SKEW_ACCUMULATION,,TRANSITION_REGIME,TRANSITION_REGIME,Expansion,Resistance Weakening,29.5,34.9,49.2,49.1,466950.0,628650.0,4618.656212170899,-9602.703965554974,-0.02158838573069566,0.013684630598228109,16.075082288052677,24.049973507112533
2026-03-12,JSWENERGY,NIFTY ENERGY,6.2090163934426235,7.086776859504118,9.090909090909083,484.0,528.0,484.0,518.3,19316979,VOLATILITY_COIL,,TRANSITION_REGIME,TRANSITION_REGIME,Compression,Expansion,2.3,26.4,43.8,44.9,46000.0,303000.0,15567.634208482676,-28233.995181471517,0.017446910103029734,0.04412423273390459,7.453094226184298,16.371616911643283
2026-03-12,SRF,NIFTY COMMODITIES,5.528991039498554,6.108844087107612,7.77405378893159,2475.1,2636.8,2446.6,2626.3,1288113,,INVENTORY_MIGRATION,TRANSITION_REGIME,TRANSITION_REGIME,Expansion,Expansion,-9.0,7.3,45.4,48.4,-55200.0,-31800.0,-6419.81209258011,20525.78371656425,0.02325906217480056,0.016699049893448392,-10.945712251195271,-2.027189565736286
2026-03-12,COALINDIA,NIFTY ENERGY,5.2266368214885395,5.2266368214885395,6.516853932584277,446.75,474.0,445.0,470.1,27328045,IV_SKEW_ACCUMULATION,INVENTORY_MIGRATION|IV_SKEW_ACCUMULATION,LONG_GAMMA,LONG_GAMMA,Resistance Weakening,Expansion,100.0,100.0,45.8,48.4,2126250.0,2269350.0,-86987.4316591334,199045.9127833735,0.010655784662528145,0.022924980228327452,11.06910809214412,19.987630777603105
2026-03-12,BHEL,NIFTY INFRA,4.731182795698929,5.494289090193005,7.345642247369488,253.9,270.35,251.85,267.85,16227938,INVENTORY_MIGRATION,REGIME_SHIFT|INVENTORY_MIGRATION|IV_SKEW_ACCUMULATION,TRANSITION_REGIME,LONG_GAMMA,Expansion,Expansion,-42.7,100.0,47.1,45.0,-777000.0,3181500.0,-25605.272247194778,238035.34420441044,0.031066263369095404,0.0027392117674389094,2.76232495683868,11.680847642297664
2026-03-12,TORNTPOWER,Other,4.656011118832515,4.9477351916376255,5.911914566901655,1435.0,1517.4,1432.7,1506.0,916861,INVENTORY_MIGRATION,REGIME_SHIFT|INVENTORY_MIGRATION,TRANSITION_REGIME,TRANSITION_REGIME,Expansion,Expansion,-1.3,15.1,45.0,46.2,850.0,147475.0,-1943.1851185307223,13912.41687127254,0.013400258831763434,-0.006553300133104456,5.417891642167172,14.336414327626157
2026-03-12,TATAPOWER,NIFTY ENERGY,4.251458198314961,4.726562499999987,6.232885643499819,384.0,407.35,383.45,402.15,25007929,FLOOR_BOUNCE|INVENTORY_MIGRATION,REGIME_SHIFT,LONG_GAMMA,TRANSITION_REGIME,Expansion,Expansion,100.0,100.0,45.2,48.4,2060450.0,7313800.0,13978.542629326868,-177970.67487446454,-0.0038064968022570866,0.02108968893694141,7.054438972447752,15.972961657906737
2026-03-12,JINDALSTEL,NIFTY METAL,3.2013479359730423,4.025135869565233,6.0144553433143955,1177.6,1232.1,1162.2,1225.0,1959835,VOLATILITY_COIL,REGIME_SHIFT|INVENTORY_MIGRATION,TRANSITION_REGIME,TRANSITION_REGIME,Compression,Expansion,-2.4,16.7,43.8,45.0,-47500.0,222500.0,11749.019418676282,19304.582310244496,0.00940486477638286,0.007717401431828197,2.897942041159185,11.81646472661817
2026-03-12,RECLTD,NIFTY FIN SERVICE,3.137667016964407,3.776435045317217,6.7674915979223815,331.0,349.45,327.3,343.5,10658407,,INVENTORY_MIGRATION,TRANSITION_REGIME,LONG_GAMMA,Dealer Controlled,Expansion,5.6,-2.8,51.8,44.9,112000.0,-183400.0,59884.02330128564,234337.21861246068,0.004606963306767908,0.001453244758705452,-2.9523944059895446,5.966128279469441
2026-03-12,GAIL,NIFTY OIL & GAS,2.960059471514498,3.639455782312928,6.400774175710255,147.0,153.93,144.67,152.35,16072499,,GAMMA_SQUEEZE,SHORT_GAMMA,SHORT_GAMMA,Support Weakening,Expansion,-100.0,-3.4,50.6,47.0,-3159450.0,-163800.0,183001.46584430043,78022.38259353438,0.012230492593595987,0.004434244391269049,-6.802471401480393,2.1160512839785923
2026-03-12,NATIONALUM,NIFTY METAL,2.8661219358893764,1.400247831474588,6.28319730535043,403.5,410.2,385.95,409.15,20128518,REGIME_SHIFT|INVENTORY_MIGRATION|IV_SKEW_ACCUMULATION,REGIME_SHIFT|INVENTORY_MIGRATION,LONG_GAMMA,LONG_GAMMA,Expansion,Expansion,0.6,100.0,51.1,47.1,-82500.0,3521250.0,163836.88124901138,-26881.535146397422,-0.004445496871760823,0.0062212683301654526,11.2727767201523,20.191299405611286
2026-03-13,SYNGENE,Other,4.145013610492443,3.6831731953683278,5.679012345679002,405.9,428.0,405.0,420.85,9786652,,REGIME_SHIFT|INVENTORY_MIGRATION,TRANSITION_REGIME,TRANSITION_REGIME,Support Weakening,Expansion,-16.8,3.0,46.7,67.9,-291000.0,-83000.0,233.8161811665559,36016.290946263216,0.015801565094391623,0.018833562255194114,-5.713005488966061,4.579083540452089
2026-03-13,MUTHOOTFIN,NIFTY FIN SERVICE,2.7496917385943176,2.936907445724346,4.305922586662514,3238.1,3355.0,3216.5,3333.2,1425667,,REGIME_SHIFT,TRANSITION_REGIME,TRANSITION_REGIME,Expansion,Expansion,6.9,25.7,47.0,66.8,56100.0,401225.0,12423.13330829657,12160.623527656235,-0.015340083651551262,-0.016191690201680542,-18.04076815264699,-7.74867912322884
2026-03-13,TATACONSUM,NIFTY FMCG,2.4390243902439046,3.2983794089609164,4.379770992366416,1049.0,1093.9,1048.0,1083.6,2855691,PINCH_ZONE,PINCH_ZONE,SHORT_GAMMA,TRANSITION_REGIME,Support Weakening,Support Building,-25.1,10.8,41.3,60.9,-435050.0,124300.0,6441.132407446221,23753.9775909267,-0.002696284536013671,0.015384069025614233,-5.716523101018012,4.575565928400138
2026-03-13,ANGELONE,NIFTY FIN SERVICE,1.178016614258226,1.2968705948689152,4.673345156497155,212.82,218.38,208.63,215.58,10402529,INVENTORY_MIGRATION,PINCH_ZONE,TRANSITION_REGIME,TRANSITION_REGIME,Expansion,Support Weakening,-100.0,-18.9,40.9,58.9,-2222500.0,-400000.0,-57750.23679838982,33158.54998104085,-0.016813491379817413,0.016701677272487947,-92.16642441860465,-81.8743353891865
2026-03-13,HINDUNILVR,NIFTY FMCG,1.081005194440543,1.1235955056179803,3.3768806300995102,2136.0,2191.9,2120.3,2160.0,2298875,INVENTORY_MIGRATION|IV_SKEW_ACCUMULATION,IV_SKEW_ACCUMULATION,TRANSITION_REGIME,TRANSITION_REGIME,Expansion,Dealer Controlled,-45.4,-0.9,40.2,59.0,-848100.0,-75900.0,66002.18410640264,33527.196356513974,-0.008432239721920753,0.011689006220979903,-10.362285761713075,-0.0701967322949244
2026-03-13,SWIGGY,NIFTY FMCG,0.4449982200071201,0.4092526690391285,2.731167440199922,281.0,287.75,280.1,282.15,13147249,IV_SKEW_ACCUMULATION,IV_SKEW_ACCUMULATION,SHORT_GAMMA,TRANSITION_REGIME,Support Weakening,Dealer Controlled,-16.1,-3.7,46.7,66.7,-273000.0,-83200.0,-1395.179113576869,10063.340995358365,-0.05135807688292726,-0.0012349887585360597,-16.36282792352157,-6.070738894103421
2026-03-13,BRITANNIA,NIFTY FMCG,0.3715223777432275,1.0173913043478366,2.68901693731447,5750.0,5881.0,5727.0,5808.5,738522,INVENTORY_MIGRATION|IV_SKEW_ACCUMULATION,VOLATILITY_COIL|REGIME_SHIFT|INVENTORY_MIGRATION|IV_SKEW_ACCUMULATION,TRANSITION_REGIME,TRANSITION_REGIME,Expansion,Expansion,-5.7,-1.7,41.6,58.2,-46250.0,-53750.0,-4915.879503143353,7354.499517199438,0.018651122139034915,0.011084865379130171,-4.809898393969192,5.4821906354489585
2026-03-13,PRESTIGE,NIFTY REALTY,0.3432585615071426,0.5600000000000049,3.7725040916530173,1250.0,1268.1,1222.0,1257.0,658223,IV_SKEW_ACCUMULATION,VOLATILITY_COIL|INVENTORY_MIGRATION,SHORT_GAMMA,TRANSITION_REGIME,Dealer Controlled,Expansion,-3.2,-10.0,46.7,58.2,-19350.0,-200700.0,-2308.7920569885155,7439.604830053653,-0.0003116951288590353,0.000729464511189104,-20.07375850448274,-9.78166947506459
2026-03-13,PHOENIXLTD,NIFTY REALTY,0.3397000384566029,1.5239948119325497,3.101688260698854,1542.0,1575.6,1528.2,1565.5,551464,INVENTORY_MIGRATION,VOLATILITY_COIL|REGIME_SHIFT|INVENTORY_MIGRATION|IV_SKEW_ACCUMULATION,TRANSITION_REGIME,TRANSITION_REGIME,Expansion,Expansion,-2.9,5.0,40.2,58.2,-27650.0,83650.0,1489.648275851734,4164.769906718928,-0.03240923744554547,0.005937798001154959,-12.001124227093873,-1.709035197675723
2026-03-13,NHPC,NIFTY ENERGY,0.26745119015780805,-0.2925531914893642,2.864828513786155,75.2,76.48,74.35,74.98,26761513,FLOOR_BOUNCE|REGIME_SHIFT|INVENTORY_MIGRATION,VOLATILITY_COIL|REGIME_SHIFT,LONG_GAMMA,LONG_GAMMA,Expansion,Compression,100.0,-100.0,47.0,66.7,4089600.0,-4185600.0,13736.035994640435,180699.63749689836,0.036435653836837,0.0029879075665709687,-1.9869281045751586,8.305160924842992
2026-03-16,ULTRACEMCO,NIFTY COMMODITIES,4.549736247174074,4.020618556701039,4.684566278633118,10670.0,11151.0,10652.0,11099.0,728077,INVENTORY_MIGRATION|IV_SKEW_ACCUMULATION,INVENTORY_MIGRATION|IV_SKEW_ACCUMULATION,TRANSITION_REGIME,TRANSITION_REGIME,Expansion,Expansion,-7.4,-0.5,65.3,57.5,-23200.0,-171150.0,-1576.6489310452184,14006.734972637125,-0.014278187443160895,0.007676342881969167,-14.379387487464324,-6.282760329626626
2026-03-16,PAYTM,NIFTY FIN SERVICE,3.8516697398074173,3.9155391553915564,4.9069025820388745,975.6,1019.8,972.1,1013.8,2811169,INVENTORY_MIGRATION,INVENTORY_MIGRATION|IV_SKEW_ACCUMULATION,SHORT_GAMMA,TRANSITION_REGIME,Expansion,Expansion,-23.1,9.1,65.0,60.6,-346550.0,58000.0,-15905.598100695517,29849.215343800966,0.028722872824248014,-0.02749264661919676,-9.988457782118443,-1.891830624280745
2026-03-16,M&M,NIFTY AUTO,3.582272866841807,4.620951068228796,5.100138121546949,2902.0,3043.7,2896.0,3036.1,5378638,INVENTORY_MIGRATION,PINCH_ZONE|IV_SKEW_ACCUMULATION,TRANSITION_REGIME,TRANSITION_REGIME,Expansion,Expansion,-45.6,-1.4,64.9,57.5,-783400.0,-130600.0,17678.071406377683,28714.673488356286,0.00859559464944476,-0.005800364559082949,-14.074262749759448,-5.97763559192175
2026-03-16,GRASIM,NIFTY COMMODITIES,3.3403410418126667,3.284046692607001,3.7582846003898718,2570.0,2661.4,2565.0,2654.4,1531881,INVENTORY_MIGRATION,REGIME_SHIFT|INVENTORY_MIGRATION|IV_SKEW_ACCUMULATION,TRANSITION_REGIME,TRANSITION_REGIME,Expansion,Expansion,-14.3,5.3,70.2,60.6,-160250.0,-7500.0,-15803.19600188838,27312.978294094166,0.030345294378516185,0.005749097414271098,-8.088642659279778,0.007984498557920716
2026-03-16,TRENT,NIFTY FMCG,3.1051092379150047,3.1051092379150047,5.382304034540097,3487.8,3612.4,3427.9,3596.1,1303919,INVENTORY_MIGRATION,REGIME_SHIFT|IV_SKEW_ACCUMULATION,TRANSITION_REGIME,TRANSITION_REGIME,Expansion,Expansion,-6.8,8.5,67.1,59.7,-99100.0,74700.0,-938.6828715290503,11570.2164861499,0.02387479485045324,-0.0047645317926601205,-15.425682031984955,-7.329054874147257
2026-03-16,ETERNAL,NIFTY SERVICES,2.9488130563798176,3.2744186046511636,5.1928504233301975,215.0,223.64,212.6,222.04,53267837,INVENTORY_MIGRATION,FLOOR_BOUNCE|REGIME_SHIFT|INVENTORY_MIGRATION,SHORT_GAMMA,LONG_GAMMA,Expansion,Expansion,-100.0,100.0,69.9,59.6,-7614500.0,5238000.0,-11084.35687245088,318602.548693739,-0.00942010224533757,0.020729919047902223,-22.145862552594675,-14.049235394756977
2026-03-16,HDFCBANK,NIFTY PVT BANK,2.888616891064877,2.888616891064877,3.5370563354379936,817.0,844.5,815.65,840.6,52182605,REGIME_SHIFT|IV_SKEW_ACCUMULATION,,LONG_GAMMA,LONG_GAMMA,Flip Zone,Expansion,-100.0,100.0,62.0,59.7,-4983550.0,5866850.0,-101719.15596044692,600376.3108279784,0.01808737471063282,0.007315691820883097,-7.002987056090271,1.093640101747427
2026-03-16,BAJFINANCE,NIFTY FIN SERVICE,2.701596397871464,3.299611810375236,3.7407363839548236,850.1,881.9,850.1,878.15,8982957,,PINCH_ZONE,TRANSITION_REGIME,TRANSITION_REGIME,Support Weakening,Expansion,-78.4,-9.7,63.8,55.9,-1469250.0,-281250.0,54659.851875457214,114644.90505928369,0.0008188047715123048,-0.007643240838649534,-14.305928275189073,-6.209301117351375
2026-03-16,WAAREEENER,NIFTY ENERGY,2.350913225262219,1.273769777906808,5.102193047889014,2755.6,2818.0,2681.2,2790.7,1863844,INVENTORY_MIGRATION,,TRANSITION_REGIME,TRANSITION_REGIME,Expansion,Resistance Weakening,2.8,8.3,58.2,56.0,54950.0,94675.0,-532.1050082645415,5729.124921004459,-0.033448725762655895,0.0014319004581516692,-9.86693366061624,-1.770306502778542
2026-03-16,JSWSTEEL,NIFTY METAL,2.34968283748771,2.148907712884518,2.6694045174538106,1121.5,1150.0,1120.1,1145.6,2593202,INVENTORY_MIGRATION|IV_SKEW_ACCUMULATION,INVENTORY_MIGRATION,SHORT_GAMMA,TRANSITION_REGIME,Expansion,Expansion,-21.1,-10.7,72.7,55.9,-269325.0,-276075.0,-48496.16006060835,45246.89186915834,0.026925732936306346,-0.00629676878597335,-7.012987012987015,1.0836401448506834
2026-03-17,NATIONALUM,NIFTY METAL,6.151779717931483,5.093085106382977,6.939765530251996,376.0,396.8,371.05,395.15,19748708,REGIME_SHIFT|INVENTORY_MIGRATION,INVENTORY_MIGRATION,TRANSITION_REGIME,LONG_GAMMA,Expansion,Expansion,-68.5,100.0,60.1,49.6,-1151250.0,1826250.0,-263584.0341763512,420026.8931926673,0.028101913405851886,-0.046077353093783135,13.418484500574056,21.601408836947687
2026-03-17,SAIL,NIFTY METAL,6.109613656783464,5.744197258764383,6.567474048442912,145.19,153.99,144.5,153.53,27048278,INVENTORY_MIGRATION,INVENTORY_MIGRATION,SHORT_GAMMA,LONG_GAMMA,Expansion,Expansion,-8.4,16.1,60.1,46.0,-42300.0,79900.0,-135465.68594093446,357554.79794341256,-0.020701371159742465,0.05387703615416001,-3.7912019050006296,4.391722431373001
2026-03-17,ETERNAL,NIFTY SERVICES,5.670149522608536,5.215246636771309,6.006734006733994,223.0,236.13,222.75,234.63,85823179,FLOOR_BOUNCE|REGIME_SHIFT|INVENTORY_MIGRATION,FLOOR_BOUNCE|INVENTORY_MIGRATION,LONG_GAMMA,LONG_GAMMA,Expansion,Expansion,100.0,100.0,59.6,49.1,5238000.0,8599050.0,318602.548693739,614403.878831215,0.020729919047902223,-0.028533797659301863,-18.13328681088626,-9.95036247451263
2026-03-17,MCX,NIFTY FIN SERVICE,4.546877445609643,3.5621535718438624,4.319066147859929,2579.9,2681.0,2570.0,2671.8,4027322,REGIME_SHIFT|INVENTORY_MIGRATION|IV_SKEW_ACCUMULATION,INVENTORY_MIGRATION|IV_SKEW_ACCUMULATION,TRANSITION_REGIME,TRANSITION_REGIME,Expansion,Expansion,41.5,51.4,59.3,50.3,720000.0,840000.0,-1256.1942058362765,26753.91481879585,0.02056585374273162,-0.019917794237089392,14.194127452237492,22.377051788611123
2026-03-17,TATASTEEL,NIFTY METAL,4.541564138226173,4.0628328008519565,5.062884666845058,187.8,196.31,186.85,195.43,45672442,,FLOOR_BOUNCE|INVENTORY_MIGRATION,LONG_GAMMA,LONG_GAMMA,Support Weakening,Expansion,-100.0,100.0,59.7,46.1,-3267000.0,4790500.0,349439.09778101643,1455451.2496452015,-0.010160838177332654,-0.02727615494432656,-5.0434867110441655,3.1394376253294656
2026-03-17,BSE,NIFTY FIN SERVICE,3.877593795849932,2.8927335640138274,3.908783430384588,2890.0,2980.0,2867.9,2973.6,5772951,REGIME_SHIFT|INVENTORY_MIGRATION,IV_SKEW_ACCUMULATION,TRANSITION_REGIME,TRANSITION_REGIME,Expansion,Expansion,28.2,72.7,56.2,50.3,460125.0,1267875.0,1100.0577749890217,16231.01916098017,0.007942540021413425,-0.010129595889047827,6.02581473293875,14.208739069312381
2026-03-17,AMBER,NIFTY CONS DURABLES,3.8217048326568026,1.14908222653336,3.3540749734405795,6701.0,6810.0,6589.0,6778.0,572762,INVENTORY_MIGRATION,INVENTORY_MIGRATION,TRANSITION_REGIME,TRANSITION_REGIME,Expansion,Expansion,-0.7,4.9,60.9,46.1,-43100.0,-27300.0,4348.027522945373,4252.712808086176,-0.06620819496901353,-0.060885490141717846,-12.778278213872085,-4.595353877498454
2026-03-17,APLAPOLLO,NIFTY INFRA,3.796799915509319,2.6959247648902673,4.1018611272209515,1914.0,1974.5,1896.7,1965.6,866076,INVENTORY_MIGRATION,INVENTORY_MIGRATION,TRANSITION_REGIME,TRANSITION_REGIME,Expansion,Expansion,-10.5,1.2,59.6,46.1,-140700.0,-87850.0,4264.115716786106,10946.079439597721,-0.017523915779285748,0.04006648782216593,-11.355641742581412,-3.1727174062077808
2026-03-17,TVSMOTOR,NIFTY AUTO,3.4727983880526114,3.0088495575221197,4.558200584690653,3390.0,3505.0,3352.2,3492.0,1460188,REGIME_SHIFT,REGIME_SHIFT|INVENTORY_MIGRATION,TRANSITION_REGIME,TRANSITION_REGIME,Flip Zone,Expansion,-4.5,0.7,55.5,46.1,-128625.0,-95025.0,13375.959953145335,28253.81054592228,0.01274178635984502,-0.0019598629236503573,-8.283868256553028,-0.10094392017939668
2026-03-17,KPITTECH,NIFTY IT,3.441727984808929,2.944881889763784,4.992798847815649,635.0,656.1,624.9,653.7,2692241,INVENTORY_MIGRATION,INVENTORY_MIGRATION,TRANSITION_REGIME,TRANSITION_REGIME,Expansion,Expansion,-24.9,-7.1,60.1,49.1,-347225.0,-241825.0,-14374.11335895247,35572.768027544305,0.09512481749551671,-0.0735196464552611,-25.741224582528677,-17.558300246155046
2026-03-18,WAAREEENER,NIFTY ENERGY,10.464430647566857,10.200692041522498,11.550173010380638,2890.0,3223.8,2890.0,3184.8,7718322,INVENTORY_MIGRATION,INVENTORY_MIGRATION|IV_SKEW_ACCUMULATION,TRANSITION_REGIME,TRANSITION_REGIME,Expansion,Expansion,23.4,32.2,50.2,50.3,319550.0,301525.0,614.5129017409854,1885.3622932269282,0.03560893768871087,-0.007519448158125108,4.313648422914418,11.88437618613677
2026-03-18,ANGELONE,NIFTY FIN SERVICE,8.862567978615555,8.402937127122545,9.55056179775282,217.9,237.9,217.16,236.21,25414506,VOLATILITY_COIL|PINCH_ZONE,REGIME_SHIFT|INVENTORY_MIGRATION,TRANSITION_REGIME,LONG_GAMMA,Compression,Expansion,-32.3,100.0,41.1,50.3,-625000.0,5720000.0,41789.45722567955,259388.46751281573,-0.02673824459735008,0.060369062383841765,-90.80966461753948,-83.23893685431713
2026-03-18,PREMIERENE,NIFTY ENERGY,7.199211045364895,6.204201270151444,7.709332349686471,818.8,876.0,813.3,869.6,6329950,INVENTORY_MIGRATION,INVENTORY_MIGRATION,TRANSITION_REGIME,TRANSITION_REGIME,Expansion,Expansion,23.0,25.6,44.1,50.3,380075.0,271975.0,-15066.522527876325,4275.502945348664,-0.0059499553986018805,-0.05058826821007362,14.526537600421442,22.097265363643793
2026-03-18,NBCC,NIFTY REALTY,6.387585709130272,5.878127618819584,6.279961649089172,83.53,88.68,83.44,88.44,19158052,VOLATILITY_COIL|INVENTORY_MIGRATION|IV_SKEW_ACCUMULATION,INVENTORY_MIGRATION,TRANSITION_REGIME,LONG_GAMMA,Expansion,Expansion,-17.3,7.4,47.5,49.5,-338000.0,-97500.0,-2141.0797101829667,374124.22086089797,-0.02423812053171248,0.0310938568463745,-10.222312455588266,-2.6515846923659154
2026-03-18,COFORGE,NIFTY IT,5.410187168265201,4.399151526330347,6.177177732568895,1084.3,1148.2,1081.4,1132.0,6762954,INVENTORY_MIGRATION,REGIME_SHIFT|INVENTORY_MIGRATION,TRANSITION_REGIME,LONG_GAMMA,Expansion,Expansion,-12.6,35.0,44.3,48.6,-264750.0,501375.0,5111.076151070738,89429.03242411019,-0.02392810852648991,0.008385969265085003,-17.899622860458365,-10.328895097236014
2026-03-18,PAYTM,NIFTY FIN SERVICE,5.322896281800404,5.219941348973611,6.148582600195507,1023.0,1085.9,1023.0,1076.4,2879856,,REGIME_SHIFT|INVENTORY_MIGRATION,TRANSITION_REGIME,TRANSITION_REGIME,Dealer Controlled,Expansion,-3.9,100.0,47.8,46.6,-98600.0,1823375.0,10876.72720919727,30132.78464989919,-0.024863458539566563,0.006106065846972875,-7.944924313691937,-0.3741965504695859
2026-03-18,KPITTECH,NIFTY IT,5.285299066850224,4.597264437689974,6.8414615502216725,658.0,698.85,654.1,688.25,4250732,INVENTORY_MIGRATION,PINCH_ZONE,TRANSITION_REGIME,TRANSITION_REGIME,Expansion,Expansion,-7.1,33.1,49.1,46.6,-241825.0,470050.0,35572.768027544305,16757.844704337454,-0.0735196464552611,-0.02639494353513805,-21.727510519731595,-14.156782756509244
2026-03-18,MANAPPURAM,NIFTY FIN SERVICE,5.119719680747514,4.854368932038833,5.631067961165059,257.5,272.0,257.5,270.0,8530540,GAMMA_SQUEEZE,REGIME_SHIFT|INVENTORY_MIGRATION,SHORT_GAMMA,LONG_GAMMA,Expansion,Expansion,-70.4,-29.8,50.5,46.6,-1434000.0,-765000.0,196161.60385345013,336971.7139431671,0.00043773721877804483,0.055114261908808526,-11.923014190181046,-4.352286426958695
2026-03-18,DELHIVERY,NIFTY SERVICES,5.033557046979875,4.916201117318431,5.723153320918684,402.75,425.8,402.75,422.55,3826912,VOLATILITY_COIL|IV_SKEW_ACCUMULATION,REGIME_SHIFT|INVENTORY_MIGRATION|IV_SKEW_ACCUMULATION,TRANSITION_REGIME,TRANSITION_REGIME,Compression,Expansion,-11.6,75.8,47.5,46.6,-228250.0,1284425.0,2032.4433970170176,77692.75787827349,-0.00842462106348385,-0.034978166554053,-2.8285615729561897,4.742166190266161
2026-03-18,INOXWIND,NIFTY ENERGY,4.833141542002295,4.445859872611457,4.860313815537709,78.5,82.2,78.39,81.99,10440348,VOLATILITY_COIL|INVENTORY_MIGRATION,REGIME_SHIFT|INVENTORY_MIGRATION,TRANSITION_REGIME,TRANSITION_REGIME,Expansion,Expansion,-100.0,100.0,41.1,46.5,-2441725.0,3585725.0,6984.850408238857,114063.5592802456,-0.045683706195837614,-0.010821436674038898,-17.91149379255106,-10.340766029328709
2026-03-19,ONGC,NIFTY OIL & GAS,1.54716981132077,1.54716981132077,3.4285714285714253,265.0,271.5,262.5,269.1,28685305,VOLATILITY_COIL|FLOOR_BOUNCE,REGIME_SHIFT|INVENTORY_MIGRATION,LONG_GAMMA,LONG_GAMMA,Compression,Expansion,51.1,-76.1,41.9,51.7,1001250.0,-1665000.0,-205221.1494380983,1018311.5283563884,-0.027645972461487534,0.028817781280287114,1.7006802721088343,12.61187671973435
2026-03-19,OIL,NIFTY OIL & GAS,1.4029121054309757,1.0806229473461215,3.781693167168032,471.95,483.0,465.4,477.05,7842725,,REGIME_SHIFT,TRANSITION_REGIME,LONG_GAMMA,Support Building,Flip Zone,35.8,-14.3,47.0,51.7,718200.0,-347200.0,-99741.7145026082,160950.4295816509,-0.027542596349036663,0.01681066411248694,5.204542948505897,16.115739396131413
2026-03-19,COALINDIA,NIFTY ENERGY,-0.2196836555360293,0.7318695941450404,2.074780872073667,450.9,460.0,450.65,454.2,10192726,INVENTORY_MIGRATION|IV_SKEW_ACCUMULATION,VOLATILITY_COIL|IV_SKEW_ACCUMULATION,LONG_GAMMA,LONG_GAMMA,Expansion,Compression,-86.4,-100.0,42.6,50.8,-1601100.0,-2517750.0,-37578.79545991181,72697.80082858051,-0.006132575438083876,0.020908558526437693,8.660287081339701,19.571483528965217
2026-03-19,TATAPOWER,NIFTY ENERGY,-0.46209566629199506,0.2515723270440251,2.8876733240045693,397.5,404.4,393.05,398.5,8123743,VOLATILITY_COIL|REGIME_SHIFT|INVENTORY_MIGRATION,REGIME_SHIFT,LONG_GAMMA,LONG_GAMMA,Expansion,Flip Zone,-100.0,-36.5,48.9,54.5,-4783550.0,-685850.0,172520.6471930436,28975.439445640077,-0.022474071132027706,0.034749735947028904,4.978925184404637,15.890121632030151
2026-03-19,TORNTPOWER,Other,-0.5088358660523817,0.13148788927335175,2.0863861558858554,1445.0,1463.0,1433.1,1446.9,411853,REGIME_SHIFT,REGIME_SHIFT,TRANSITION_REGIME,TRANSITION_REGIME,Flip Zone,Flip Zone,7.0,4.4,43.4,51.4,112625.0,98175.0,-1221.5723789122385,-4994.160833443802,-0.010617557500580466,0.012511298572504992,-5.301394070292553,5.609802377332962
2026-03-19,PREMIERENE,NIFTY ENERGY,-0.6037258509659638,1.688235294117657,3.192870632672329,850.0,874.25,847.2,864.35,2653688,INVENTORY_MIGRATION,REGIME_SHIFT,TRANSITION_REGIME,TRANSITION_REGIME,Expansion,Flip Zone,25.6,0.3,50.3,52.8,271975.0,31625.0,4275.502945348664,2699.3457202764985,-0.05058826821007362,-0.030402830572579698,13.186669285667518,24.097865733293034
2026-03-19,JSWENERGY,NIFTY ENERGY,-0.6285602042820804,0.17821782178217838,2.785571142284571,505.0,512.9,499.0,505.9,3261515,INVENTORY_MIGRATION,,LONG_GAMMA,TRANSITION_REGIME,Expansion,Dealer Controlled,-44.8,9.7,42.7,51.3,-885000.0,208000.0,70489.6068902307,-36244.142152606655,-0.015247947357968528,0.030553259947716627,4.041131105398454,14.95232755302397
2026-03-19,POWERGRID,NIFTY ENERGY,-0.9018036072144242,-0.31916680665210473,1.5374218618009916,297.65,300.5,295.95,296.7,8594078,REGIME_SHIFT|IV_SKEW_ACCUMULATION,,LONG_GAMMA,LONG_GAMMA,Flip Zone,Dealer Controlled,-67.8,-5.8,41.9,50.8,-1339500.0,-28500.0,267147.03741943464,-389307.27025617566,-0.003558071254261108,0.023023781911639563,-1.2809848610880081,9.630211586537508
2026-03-19,WAAREEENER,NIFTY ENERGY,-0.9074353177593641,1.9676898222940276,3.7318255250403887,3095.0,3210.5,3095.0,3155.9,3554580,INVENTORY_MIGRATION|IV_SKEW_ACCUMULATION,IV_SKEW_ACCUMULATION,TRANSITION_REGIME,TRANSITION_REGIME,Expansion,Support Weakening,32.2,-15.7,50.3,52.3,301525.0,-252875.0,1885.3622932269282,1894.174487087832,-0.007519448158125108,0.014848060577850486,6.48872992306655,17.399926370692064
2026-03-19,DMART,NIFTY FMCG,-0.9313215400624353,0.18942383583266942,2.6942455582073643,3801.0,3872.6,3771.0,3808.2,426306,INVENTORY_MIGRATION,INVENTORY_MIGRATION,TRANSITION_REGIME,TRANSITION_REGIME,Expansion,Expansion,15.9,-5.1,44.2,53.4,251400.0,-69600.0,4176.115231973778,198.3198968234974,-0.00952566709524072,0.013427023582454956,-2.732938291785858,8.178258155839657
2026-03-20,TATAELXSI,NIFTY IT,4.911742133537977,3.159765330217401,4.263093788063332,4107.9,4280.0,4105.0,4237.7,826879,,REGIME_SHIFT|IV_SKEW_ACCUMULATION,TRANSITION_REGIME,TRANSITION_REGIME,Expansion,Expansion,-10.1,11.5,55.2,54.8,-65800.0,46500.0,-8937.930773551245,11291.915780244191,0.033446514770925084,-0.025897774405676255,-12.435168922409346,-3.2428304812391797
2026-03-20,INOXWIND,NIFTY ENERGY,4.82899961572949,3.034118091401239,6.835443037974698,79.43,84.4,79.0,81.84,29339790,INVENTORY_MIGRATION,INVENTORY_MIGRATION,TRANSITION_REGIME,LONG_GAMMA,Expansion,Expansion,-28.4,-100.0,51.8,51.1,-382525.0,-3174600.0,-146320.91650113775,284661.27302801295,0.012449484588899606,0.06275060088789308,-15.323331608898084,-6.130993167727917
2026-03-20,LAURUSLABS,NIFTY PHARMA,4.476664197269553,2.747710241465451,3.976915005246595,960.8,990.9,953.0,987.2,1763554,,PINCH_ZONE,TRANSITION_REGIME,TRANSITION_REGIME,Expansion,Expansion,-12.1,28.9,55.2,50.6,-106250.0,406300.0,-92437.63646658535,97365.8247440915,0.07027926485995212,-0.05884206888558152,-3.3294163728946335,5.862922068275533
2026-03-20,IDEA,NIFTY MEDIA & COMM,4.4742729306487705,3.204419889502752,4.41988950276242,9.05,9.45,9.05,9.34,612165493,INVENTORY_MIGRATION,,SHORT_GAMMA,TRANSITION_REGIME,Expansion,Expansion,-100.0,100.0,55.2,54.9,-95061750.0,44314500.0,1427472.7068517075,208655.5641758304,0.07123070414199328,-0.07809947883305568,-17.051509769094142,-7.859171327923976
2026-03-20,JINDALSTEL,NIFTY METAL,4.252701871540299,3.7059697578883055,4.536316755528369,1144.1,1196.0,1144.1,1186.5,1998983,,GAMMA_SQUEEZE,SHORT_GAMMA,SHORT_GAMMA,Expansion,Expansion,-19.3,34.2,55.2,50.6,-263750.0,521250.0,-28563.313128547445,21614.28107955241,0.07214551130065067,-0.07630327801023784,-2.0312112955164663,7.1611271456537
2026-03-20,BHEL,NIFTY INFRA,4.091360476663364,3.148986419996058,5.11352418558737,254.05,266.2,253.25,262.05,19056140,INVENTORY_MIGRATION,FLOOR_BOUNCE|REGIME_SHIFT|INVENTORY_MIGRATION|IV_SKEW_ACCUMULATION,TRANSITION_REGIME,LONG_GAMMA,Expansion,Expansion,-100.0,100.0,51.8,50.6,-2283750.0,4108125.0,-310632.189439738,340663.06510655035,0.029434670214211922,-0.006961830706837313,3.250591016548454,12.44292945771862
2026-03-20,GLENMARK,NIFTY PHARMA,3.9380214541120395,3.121895842202349,3.8292024074688458,2114.1,2190.9,2110.1,2180.1,596886,INVENTORY_MIGRATION,REGIME_SHIFT|IV_SKEW_ACCUMULATION,TRANSITION_REGIME,TRANSITION_REGIME,Expansion,Expansion,-18.3,17.3,51.8,50.6,-231750.0,216000.0,3486.6773030265904,-1377.384586710279,0.03218782566201006,-0.03973612341013194,8.102345415778235,17.294683856948403
2026-03-20,HINDPETRO,NIFTY OIL & GAS,3.540640394088679,1.8936524768974339,4.635661263444946,330.05,345.35,330.05,336.3,24169602,INVENTORY_MIGRATION,IV_SKEW_ACCUMULATION,SHORT_GAMMA,TRANSITION_REGIME,Expansion,Expansion,15.3,-12.4,55.2,51.1,502200.0,-356400.0,-143414.74879676444,117806.53195574421,0.08705597598470072,-0.031006244789123172,-22.57396109128583,-13.381622650115665
2026-03-20,AUROPHARMA,NIFTY PHARMA,3.5190380761523032,2.3296354992076163,3.1391560041325706,1262.0,1297.8,1258.3,1291.4,1395687,,REGIME_SHIFT|IV_SKEW_ACCUMULATION,TRANSITION_REGIME,TRANSITION_REGIME,Dealer Controlled,Expansion,-6.0,3.8,53.2,54.1,-59950.0,-42900.0,-36647.88595298158,73014.76077240315,0.008919558582848708,-0.04430375519326202,10.24415229639748,19.436490737567645
2026-03-20,JSWSTEEL,NIFTY METAL,3.4220532319391372,2.6775524536915007,4.26186291739894,1139.1,1186.5,1138.0,1169.6,3580084,INVENTORY_MIGRATION|IV_SKEW_ACCUMULATION,INVENTORY_MIGRATION|IV_SKEW_ACCUMULATION,TRANSITION_REGIME,TRANSITION_REGIME,Expansion,Expansion,-29.7,11.2,54.6,50.6,-440100.0,99225.0,-50425.14039475438,54670.03849668435,-0.001745009478046733,0.008622515208234371,-4.786714425268657,4.40562401590151
2026-03-23,HCLTECH,NIFTY IT,1.8669865786908435,3.3313051414663786,4.198473282442738,1314.8,1365.0,1310.0,1358.6,5166409,IV_SKEW_ACCUMULATION,REGIME_SHIFT|INVENTORY_MIGRATION|IV_SKEW_ACCUMULATION,TRANSITION_REGIME,TRANSITION_REGIME,Dealer Controlled,Expansion,-0.9,40.4,47.9,77.4,-81200.0,683550.0,52101.97286140967,39162.150214518944,-0.04230612084660351,0.0685135587203976,-5.422902888966242,6.538186224784548
2026-03-23,POWERGRID,NIFTY ENERGY,1.5120967741935498,1.3758389261744997,3.8382804503582335,298.0,304.35,293.1,302.1,23771660,FLOOR_BOUNCE|IV_SKEW_ACCUMULATION,FLOOR_BOUNCE|REGIME_SHIFT|IV_SKEW_ACCUMULATION,LONG_GAMMA,LONG_GAMMA,Support Building,Flip Zone,78.0,100.0,45.9,77.0,1474400.0,4499200.0,-30728.51306198095,395540.8706738956,-0.0009514757421161812,0.0335728326426577,1.0536879076768813,13.01477702142767
2026-03-23,COFORGE,NIFTY IT,1.0190030294684682,2.1727019498607225,4.0003756221241416,1077.0,1107.5,1064.9,1100.4,3639224,VOLATILITY_COIL|INVENTORY_MIGRATION,REGIME_SHIFT|PINCH_ZONE,TRANSITION_REGIME,TRANSITION_REGIME,Expansion,Flip Zone,-32.6,25.3,45.9,76.8,-617625.0,450750.0,24429.63776738473,7128.569915865955,0.007492682160711417,0.06499918023956475,-17.91735044010143,-5.95626132635064
2026-03-23,PREMIERENE,NIFTY ENERGY,0.20815264527318522,1.8272620446533328,3.685270766678528,851.0,875.0,843.9,866.55,2931759,INVENTORY_MIGRATION,VOLATILITY_COIL,TRANSITION_REGIME,TRANSITION_REGIME,Expansion,Compression,-11.2,10.2,47.5,76.9,-219075.0,196650.0,39009.41892639325,-51996.32813214443,0.013842011991174519,0.058305198104751654,12.721951219512185,24.683040333262973
2026-03-23,PERSISTENT,NIFTY IT,0.16536985604342913,0.7613888414946146,3.472506628155103,4688.8,4800.4,4639.3,4724.5,1065192,REGIME_SHIFT,REGIME_SHIFT|INVENTORY_MIGRATION|IV_SKEW_ACCUMULATION,TRANSITION_REGIME,TRANSITION_REGIME,Flip Zone,Expansion,2.4,-4.5,52.4,76.5,-32500.0,-102700.0,15562.783735429868,8209.895888165876,-0.02039661030316864,0.06161762503201729,-7.217203456402199,4.74388565734859
2026-03-23,INFY,NIFTY IT,0.07166175650925588,1.5021805847197367,2.745641192765169,1238.2,1261.1,1227.4,1256.8,12420293,FLOOR_BOUNCE|REGIME_SHIFT|INVENTORY_MIGRATION|IV_SKEW_ACCUMULATION,FLOOR_BOUNCE|IV_SKEW_ACCUMULATION,LONG_GAMMA,LONG_GAMMA,Expansion,Support Building,11.5,35.9,49.3,76.5,44400.0,691600.0,562099.8426352399,-62532.89475862635,-0.03315628264081727,0.05628944610387282,-7.1238545669524145,4.837234546798375
2026-03-23,ONGC,NIFTY OIL & GAS,0.018839487565935897,-0.6921062476618167,2.197802197802212,267.3,269.7,263.9,265.45,23991581,FLOOR_BOUNCE,VOLATILITY_COIL|INVENTORY_MIGRATION,LONG_GAMMA,LONG_GAMMA,Support Building,Expansion,6.9,-75.1,53.5,76.5,297000.0,-1469250.0,-781449.9968175301,240660.16133402707,-0.005734393592421783,0.04652619500953592,-4.737125426161848,7.223963687588942
2026-03-23,TECHM,NIFTY IT,-0.05777007510109344,1.317715959004384,4.1985857395403725,1366.0,1414.6,1357.6,1384.0,3647386,REGIME_SHIFT|INVENTORY_MIGRATION,VOLATILITY_COIL,TRANSITION_REGIME,TRANSITION_REGIME,Expansion,Compression,8.6,6.4,51.2,77.0,43200.0,112800.0,136167.43249406066,-51898.15761873333,0.012287403560996335,0.023560577430471463,-5.00377513899376,6.95731397475703
2026-03-23,KPITTECH,NIFTY IT,-0.2496406687344077,1.4307692307692133,2.687630702501753,650.0,662.9,645.55,659.3,2233577,VOLATILITY_COIL,VOLATILITY_COIL,TRANSITION_REGIME,TRANSITION_REGIME,Compression,Compression,-8.4,2.7,53.5,79.5,-170000.0,60775.0,1616.7389799901212,-3484.5334756847333,-0.02965195505730389,0.07838624226533442,-21.079722288723968,-9.118633174973178
2026-03-23,TCS,NIFTY IT,-0.2844474190579649,0.7949260042283468,2.504258943781945,2365.0,2406.8,2348.0,2383.8,3860515,REGIME_SHIFT|INVENTORY_MIGRATION,VOLATILITY_COIL|REGIME_SHIFT|PINCH_ZONE,TRANSITION_REGIME,TRANSITION_REGIME,Expansion,Compression,-5.4,-17.5,47.8,76.5,-171850.0,-344050.0,84171.22796969266,1119.2911322729778,0.0018392483094550882,0.045336817290498266,-11.257538530265787,0.7035505834850024
2026-03-24,SAMMAANCAP,NIFTY FIN SERVICE,6.546153846153846,1.9205298013244887,7.76706517547241,135.9,139.72,129.65,138.51,27486426,INVENTORY_MIGRATION,GAMMA_SQUEEZE|INVENTORY_MIGRATION,SHORT_GAMMA,SHORT_GAMMA,Expansion,Expansion,-8.6,9.9,89.5,61.5,-4300.0,0.0,33546.342916043315,8454.060202614171,0.499875240703728,-0.23030755598523722,-10.424885209855784,0.4668816007069587
2026-03-24,HINDPETRO,NIFTY OIL & GAS,5.53031489895035,1.7522658610271913,5.897997496871077,331.0,338.45,319.6,336.8,11512642,INVENTORY_MIGRATION,INVENTORY_MIGRATION|IV_SKEW_ACCUMULATION,TRANSITION_REGIME,TRANSITION_REGIME,Expansion,Expansion,-100.0,5.1,89.7,59.9,-2561625.0,-89100.0,-79632.49824308218,185921.6159497343,0.10187253836824917,-0.029669607869049264,-23.192702394526798,-12.300935583964055
2026-03-24,LT,NIFTY INFRA,5.21780756342749,2.2325581395348904,4.6187877894115825,3440.0,3547.1,3390.5,3516.8,6037848,INVENTORY_MIGRATION,FLOOR_BOUNCE|REGIME_SHIFT|INVENTORY_MIGRATION|IV_SKEW_ACCUMULATION,TRANSITION_REGIME,LONG_GAMMA,Expansion,Expansion,-100.0,59.7,82.8,59.9,-1956325.0,922075.0,54001.70956292469,174244.90475304908,0.07900970952410641,-0.009419556217007019,-20.400172019646455,-9.508405209083712
2026-03-24,INDIGO,NIFTY SERVICES,5.208729374192078,2.1107011070110815,3.6657547873663265,4065.0,4168.4,4021.0,4150.8,2152981,INVENTORY_MIGRATION,FLOOR_BOUNCE|REGIME_SHIFT|INVENTORY_MIGRATION,TRANSITION_REGIME,LONG_GAMMA,Expansion,Expansion,-85.7,53.3,87.3,59.9,-1524450.0,847200.0,-20148.118221535406,116608.18600374938,0.08306775570268604,-0.041718598890314706,-14.631236888651223,-3.7394700780884804
2026-03-24,GMRAIRPORT,NIFTY INFRA,5.013566120089652,1.1590909090908985,3.898792409430718,88.0,90.34,86.95,89.02,15094837,INVENTORY_MIGRATION,GAMMA_SQUEEZE|INVENTORY_MIGRATION,SHORT_GAMMA,SHORT_GAMMA,Expansion,Expansion,-100.0,100.0,88.5,61.5,-7233075.0,5349825.0,27977.257917531257,43256.219303773934,0.08679891487063918,-0.03155728881734243,-11.721539071796915,-0.8297722612341722
2026-03-24,ETERNAL,NIFTY SERVICES,4.837856891082115,3.0043290043290094,4.107274381525916,231.0,240.29,230.81,237.94,63944923,,REGIME_SHIFT|INVENTORY_MIGRATION,LONG_GAMMA,LONG_GAMMA,Support Weakening,Expansion,-100.0,100.0,77.9,59.9,-2172800.0,12668200.0,-313497.9009954976,605309.3658945868,0.06160842115385601,-0.06447642108536344,-11.216417910447763,-0.3246510998850205
2026-03-24,CDSL,NIFTY FIN SERVICE,4.55988710530959,1.32478632478632,3.3620015637216616,1170.0,1189.8,1151.1,1185.5,2510822,,PINCH_ZONE,TRANSITION_REGIME,TRANSITION_REGIME,Expansion,Expansion,-16.2,36.1,88.8,59.9,-170525.0,553375.0,-23773.484974313265,886.2734737187529,0.1547124081680824,-0.10482003568809589,-11.151914861725242,-0.26014805116249917
2026-03-24,ASIANPAINT,NIFTY FMCG,4.525526799604007,1.5247252747252915,3.306552733014434,2184.0,2224.5,2153.3,2217.3,1561016,INVENTORY_MIGRATION,REGIME_SHIFT|INVENTORY_MIGRATION|IV_SKEW_ACCUMULATION,SHORT_GAMMA,TRANSITION_REGIME,Expansion,Expansion,-24.6,8.0,87.9,59.9,-373250.0,-15750.0,-27306.011651132387,159556.51817575857,0.0850041677811828,0.00992725913926712,-8.741819977775023,2.1499468327877196
2026-03-24,MCX,NIFTY FIN SERVICE,4.519529899758035,1.4766339458008204,5.892623308598854,2383.8,2426.0,2291.0,2419.0,4100132,,REGIME_SHIFT,TRANSITION_REGIME,TRANSITION_REGIME,Expansion,Expansion,-26.1,85.8,89.1,59.9,-357500.0,1493750.0,-77993.06566114424,56763.76292647488,0.09026699515745251,-0.08754860360829886,0.9515065520407484,11.84327336260349
2026-03-24,BAJFINANCE,NIFTY FIN SERVICE,4.4794486832389735,2.289156626506017,4.452054794520555,830.0,854.0,817.6,849.0,18828248,INVENTORY_MIGRATION|IV_SKEW_ACCUMULATION,REGIME_SHIFT|INVENTORY_MIGRATION,TRANSITION_REGIME,LONG_GAMMA,Expansion,Expansion,13.3,100.0,78.8,63.3,337500.0,3004500.0,-137318.99305279023,110656.51264127035,0.048242111524702536,-0.021358524612916152,-17.652764306498547,-6.760997495935804
2026-03-25,SAMMAANCAP,NIFTY FIN SERVICE,6.042884990253405,2.0000000000000018,8.71723173715484,144.0,155.52,143.05,146.88,113750336,GAMMA_SQUEEZE|INVENTORY_MIGRATION,INVENTORY_MIGRATION,SHORT_GAMMA,TRANSITION_REGIME,Expansion,Expansion,9.9,10.1,61.5,40.0,0.0,-8600.0,8454.060202614171,192987.25526731426,-0.23030755598523722,-0.12893372715316476,-4.2628079780993255,4.068476818348221
2026-03-25,SHRIRAMFIN,NIFTY FIN SERVICE,5.799026117751205,4.02611534276387,5.200043606235694,919.0,965.0,917.3,956.0,14265748,REGIME_SHIFT|PINCH_ZONE|IV_SKEW_ACCUMULATION,INVENTORY_MIGRATION,TRANSITION_REGIME,LONG_GAMMA,Expansion,Expansion,-30.7,100.0,58.4,40.0,-685575.0,2002275.0,63631.90469205628,119069.88620418179,-0.035044446578002764,-0.03461924608283906,-9.955731374211174,-1.6244465777636279
2026-03-25,KAYNES,NIFTY INFRA,5.793472384258602,4.582278481012669,6.430985915492959,3555.0,3778.3,3550.0,3717.9,2875320,REGIME_SHIFT|PINCH_ZONE,REGIME_SHIFT|INVENTORY_MIGRATION,TRANSITION_REGIME,TRANSITION_REGIME,Expansion,Expansion,10.0,18.8,58.9,44.8,103900.0,149200.0,3789.733762175389,19502.079368720657,-0.11091422467682832,0.0007396620266715281,-3.144375553587242,5.186909242860304
2026-03-25,KALYANKJIL,NIFTY FMCG,5.421038471885931,4.3819925412893035,6.074766355140193,375.4,397.25,374.5,391.85,7261892,GAMMA_SQUEEZE,REGIME_SHIFT|INVENTORY_MIGRATION|IV_SKEW_ACCUMULATION,SHORT_GAMMA,TRANSITION_REGIME,Expansion,Expansion,18.0,-3.3,60.3,40.0,274950.0,-247925.0,-9177.190230467,139239.58749577333,-0.11075596992771575,0.004175733069442078,-3.6986974686655127,4.6325873277820335
2026-03-25,PIIND,NIFTY COMMODITIES,5.306270387821677,4.90702292832641,6.264668712764032,2769.5,2943.0,2769.5,2905.4,224146,VOLATILITY_COIL|INVENTORY_MIGRATION,REGIME_SHIFT|INVENTORY_MIGRATION|IV_SKEW_ACCUMULATION,TRANSITION_REGIME,TRANSITION_REGIME,Expansion,Expansion,-4.0,11.8,55.6,40.0,-72450.0,68075.0,4583.696503633164,4791.021983864914,-0.03201295411592159,0.00013881587591157984,-6.494593202883614,1.8366915935639323
2026-03-25,MUTHOOTFIN,NIFTY FIN SERVICE,5.229462474645041,3.1150035715394875,4.180988688206999,3219.9,3334.0,3200.2,3320.2,1080479,PINCH_ZONE,INVENTORY_MIGRATION|IV_SKEW_ACCUMULATION,TRANSITION_REGIME,TRANSITION_REGIME,Dealer Controlled,Expansion,-14.6,24.5,55.5,42.9,-308275.0,313775.0,26304.353269282736,-7559.525245140392,-0.07628249803567044,-0.10139248286363078,-4.974241556954784,3.3570432394927625
2026-03-25,INOXWIND,NIFTY ENERGY,5.146964446155833,3.3299697275479323,5.573895378364657,79.28,83.15,78.76,81.92,22856802,PINCH_ZONE|IV_SKEW_ACCUMULATION,FLOOR_BOUNCE|REGIME_SHIFT|INVENTORY_MIGRATION,TRANSITION_REGIME,LONG_GAMMA,Support Building,Expansion,26.6,100.0,57.5,41.3,439725.0,3303300.0,22179.12168253545,150702.46057197935,-0.10683622159746209,-0.08683770289637738,-13.795643481005992,-5.464358684558446
2026-03-25,VOLTAS,NIFTY CONS DURABLES,5.122494432071267,3.877969188737951,4.803824846323135,1317.7,1381.0,1317.7,1368.8,1350940,REGIME_SHIFT|INVENTORY_MIGRATION|IV_SKEW_ACCUMULATION,REGIME_SHIFT|INVENTORY_MIGRATION|IV_SKEW_ACCUMULATION,TRANSITION_REGIME,TRANSITION_REGIME,Expansion,Expansion,13.1,30.8,59.9,40.0,137250.0,432750.0,3018.8714533454367,38988.563679411156,-0.04322723279509233,-0.02594359380235811,-11.001300390117041,-2.670015593669495
2026-03-25,DALBHARAT,NIFTY COMMODITIES,5.081153438563213,3.516483516483526,5.207928488146152,1820.0,1894.9,1801.1,1884.0,234444,GAMMA_SQUEEZE|REGIME_SHIFT|INVENTORY_MIGRATION|IV_SKEW_ACCUMULATION,GAMMA_SQUEEZE|INVENTORY_MIGRATION|IV_SKEW_ACCUMULATION,SHORT_GAMMA,SHORT_GAMMA,Expansion,Expansion,22.8,5.7,57.5,40.0,357175.0,-41275.0,-17196.980345239543,9758.896723680376,-0.02211996236213598,0.01644536803264185,-8.959118585097137,-0.6278337886495908
2026-03-25,SYNGENE,Other,4.9893443650495195,4.166666666666674,5.298507462686564,402.0,423.3,402.0,418.75,2747812,VOLATILITY_COIL|REGIME_SHIFT|INVENTORY_MIGRATION|IV_SKEW_ACCUMULATION,REGIME_SHIFT|INVENTORY_MIGRATION,TRANSITION_REGIME,TRANSITION_REGIME,Expansion,Expansion,-14.1,41.9,54.8,40.0,-275000.0,640000.0,8880.517561046094,64016.56432784624,-0.10763757635312021,-0.07704928609322537,-4.1981239990848795,4.133160797362667
2026-03-27,OFSS,NIFTY IT,5.273526291862396,2.161764705882363,3.8529411764705923,6800.0,7062.0,6800.0,6947.0,980855,VOLATILITY_COIL|REGIME_SHIFT|IV_SKEW_ACCUMULATION,REGIME_SHIFT|INVENTORY_MIGRATION,TRANSITION_REGIME,TRANSITION_REGIME,Compression,Expansion,-0.4,5.4,36.6,56.2,-3900.0,-116250.0,-540.6077463866186,7165.74460392925,-0.0210991624388569,0.09941660439237632,5.066545674531153,15.516462283969013
2026-03-27,ONGC,NIFTY OIL & GAS,4.348630643967422,4.232902033271713,5.672969966629582,270.5,285.0,269.7,281.95,60048871,FLOOR_BOUNCE|REGIME_SHIFT,FLOOR_BOUNCE|REGIME_SHIFT|INVENTORY_MIGRATION,LONG_GAMMA,LONG_GAMMA,Flip Zone,Expansion,100.0,100.0,37.5,54.7,5987250.0,29211750.0,-2704.131886843592,1898713.2006065107,-0.019351489455244175,0.014307743959053154,1.6219138583528636,12.071830467790724
2026-03-27,LICHSGFIN,NIFTY FIN SERVICE,1.964537578077774,1.21,2.749347782460365,500.0,512.0,498.3,506.05,5161239,REGIME_SHIFT|INVENTORY_MIGRATION,INVENTORY_MIGRATION|IV_SKEW_ACCUMULATION,TRANSITION_REGIME,TRANSITION_REGIME,Expansion,Expansion,14.9,-4.3,40.0,53.0,177000.0,-151000.0,32031.590125737184,47064.08128505294,-0.07273326634914612,0.08343249104663258,-7.486288848263256,2.963627761174604
2026-03-27,PPLPHARMA,Other,1.7650811653789011,2.1052631578947434,4.248577806581699,140.6,144.77,138.87,143.56,7986934,REGIME_SHIFT|INVENTORY_MIGRATION,INVENTORY_MIGRATION|IV_SKEW_ACCUMULATION,TRANSITION_REGIME,TRANSITION_REGIME,Expansion,Expansion,-11.1,-25.2,42.9,52.7,-320250.0,-546000.0,23364.554227200453,94816.66607264272,-0.07202641245950536,0.06940468739464645,-10.865515956786286,-0.41559934734842585
2026-03-27,OIL,NIFTY OIL & GAS,1.4000848536275035,0.9077475195271356,6.049128882155608,473.7,490.0,462.05,478.0,9323712,INVENTORY_MIGRATION,REGIME_SHIFT|INVENTORY_MIGRATION,TRANSITION_REGIME,LONG_GAMMA,Expansion,Expansion,65.1,-70.1,36.6,52.8,1304800.0,-1416800.0,-168000.02973468704,222983.5864130142,-0.01640676599976265,0.03746994514855523,1.6480595427963873,12.097976152234247
2026-03-27,WIPRO,NIFTY IT,1.3488495107114362,1.3488495107114362,2.3363491218733268,189.05,192.29,187.9,191.6,26269256,VOLATILITY_COIL|FLOOR_BOUNCE|REGIME_SHIFT|PINCH_ZONE,FLOOR_BOUNCE|REGIME_SHIFT|PINCH_ZONE|IV_SKEW_ACCUMULATION,LONG_GAMMA,LONG_GAMMA,Compression,Flip Zone,74.8,100.0,36.6,52.7,1449000.0,4410000.0,-200959.2183020108,733909.587928518,-0.002294416178225067,0.04622655007032672,-5.110935023771789,5.338981585666071
2026-03-27,NATIONALUM,NIFTY METAL,1.0073509392866775,1.7832647462277196,3.5911602209944826,364.5,375.0,362.0,371.0,15922058,FLOOR_BOUNCE|REGIME_SHIFT,FLOOR_BOUNCE|REGIME_SHIFT|INVENTORY_MIGRATION|IV_SKEW_ACCUMULATION,LONG_GAMMA,LONG_GAMMA,Expansion,Expansion,99.4,66.7,40.0,52.3,1751250.0,1173750.0,269059.6793864784,471362.10212527384,-0.040875266642039776,0.024497190564399363,3.112840466926059,13.56275707636392
2026-03-27,SAMMAANCAP,NIFTY FIN SERVICE,1.0008169934640598,0.9870660313138213,4.094738295815503,146.9,150.75,144.82,148.35,39888639,INVENTORY_MIGRATION,FLOOR_BOUNCE|PINCH_ZONE,TRANSITION_REGIME,LONG_GAMMA,Expansion,Support Building,10.1,100.0,40.0,52.3,-8600.0,1926400.0,192987.25526731426,121249.474813404,-0.12893372715316476,-0.3837638785619436,-6.071926047866283,4.377990561571577
2026-03-27,MANKIND,NIFTY PHARMA,0.7312252964426946,0.039254170755631534,1.5987724595357022,2038.0,2052.6,2020.3,2038.8,542413,INVENTORY_MIGRATION|IV_SKEW_ACCUMULATION,INVENTORY_MIGRATION,TRANSITION_REGIME,TRANSITION_REGIME,Expansion,Expansion,2.5,3.3,38.9,52.3,-2475.0,40500.0,-4873.816963981816,2820.3330067410925,-0.024801164640274154,0.017086820510150535,-5.422832490606289,5.027084118831572
2026-03-27,TCS,NIFTY IT,0.52157819466645,-0.5865468613503011,1.5555555555555545,2403.9,2422.1,2385.0,2389.8,4979411,PINCH_ZONE,REGIME_SHIFT|PINCH_ZONE,TRANSITION_REGIME,TRANSITION_REGIME,Support Weakening,Flip Zone,-15.1,37.0,36.6,51.9,-251475.0,659925.0,-42134.26678081098,6313.400254592183,0.012285937409883818,0.025128087815524114,-9.108888297265427,1.3410283121724333
2026-03-30,NATIONALUM,NIFTY METAL,4.070080862533709,1.6052631578947318,4.9328546735806444,380.0,394.6,376.05,386.1,31797909,FLOOR_BOUNCE|REGIME_SHIFT|INVENTORY_MIGRATION|IV_SKEW_ACCUMULATION,INVENTORY_MIGRATION,LONG_GAMMA,TRANSITION_REGIME,Expansion,Expansion,66.7,100.0,52.3,77.0,1173750.0,6183750.0,471362.10212527384,-706824.1951306917,0.024497190564399363,-0.21869669179499693,6.864101854414617,19.27813434116281
2026-03-30,SAIL,NIFTY METAL,3.3795316447053914,3.5704514363885,7.992552237776707,146.2,156.6,145.01,151.42,70851364,INVENTORY_MIGRATION|IV_SKEW_ACCUMULATION,INVENTORY_MIGRATION|IV_SKEW_ACCUMULATION,SHORT_GAMMA,TRANSITION_REGIME,Expansion,Expansion,4.4,-9.2,56.2,78.3,239700.0,-310200.0,-394605.13065827807,255190.427235087,-0.048247718233114356,-0.46675416334984404,-8.513080780617488,3.900951706130707
2026-03-30,HINDALCO,NIFTY METAL,2.0479981539171632,0.964611872146115,4.223744292237441,876.0,913.0,876.0,884.45,12727309,VOLATILITY_COIL|REGIME_SHIFT|INVENTORY_MIGRATION,INVENTORY_MIGRATION,TRANSITION_REGIME,TRANSITION_REGIME,Expansion,Expansion,45.3,-5.1,51.9,75.4,882000.0,-193200.0,-83639.90877768256,77850.39352770941,0.03183672970405038,-0.2035621120185613,-6.03951981302453,6.374512673723665
2026-03-30,DMART,NIFTY FMCG,1.3732322197171687,1.5188834154351571,3.5594531854526767,3897.6,4015.0,3877.0,3956.8,1738503,VOLATILITY_COIL|REGIME_SHIFT,INVENTORY_MIGRATION,TRANSITION_REGIME,TRANSITION_REGIME,Compression,Expansion,-3.3,16.1,51.9,76.1,-59850.0,267750.0,2899.403394001889,-19554.425472763738,0.04136171622228635,-0.2018713944987818,2.3592715231788075,14.773304009927003
2026-03-30,COALINDIA,NIFTY ENERGY,1.213346814964611,1.213346814964611,3.791469194312791,445.05,459.9,443.1,450.45,19114688,VOLATILITY_COIL|FLOOR_BOUNCE,REGIME_SHIFT|INVENTORY_MIGRATION,LONG_GAMMA,TRANSITION_REGIME,Compression,Expansion,99.8,-0.2,51.9,75.2,1900800.0,-33750.0,-69936.19296394181,-99242.63230518205,0.01349989069532087,-0.19783016125385244,3.910034602076129,16.32406708882432
2026-03-30,ONGC,NIFTY OIL & GAS,0.9576165986877161,0.671971706454455,2.269906011704226,282.75,288.35,281.95,284.65,44866906,FLOOR_BOUNCE|REGIME_SHIFT|INVENTORY_MIGRATION,INVENTORY_MIGRATION,LONG_GAMMA,LONG_GAMMA,Expansion,Expansion,100.0,100.0,54.7,76.2,29211750.0,8169750.0,1898713.2006065107,-3550226.980618438,0.014307743959053154,-0.22834498473209192,1.6244198500535267,14.038452336801722
2026-03-30,PETRONET,NIFTY OIL & GAS,0.9138911454102283,2.6228831061544833,5.358255451713401,242.1,253.65,240.75,248.45,6195343,INVENTORY_MIGRATION|IV_SKEW_ACCUMULATION,REGIME_SHIFT,TRANSITION_REGIME,TRANSITION_REGIME,Expansion,Flip Zone,-35.7,-33.5,52.0,75.0,-634600.0,-668800.0,-25616.287454792888,38880.08268665692,0.0045973897715733125,-0.26896847541796,-21.624605678233443,-9.210573191485249
2026-03-30,VEDL,NIFTY METAL,0.8315368032029591,0.28332950455622896,4.359861591695502,652.95,678.6,650.25,654.8,24457507,REGIME_SHIFT|INVENTORY_MIGRATION,REGIME_SHIFT|INVENTORY_MIGRATION,TRANSITION_REGIME,TRANSITION_REGIME,Expansion,Expansion,10.6,81.2,52.8,77.6,380650.0,1505350.0,-633936.0340989999,21078.86453342707,0.00582217281941666,-0.25465591412170213,-11.207539494203012,1.2064929925451828
2026-03-30,SAMMAANCAP,NIFTY FIN SERVICE,0.7886754297270038,0.6191117092866794,3.530619226821763,148.6,151.31,146.15,149.52,25387575,FLOOR_BOUNCE|PINCH_ZONE,REGIME_SHIFT|INVENTORY_MIGRATION,LONG_GAMMA,TRANSITION_REGIME,Support Building,Expansion,100.0,94.3,52.3,74.5,1926400.0,1810300.0,121249.474813404,-247336.9287561776,-0.3837638785619436,-0.3288625126976108,-2.700592178043848,9.713440308704346
2026-03-30,WAAREEENER,NIFTY ENERGY,0.5561663325357458,1.893840104849276,4.293297942932983,3052.0,3143.4,3014.0,3109.8,1799109,REGIME_SHIFT|INVENTORY_MIGRATION|IV_SKEW_ACCUMULATION,REGIME_SHIFT|INVENTORY_MIGRATION,TRANSITION_REGIME,TRANSITION_REGIME,Expansion,Expansion,-5.9,3.8,52.6,77.4,-26425.0,61950.0,-27410.26051288219,-6028.466249043742,0.04331301361975337,-0.2761387566562922,14.427641019980154,26.84167350672835
2026-04-01,MAZDOCK,NIFTY INFRA,12.250629478985097,7.823255813953489,10.561320754716984,2150.0,2343.9,2120.0,2318.2,7812878,,REGIME_SHIFT|INVENTORY_MIGRATION,TRANSITION_REGIME,TRANSITION_REGIME,Expansion,Expansion,-2.1,27.4,84.8,62.7,98200.0,148400.0,-14874.019952863891,17437.365486054787,-0.268677339987206,0.27545349757305726,4.193446896489728,14.119515212304911
2026-04-01,BDL,NIFTY INFRA,9.784789348896616,6.332803391626918,8.552044277807536,1132.2,1216.0,1120.2,1203.9,4217920,REGIME_SHIFT|INVENTORY_MIGRATION,REGIME_SHIFT|INVENTORY_MIGRATION|IV_SKEW_ACCUMULATION,TRANSITION_REGIME,TRANSITION_REGIME,Expansion,Expansion,7.9,33.6,84.8,59.3,264250.0,351750.0,-31100.947245080213,11506.61998466843,-0.24242982644201205,0.2571939780869512,-4.84508378122036,5.080984534594824
2026-04-01,DMART,NIFTY FMCG,7.943287505054597,4.812269938650315,5.62455424116477,4075.0,4294.8,4066.1,4271.1,2710202,INVENTORY_MIGRATION,INVENTORY_MIGRATION,TRANSITION_REGIME,TRANSITION_REGIME,Expansion,Expansion,16.1,11.2,76.1,61.2,267750.0,-22500.0,-19554.425472763738,2984.1460490741756,-0.2018713944987818,0.19962228289824305,11.006861420106052,20.932929735921235
2026-04-01,TRENT,NIFTY FMCG,6.9998179501183255,2.306353350739765,4.175985874043553,3447.0,3539.9,3398.0,3526.5,1628959,REGIME_SHIFT|INVENTORY_MIGRATION,REGIME_SHIFT|INVENTORY_MIGRATION,TRANSITION_REGIME,TRANSITION_REGIME,Expansion,Expansion,-11.1,13.3,84.8,59.3,-107900.0,46800.0,-10306.747292006445,9635.310439659766,-0.19735036476422524,0.16638425973087478,-9.565328888319014,0.3607394274961706
2026-04-01,BSE,NIFTY FIN SERVICE,6.860443450717346,2.031666963173806,3.667822543166621,2810.5,2899.9,2797.3,2867.6,5166997,INVENTORY_MIGRATION,REGIME_SHIFT,TRANSITION_REGIME,TRANSITION_REGIME,Expansion,Expansion,-33.7,33.5,84.8,59.3,-525000.0,438000.0,-10295.118795886467,14553.258768015989,-0.2600660007542269,0.21219390331792534,5.928853754940722,15.854922070755906
2026-04-01,NBCC,NIFTY REALTY,6.798245614035103,2.083847102342795,4.968168767944081,81.1,84.09,80.11,82.79,15853541,,INVENTORY_MIGRATION,TRANSITION_REGIME,TRANSITION_REGIME,Expansion,Expansion,-100.0,53.7,84.8,59.3,-2034500.0,819000.0,-83766.68189477304,74788.4924758358,-0.2848899879689433,0.18288397553912844,-10.661486996870606,-0.7354186810554211
2026-04-01,INOXWIND,NIFTY ENERGY,6.676380977612939,3.1378073770491843,4.111168032786905,78.08,81.29,78.08,80.53,10778251,,REGIME_SHIFT|PINCH_ZONE,SHORT_GAMMA,TRANSITION_REGIME,Expansion,Expansion,100.0,-33.5,84.8,59.3,4983550.0,-843700.0,-348194.4983279164,106238.12512588303,-0.1317664179201251,0.1817686533038767,-12.590904157169213,-2.6648358413540283
2026-04-01,BOSCHLTD,NIFTY AUTO,6.575056531570711,4.041433180506027,6.747939560439553,29445.0,31085.0,29120.0,30635.0,70699,INVENTORY_MIGRATION,PINCH_ZONE|IV_SKEW_ACCUMULATION,TRANSITION_REGIME,TRANSITION_REGIME,Expansion,Expansion,-4.2,8.8,83.0,59.3,4150.0,-25900.0,302.42262369799323,867.221215720296,-0.2817835992796085,0.22192736833967036,-15.895676046671248,-5.9696077308560636
2026-04-01,KPITTECH,NIFTY IT,6.230799527372977,3.626863377900702,5.286683107274981,650.7,683.1,648.8,674.3,1880678,,PINCH_ZONE,TRANSITION_REGIME,TRANSITION_REGIME,Expansion,Expansion,-13.2,21.0,84.8,59.3,-138550.0,221000.0,-11346.777004856598,4471.510380302451,-0.2878359644095142,0.27218535563975166,-12.553495007132675,-2.62742669131749
2026-04-01,SOLARINDS,NIFTY INFRA,6.053328916859879,3.1159420289855078,6.090084198479517,12420.0,12978.0,12233.0,12807.0,199157,INVENTORY_MIGRATION|IV_SKEW_ACCUMULATION,INVENTORY_MIGRATION,TRANSITION_REGIME,TRANSITION_REGIME,Expansion,Expansion,-3.5,8.7,81.9,63.1,14500.0,-5950.0,1516.8751501074778,1286.9573253657502,-0.21710716652063589,0.21794304376422263,-5.161433649289105,4.76463466652608
2026-04-02,COFORGE,NIFTY IT,5.156426033451766,7.067854936909912,9.292035398230091,1133.3,1235.0,1130.0,1213.4,6403645,INVENTORY_MIGRATION,,TRANSITION_REGIME,TRANSITION_REGIME,Expansion,Expansion,4.0,24.4,62.6,57.8,-25875.0,305625.0,14561.740509506184,-1681.9741247010897,0.21848749154968045,0.04313104227770015,4.360540122129519,13.017445015215179
2026-04-02,BOSCHLTD,NIFTY AUTO,4.896360372123398,6.991842850008334,8.110367892976589,30035.0,32325.0,29900.0,32135.0,85448,PINCH_ZONE|IV_SKEW_ACCUMULATION,INVENTORY_MIGRATION,TRANSITION_REGIME,TRANSITION_REGIME,Expansion,Expansion,8.8,7.4,59.3,57.8,-25900.0,-375.0,867.221215720296,913.1899463004047,0.22192736833967036,0.05322709823533012,-9.146169069833189,-0.489264176747529
2026-04-02,LTM,NIFTY IT,4.794253713172614,5.487745098039198,7.526265996116122,4080.0,4318.9,4016.6,4303.9,696404,,REGIME_SHIFT|PINCH_ZONE|IV_SKEW_ACCUMULATION,TRANSITION_REGIME,TRANSITION_REGIME,Dealer Controlled,Expansion,5.1,8.0,57.4,54.4,31800.0,11400.0,1604.4887444994788,5198.592634518129,0.1659420017740445,0.02389627023948765,-2.281809099990917,6.375095793094743
2026-04-02,PAGEIND,NIFTY FMCG,4.061925199264249,4.189686924493552,5.756400310318077,32580.0,34080.0,32225.0,33945.0,77315,INVENTORY_MIGRATION,INVENTORY_MIGRATION,TRANSITION_REGIME,TRANSITION_REGIME,Expansion,Expansion,3.8,6.9,60.8,54.5,-1680.0,8205.0,135.09286863621105,-199.3140483008807,0.21089194167608213,-0.0033542057246087054,8.885324779470727,17.542229672556388
2026-04-02,SWIGGY,NIFTY FMCG,3.7881643422540634,4.895238095238108,7.908063887806782,262.5,277.0,256.7,275.35,10194616,INVENTORY_MIGRATION,REGIME_SHIFT,TRANSITION_REGIME,TRANSITION_REGIME,Expansion,Expansion,-21.8,55.4,60.0,58.1,-477100.0,947700.0,19722.513694293393,-1683.2990898118442,0.2192847420263893,0.037133946451320454,-4.723183391003449,3.9337215020822107
2026-04-02,PERSISTENT,NIFTY IT,3.537264066863388,5.182994305949573,6.106085940490358,4970.1,5267.0,4963.9,5227.7,964640,REGIME_SHIFT|PINCH_ZONE|IV_SKEW_ACCUMULATION,,TRANSITION_REGIME,TRANSITION_REGIME,Expansion,Expansion,8.9,7.7,59.3,57.8,68200.0,44900.0,-2350.2792099000726,-2007.996470927308,0.20221626777297447,-0.0076919198957415835,11.860743783968841,20.517648677054503
2026-04-02,HCLTECH,NIFTY IT,3.5292380389840394,4.097995545657018,5.338502833283609,1347.0,1412.8,1341.2,1402.2,6509389,REGIME_SHIFT|INVENTORY_MIGRATION,,TRANSITION_REGIME,TRANSITION_REGIME,Expansion,Expansion,-1.9,-8.4,55.0,54.5,-63350.0,-276500.0,12595.606038715465,54796.96697469274,0.16878029328023897,0.025993346753956148,2.2757111597374147,10.932616052823075
2026-04-02,MPHASIS,NIFTY IT,3.4306842647196634,5.970077682938535,7.365493430516912,2085.4,2239.0,2085.4,2209.9,777936,INVENTORY_MIGRATION,,TRANSITION_REGIME,TRANSITION_REGIME,Expansion,Expansion,3.8,6.9,59.3,57.8,-44000.0,33000.0,3483.064728551399,238.18471645047703,0.21391299750021536,-0.004269792641380943,-2.0217246730214966,6.6351802200641625
2026-04-02,KPITTECH,NIFTY IT,3.336793711997621,6.495491364817352,7.185031822712995,654.3,698.9,652.05,696.8,1767842,PINCH_ZONE,REGIME_SHIFT|PINCH_ZONE,TRANSITION_REGIME,TRANSITION_REGIME,Expansion,Expansion,21.0,-13.5,59.3,54.4,221000.0,-357000.0,4471.510380302451,12494.76175637569,0.27218535563975166,-0.0027096817851616217,-7.61683791846205,1.0400669746236098
2026-04-02,TATAELXSI,NIFTY IT,2.76707615516949,3.4463414634146483,5.731186002584754,4100.0,4254.2,4023.6,4241.3,282399,INVENTORY_MIGRATION,REGIME_SHIFT|INVENTORY_MIGRATION,TRANSITION_REGIME,TRANSITION_REGIME,Expansion,Expansion,6.7,7.6,59.4,52.8,19900.0,66000.0,890.9162214545192,-189.96331293717822,0.21989379403340067,0.01505963248120612,-4.674892679747378,3.9820122133382814
2026-04-06,TRENT,NIFTY FMCG,7.970483861882505,5.466450246224097,6.454097774354173,3634.9,3869.5,3634.9,3833.6,4877807,INVENTORY_MIGRATION|IV_SKEW_ACCUMULATION,INVENTORY_MIGRATION,TRANSITION_REGIME,TRANSITION_REGIME,Expansion,Expansion,7.1,19.9,49.3,46.1,124500.0,96600.0,-1706.5123096015268,9447.00727201736,-0.008452490638405696,0.0012771244134960336,2.044293015332199,8.22165867371336
2026-04-06,ADANIGREEN,NIFTY ENERGY,7.605140186915893,7.479579929988334,8.253022603819883,857.0,926.7,856.05,921.1,13113062,,INVENTORY_MIGRATION,TRANSITION_REGIME,TRANSITION_REGIME,Dealer Controlled,Expansion,-10.1,-4.2,55.1,46.2,-207000.0,-311400.0,7499.468096726621,8742.406996123082,0.01877304893656323,0.07764880251885642,5.636791100407135,11.814156758788297
2026-04-06,KALYANKJIL,NIFTY FMCG,6.593127932040055,6.4177215189873404,6.82278481012657,395.0,421.95,395.0,420.35,12249798,,INVENTORY_MIGRATION,TRANSITION_REGIME,TRANSITION_REGIME,Resistance Weakening,Expansion,10.4,-11.2,52.5,49.6,143350.0,-413600.0,5429.500150590709,23254.86943175176,0.017886380991521345,0.04260188532510223,6.742001015744026,12.919366674125188
2026-04-06,LTF,NIFTY FIN SERVICE,6.282504680674017,4.735547355473546,6.352746798843456,243.9,257.48,242.1,255.45,11678955,,REGIME_SHIFT|PINCH_ZONE,TRANSITION_REGIME,TRANSITION_REGIME,Support Weakening,Expansion,-51.4,41.2,52.4,46.2,-927000.0,594000.0,-1605.7120737489022,53899.688675260055,0.02103725399390477,0.005369012522095595,-5.755395683453246,0.421969974927916
2026-04-06,RBLBANK,NIFTY PVT BANK,5.697674418604648,2.9778281275287144,5.805491233873639,308.95,319.85,302.3,318.15,22771700,VOLATILITY_COIL|INVENTORY_MIGRATION,INVENTORY_MIGRATION,SHORT_GAMMA,TRANSITION_REGIME,Expansion,Expansion,100.0,57.7,49.5,49.6,3797300.0,879475.0,-278827.42859152344,316985.31828137615,0.01876180584462883,0.06582048937231222,3.953602352556751,10.130968010937913
2026-04-06,IEX,NIFTY OIL & GAS,5.64394573773237,4.610281923714754,6.725170871656405,120.6,126.48,118.51,126.16,10112144,REGIME_SHIFT|INVENTORY_MIGRATION,INVENTORY_MIGRATION|IV_SKEW_ACCUMULATION,LONG_GAMMA,LONG_GAMMA,Expansion,Expansion,-93.6,-100.0,51.0,46.2,-1777500.0,-3465000.0,62153.944984963804,139527.53628292494,0.003029021187926084,0.06007046517191639,6.383337549540435,12.560703207921598
2026-04-06,VMM,NIFTY SERVICES,5.431961438635513,6.289131856835795,8.083775587566343,107.01,114.05,105.52,113.74,25229396,IV_SKEW_ACCUMULATION,INVENTORY_MIGRATION|IV_SKEW_ACCUMULATION,TRANSITION_REGIME,TRANSITION_REGIME,Expansion,Expansion,-11.7,-17.3,52.5,49.6,-300700.0,-489850.0,14202.84327352147,35297.79228200547,0.034027957027588596,0.04217159798654313,1.8993012005017018,8.076666858882863
2026-04-06,ADANIENSOL,NIFTY ENERGY,5.283559898045875,5.250026542095765,6.788804614891575,941.9,999.65,936.1,991.35,2083508,,INVENTORY_MIGRATION,TRANSITION_REGIME,TRANSITION_REGIME,Dealer Controlled,Expansion,-9.3,-18.6,59.3,46.2,-132300.0,-510300.0,1892.7528360108818,18678.22458131843,0.023295289076765258,0.09205712777774766,3.211868818323782,9.389234476704944
2026-04-06,GODREJPROP,NIFTY REALTY,5.065305310614598,4.462755438365207,6.573838532601428,1517.0,1592.0,1493.8,1584.7,2223294,VOLATILITY_COIL|REGIME_SHIFT,,TRANSITION_REGIME,TRANSITION_REGIME,Compression,Expansion,-4.5,8.3,56.7,49.6,-87450.0,9350.0,3161.2305420786533,7501.543550733037,0.007077057265580111,0.05177531927742546,-6.435614335478535,-0.25824867709737287
2026-04-06,KAYNES,NIFTY INFRA,4.762577727529682,4.470250007046417,7.627167630057796,3547.9,3723.9,3460.0,3706.5,2214333,VOLATILITY_COIL|INVENTORY_MIGRATION,REGIME_SHIFT,TRANSITION_REGIME,TRANSITION_REGIME,Expansion,Expansion,-1.7,20.6,56.7,49.2,-30000.0,245700.0,2757.5165718511107,-4118.781511871634,0.029266464039698015,-0.001322632941660129,0.16484704356285462,6.342212701944017
2026-04-07,MPHASIS,NIFTY IT,4.156227630637077,4.86936936936937,6.1120927914458,2220.0,2342.0,2207.1,2328.1,1130562,,INVENTORY_MIGRATION,TRANSITION_REGIME,TRANSITION_REGIME,Dealer Controlled,Expansion,2.8,1.9,44.4,53.5,22000.0,-85800.0,1032.155888850677,3664.741096454235,-0.016187477536817374,0.009287462837577587,4.324251658003231,10.955345218099977
2026-04-07,FORTIS,NIFTY PHARMA,3.947287013549472,4.483830845771131,7.375533881557983,804.0,842.2,784.35,840.05,2061444,PINCH_ZONE,INVENTORY_MIGRATION,TRANSITION_REGIME,TRANSITION_REGIME,Dealer Controlled,Expansion,1.8,5.3,44.2,59.7,-36425.0,-14725.0,6887.199918494196,4560.628164493672,0.04668818154709098,0.04851953127685271,-8.78440740539661,-2.1533138452998646
2026-04-07,WIPRO,NIFTY IT,3.766029702468443,3.9135069285823,4.192680574590124,197.01,205.27,197.01,204.72,24771466,,FLOOR_BOUNCE|INVENTORY_MIGRATION|IV_SKEW_ACCUMULATION,LONG_GAMMA,LONG_GAMMA,Support Weakening,Expansion,-100.0,100.0,42.0,53.5,-4578000.0,4137000.0,285126.27060708124,58466.32603858842,0.012559740965558674,0.00753246781812833,4.619787408013076,11.250880968109822
2026-04-07,VEDL,NIFTY METAL,3.3695652173913127,1.8855796014570547,3.7445887445887616,700.05,718.95,693.0,713.25,20950898,VOLATILITY_COIL|INVENTORY_MIGRATION,FLOOR_BOUNCE|REGIME_SHIFT|PINCH_ZONE,LONG_GAMMA,LONG_GAMMA,Expansion,Expansion,-52.3,100.0,41.1,53.5,-1009700.0,2366700.0,38812.94994860166,6176.275044604437,0.02432003548214129,-0.010492228692071504,0.2811950790861051,6.912288639182851
2026-04-07,PRESTIGE,NIFTY REALTY,3.2876943881000598,4.168087282645749,6.375432525951563,1173.2,1229.7,1156.0,1222.1,2218484,,INVENTORY_MIGRATION,TRANSITION_REGIME,TRANSITION_REGIME,Expansion,Expansion,2.0,0.4,47.6,53.5,-40500.0,-88650.0,4579.297991723916,5213.710181786586,0.05887931990438067,0.0069243963633222605,-11.15876708345449,-4.527673523357745
2026-04-07,BHEL,NIFTY INFRA,3.2364435759648424,3.2574616230302444,5.007017254189705,245.59,254.39,242.26,253.59,14913436,INVENTORY_MIGRATION,FLOOR_BOUNCE|REGIME_SHIFT|INVENTORY_MIGRATION|IV_SKEW_ACCUMULATION,TRANSITION_REGIME,LONG_GAMMA,Expansion,Expansion,-74.8,100.0,41.1,53.5,-1393875.0,3646125.0,-32305.356094899937,64269.00752366279,0.07594385402579595,-0.04547147285110886,-1.4227405247813407,5.208353035315405
2026-04-07,LTM,NIFTY IT,3.136462831406428,3.31395348837209,4.467112205416823,4300.0,4455.0,4264.5,4442.5,566309,VOLATILITY_COIL|REGIME_SHIFT|PINCH_ZONE|IV_SKEW_ACCUMULATION,INVENTORY_MIGRATION,TRANSITION_REGIME,TRANSITION_REGIME,Compression,Expansion,-0.8,3.0,41.1,53.6,-14550.0,-37200.0,370.46491385969875,2068.4365179978004,0.031393109243491035,0.005954469532119644,3.160412409437119,9.791505969533866
2026-04-07,JINDALSTEL,NIFTY METAL,3.0158730158730274,3.9231385108086547,4.430210835334947,1124.1,1173.9,1124.1,1168.2,1729304,VOLATILITY_COIL|IV_SKEW_ACCUMULATION,,TRANSITION_REGIME,TRANSITION_REGIME,Compression,Expansion,-13.4,19.0,47.7,55.7,-251250.0,275625.0,24370.471576053664,89.86383880823632,0.006592499600544477,0.02408531323936275,-1.3344594594594583,5.296634100637288
2026-04-07,HINDALCO,NIFTY METAL,2.9165992775890937,2.2003319235505137,3.42462082641084,933.95,964.9,932.95,954.5,11877733,PINCH_ZONE,,TRANSITION_REGIME,TRANSITION_REGIME,Dealer Controlled,Expansion,-13.0,-13.4,42.0,55.0,-282800.0,-355600.0,37184.093145097926,28635.4695281123,0.009889514208975936,-0.028663239198153778,-0.047122886014983045,6.583970674081763
2026-04-07,KEI,NIFTY INFRA,2.7527831000945913,2.4075416968817986,5.3336641032001975,4137.0,4246.0,4031.0,4236.6,400852,INVENTORY_MIGRATION,,TRANSITION_REGIME,TRANSITION_REGIME,Expansion,Expansion,2.3,5.4,44.2,51.7,-7875.0,22925.0,161.7365092497239,2789.120427019524,0.06660961248785979,0.018120736919606806,-13.898994004674314,-7.267900444577569
2026-04-08,ASHOKLEY,NIFTY AUTO,12.783626495782375,4.4700181708055675,6.272247453050195,165.1,173.16,162.94,172.48,102302775,,REGIME_SHIFT|INVENTORY_MIGRATION,LONG_GAMMA,LONG_GAMMA,Dealer Controlled,Expansion,-5.3,100.0,49.8,67.4,-150000.0,11425000.0,85591.26511354995,483198.734039928,-0.006123526243259014,-0.046305309305629205,-11.398777418194895,-9.545641790834248
2026-04-08,ADANIGREEN,NIFTY ENERGY,11.271410817528515,6.259029927760595,8.125419701430836,969.0,1046.6,967.95,1029.65,16043205,,INVENTORY_MIGRATION,TRANSITION_REGIME,TRANSITION_REGIME,Dealer Controlled,Expansion,-7.2,0.8,48.0,67.7,-140400.0,-327600.0,14247.839859796295,18907.25248401281,-0.013397363893399405,-0.05706792151814388,19.949906803355088,21.803042430715735
2026-04-08,FORCEMOT,NIFTY AUTO,10.818273092369468,5.622009569377995,9.797546918870982,20900.0,22290.0,20301.0,22075.0,380174,INVENTORY_MIGRATION,,TRANSITION_REGIME,TRANSITION_REGIME,Expansion,Expansion,-9.3,16.6,58.1,67.4,-7350.0,4275.0,107.13997996084524,206.38127080604824,0.0653641532477025,-0.08286696294345075,3.4200046849379273,5.273140312298574
2026-04-08,BANDHANBNK,NIFTY PVT BANK,10.474083014819291,6.153350515463929,7.0360824742268235,155.2,166.12,155.2,164.75,26384852,REGIME_SHIFT|PINCH_ZONE,INVENTORY_MIGRATION,TRANSITION_REGIME,TRANSITION_REGIME,Flip Zone,Expansion,-40.9,11.6,49.7,66.1,-712800.0,-90000.0,2447.3514825118473,50478.03121566781,-0.014719666825935618,-0.04638157860137282,-9.987433754029396,-8.13429812666875
2026-04-08,SHRIRAMFIN,NIFTY FIN SERVICE,9.944662332778176,4.943589743589749,6.2000000000000055,975.0,1035.45,975.0,1023.2,18256527,VOLATILITY_COIL,INVENTORY_MIGRATION,TRANSITION_REGIME,TRANSITION_REGIME,Compression,Expansion,8.4,51.2,48.0,66.0,155925.0,665775.0,1637.727527076684,47067.599776199975,-0.011261241907222441,-0.054778290281714714,1.5583126550868576,3.4114482824475045
2026-04-08,HINDPETRO,NIFTY OIL & GAS,9.912492456246236,2.8954802259887114,4.743589743589727,354.0,367.65,351.0,364.25,25974676,,REGIME_SHIFT|INVENTORY_MIGRATION,TRANSITION_REGIME,TRANSITION_REGIME,Support Building,Expansion,55.2,82.6,48.2,67.9,1020600.0,1261575.0,5323.056922261589,152466.49153881098,-0.029681910663635014,-0.038705036662444126,-10.050623533769599,-8.197487906408952
2026-04-08,CHOLAFIN,NIFTY FIN SERVICE,9.844522968197866,3.413173652694601,3.7192282102461727,1503.0,1558.9,1503.0,1554.3,4054814,REGIME_SHIFT|PINCH_ZONE|IV_SKEW_ACCUMULATION,INVENTORY_MIGRATION,TRANSITION_REGIME,TRANSITION_REGIME,Flip Zone,Expansion,12.2,12.7,49.7,66.1,188750.0,-45625.0,1139.2303972203918,14128.051592387506,-0.018978101499935007,0.01662603621997183,-4.427227448810179,-2.5740918214495316
2026-04-08,ABCAPITAL,NIFTY FIN SERVICE,9.674282936315004,4.541241890639469,5.93457943925233,323.7,340.05,321.0,338.4,7244230,IV_SKEW_ACCUMULATION,REGIME_SHIFT|INVENTORY_MIGRATION,TRANSITION_REGIME,TRANSITION_REGIME,Dealer Controlled,Expansion,0.5,19.7,56.4,67.4,40300.0,86800.0,-30332.545545478784,59614.256567383956,-0.04470052302954908,-0.003401999122302768,3.6288470372071613,5.481982664567808
2026-04-08,PGEL,NIFTY CONS DURABLES,9.463292862816308,2.388028019528754,6.640709495998265,471.1,493.0,462.3,482.35,8706149,INVENTORY_MIGRATION,REGIME_SHIFT,TRANSITION_REGIME,TRANSITION_REGIME,Expansion,Expansion,0.3,49.2,57.7,67.2,78850.0,653600.0,-17524.199333916484,69800.65685591685,-0.01287869930959007,-0.031037313653724086,-20.828887977020926,-18.97575234966028
2026-04-08,AUBANK,NIFTY PVT BANK,8.93128482188079,5.195652173913046,5.8304752572268415,920.0,972.0,918.45,967.8,4895295,PINCH_ZONE,REGIME_SHIFT,TRANSITION_REGIME,TRANSITION_REGIME,Dealer Controlled,Expansion,-2.1,24.6,47.9,67.4,-58000.0,208000.0,16446.681947998826,3094.1652399050363,-0.015485235918296147,0.024502636322008664,0.3681617837697715,2.2212974111304185
2026-04-09,POWERINDIA,NIFTY INFRA,5.402276673741069,4.735429447852768,6.321283587860038,26080.0,27500.0,25865.0,27315.0,255940,IV_SKEW_ACCUMULATION,INVENTORY_MIGRATION,TRANSITION_REGIME,TRANSITION_REGIME,Expansion,Expansion,5.8,8.8,67.4,46.2,7850.0,7900.0,502.60888736109973,397.8139289261942,-0.08115138789043347,0.03755553483362739,8.565182829888718,9.61791078742169
2026-04-09,ANGELONE,NIFTY FIN SERVICE,5.298557656378455,4.37037037037038,6.922498118886367,270.0,284.2,265.8,281.8,29671494,INVENTORY_MIGRATION,,TRANSITION_REGIME,LONG_GAMMA,Expansion,Expansion,58.8,-37.1,65.8,49.6,855000.0,-870000.0,71527.1344788675,57829.3966098222,-0.08632261076175135,0.030592322202085687,28.69930580928024,29.752033766813213
2026-04-09,BHEL,NIFTY INFRA,4.328189687617612,4.015009380863033,6.536245071276925,266.5,281.0,263.76,277.2,31642983,INVENTORY_MIGRATION,INVENTORY_MIGRATION|IV_SKEW_ACCUMULATION,LONG_GAMMA,LONG_GAMMA,Expansion,Expansion,2.9,60.2,67.4,46.3,-105000.0,992250.0,165687.81933119486,137276.45913152822,-0.03566611279363635,-0.002100699218045732,8.535630383711812,9.588358341244785
2026-04-09,HINDALCO,NIFTY METAL,3.556419415843659,2.778936392075071,3.948542924652143,959.0,989.85,952.25,985.65,9386595,VOLATILITY_COIL,INVENTORY_MIGRATION|IV_SKEW_ACCUMULATION,LONG_GAMMA,LONG_GAMMA,Compression,Expansion,-84.1,73.4,64.6,49.6,-1593900.0,1289400.0,54691.67662150547,-28669.09569140649,-0.011151231022037245,-0.00828495858093009,4.262971386259062,5.315699343792035
2026-04-09,WAAREEENER,NIFTY ENERGY,3.4336000000000144,3.2485785472433415,4.170144462279302,3130.6,3244.9,3115.0,3232.3,2495594,REGIME_SHIFT|INVENTORY_MIGRATION|IV_SKEW_ACCUMULATION,INVENTORY_MIGRATION,TRANSITION_REGIME,TRANSITION_REGIME,Expansion,Expansion,-5.3,-6.4,63.9,50.8,-143500.0,-229775.0,5906.904918929669,14367.151944442348,-0.013353728126478448,0.026439461221573257,24.367064255482894,25.419792213015867
2026-04-09,HAL,NIFTY INFRA,3.209213051823423,3.4076923076923116,5.839322051361306,3900.0,4109.0,3882.3,4032.9,2791024,INVENTORY_MIGRATION,PINCH_ZONE,TRANSITION_REGIME,TRANSITION_REGIME,Expansion,Expansion,4.4,-2.6,64.5,46.2,-1950.0,-173250.0,10655.553472929885,6443.656551125008,-0.008416554004218257,0.019594169869458278,1.0777212461465124,2.1304492036794853
2026-04-09,COCHINSHIP,NIFTY INFRA,3.196115379040454,3.1811594202898696,5.573770491803276,1380.0,1449.0,1372.5,1423.9,3535624,IV_SKEW_ACCUMULATION,INVENTORY_MIGRATION,TRANSITION_REGIME,TRANSITION_REGIME,Dealer Controlled,Expansion,2.6,-1.0,65.6,51.3,-18400.0,-114400.0,1907.9108472955377,2670.672214846112,-0.03470686852894722,0.036910728163274675,-2.1105458545304434,-1.0578178969974705
2026-04-09,NATIONALUM,NIFTY METAL,3.048856678745482,3.035982008995508,3.816218930454429,400.2,413.5,398.3,412.35,14640678,PINCH_ZONE|IV_SKEW_ACCUMULATION,INVENTORY_MIGRATION,TRANSITION_REGIME,LONG_GAMMA,Expansion,Expansion,-100.0,-100.0,64.0,48.1,-4008750.0,-4766250.0,36339.74275856692,220815.8389885716,-0.004594275307121309,-0.008479651460389759,6.248389590311776,7.301117547844749
2026-04-09,BSE,NIFTY FIN SERVICE,2.9649766089265395,3.409523809523818,4.720168281489023,3150.0,3285.7,3137.6,3257.4,7362810,INVENTORY_MIGRATION|IV_SKEW_ACCUMULATION,INVENTORY_MIGRATION|IV_SKEW_ACCUMULATION,TRANSITION_REGIME,TRANSITION_REGIME,Expansion,Expansion,44.4,13.0,66.0,44.6,617625.0,165750.0,16478.088961791065,6158.665409707777,-0.012974994020926167,0.011818516682032598,17.64238506266027,18.695113020193244
2026-04-09,360ONE,NIFTY FIN SERVICE,2.7168879283729463,2.7116027784924057,5.323450134770891,971.75,1015.95,964.6,998.1,3056871,REGIME_SHIFT,,TRANSITION_REGIME,TRANSITION_REGIME,Expansion,Resistance Weakening,-12.7,14.8,66.1,47.6,-385500.0,213000.0,16565.991187014894,-5306.534576752627,-0.00870804564779526,0.06235844788842326,-3.5745338614626476,-2.5218059039296747
2026-04-10,ADANIENSOL,NIFTY ENERGY,7.3371958285052274,7.222891008426702,7.51412952839805,1079.9,1160.4,1079.3,1157.9,7933292,IV_SKEW_ACCUMULATION,REGIME_SHIFT|INVENTORY_MIGRATION,TRANSITION_REGIME,TRANSITION_REGIME,Resistance Weakening,Expansion,10.2,26.2,43.7,50.4,182925.0,280125.0,-1183.9206215225568,-5904.899491478653,-0.010980154427803479,0.015572112841223396,14.236385161799525,15.106072239321211
2026-04-10,SONACOMS,NIFTY AUTO,5.965012905076006,4.812783661119524,6.405017580537886,528.8,559.85,526.15,554.25,4735536,PINCH_ZONE,REGIME_SHIFT|INVENTORY_MIGRATION,TRANSITION_REGIME,TRANSITION_REGIME,Support Weakening,Expansion,-17.4,20.3,41.9,49.2,-274400.0,205800.0,2760.6681703338872,27479.008189492662,-0.01468255006713809,0.01578285688282921,8.304836345872001,9.174523423393687
2026-04-10,AMBER,NIFTY CONS DURABLES,5.175292153589317,3.522183324998207,4.560774471136608,6998.5,7290.5,6972.5,7245.0,456304,IV_SKEW_ACCUMULATION,REGIME_SHIFT|INVENTORY_MIGRATION,TRANSITION_REGIME,TRANSITION_REGIME,Dealer Controlled,Expansion,-2.0,9.3,43.7,46.2,-12000.0,19100.0,26.232722957996884,4341.995754562652,0.014828611740609454,-0.017052207259146357,-3.4965034965035002,-2.6268164189818144
2026-04-10,SIEMENS,NIFTY INFRA,5.151280062063623,4.764407618105371,5.272277227722766,3234.4,3402.4,3232.0,3388.5,625209,VOLATILITY_COIL|REGIME_SHIFT|INVENTORY_MIGRATION,INVENTORY_MIGRATION,TRANSITION_REGIME,TRANSITION_REGIME,Expansion,Expansion,0.4,0.1,41.1,50.4,14000.0,-158025.0,-993.1050003725004,11833.126631769908,-0.007714495076370953,-0.022371964936464483,3.4688082078841997,4.338495285405886
2026-04-10,NAM-INDIA,NIFTY FIN SERVICE,5.128487316348429,3.831521739130439,5.343929843792816,920.0,961.0,912.25,955.25,2020947,INVENTORY_MIGRATION|IV_SKEW_ACCUMULATION,INVENTORY_MIGRATION,TRANSITION_REGIME,TRANSITION_REGIME,Expansion,Expansion,5.1,11.2,41.1,46.2,80625.0,66875.0,-1514.941486907418,-450.98059354684847,-0.010224500664643421,-0.03785384176508266,8.910044464713263,9.779731542234948
2026-04-10,CUMMINSIND,NIFTY INFRA,4.713290133268133,3.58193912517637,5.017723994621659,4961.0,5154.9,4908.6,5138.7,1308552,,REGIME_SHIFT|INVENTORY_MIGRATION|IV_SKEW_ACCUMULATION,TRANSITION_REGIME,TRANSITION_REGIME,Dealer Controlled,Expansion,2.5,13.3,47.6,50.4,-20400.0,111600.0,5279.92525520544,88.44035446126509,-0.00579057352471346,-0.03263463174164277,8.916913946587535,9.78660102410922
2026-04-10,LODHA,NIFTY REALTY,4.6862136660122955,4.626582278481006,6.582278481012649,790.0,842.0,790.0,826.55,8271085,INVENTORY_MIGRATION,REGIME_SHIFT|INVENTORY_MIGRATION,TRANSITION_REGIME,TRANSITION_REGIME,Expansion,Expansion,23.7,13.3,41.9,46.3,419400.0,100800.0,-13622.840956065535,-5349.79255941818,0.014588587208965664,0.11500323050473193,-8.359665169909647,-7.489978092387961
2026-04-10,MOTHERSON,NIFTY AUTO,4.499572284003417,3.525423728813548,4.743589743589749,118.0,122.55,117.0,122.16,25378911,PINCH_ZONE|IV_SKEW_ACCUMULATION,FLOOR_BOUNCE|REGIME_SHIFT|PINCH_ZONE,LONG_GAMMA,LONG_GAMMA,Support Weakening,Expansion,-23.5,100.0,41.1,46.2,-412050.0,5565750.0,-11996.892084730149,15139.15924718685,-0.021807178938210492,0.017825833467193353,-1.0128838829916553,-0.1431968054699695
2026-04-10,ASHOKLEY,NIFTY AUTO,4.484094377274328,2.9612492770387577,3.630976587462964,172.9,178.38,172.13,178.02,39293953,REGIME_SHIFT|INVENTORY_MIGRATION,INVENTORY_MIGRATION,LONG_GAMMA,LONG_GAMMA,Expansion,Expansion,-100.0,100.0,49.0,50.4,-4610000.0,11255000.0,61015.6905333522,371.45457692979835,-0.004415124253544456,-0.00041768818666365615,-8.028518288902664,-7.158831211380978
2026-04-10,EXIDEIND,NIFTY AUTO,4.25702811244979,3.7404092071611217,4.597885293175263,312.8,326.45,312.1,324.5,4176699,REGIME_SHIFT|INVENTORY_MIGRATION|IV_SKEW_ACCUMULATION,INVENTORY_MIGRATION,TRANSITION_REGIME,TRANSITION_REGIME,Expansion,Expansion,59.3,-49.4,41.1,51.2,1159200.0,-1074600.0,-33276.65429485425,76113.73578917026,0.00628324211530662,0.0036978031817365697,2.349787099826517,3.2194741773482027
2026-04-13,JSWENERGY,NIFTY ENERGY,4.244655824895172,5.289256198347103,9.133241612869103,484.0,515.6,472.45,509.6,8068921,VOLATILITY_COIL|PINCH_ZONE,REGIME_SHIFT|PINCH_ZONE,TRANSITION_REGIME,TRANSITION_REGIME,Compression,Expansion,1.0,40.8,41.2,51.2,21000.0,646000.0,8708.741658743573,5369.744876356752,-0.02353348622827306,0.06290091953981758,4.426229508196733,4.527625377362532
2026-04-13,MCX,NIFTY FIN SERVICE,3.603806098748774,4.362264150943385,5.606694560669467,2650.0,2776.4,2629.0,2765.6,4807666,INVENTORY_MIGRATION|IV_SKEW_ACCUMULATION,INVENTORY_MIGRATION|IV_SKEW_ACCUMULATION,TRANSITION_REGIME,TRANSITION_REGIME,Expansion,Expansion,-1.4,34.8,41.3,54.6,-38125.0,550625.0,9222.38324191836,10149.228429955823,-0.033343890435517776,0.01963270386220528,9.243166376994782,9.344562246160582
2026-04-13,VOLTAS,NIFTY CONS DURABLES,3.4965034965035002,5.878693623639175,7.572540693559793,1286.0,1368.0,1271.7,1361.6,2793680,INVENTORY_MIGRATION,INVENTORY_MIGRATION,TRANSITION_REGIME,TRANSITION_REGIME,Expansion,Expansion,0.3,54.0,48.4,54.6,-72375.0,923625.0,51740.05334087995,-32770.224821480115,-0.015736514829899073,0.03822842031626611,-7.462280820986821,-7.360884951821022
2026-04-13,SOLARINDS,NIFTY INFRA,3.21182406025724,4.503921145406142,7.19824433065106,13899.0,14654.0,13670.0,14525.0,241705,REGIME_SHIFT|INVENTORY_MIGRATION,INVENTORY_MIGRATION,TRANSITION_REGIME,TRANSITION_REGIME,Expansion,Expansion,1.3,4.7,49.1,51.3,-4450.0,-10150.0,1016.3899318637377,2100.0907129685475,0.00024718660416600535,-0.009957018730538336,0.06889424733034222,0.17029011649614123
2026-04-13,ADANIPOWER,NIFTY ENERGY,3.151129059780433,5.436046511627901,8.241371213899962,172.0,184.4,170.36,181.35,91406261,REGIME_SHIFT|IV_SKEW_ACCUMULATION,INVENTORY_MIGRATION,LONG_GAMMA,LONG_GAMMA,Flip Zone,Expansion,48.0,-100.0,44.3,51.3,855550.0,-4260000.0,-14007.00853051251,126056.84714314016,-0.013396245126457873,0.08072246058296384,30.608570399711923,30.70996626887772
2026-04-13,SONACOMS,NIFTY AUTO,2.7153811456923638,3.556161891768972,5.64903846153848,549.75,571.35,540.8,569.3,5054129,REGIME_SHIFT|INVENTORY_MIGRATION,INVENTORY_MIGRATION,TRANSITION_REGIME,TRANSITION_REGIME,Expansion,Expansion,20.3,-29.1,49.2,53.8,205800.0,-637000.0,27479.008189492662,40392.293165170566,0.01578285688282921,0.053547129218811385,10.254672218456463,10.356068087622262
2026-04-13,TATAPOWER,NIFTY ENERGY,2.554150494553653,3.69667046461577,6.854580397181298,394.95,417.0,390.25,409.55,20611836,REGIME_SHIFT|PINCH_ZONE|IV_SKEW_ACCUMULATION,FLOOR_BOUNCE|REGIME_SHIFT|INVENTORY_MIGRATION|IV_SKEW_ACCUMULATION,LONG_GAMMA,LONG_GAMMA,Flip Zone,Expansion,-16.8,100.0,41.9,49.1,-381350.0,3153750.0,172257.53549926518,-100296.73555858643,-0.009798816367853735,0.016580041677865642,6.169799092676609,6.271194961842408
2026-04-13,HDFCLIFE,NIFTY FIN SERVICE,2.474551022097171,4.498269896193774,5.228040540540557,592.45,622.95,592.0,619.1,5549755,FLOOR_BOUNCE|REGIME_SHIFT|INVENTORY_MIGRATION,PINCH_ZONE,LONG_GAMMA,LONG_GAMMA,Expansion,Support Building,52.4,40.8,44.2,49.2,929500.0,706200.0,29760.297054958442,-36480.701661962405,0.004602270442975009,0.05163810586932216,-4.445130421361309,-4.34373455219551
2026-04-13,BLUESTARCO,NIFTY CONS DURABLES,2.3668639053254337,5.719872891713518,6.417800662008077,1636.4,1736.1,1631.4,1730.0,803685,INVENTORY_MIGRATION,INVENTORY_MIGRATION,TRANSITION_REGIME,TRANSITION_REGIME,Expansion,Expansion,5.8,0.4,44.2,52.5,51350.0,-63700.0,2359.0420332828726,2856.6983357154495,-0.00581281926904037,-0.004972766531138095,-10.875276904847764,-10.773881035681965
2026-04-13,ICICIBANK,NIFTY PVT BANK,2.2089416748619195,3.5405011878304693,4.6502660599984535,1304.9,1357.0,1296.7,1351.1,30572141,FLOOR_BOUNCE|REGIME_SHIFT|PINCH_ZONE,INVENTORY_MIGRATION,LONG_GAMMA,LONG_GAMMA,Expansion,Expansion,91.9,41.9,46.2,51.9,1656200.0,724500.0,1412.4887764023151,-14807.29997130108,-0.0016580686527040145,0.002239952032853876,4.36428240383131,4.465678272997109
2026-04-15,PGEL,NIFTY CONS DURABLES,10.485775906336636,7.151394422310742,10.005053057099556,502.0,544.25,494.75,537.9,12552393,VOLATILITY_COIL,REGIME_SHIFT|INVENTORY_MIGRATION,TRANSITION_REGIME,TRANSITION_REGIME,Compression,Expansion,50.9,100.0,48.7,62.6,972800.0,2222050.0,-27785.01273985653,26297.540798372567,0.03203835429300128,-0.01724762813838998,1.0710259301014435,-1.4339287742766604
2026-04-15,SUZLON,NIFTY ENERGY,7.130396860008736,4.531914893617017,5.628076182323993,47.0,49.36,46.73,49.13,215457241,,INVENTORY_MIGRATION|IV_SKEW_ACCUMULATION,LONG_GAMMA,LONG_GAMMA,Resistance Weakening,Expansion,100.0,100.0,49.1,63.1,6443850.0,16732350.0,-108330.23717781808,-1043965.6084947039,0.029100449623214175,-0.0021373822749329863,15.790714117369786,13.285759412991682
2026-04-15,SIEMENS,NIFTY INFRA,6.9567818154628425,5.179411764705888,6.667458996909925,3400.0,3590.0,3365.6,3576.1,2134727,,INVENTORY_MIGRATION|IV_SKEW_ACCUMULATION,TRANSITION_REGIME,TRANSITION_REGIME,Dealer Controlled,Expansion,-3.8,2.3,50.4,58.8,-24325.0,-186025.0,-2148.0700543864914,26363.009494660433,0.022942954235560864,-0.032061070554668,7.561584503865015,5.056629799486911
2026-04-15,INOXWIND,NIFTY ENERGY,6.693318103940604,2.6483516483516434,5.896888689205881,91.0,94.28,89.03,93.41,40317164,INVENTORY_MIGRATION|IV_SKEW_ACCUMULATION,REGIME_SHIFT|INVENTORY_MIGRATION|IV_SKEW_ACCUMULATION,TRANSITION_REGIME,LONG_GAMMA,Expansion,Expansion,-82.7,68.9,46.1,58.9,-1612325.0,1108250.0,75986.22713117028,62535.61531378789,0.047007429557579083,-0.055152583487215634,11.627629063097512,9.122674358719408
2026-04-15,ANGELONE,NIFTY FIN SERVICE,6.168437566854457,3.4607366226546032,4.466657346567859,287.8,298.9,286.12,297.76,21051102,VOLATILITY_COIL|REGIME_SHIFT|PINCH_ZONE,INVENTORY_MIGRATION|IV_SKEW_ACCUMULATION,LONG_GAMMA,LONG_GAMMA,Compression,Expansion,-51.5,-76.4,46.1,58.9,-977500.0,-1667500.0,28238.93967501796,196319.94370447207,0.06406758406448687,-0.0161634985923802,39.74750082132632,37.24254611694822
2026-04-15,BPCL,NIFTY OIL & GAS,5.973715651135003,3.276779773785754,4.163879598662201,300.6,311.45,299.0,310.45,26146547,PINCH_ZONE|IV_SKEW_ACCUMULATION,REGIME_SHIFT|INVENTORY_MIGRATION,TRANSITION_REGIME,TRANSITION_REGIME,Support Building,Expansion,50.8,66.6,47.9,58.9,1040825.0,1078350.0,-89130.13970435887,95535.28152894291,0.04333109011706354,-0.02524677575916162,-4.872069863643336,-7.37702456802144
2026-04-15,RVNL,NIFTY ENERGY,5.618308252695092,3.2589928057553896,4.372177055103887,278.0,288.85,276.75,287.06,14149575,REGIME_SHIFT|IV_SKEW_ACCUMULATION,FLOOR_BOUNCE|INVENTORY_MIGRATION|IV_SKEW_ACCUMULATION,LONG_GAMMA,LONG_GAMMA,Flip Zone,Expansion,-47.1,35.8,46.1,58.7,-863150.0,498675.0,3737.3481909139664,106424.21601535229,0.006455078555739735,0.05743968602763977,2.668097281831172,0.16314257745306815
2026-04-15,DIXON,NIFTY CONS DURABLES,5.379159327843097,3.303933921321578,3.5885948947687707,10714.5,11099.0,10714.5,11068.5,852184,,REGIME_SHIFT|INVENTORY_MIGRATION|IV_SKEW_ACCUMULATION,TRANSITION_REGIME,TRANSITION_REGIME,Dealer Controlled,Expansion,1.4,16.1,51.8,58.8,87000.0,131450.0,-5231.299336750999,6049.730441834854,0.025713043294788074,0.022001470072204987,2.4576506525965103,-0.04730405178159369
2026-04-15,OFSS,NIFTY IT,5.276013678553992,3.35023294053165,4.143437263404226,7298.0,7565.5,7264.5,7542.5,191551,,REGIME_SHIFT|INVENTORY_MIGRATION,TRANSITION_REGIME,TRANSITION_REGIME,Dealer Controlled,Expansion,-3.6,11.9,46.1,62.2,-30675.0,65175.0,-224.8815249549143,2033.172263379316,0.0020667623776985944,0.0035807116033221287,12.66711479572784,10.162160091349737
2026-04-15,HINDPETRO,NIFTY OIL & GAS,4.937034917000571,1.2006624344465866,2.1823204419889386,362.3,369.9,362.0,366.65,11204269,REGIME_SHIFT,INVENTORY_MIGRATION,TRANSITION_REGIME,TRANSITION_REGIME,Expansion,Expansion,7.0,43.6,55.3,58.8,232875.0,674325.0,-86383.77079638447,80603.08626163918,0.024007107832807906,0.005400091495884274,-4.605177572525054,-7.110132276903158
2026-04-16,BHEL,NIFTY INFRA,5.729914529914537,5.058260012908922,6.568844907012461,294.37,312.3,293.05,309.26,28292886,REGIME_SHIFT|IV_SKEW_ACCUMULATION,INVENTORY_MIGRATION|IV_SKEW_ACCUMULATION,TRANSITION_REGIME,LONG_GAMMA,Flip Zone,Expansion,100.0,-100.0,56.1,49.3,3822000.0,-4924500.0,-91309.53106825775,322778.4636566017,-0.006585539117542227,0.04546960092124441,19.63636363636363,15.119731597281238
2026-04-16,ADANIPOWER,NIFTY ENERGY,5.320830834650825,4.9945652173913,6.056637747585536,184.0,194.37,183.27,193.19,69751834,INVENTORY_MIGRATION,INVENTORY_MIGRATION,LONG_GAMMA,LONG_GAMMA,Expansion,Expansion,-28.0,100.0,54.8,49.3,-571550.0,3315700.0,86788.6935166156,-103219.31807930383,-0.020730675204247984,-0.046867414203729196,31.807327556798803,27.29069551771641
2026-04-16,CROMPTON,NIFTY CONS DURABLES,5.2510586811857385,3.403597749425491,5.239911664324448,252.38,262.1,249.05,260.97,8988325,INVENTORY_MIGRATION|IV_SKEW_ACCUMULATION,FLOOR_BOUNCE|REGIME_SHIFT|INVENTORY_MIGRATION,LONG_GAMMA,LONG_GAMMA,Expansion,Expansion,-52.1,59.2,59.1,45.9,-1139400.0,968400.0,141622.86607310415,31518.75951050225,0.03924061492729036,-0.036177049049815224,5.97766497461929,1.461032935536899
2026-04-16,POLICYBZR,NIFTY FIN SERVICE,4.7210590301229205,4.0604026845637575,5.512076642828223,1490.0,1563.9,1482.2,1550.5,4186963,PINCH_ZONE,INVENTORY_MIGRATION,TRANSITION_REGIME,TRANSITION_REGIME,Dealer Controlled,Expansion,-2.1,4.5,56.9,46.0,-96950.0,-58800.0,11802.09201582765,20574.382656858164,-0.03993119188687333,-0.0038784825420847824,7.226832641770398,2.7102006026880066
2026-04-16,KAYNES,NIFTY INFRA,4.615614419438341,3.248157248157235,3.89162561576355,4070.0,4218.0,4060.0,4202.2,2268105,REGIME_SHIFT|INVENTORY_MIGRATION,INVENTORY_MIGRATION,TRANSITION_REGIME,TRANSITION_REGIME,Expansion,Expansion,8.6,15.0,58.8,49.3,53300.0,138700.0,5547.471167887157,-3346.0644277742394,-0.03305955544551381,-0.012621344009306534,20.905742893313374,16.38911085423098
2026-04-16,ADANIENSOL,NIFTY ENERGY,4.393117875592356,3.421731590745658,4.892718508723282,1182.15,1229.5,1172.15,1222.6,3144521,VOLATILITY_COIL|IV_SKEW_ACCUMULATION,INVENTORY_MIGRATION,TRANSITION_REGIME,TRANSITION_REGIME,Compression,Expansion,10.8,25.0,56.9,45.9,222075.0,350325.0,-6193.935851262468,-16301.599606787393,-0.012691470184564624,-0.05253222105498001,23.20870704424065,18.69207500515826
2026-04-16,HYUNDAI,NIFTY AUTO,3.991242842707976,3.088480801335569,5.171346575882052,1797.0,1869.0,1777.1,1852.5,1528435,,IV_SKEW_ACCUMULATION,TRANSITION_REGIME,TRANSITION_REGIME,Support Building,Expansion,8.1,-8.5,59.5,46.0,95425.0,-283525.0,-1491.791352017004,16905.184802562086,0.013332856139890548,0.005812674323755318,-8.201189296333,-12.71782133541539
2026-04-16,PGEL,NIFTY CONS DURABLES,3.671686187023604,3.556174558960068,4.1504178272980585,538.5,560.85,538.5,557.65,6605253,REGIME_SHIFT|INVENTORY_MIGRATION,INVENTORY_MIGRATION,TRANSITION_REGIME,TRANSITION_REGIME,Expansion,Expansion,100.0,100.0,62.6,46.0,2222050.0,2680900.0,26297.540798372567,-34907.05877212697,-0.01724762813838998,0.009856520070791852,11.04141776184786,6.524785722765469
2026-04-16,VBL,NIFTY FMCG,3.3329592638312144,3.1015563766655374,4.484304932735417,446.55,466.0,446.0,460.4,7114657,,INVENTORY_MIGRATION,TRANSITION_REGIME,LONG_GAMMA,Expansion,Expansion,-16.7,-100.0,62.2,51.0,-433125.0,-2211750.0,92035.41162481152,126263.89455896916,0.04829142272160125,0.03117594713650179,14.72713680538249,10.210504766300097
2026-04-16,RECLTD,NIFTY FIN SERVICE,3.2752020416843886,2.5915492957746533,5.25423728813561,355.0,372.6,354.0,364.2,21771221,REGIME_SHIFT|INVENTORY_MIGRATION|IV_SKEW_ACCUMULATION,INVENTORY_MIGRATION|IV_SKEW_ACCUMULATION,LONG_GAMMA,LONG_GAMMA,Expansion,Expansion,-100.0,6.2,56.1,48.6,-2291800.0,-7000.0,225809.0593849105,50642.49169145676,0.004960661632349261,-0.01367639115616992,9.864253393665145,5.347621354582754
2026-04-17,ANGELONE,NIFTY FIN SERVICE,10.204709340077244,6.778145695364257,9.038351652045296,302.0,324.4,297.51,322.47,80869288,,REGIME_SHIFT|INVENTORY_MIGRATION,LONG_GAMMA,TRANSITION_REGIME,Support Weakening,Expansion,-100.0,100.0,41.6,50.3,-3377500.0,18172500.0,124130.89111768157,-359872.62213293574,-0.013665732088021465,-0.05915574284211178,48.85749896136271,44.82162356407622
2026-04-17,COLPAL,NIFTY FMCG,6.503489430565379,6.503489430565379,7.754418037781852,1977.4,2121.9,1969.2,2106.0,2100901,PINCH_ZONE,REGIME_SHIFT|INVENTORY_MIGRATION,TRANSITION_REGIME,TRANSITION_REGIME,Dealer Controlled,Expansion,1.8,1.7,42.7,46.6,-13275.0,-198450.0,2606.3269413275557,15863.876441999557,0.04382522270915035,-0.004624070219469922,8.495183143578377,4.459307746291884
2026-04-17,SUZLON,NIFTY ENERGY,5.333333333333323,4.213427840126016,6.268538659284162,50.79,53.74,50.57,52.93,337159969,REGIME_SHIFT,INVENTORY_MIGRATION,LONG_GAMMA,LONG_GAMMA,Flip Zone,Expansion,100.0,100.0,47.3,50.2,14097050.0,15171025.0,-151460.99202867155,-189178.4479786111,0.004540478132622816,0.02202634432478906,29.066081443550363,25.03020604626387
2026-04-17,NAM-INDIA,NIFTY FIN SERVICE,5.202881276882421,4.644329896907218,6.5176715176715305,970.0,1024.7,962.0,1015.05,2327117,INVENTORY_MIGRATION,REGIME_SHIFT|INVENTORY_MIGRATION,TRANSITION_REGIME,TRANSITION_REGIME,Expansion,Expansion,6.7,14.0,42.3,46.6,89375.0,116875.0,833.6515176305111,-1202.3427372774495,-0.05939914928765411,-0.07289910060267546,22.184772795666554,18.14889739838006
2026-04-17,HDFCAMC,NIFTY FIN SERVICE,4.890691908947509,5.520915995918818,5.770320825303243,2646.3,2799.0,2646.3,2792.4,2259343,VOLATILITY_COIL|INVENTORY_MIGRATION|IV_SKEW_ACCUMULATION,REGIME_SHIFT|INVENTORY_MIGRATION|IV_SKEW_ACCUMULATION,TRANSITION_REGIME,TRANSITION_REGIME,Expansion,Expansion,-6.1,44.7,40.8,46.7,-133200.0,708900.0,15326.11695278404,-8771.297091015542,-0.03353181521077314,0.03664455423673041,17.962149374788794,13.926273977502301
2026-04-17,HINDUNILVR,NIFTY FMCG,4.754335935673892,4.612511671335207,5.250820440693849,2142.0,2245.0,2133.0,2240.8,4882697,INVENTORY_MIGRATION,INVENTORY_MIGRATION|IV_SKEW_ACCUMULATION,TRANSITION_REGIME,LONG_GAMMA,Expansion,Expansion,-12.9,-27.7,40.8,46.6,-220200.0,-731400.0,2322.579357804396,159120.6886699149,-0.0021109244534257554,0.009839874254824077,2.992140460541459,-1.0437349367450333
2026-04-17,PIDILITIND,NIFTY COMMODITIES,4.688204357625847,4.3823507378829785,5.429864253393668,1334.9,1398.0,1326.0,1393.4,1740546,VOLATILITY_COIL|IV_SKEW_ACCUMULATION,REGIME_SHIFT|INVENTORY_MIGRATION,TRANSITION_REGIME,TRANSITION_REGIME,Compression,Expansion,0.2,2.0,46.0,46.6,1000.0,-103500.0,4493.818621344057,24193.172761341,-0.009661665389609886,0.04664173507522573,2.9403073286052184,-1.095568068681274
2026-04-17,DMART,NIFTY FMCG,4.520922250073389,4.104813315339628,4.710153096886205,4446.0,4644.0,4435.1,4628.5,1366449,REGIME_SHIFT|IV_SKEW_ACCUMULATION,REGIME_SHIFT|INVENTORY_MIGRATION,TRANSITION_REGIME,TRANSITION_REGIME,Flip Zone,Expansion,-3.5,24.4,40.8,46.6,-38400.0,317100.0,4240.281949383239,-4784.376005772894,-0.013589024882603384,0.03187487318424409,21.231567091856785,17.195691694570293
2026-04-17,COCHINSHIP,NIFTY INFRA,4.205326747213145,4.073333333333329,4.766036980174904,1500.0,1569.5,1498.1,1561.1,3562913,IV_SKEW_ACCUMULATION,INVENTORY_MIGRATION|IV_SKEW_ACCUMULATION,TRANSITION_REGIME,TRANSITION_REGIME,Resistance Weakening,Expansion,5.8,1.9,44.1,50.3,75200.0,-92400.0,670.1005158633579,8800.690007779524,-0.024970712298721054,-0.014334194527029887,16.96261332134561,12.926737924059118
2026-04-17,MOTILALOFS,NIFTY FIN SERVICE,4.170924885028127,3.878980891719741,4.624425140521216,785.0,819.0,782.8,815.45,2052561,IV_SKEW_ACCUMULATION,INVENTORY_MIGRATION,TRANSITION_REGIME,TRANSITION_REGIME,Dealer Controlled,Expansion,-4.4,-1.5,43.4,46.6,-53475.0,-151900.0,-998.4821809785026,16025.241816497684,-0.01808737988289716,0.031160040547665246,21.71803865960147,17.682163262314976
2026-04-20,TRENT,NIFTY FMCG,3.288945151788125,2.2361445783132483,3.6170264311844447,4150.0,4277.0,4127.7,4242.8,2228155,INVENTORY_MIGRATION|IV_SKEW_ACCUMULATION,INVENTORY_MIGRATION|IV_SKEW_ACCUMULATION,TRANSITION_REGIME,TRANSITION_REGIME,Expansion,Expansion,-5.2,4.4,42.0,45.7,-105000.0,-49100.0,7605.914418577369,4245.064642368503,-0.012842580585967656,0.07507275736511587,16.736827624157378,13.41341040319912
2026-04-20,TIINDIA,NIFTY AUTO,2.971113181850771,2.978494623655914,5.591304031701028,2790.0,2904.5,2750.7,2873.1,708238,INVENTORY_MIGRATION,INVENTORY_MIGRATION|IV_SKEW_ACCUMULATION,TRANSITION_REGIME,TRANSITION_REGIME,Expansion,Expansion,-2.0,0.7,42.8,47.7,-78000.0,-76000.0,5910.004210089623,10264.673582855858,0.012651101554464361,0.023808549699111614,16.042651157154975,12.719233936196716
2026-04-20,UNOMINDA,NIFTY AUTO,2.878484241209711,2.878484241209711,6.049290515309935,1097.8,1136.0,1071.2,1129.4,1976127,REGIME_SHIFT|PINCH_ZONE,INVENTORY_MIGRATION,TRANSITION_REGIME,TRANSITION_REGIME,Flip Zone,Expansion,-8.8,1.1,41.9,44.4,-139150.0,-67650.0,1619.7418126384036,21486.77044803258,-0.02047215531451474,0.05331319576687554,7.255460588793938,3.9320433678356803
2026-04-20,BHEL,NIFTY INFRA,2.790492124120081,2.228989420148819,5.097607052896724,318.53,333.79,317.6,325.63,49865330,FLOOR_BOUNCE|INVENTORY_MIGRATION|IV_SKEW_ACCUMULATION,INVENTORY_MIGRATION|IV_SKEW_ACCUMULATION,LONG_GAMMA,LONG_GAMMA,Expansion,Expansion,50.5,-37.1,44.6,44.3,882000.0,-808500.0,58792.05946849694,53997.65077550581,-0.05595016139485581,0.05443613301391648,27.025551004486047,23.70213378352779
2026-04-20,JSWSTEEL,NIFTY METAL,2.7573974038539006,2.6911610667955888,3.7307380373073906,1241.1,1279.0,1233.0,1274.5,4606071,INVENTORY_MIGRATION,REGIME_SHIFT|IV_SKEW_ACCUMULATION,TRANSITION_REGIME,TRANSITION_REGIME,Expansion,Expansion,57.0,40.0,45.1,47.7,1027350.0,679050.0,-25039.533342631286,6477.400402899133,-0.010540500447520862,0.04472848998791784,9.19294037011651,5.869523149158252
2026-04-20,CGPOWER,NIFTY INFRA,2.697470314919981,2.5452670919517972,5.2931169850824356,775.95,804.65,764.2,795.7,5497243,INVENTORY_MIGRATION,REGIME_SHIFT|INVENTORY_MIGRATION|IV_SKEW_ACCUMULATION,TRANSITION_REGIME,TRANSITION_REGIME,Expansion,Expansion,17.7,6.5,44.7,44.0,263500.0,39100.0,13298.806418319786,6298.3396368258545,-0.04817800894767371,0.02834604202487334,12.323546019198206,9.000128798239949
2026-04-20,TORNTPOWER,Other,2.6389776357827355,2.704603580562659,5.529063023585512,1564.0,1637.6,1551.8,1606.3,1442253,INVENTORY_MIGRATION,INVENTORY_MIGRATION,TRANSITION_REGIME,TRANSITION_REGIME,Expansion,Expansion,0.3,-2.0,45.0,47.7,-78625.0,-124525.0,16095.192532102323,6184.707533822926,-0.013592475434475282,0.09172165686932215,11.285852847443522,7.962435626485264
2026-04-20,SBIN,NIFTY PSU BANK,2.554964128673909,2.550217532166976,4.19203420551193,1080.3,1120.95,1075.85,1107.85,31179584,FLOOR_BOUNCE|PINCH_ZONE,FLOOR_BOUNCE|REGIME_SHIFT|PINCH_ZONE,LONG_GAMMA,LONG_GAMMA,Support Building,Expansion,100.0,100.0,42.6,43.9,3489000.0,5406750.0,-15398.028322004015,39373.584985938156,-0.009822761256820578,0.036830938265732915,4.052784822015587,0.7293676010573291
2026-04-20,RECLTD,NIFTY FIN SERVICE,2.518081971604591,2.504352484264083,4.939282303179149,373.35,384.55,366.45,382.7,12043689,FLOOR_BOUNCE|INVENTORY_MIGRATION|IV_SKEW_ACCUMULATION,FLOOR_BOUNCE|REGIME_SHIFT|INVENTORY_MIGRATION,LONG_GAMMA,LONG_GAMMA,Expansion,Expansion,100.0,5.8,44.6,43.9,2906400.0,32200.0,-101026.97944198415,32576.563099554623,-0.042889721077026655,0.005257495067762463,13.325436778205502,10.002019557247245
2026-04-20,POWERINDIA,NIFTY INFRA,2.4891961970613607,1.3504273504273412,3.245856353591159,29250.0,29900.0,28960.0,29645.0,181052,INVENTORY_MIGRATION,REGIME_SHIFT|INVENTORY_MIGRATION|IV_SKEW_ACCUMULATION,TRANSITION_REGIME,TRANSITION_REGIME,Expansion,Expansion,6.4,6.1,44.7,43.9,55050.0,40100.0,-96.75348207799152,157.191133006972,-0.02882817944999183,0.0577821169643723,19.971671388101985,16.648254167143726
2026-04-21,PNBHOUSING,NIFTY FIN SERVICE,7.979046043562166,3.1174302264349585,6.685030193876473,949.5,1007.0,943.9,979.1,19954612,REGIME_SHIFT|IV_SKEW_ACCUMULATION,INVENTORY_MIGRATION|IV_SKEW_ACCUMULATION,TRANSITION_REGIME,TRANSITION_REGIME,Flip Zone,Expansion,-33.7,-10.8,41.6,48.1,-594750.0,-498550.0,17221.174271604163,100699.78288363427,0.044608001094765815,-0.07810236385142777,21.22825481334738,17.86881870067085
2026-04-21,NESTLEIND,NIFTY FMCG,7.26834577114428,6.301517602650031,8.486167236555797,1298.1,1396.0,1286.8,1379.9,9586515,INVENTORY_MIGRATION|IV_SKEW_ACCUMULATION,INVENTORY_MIGRATION|IV_SKEW_ACCUMULATION,TRANSITION_REGIME,LONG_GAMMA,Expansion,Expansion,-21.8,-65.0,41.0,48.1,-417500.0,-1545000.0,9686.871515040315,80147.74383512189,0.05364620206178111,-0.03510653769881611,14.533532536520589,11.17409642384406
2026-04-21,LICHSGFIN,NIFTY FIN SERVICE,5.300912986771,4.261599483442491,5.219167904903421,542.05,566.5,538.4,565.15,5519886,INVENTORY_MIGRATION|IV_SKEW_ACCUMULATION,INVENTORY_MIGRATION,TRANSITION_REGIME,TRANSITION_REGIME,Expansion,Expansion,-3.4,-1.5,40.8,48.2,-46000.0,-200000.0,-4626.373223603383,39356.50962185633,0.013794329057441601,-0.02283281808283999,12.322369074828575,8.962932962152047
2026-04-21,NAM-INDIA,NIFTY FIN SERVICE,5.2193419740777625,5.020400039804951,6.142456982793121,1004.9,1061.0,999.6,1055.35,2251900,REGIME_SHIFT|PINCH_ZONE,INVENTORY_MIGRATION,TRANSITION_REGIME,TRANSITION_REGIME,Flip Zone,Expansion,-3.2,-5.0,40.8,51.5,-25000.0,-248750.0,-2804.8964774871274,11817.570236416956,0.11907815452747883,-0.05555526597064231,19.275542495479204,15.916106382802676
2026-04-21,MANAPPURAM,NIFTY FIN SERVICE,4.719435154217755,4.331728989263239,4.738985560903353,270.1,282.9,270.1,281.8,5403468,VOLATILITY_COIL|REGIME_SHIFT|PINCH_ZONE|IV_SKEW_ACCUMULATION,REGIME_SHIFT|INVENTORY_MIGRATION,LONG_GAMMA,LONG_GAMMA,Compression,Expansion,-30.6,100.0,40.8,51.0,-597000.0,3426000.0,86105.33595452295,-22771.77976939408,0.037189976225234234,0.07868470692350515,4.37037037037038,1.0109342576938518
2026-04-21,UNITDSPR,NIFTY FMCG,4.228798654125554,3.650190114068441,4.358113265150343,1315.0,1367.3,1310.2,1363.0,2334336,VOLATILITY_COIL|REGIME_SHIFT|PINCH_ZONE,INVENTORY_MIGRATION|IV_SKEW_ACCUMULATION,TRANSITION_REGIME,TRANSITION_REGIME,Compression,Expansion,8.4,37.5,40.8,51.5,154800.0,584400.0,-3378.5701343219553,5077.819341253591,0.020718154526654653,-0.01560343172810913,3.234113459062349,-0.12532265361417938
2026-04-21,AUBANK,NIFTY PVT BANK,4.0344810304214995,4.0344810304214995,4.455470355335023,997.65,1042.1,997.65,1037.9,4152949,REGIME_SHIFT|INVENTORY_MIGRATION|IV_SKEW_ACCUMULATION,REGIME_SHIFT|INVENTORY_MIGRATION|IV_SKEW_ACCUMULATION,TRANSITION_REGIME,TRANSITION_REGIME,Expansion,Expansion,-2.9,31.5,40.8,48.2,-80000.0,473000.0,14043.073953886487,5994.091257967448,0.019768527738555752,-0.022863451016063185,11.58415309358707,8.224716980910541
2026-04-21,VBL,NIFTY FMCG,3.975993998499616,3.975993998499616,4.3939556317650785,466.55,487.05,466.55,485.1,7932444,,FLOOR_BOUNCE|INVENTORY_MIGRATION,LONG_GAMMA,LONG_GAMMA,Support Weakening,Expansion,-73.4,46.8,47.7,48.1,-1343250.0,748125.0,-26354.94145576743,115386.8361931995,0.06842439015612256,-0.1027943388520024,16.863406408094427,13.503970295417899
2026-04-21,VMM,NIFTY SERVICES,3.945704409409001,3.945704409409001,4.953168508986572,118.61,124.38,118.51,123.29,18492065,REGIME_SHIFT|IV_SKEW_ACCUMULATION,INVENTORY_MIGRATION,LONG_GAMMA,LONG_GAMMA,Flip Zone,Expansion,-47.9,-55.7,40.8,51.5,-916650.0,-1168850.0,92632.44712103685,-37456.2321619764,0.04645856778147839,0.01419482984921927,14.263206672845218,10.90377056016869
2026-04-21,HINDUNILVR,NIFTY FMCG,3.5491821644633603,3.2161522312056157,4.871587643678166,2238.7,2335.7,2227.2,2310.7,3217281,FLOOR_BOUNCE|IV_SKEW_ACCUMULATION,INVENTORY_MIGRATION,LONG_GAMMA,LONG_GAMMA,Support Building,Expansion,14.8,4.0,40.8,48.1,338400.0,-51600.0,-42856.18573844456,39141.27186874428,0.017181067766253777,0.03498769460858414,8.21430243993817,4.854866327261641
2026-04-22,IREDA,NIFTY ENERGY,8.994257333540245,8.994257333540245,11.011812247435483,128.86,142.85,128.68,140.45,73264311,PINCH_ZONE|IV_SKEW_ACCUMULATION,REGIME_SHIFT|INVENTORY_MIGRATION,LONG_GAMMA,LONG_GAMMA,Dealer Controlled,Expansion,-0.4,100.0,43.1,49.3,17250.0,5640750.0,18211.54775863234,-132802.33352257573,-0.02531943193167574,0.013656450553977462,20.475210156115974,14.493378023032765
2026-04-22,ADANIENSOL,NIFTY ENERGY,8.124555441397296,7.766837337534449,9.333754840749231,1269.5,1383.4,1265.3,1368.1,6551573,,INVENTORY_MIGRATION|IV_SKEW_ACCUMULATION,TRANSITION_REGIME,TRANSITION_REGIME,Dealer Controlled,Expansion,12.4,-9.6,45.7,50.0,226125.0,-434025.0,-10770.084543316174,18653.824854691775,0.004809127217583864,0.10073106357806139,36.08872973241819,30.106897599334978
2026-04-22,EXIDEIND,NIFTY AUTO,6.439507655358745,6.471471471471468,8.569277108433738,333.0,360.45,332.0,354.55,15696406,,INVENTORY_MIGRATION|IV_SKEW_ACCUMULATION,LONG_GAMMA,LONG_GAMMA,Dealer Controlled,Expansion,2.1,-1.5,45.9,49.4,-1800.0,-243000.0,87812.98839952756,60785.796306815464,0.01322011428744202,-0.03787153210129074,17.459002815968194,11.477170682884985
2026-04-22,ADANIPOWER,NIFTY ENERGY,6.241994285151264,5.715966468944544,6.492867683226744,203.99,216.5,203.3,215.65,117165796,FLOOR_BOUNCE,INVENTORY_MIGRATION|IV_SKEW_ACCUMULATION,LONG_GAMMA,LONG_GAMMA,Support Building,Expansion,37.3,100.0,43.7,50.0,681600.0,6638500.0,47061.21161786851,-48704.44087260333,0.00813206683926937,-0.05192621625932192,42.80511224422226,36.82328011113905
2026-04-22,MOTHERSON,NIFTY AUTO,5.661587810745772,5.644644002565746,6.630853110968582,124.72,132.99,124.72,131.76,42968413,INVENTORY_MIGRATION,FLOOR_BOUNCE|INVENTORY_MIGRATION,LONG_GAMMA,LONG_GAMMA,Expansion,Expansion,-100.0,100.0,47.3,46.3,-4907700.0,5141400.0,231590.11252527707,-103072.0378603423,-0.007446984427760928,-0.03749045289615571,17.90604026845637,11.92420813537316
2026-04-22,KAYNES,NIFTY INFRA,4.981988557436479,5.533596837944654,6.071090047393368,4225.1,4476.2,4220.0,4458.9,1904268,IV_SKEW_ACCUMULATION,INVENTORY_MIGRATION|IV_SKEW_ACCUMULATION,TRANSITION_REGIME,TRANSITION_REGIME,Dealer Controlled,Expansion,0.1,19.3,43.1,46.4,-12400.0,203200.0,1668.1653374633242,-8482.117056779976,0.006772882177302986,-0.0481779171076725,25.004205214465934,19.022373081382725
2026-04-22,TIINDIA,NIFTY AUTO,4.82462220989881,4.289655172413798,5.846879007382233,2900.0,3054.0,2885.3,3024.4,488674,INVENTORY_MIGRATION,REGIME_SHIFT|INVENTORY_MIGRATION,TRANSITION_REGIME,TRANSITION_REGIME,Expansion,Expansion,4.8,18.0,47.3,46.3,83000.0,201000.0,-3616.36912392412,-6816.882886218345,-0.041780033357149526,-0.015810308094395875,19.541501976284593,13.559669843201384
2026-04-22,MANAPPURAM,NIFTY FIN SERVICE,4.701916252661453,4.701916252661453,7.518663348737986,281.8,302.45,281.3,295.05,10976535,REGIME_SHIFT|INVENTORY_MIGRATION,FLOOR_BOUNCE|INVENTORY_MIGRATION|IV_SKEW_ACCUMULATION,LONG_GAMMA,LONG_GAMMA,Expansion,Expansion,100.0,100.0,51.0,46.3,3426000.0,2604000.0,-22771.77976939408,-151348.7877936003,0.07868470692350515,-0.05762138913268244,11.697898921067583,5.716066787984374
2026-04-22,ABB,NIFTY INFRA,4.5761543762922186,4.6049910381910975,9.237536656891487,7253.0,7822.5,7161.0,7587.0,1729200,INVENTORY_MIGRATION|IV_SKEW_ACCUMULATION,REGIME_SHIFT|INVENTORY_MIGRATION|IV_SKEW_ACCUMULATION,TRANSITION_REGIME,TRANSITION_REGIME,Expansion,Expansion,5.2,0.9,43.8,46.3,74875.0,-187250.0,3513.0170440678994,9592.602986231359,-0.02626768003117058,0.05320141026980657,22.095268747988417,16.113436614905208
2026-04-22,INOXWIND,NIFTY ENERGY,4.50774612693654,4.486859198561022,5.517033463973475,100.07,105.0,99.51,104.56,24547014,REGIME_SHIFT|PINCH_ZONE,,LONG_GAMMA,LONG_GAMMA,Expansion,Expansion,-15.9,100.0,46.5,50.0,-382525.0,2856425.0,-2593.8102649008506,-159663.62788236834,-0.01071849379253964,-0.10293681732075133,33.93108748558986,27.949255352506654
2026-04-23,DRREDDY,NIFTY PHARMA,9.367296631059974,8.21138211382113,11.45790554414785,1230.0,1357.0,1217.5,1331.0,16407707,FLOOR_BOUNCE|INVENTORY_MIGRATION|IV_SKEW_ACCUMULATION,INVENTORY_MIGRATION,LONG_GAMMA,LONG_GAMMA,Expansion,Expansion,8.9,-76.3,41.9,47.8,173750.0,-1848125.0,22948.8387651582,82358.9529255525,-0.0073934532801573916,0.08715252793722572,2.4713218877511656,-2.108271008482787
2026-04-23,OFSS,NIFTY IT,8.183104657601682,4.288256227758014,7.735141024089098,8430.0,8900.0,8261.0,8791.5,2646355,PINCH_ZONE,REGIME_SHIFT|INVENTORY_MIGRATION|IV_SKEW_ACCUMULATION,TRANSITION_REGIME,TRANSITION_REGIME,Dealer Controlled,Expansion,1.4,27.2,44.6,47.9,-62475.0,188550.0,3806.8279887725075,14524.813715922346,0.0392761665422412,-0.14786991148123185,33.60942249240122,29.029829596167268
2026-04-23,PPLPHARMA,Other,6.540537026201165,6.540537026201165,9.915198956294846,153.81,168.5,153.3,163.87,52438256,INVENTORY_MIGRATION,INVENTORY_MIGRATION,LONG_GAMMA,TRANSITION_REGIME,Expansion,Expansion,-39.0,46.1,44.6,47.8,-813750.0,690375.0,102111.85429053546,-104173.18457869861,0.0430672901486413,0.04485883926349099,18.445970365016272,13.86637746878232
2026-04-23,CIPLA,NIFTY PHARMA,5.629701528755171,5.818005023904083,6.581948517432412,1234.1,1308.4,1227.6,1305.9,5274028,VOLATILITY_COIL|REGIME_SHIFT|PINCH_ZONE,REGIME_SHIFT|INVENTORY_MIGRATION,TRANSITION_REGIME,TRANSITION_REGIME,Compression,Expansion,5.8,36.4,41.9,47.8,102000.0,477750.0,9270.923264752666,27886.228321566683,0.01809676358294049,0.048014047286079,3.939828080229235,-0.6397648160047176
2026-04-23,TORNTPOWER,Other,4.802703028840338,5.394090164431775,5.829432861224237,1648.1,1741.0,1645.1,1737.0,1220697,REGIME_SHIFT|INVENTORY_MIGRATION|IV_SKEW_ACCUMULATION,INVENTORY_MIGRATION|IV_SKEW_ACCUMULATION,TRANSITION_REGIME,TRANSITION_REGIME,Expansion,Expansion,7.4,37.3,44.6,47.8,73950.0,575025.0,10798.940352939688,-32818.71101419169,-0.045467515298328764,0.03084261732625382,19.735300199903484,15.155707303669532
2026-04-23,POWERINDIA,NIFTY INFRA,4.5656832042195505,4.462374444261474,4.972830561501729,30365.0,31875.0,30365.0,31720.0,193846,REGIME_SHIFT|INVENTORY_MIGRATION|IV_SKEW_ACCUMULATION,INVENTORY_MIGRATION,TRANSITION_REGIME,TRANSITION_REGIME,Expansion,Expansion,3.2,10.7,43.8,51.5,21600.0,60600.0,2427.531064458018,535.1309384454171,-0.0005193310881712043,0.010922840974789683,26.75324675324675,22.173653857012795
2026-04-23,JIOFIN,NIFTY FIN SERVICE,4.255586767850406,3.6083333333333245,5.516894441183862,240.0,251.7,238.54,248.66,74432271,FLOOR_BOUNCE|REGIME_SHIFT|PINCH_ZONE,REGIME_SHIFT|INVENTORY_MIGRATION,LONG_GAMMA,LONG_GAMMA,Flip Zone,Expansion,100.0,100.0,43.8,47.9,3590800.0,6906650.0,-70488.10281396727,268430.33052036515,-0.015917775560430614,0.020263744710459886,3.911408274132877,-0.6681846221010757
2026-04-23,GLENMARK,NIFTY PHARMA,4.241071428571419,3.874727523466337,6.658830975091545,2247.9,2359.4,2212.1,2335.0,1703667,,INVENTORY_MIGRATION|IV_SKEW_ACCUMULATION,TRANSITION_REGIME,TRANSITION_REGIME,Dealer Controlled,Expansion,-8.2,23.2,41.9,47.8,-167625.0,302250.0,17824.271399686295,-11906.482294837348,0.012991822110024254,-0.004080247708332263,7.105178661529288,2.525585765295335
2026-04-23,BDL,NIFTY INFRA,3.122735835386159,3.8905109489051126,4.486336402162805,1370.0,1430.0,1368.6,1423.3,2294904,VOLATILITY_COIL,REGIME_SHIFT|INVENTORY_MIGRATION,TRANSITION_REGIME,TRANSITION_REGIME,Compression,Expansion,-2.0,12.2,41.9,47.8,-49700.0,132650.0,5762.903761984111,18448.96668448225,0.010552556649866707,-0.015889818923965793,13.873109848787891,9.293516952553938
2026-04-23,SOLARINDS,NIFTY INFRA,3.1102671555788275,2.9215686274509878,4.630541871921179,15300.0,15930.0,15225.0,15747.0,219018,INVENTORY_MIGRATION,IV_SKEW_ACCUMULATION,TRANSITION_REGIME,TRANSITION_REGIME,Expansion,Expansion,0.8,11.6,44.6,50.5,-50850.0,125900.0,5400.395178168628,-7162.618084582196,-0.05023095072186934,0.0072608225191503895,21.748878923766824,17.16928602753287
2026-04-24,COCHINSHIP,NIFTY INFRA,4.514063284781522,4.369905956112863,7.3581115017579135,1595.0,1710.0,1592.8,1664.7,11757918,INVENTORY_MIGRATION|IV_SKEW_ACCUMULATION,REGIME_SHIFT|INVENTORY_MIGRATION|IV_SKEW_ACCUMULATION,TRANSITION_REGIME,TRANSITION_REGIME,Expansion,Expansion,8.2,-16.6,43.4,46.1,138400.0,-491200.0,-509.37533277615876,21064.694043167496,-0.012623211408614998,0.05152053600512252,31.16136148755122,25.007932193354396
2026-04-24,ADANIENSOL,NIFTY ENERGY,3.7245179063361,3.8236699878672065,11.119775421085464,1359.95,1425.0,1282.4,1411.95,7928505,INVENTORY_MIGRATION|IV_SKEW_ACCUMULATION,REGIME_SHIFT,TRANSITION_REGIME,TRANSITION_REGIME,Expansion,Expansion,-52.6,67.8,43.4,43.2,-985500.0,1163025.0,30033.452755696584,-12961.325005398889,0.06670675509266755,-0.12839494030659404,49.1128947090506,42.95946541485378
2026-04-24,HUDCO,Other,3.3796341582705614,2.8664590227759357,4.6146341463414675,205.48,214.46,205.0,211.37,28775240,FLOOR_BOUNCE|REGIME_SHIFT|IV_SKEW_ACCUMULATION,REGIME_SHIFT|INVENTORY_MIGRATION|IV_SKEW_ACCUMULATION,LONG_GAMMA,LONG_GAMMA,Flip Zone,Expansion,100.0,-40.7,46.1,43.2,2217225.0,-910200.0,-28872.825348606828,127397.99382299426,0.044216114046193244,-0.019749033428738516,28.017685179577235,21.864255885380413
2026-04-24,RBLBANK,NIFTY PVT BANK,2.8644583133301316,2.552648372686672,5.4273643158921026,313.4,324.4,307.7,321.4,12459462,FLOOR_BOUNCE|IV_SKEW_ACCUMULATION,FLOOR_BOUNCE|REGIME_SHIFT|INVENTORY_MIGRATION,LONG_GAMMA,LONG_GAMMA,Support Building,Expansion,3.9,100.0,44.1,42.0,149225.0,1927225.0,-188313.92694645602,-25024.499366906646,0.030543174262704476,0.003797533647938167,11.095748358105762,4.942319063908941
2026-04-24,PNBHOUSING,NIFTY FIN SERVICE,2.570081865542062,2.1393280632411082,4.648241206030157,1012.0,1041.25,995.0,1033.65,3181116,REGIME_SHIFT|PINCH_ZONE,PINCH_ZONE,TRANSITION_REGIME,TRANSITION_REGIME,Flip Zone,Expansion,62.5,-3.5,45.6,41.7,1144000.0,-152750.0,-17946.58187018645,23462.515982338067,-0.021084704862245007,0.013699537598230505,37.68231768231769,31.528888388120865
2026-04-24,NMDC,NIFTY METAL,2.2677814683312425,2.045714285714295,3.794694348327554,87.5,89.99,86.7,89.29,34794839,INVENTORY_MIGRATION,FLOOR_BOUNCE|INVENTORY_MIGRATION|IV_SKEW_ACCUMULATION,LONG_GAMMA,LONG_GAMMA,Expansion,Expansion,-80.1,100.0,43.5,41.6,-1444500.0,7080750.0,-267144.16480674036,-362879.628952052,-0.016431104000550034,0.053114007722058876,18.910640564655743,12.757211270458921
2026-04-24,OFSS,NIFTY IT,1.791503156457952,1.462585034013597,2.9820051413881776,8820.0,9013.5,8752.5,8949.0,590278,REGIME_SHIFT|INVENTORY_MIGRATION|IV_SKEW_ACCUMULATION,REGIME_SHIFT|INVENTORY_MIGRATION|IV_SKEW_ACCUMULATION,TRANSITION_REGIME,TRANSITION_REGIME,Expansion,Expansion,27.2,1.9,47.9,41.7,188550.0,65850.0,14524.813715922346,7168.82075360429,-0.14786991148123185,-0.00904152335001901,38.85182311869666,32.69839382449984
2026-04-24,ADANIGREEN,NIFTY ENERGY,1.7831404686406094,1.1292962356792113,8.864831963827658,1222.0,1252.0,1150.05,1235.8,12960727,INVENTORY_MIGRATION,PINCH_ZONE,TRANSITION_REGIME,LONG_GAMMA,Expansion,Support Weakening,-63.4,-51.7,44.1,41.7,-1258200.0,-1074600.0,41840.60693383342,86262.96543217028,0.07868073281336085,-0.03406579419861966,51.36260640578112,45.2091771115843
2026-04-24,CHOLAFIN,NIFTY FIN SERVICE,1.6068420370610292,1.376947443273635,2.947905091836067,1546.9,1575.0,1529.9,1568.2,1225033,REGIME_SHIFT|INVENTORY_MIGRATION,REGIME_SHIFT,TRANSITION_REGIME,TRANSITION_REGIME,Expansion,Flip Zone,-3.1,27.7,44.2,40.8,-15000.0,482500.0,-25973.997481564846,-10267.666709758705,0.0055929784006777394,0.011690498345136247,13.563617930335292,7.410188636138471
2026-04-24,POLICYBZR,NIFTY FIN SERVICE,1.5501556140770978,0.694362017804151,2.0455908818236335,1685.0,1701.1,1667.0,1696.7,1113981,REGIME_SHIFT|INVENTORY_MIGRATION|IV_SKEW_ACCUMULATION,INVENTORY_MIGRATION|IV_SKEW_ACCUMULATION,TRANSITION_REGIME,TRANSITION_REGIME,Expansion,Expansion,28.0,7.7,50.2,40.8,452900.0,103600.0,-18751.436223746845,1727.4566677809999,-0.019692302690573038,0.012188535371861986,18.28639152258784,12.132962228391019
2026-04-27,SUNPHARMA,NIFTY PHARMA,6.979758084423593,6.676923076923069,8.940131944016283,1625.0,1766.9,1621.9,1733.5,26995361,REGIME_SHIFT|INVENTORY_MIGRATION|IV_SKEW_ACCUMULATION,FLOOR_BOUNCE|INVENTORY_MIGRATION,TRANSITION_REGIME,LONG_GAMMA,Expansion,Expansion,-15.5,31.1,39.7,40.0,-172200.0,199150.0,-196567.0071871116,376442.2486543012,0.06620982420176086,0.17609416101308495,-1.1292990361033484,-6.280658125504712
2026-04-27,HINDZINC,NIFTY METAL,6.711979609175867,3.596172880237547,6.5533776394380405,606.2,633.3,594.35,628.0,20875698,PINCH_ZONE,FLOOR_BOUNCE|REGIME_SHIFT|INVENTORY_MIGRATION|IV_SKEW_ACCUMULATION,LONG_GAMMA,LONG_GAMMA,Support Weakening,Expansion,-100.0,100.0,38.9,40.0,-4933075.0,6355300.0,268492.5546179484,-151770.1153219774,-0.03604215653809428,0.11585421565226095,26.345438084699737,21.194078995298373
2026-04-27,INDUSINDBK,NIFTY PVT BANK,6.156023350433393,4.039528432732298,4.426722145168749,865.2,903.5,865.2,900.15,11254307,REGIME_SHIFT|INVENTORY_MIGRATION,FLOOR_BOUNCE|REGIME_SHIFT|INVENTORY_MIGRATION,TRANSITION_REGIME,LONG_GAMMA,Expansion,Expansion,29.4,27.9,43.9,40.0,606900.0,306600.0,-89140.39404617445,149700.5772498924,0.021250777236216267,0.07619976048053745,12.906867356538099,7.755508267136735
2026-04-27,VBL,NIFTY FMCG,5.790600468957097,4.839361487169125,8.721475461081596,494.9,521.7,479.85,518.85,36094833,IV_SKEW_ACCUMULATION,INVENTORY_MIGRATION|IV_SKEW_ACCUMULATION,LONG_GAMMA,LONG_GAMMA,Support Weakening,Expansion,-27.3,100.0,42.2,40.0,-561375.0,4839750.0,39207.868837318034,-200924.66992708493,0.011861497353327588,-0.013451135904032074,33.603707995365006,28.452348905963643
2026-04-27,SUZLON,NIFTY ENERGY,5.601929141161199,4.920751935127177,5.934389974198306,54.26,57.48,54.26,56.93,215958603,VOLATILITY_COIL|IV_SKEW_ACCUMULATION,FLOOR_BOUNCE|REGIME_SHIFT|INVENTORY_MIGRATION,LONG_GAMMA,LONG_GAMMA,Compression,Expansion,-100.0,100.0,38.9,42.9,-5785025.0,47119525.0,445296.34048985085,-1247408.1278709774,-0.00585027126962917,0.049338507802074716,38.71832358674465,33.56696449734329
2026-04-27,BLUESTARCO,NIFTY CONS DURABLES,5.383853937527494,4.146739130434773,4.347826086956519,1840.0,1920.0,1840.0,1916.3,939773,INVENTORY_MIGRATION,INVENTORY_MIGRATION,TRANSITION_REGIME,TRANSITION_REGIME,Expansion,Expansion,-5.0,5.8,39.8,40.0,-78325.0,-54600.0,2637.2498731667874,37391.88159140683,-0.04728737654224846,0.29808899230462627,15.030914220541437,9.879555131140073
2026-04-27,JSWENERGY,NIFTY ENERGY,5.2940636755665516,4.995425434583711,5.596330275229366,546.5,575.5,545.0,573.8,8635378,INVENTORY_MIGRATION,FLOOR_BOUNCE|INVENTORY_MIGRATION|IV_SKEW_ACCUMULATION,TRANSITION_REGIME,LONG_GAMMA,Expansion,Expansion,-33.7,57.5,39.7,40.0,-545000.0,925000.0,-92302.15614109163,85547.35080598504,0.035812615596958974,0.10592321857246295,18.55371900826446,13.402359918863095
2026-04-27,AMBER,NIFTY CONS DURABLES,4.617269620171527,3.9935897435897427,5.019230769230765,7800.0,8191.5,7800.0,8111.5,473818,REGIME_SHIFT,INVENTORY_MIGRATION,TRANSITION_REGIME,TRANSITION_REGIME,Flip Zone,Expansion,1.7,13.0,39.0,40.0,44900.0,95400.0,-5618.929958513376,6453.448936577568,0.0003571362518831611,0.08751383904198484,25.72070675759455,20.569347668193185
2026-04-27,LODHA,NIFTY REALTY,4.609254192934453,3.2703147017379086,5.81694266754349,851.6,885.0,836.35,879.45,3641403,REGIME_SHIFT,REGIME_SHIFT|INVENTORY_MIGRATION,TRANSITION_REGIME,TRANSITION_REGIME,Flip Zone,Expansion,-20.3,33.5,44.3,40.0,-336150.0,495900.0,-17493.788676024233,50532.687120786504,-0.015292722594466235,0.04100417557299518,21.069658590308382,15.918299500907018
2026-04-27,OFSS,NIFTY IT,4.592691920885006,3.4254143646408775,5.327413984461704,9050.0,9490.0,9010.0,9360.0,843945,REGIME_SHIFT|INVENTORY_MIGRATION|IV_SKEW_ACCUMULATION,REGIME_SHIFT|INVENTORY_MIGRATION|IV_SKEW_ACCUMULATION,TRANSITION_REGIME,TRANSITION_REGIME,Expansion,Expansion,1.9,11.7,41.7,42.8,65850.0,58650.0,7168.82075360429,-3016.0456385210346,-0.00904152335001901,0.05121809103361724,41.70009840284612,36.548739313444756
2026-04-28,ONGC,NIFTY OIL & GAS,5.386498775795756,5.2576419213973935,5.73426573426572,286.25,302.4,286.0,301.3,51575179,FLOOR_BOUNCE|DEALER_DEFENSE|REGIME_SHIFT|INVENTORY_MIGRATION,REGIME_SHIFT|INVENTORY_MIGRATION,LONG_GAMMA,LONG_GAMMA,Expansion,Expansion,100.0,100.0,36.6,63.1,16089750.0,28217250.0,2246346.5460884217,-8050677.881301097,0.20645645252101158,-0.4815690777073185,11.509992598075502,8.552656753277166
2026-04-28,OIL,NIFTY OIL & GAS,4.409911801763955,3.6265110462692762,4.745975329291241,479.8,501.0,478.3,497.2,10897762,REGIME_SHIFT,REGIME_SHIFT|INVENTORY_MIGRATION|IV_SKEW_ACCUMULATION,TRANSITION_REGIME,TRANSITION_REGIME,Flip Zone,Expansion,75.3,60.2,36.6,58.8,1442000.0,1013600.0,-102700.64961633872,-10575.894007004317,0.15660721349678963,-0.34838535155062095,5.4730589732711055,2.515723128472769
2026-04-28,CROMPTON,NIFTY CONS DURABLES,4.233029225297669,4.23705880078864,6.237816764132553,258.67,272.5,256.5,269.63,11443201,FLOOR_BOUNCE|REGIME_SHIFT|INVENTORY_MIGRATION,REGIME_SHIFT|INVENTORY_MIGRATION,LONG_GAMMA,TRANSITION_REGIME,Expansion,Expansion,38.3,8.5,40.0,58.7,617400.0,54000.0,105552.89175182537,-126862.36667572065,0.22757747860336475,-0.4539392673467619,11.16470830756544,8.207372462767104
2026-04-28,ADANIENT,NIFTY SERVICES,3.902144887587222,3.902144887587222,4.269895299237358,2321.8,2420.0,2320.9,2412.4,4375556,REGIME_SHIFT|INVENTORY_MIGRATION,REGIME_SHIFT|INVENTORY_MIGRATION,TRANSITION_REGIME,TRANSITION_REGIME,Expansion,Expansion,15.9,67.9,38.4,58.8,268212.0,1182852.0,8004.117405604571,-92495.35153334803,0.1624036449956825,-0.37592709939752944,27.870242764762022,24.912906919963685
2026-04-28,FORCEMOT,NIFTY AUTO,3.601895734597149,2.934324659231713,4.481581852855565,20175.0,20819.0,19926.0,20767.0,140968,REGIME_SHIFT|IV_SKEW_ACCUMULATION,INVENTORY_MIGRATION,TRANSITION_REGIME,TRANSITION_REGIME,Flip Zone,Expansion,-2.3,5.5,37.3,61.0,-1950.0,3075.0,-183.3249873632135,-378.1183210530717,0.1629783729378016,-0.49695313778938477,-3.296856810244475,-6.254192655042812
2026-04-28,NAM-INDIA,NIFTY FIN SERVICE,3.389916136202875,0.6194994837504186,4.724912729239383,1016.95,1065.0,1016.95,1023.25,4148259,IV_SKEW_ACCUMULATION,INVENTORY_MIGRATION,TRANSITION_REGIME,TRANSITION_REGIME,Dealer Controlled,Expansion,-5.2,2.0,37.2,60.9,-130000.0,-67500.0,9399.554841746734,-1825.0623694196402,0.2019992470608043,-0.6701870134822093,17.669043238270476,14.711707393472139
2026-04-28,GLENMARK,NIFTY PHARMA,3.380499763451028,3.247283192302741,4.301121471232761,2328.1,2427.4,2327.3,2403.7,1537658,REGIME_SHIFT|INVENTORY_MIGRATION,INVENTORY_MIGRATION,TRANSITION_REGIME,TRANSITION_REGIME,Expansion,Expansion,11.2,30.8,37.2,62.2,189000.0,480000.0,-18747.07509338945,6318.424868580107,0.03245664564573203,-0.29953076544914603,10.846207055568357,7.88887121077002
2026-04-28,COALINDIA,NIFTY ENERGY,3.204419889502752,2.3673827268741787,3.8798772468215725,456.2,473.9,456.2,467.0,26732373,REGIME_SHIFT,INVENTORY_MIGRATION|IV_SKEW_ACCUMULATION,LONG_GAMMA,LONG_GAMMA,Flip Zone,Expansion,-14.3,-23.3,36.6,58.9,-125550.0,-572400.0,-753372.2912833132,26110.97373397654,0.23574593776758623,-0.5191887768459369,5.2512959206671095,2.293960075868773
2026-04-28,INDUSTOWER,NIFTY MEDIA & COMM,2.895848869003226,0.7177615571776208,2.30712890625,411.0,419.05,409.6,413.95,9680019,VOLATILITY_COIL|FLOOR_BOUNCE|REGIME_SHIFT|INVENTORY_MIGRATION,INVENTORY_MIGRATION,LONG_GAMMA,LONG_GAMMA,Expansion,Expansion,39.7,-61.8,36.6,59.9,785400.0,-1276700.0,-175246.67652509798,39619.210752688814,0.23430712253284608,-0.45522633414704483,-3.248802150286323,-6.20613799508466
2026-04-28,WAAREEENER,NIFTY ENERGY,2.837745287794413,2.3288888888888915,3.262158956109129,3375.0,3482.0,3372.0,3453.6,1778289,INVENTORY_MIGRATION,INVENTORY_MIGRATION|IV_SKEW_ACCUMULATION,TRANSITION_REGIME,TRANSITION_REGIME,Expansion,Expansion,10.2,23.0,38.7,57.2,183925.0,358050.0,10353.429714352402,-23082.94580592401,0.1746261474196571,-0.4354493426296291,8.675540451241371,5.7182046064430345
2026-04-29,BANDHANBNK,NIFTY PVT BANK,10.999160369437444,6.607171657437783,9.908069458631253,186.01,204.44,186.01,198.3,127812255,REGIME_SHIFT|INVENTORY_MIGRATION,REGIME_SHIFT|INVENTORY_MIGRATION|IV_SKEW_ACCUMULATION,LONG_GAMMA,LONG_GAMMA,Expansion,Expansion,-100.0,100.0,61.0,56.0,-2462400.0,4212000.0,-167367.2662625651,27617.031165707973,-0.3030653811406676,0.14285281386993753,33.167685178967176,27.216441511242916
2026-04-29,GODFRYPHLP,NIFTY FMCG,7.523273947355991,6.821596244131456,8.101242002258191,2130.0,2297.8,2125.6,2275.3,3926006,VOLATILITY_COIL|REGIME_SHIFT,INVENTORY_MIGRATION,TRANSITION_REGIME,TRANSITION_REGIME,Compression,Expansion,10.5,1.7,54.9,53.2,200475.0,-185900.0,-3845.466619301764,5953.326302255992,-0.6693258087934589,0.42298415387515276,19.67704607616243,13.72580240843817
2026-04-29,RBLBANK,NIFTY PVT BANK,6.375681995323457,5.634674922600613,7.411435674331868,323.0,345.65,321.8,341.2,22686762,REGIME_SHIFT|INVENTORY_MIGRATION|IV_SKEW_ACCUMULATION,REGIME_SHIFT|INVENTORY_MIGRATION,LONG_GAMMA,LONG_GAMMA,Expansion,Expansion,43.7,100.0,60.3,59.2,781050.0,3711575.0,-111738.01065138628,3309.2942155840865,-0.3881654674068833,0.16186156256689044,15.406730931845104,9.455487264120844
2026-04-29,VEDL,NIFTY METAL,4.639523873934803,3.8389261744966374,6.52827096421742,745.0,780.0,732.2,773.6,54738724,FLOOR_BOUNCE|REGIME_SHIFT|INVENTORY_MIGRATION|IV_SKEW_ACCUMULATION,FLOOR_BOUNCE|INVENTORY_MIGRATION|IV_SKEW_ACCUMULATION,LONG_GAMMA,LONG_GAMMA,Expansion,Expansion,100.0,100.0,54.1,53.1,2075750.0,5737350.0,-472272.0553769562,729982.6876912119,-0.3477259881817937,0.10386582060859537,19.125346473668014,13.174102805943754
2026-04-29,COCHINSHIP,NIFTY INFRA,4.611936777541881,3.4889148191365127,3.850641773628949,1714.0,1780.0,1714.0,1773.8,6725966,INVENTORY_MIGRATION,INVENTORY_MIGRATION,TRANSITION_REGIME,TRANSITION_REGIME,Expansion,Expansion,-1.1,6.4,60.9,58.7,-36800.0,-12000.0,-34347.7413337917,3693.3561976717083,-0.5494691445163684,0.2593054075370907,41.13621896880968,35.184975301085416
2026-04-29,ITC,NIFTY FMCG,3.8758416817211483,3.6545394952474552,4.064241232382826,305.1,317.5,305.1,316.25,31199038,VOLATILITY_COIL|FLOOR_BOUNCE|INVENTORY_MIGRATION,INVENTORY_MIGRATION,LONG_GAMMA,LONG_GAMMA,Expansion,Expansion,81.6,-100.0,54.1,53.1,2822400.0,-8265600.0,-8854552.245666735,848441.4041263283,-0.3248258245542207,0.11594263644213085,7.312521208008138,1.3612775402838784
2026-04-29,TECHM,NIFTY IT,3.671614231943754,3.2390381895332387,4.18445772843723,1414.0,1464.0,1405.2,1459.8,3334783,REGIME_SHIFT|INVENTORY_MIGRATION,INVENTORY_MIGRATION,TRANSITION_REGIME,TRANSITION_REGIME,Expansion,Expansion,50.1,-13.7,59.7,53.1,949800.0,-380400.0,-79423.22245676392,86614.28078175706,-0.33246578812594385,0.15625912163783517,4.90083357286577,-1.0504100948584894
2026-04-29,IDEA,NIFTY MEDIA & COMM,3.41708542713568,2.3880597014925176,5.394605394605412,10.05,10.55,10.01,10.29,605375435,FLOOR_BOUNCE|REGIME_SHIFT|PINCH_ZONE,INVENTORY_MIGRATION,LONG_GAMMA,LONG_GAMMA,Expansion,Expansion,100.0,-100.0,56.9,57.2,171182625.0,-4217025.0,3147176.0566632273,1589696.3620512318,-0.07809457369358547,0.17542007568978246,15.748031496062964,9.796787828338704
2026-04-29,LODHA,NIFTY REALTY,3.375240684109193,3.1299435028248723,4.4727891156462585,885.0,921.45,882.0,912.7,4734976,VOLATILITY_COIL|INVENTORY_MIGRATION,INVENTORY_MIGRATION,TRANSITION_REGIME,TRANSITION_REGIME,Expansion,Expansion,-7.0,-5.5,56.9,53.1,-128700.0,-207450.0,-47931.30256852245,12600.426821158871,-0.41330130830982786,0.21178146487962424,30.34847186518137,24.39722819745711
2026-04-29,MAZDOCK,NIFTY INFRA,3.219915775351234,2.1275811209439555,3.6785595690513873,2712.0,2810.0,2710.3,2769.7,4924360,VOLATILITY_COIL|REGIME_SHIFT|INVENTORY_MIGRATION,INVENTORY_MIGRATION|IV_SKEW_ACCUMULATION,TRANSITION_REGIME,TRANSITION_REGIME,Expansion,Expansion,0.3,-35.5,55.0,53.2,18400.0,-789200.0,-55375.43315630838,30035.711961087178,-0.4370516848336906,0.22555862906741275,28.05492625641499,22.10368258869073
2026-04-30,BAJAJ-AUTO,NIFTY AUTO,4.7204903861266745,5.034156594850225,7.375734901122399,9515.0,10045.0,9355.0,9994.0,1209264,REGIME_SHIFT|INVENTORY_MIGRATION|IV_SKEW_ACCUMULATION,INVENTORY_MIGRATION|IV_SKEW_ACCUMULATION,TRANSITION_REGIME,TRANSITION_REGIME,Expansion,Expansion,-1.1,4.0,51.0,52.6,-31200.0,-96900.0,2522.1754860537067,8693.058087918856,0.15364338173605757,-0.005323835310499403,13.80743608722883,6.346417073642584
2026-04-30,KPITTECH,NIFTY IT,2.5673940949935803,2.8453356818643805,5.4353054353054375,738.05,767.2,727.65,759.05,2877480,REGIME_SHIFT,,TRANSITION_REGIME,TRANSITION_REGIME,Flip Zone,Expansion,-3.3,9.2,57.1,56.5,-86275.0,98600.0,4306.656999306129,478.9384608600485,0.22725437027274162,0.01361864690432485,19.582512800315087,12.121493786728841
2026-04-30,SAMMAANCAP,NIFTY FIN SERVICE,2.4948614359628696,2.9325930671222133,5.239639639639648,140.49,146.02,138.75,144.61,34222093,INVENTORY_MIGRATION|IV_SKEW_ACCUMULATION,,SHORT_GAMMA,TRANSITION_REGIME,Expansion,Expansion,-30.8,-100.0,57.1,50.9,-541800.0,-3818400.0,8756.516038549984,162727.61949938315,0.1841130329360374,0.035281575667646115,-3.283841626538253,-10.744860640124498
2026-04-30,BHEL,NIFTY INFRA,2.2960812772133687,2.325783972125439,3.759794176119735,344.4,354.9,342.04,352.41,17432476,INVENTORY_MIGRATION|IV_SKEW_ACCUMULATION,REGIME_SHIFT,LONG_GAMMA,LONG_GAMMA,Expansion,Flip Zone,-62.8,95.5,50.7,51.0,-1107750.0,1750875.0,-28233.49525497324,10657.881341920584,0.12975748110535845,0.01071915250429456,43.547861507128324,36.08684249354208
2026-04-30,POWERINDIA,NIFTY INFRA,2.022198570776945,1.74374526156178,3.8887181063633536,32975.0,33795.0,32530.0,33550.0,128619,VOLATILITY_COIL|REGIME_SHIFT|IV_SKEW_ACCUMULATION,REGIME_SHIFT,TRANSITION_REGIME,TRANSITION_REGIME,Compression,Flip Zone,0.1,4.6,48.5,54.3,-1300.0,27500.0,-12.036047158124802,-394.18018977015936,0.20726160917240308,0.004610254840366479,38.436146069733844,30.9751270561476
2026-04-30,MOTILALOFS,NIFTY FIN SERVICE,1.9491687368622168,3.921823258229984,5.83728329329265,770.05,815.0,770.05,800.25,4513372,VOLATILITY_COIL|PINCH_ZONE|IV_SKEW_ACCUMULATION,REGIME_SHIFT|PINCH_ZONE,TRANSITION_REGIME,TRANSITION_REGIME,Compression,Flip Zone,-8.1,-7.2,48.4,50.9,-164300.0,-196850.0,8872.643729032421,5340.25648157837,0.265701167771934,-0.01815024024946066,26.47175029632556,19.010731282739314
2026-04-30,SUNPHARMA,NIFTY PHARMA,1.6641367290717968,2.106154714850361,3.043033950266838,1771.0,1815.0,1761.4,1808.3,4749798,IV_SKEW_ACCUMULATION,REGIME_SHIFT|INVENTORY_MIGRATION,TRANSITION_REGIME,LONG_GAMMA,Support Weakening,Expansion,-33.7,-15.2,54.8,49.7,-687400.0,-351400.0,99476.09529518387,61691.785468013026,0.14468717049040847,-0.0029401508040795554,2.9080355110402856,-4.55298350254596
2026-04-30,SONACOMS,NIFTY AUTO,1.258962814740694,1.411155644622597,4.597799198157482,598.8,613.1,586.15,607.25,2865734,VOLATILITY_COIL|REGIME_SHIFT|PINCH_ZONE|IV_SKEW_ACCUMULATION,PINCH_ZONE,TRANSITION_REGIME,TRANSITION_REGIME,Compression,Dealer Controlled,-7.2,-9.2,48.4,48.5,-142100.0,-213150.0,7447.6001322197735,12840.703339619195,0.2442083764066177,-0.03563875363794983,26.11630321910696,18.655284205520715
2026-04-30,INFY,NIFTY IT,1.224839400428257,1.224839400428257,2.604346326319429,1167.5,1189.8,1159.6,1181.8,12205669,FLOOR_BOUNCE|INVENTORY_MIGRATION|IV_SKEW_ACCUMULATION,FLOOR_BOUNCE,LONG_GAMMA,LONG_GAMMA,Expansion,Support Building,42.5,31.3,49.1,48.5,776800.0,553600.0,41178.95737760316,50922.88948727504,0.12466719585309971,-0.007417764356692724,-5.501359347513191,-12.962378361099436
2026-04-30,ADANIPOWER,NIFTY ENERGY,1.172017511856982,2.2821576763485396,4.3222554144884295,216.9,223.5,214.24,221.85,67584204,REGIME_SHIFT,,LONG_GAMMA,LONG_GAMMA,Flip Zone,Support Weakening,-100.0,-43.8,52.8,51.1,-2328800.0,-883950.0,79265.33002415588,70761.0476207292,0.20476856787968245,-0.05696317336576029,47.47723193511932,40.016212921533075
2026-05-04,VEDL,NIFTY METAL,8.506720677591595,6.371841155234659,7.655937443171501,277.0,296.0,274.95,294.65,86297119,INVENTORY_MIGRATION,INVENTORY_MIGRATION|IV_SKEW_ACCUMULATION,TRANSITION_REGIME,LONG_GAMMA,Expansion,Expansion,-100.0,-57.7,49.1,55.6,-5222150.0,-1396100.0,-948523.9732005702,181704.73660768467,0.29551707264829896,0.0028510440975487716,-56.489958653278215,-62.83889204657784
2026-05-04,BHEL,NIFTY INFRA,6.9918560767288085,6.211267605633797,12.807463952502118,355.0,399.0,353.7,377.05,104983361,REGIME_SHIFT,REGIME_SHIFT|INVENTORY_MIGRATION,LONG_GAMMA,LONG_GAMMA,Flip Zone,Expansion,95.5,-100.0,51.0,56.4,1750875.0,-5764500.0,10657.881341920584,343400.71840792627,0.01071915250429456,-0.010246785385751522,49.71807496823379,43.36914157493417
2026-05-04,LAURUSLABS,NIFTY PHARMA,5.944865797720156,5.824714207947745,6.261343012704179,1102.2,1171.0,1102.0,1166.4,4720716,REGIME_SHIFT,IV_SKEW_ACCUMULATION,TRANSITION_REGIME,TRANSITION_REGIME,Flip Zone,Expansion,-46.6,18.4,54.0,55.6,-881450.0,165750.0,25601.910091577913,46748.59692087224,0.0049436349901444965,-0.052083963245486364,12.283403927608783,5.934470534309155
2026-05-04,ADANIGREEN,NIFTY ENERGY,5.178666014749611,4.730606945796811,6.244402833184082,1232.4,1305.0,1228.3,1290.7,6304755,,IV_SKEW_ACCUMULATION,TRANSITION_REGIME,TRANSITION_REGIME,Support Weakening,Expansion,-16.9,8.6,54.0,55.6,-281400.0,6600.0,1346.8728203345454,14879.395282363403,0.005985792133463508,-0.012702627217769713,51.49950114443336,45.150567751133735
2026-05-04,ADANIPORTS,NIFTY SERVICES,5.146925722560791,2.3854289071680412,3.6330231731168006,1702.0,1748.6,1687.3,1742.6,7171346,VOLATILITY_COIL,INVENTORY_MIGRATION,TRANSITION_REGIME,TRANSITION_REGIME,Compression,Expansion,-19.7,1.3,47.9,55.6,-388550.0,-142975.0,20278.51018030352,47855.16107614995,-0.021183040596895075,0.0026621065555776924,25.783167316298528,19.4342339229989
2026-05-04,HAL,NIFTY INFRA,5.086659905964774,4.671717171717171,6.299212598425208,4356.0,4590.0,4318.0,4559.5,2841170,VOLATILITY_COIL|IV_SKEW_ACCUMULATION,INVENTORY_MIGRATION|IV_SKEW_ACCUMULATION,TRANSITION_REGIME,TRANSITION_REGIME,Compression,Expansion,-2.2,4.7,47.8,55.6,-32550.0,-81150.0,-3490.3845697212046,14448.398559142068,0.011283356753549745,0.015211116131233049,24.2099814754277,17.86104808212807
2026-05-04,CHOLAFIN,NIFTY FIN SERVICE,4.901145306801458,4.773773006134974,5.380879345603273,1564.8,1649.0,1564.8,1639.5,5637755,,REGIME_SHIFT|INVENTORY_MIGRATION,TRANSITION_REGIME,TRANSITION_REGIME,Dealer Controlled,Expansion,2.4,32.1,50.2,52.2,18125.0,471250.0,2475.0753177941187,7086.627618204686,-0.0018562508062793803,-0.020356035052911725,19.35789167152011,13.008958278220483
2026-05-04,MOTILALOFS,NIFTY FIN SERVICE,4.542330521711957,1.8566993364582673,3.8939365844613327,821.35,840.45,808.95,836.6,2901974,REGIME_SHIFT|PINCH_ZONE,INVENTORY_MIGRATION|IV_SKEW_ACCUMULATION,TRANSITION_REGIME,TRANSITION_REGIME,Flip Zone,Expansion,-7.2,0.4,50.9,55.6,-196850.0,-122450.0,5340.25648157837,19356.897400567257,-0.01815024024946066,-0.032232928063093746,23.029411764705877,16.68047837140625
2026-05-04,ICICIPRULI,NIFTY FIN SERVICE,4.223022282767341,3.119283720034649,4.280871670702191,519.35,538.35,516.25,535.55,1731763,INVENTORY_MIGRATION|IV_SKEW_ACCUMULATION,INVENTORY_MIGRATION,TRANSITION_REGIME,TRANSITION_REGIME,Expansion,Expansion,-19.3,1.3,48.6,52.2,-308950.0,-101750.0,-7019.560740204528,28891.721564858766,0.021763280741284585,0.01678618517610847,4.324534917697465,-2.0243984756021627
2026-05-04,ADANIENSOL,NIFTY ENERGY,4.183274352765887,3.050847457627115,6.650116602723255,1357.0,1417.7,1329.3,1398.4,3745191,INVENTORY_MIGRATION,REGIME_SHIFT|INVENTORY_MIGRATION|IV_SKEW_ACCUMULATION,TRANSITION_REGIME,TRANSITION_REGIME,Expansion,Expansion,-36.2,55.1,49.8,55.6,-540675.0,927450.0,-2004.8603354120933,5188.362627042392,0.0440774418287595,-0.049699062084073375,46.18440309429228,39.835469700992654
2026-05-05,CAMS,NIFTY FIN SERVICE,9.105835670794281,8.048780487804885,8.536585365853666,738.0,801.0,738.0,797.4,15618973,INVENTORY_MIGRATION,REGIME_SHIFT|INVENTORY_MIGRATION|IV_SKEW_ACCUMULATION,TRANSITION_REGIME,TRANSITION_REGIME,Expansion,Expansion,-11.5,55.0,47.1,51.3,-192000.0,752250.0,12360.268077614899,4596.004621230146,0.020542755205937402,-0.0035597005845995344,20.6536541080345,14.843350802893406
2026-05-05,ABCAPITAL,NIFTY FIN SERVICE,4.337140378776927,3.931451612903225,4.978354978354971,347.2,363.75,346.5,360.85,15428401,VOLATILITY_COIL|INVENTORY_MIGRATION|IV_SKEW_ACCUMULATION,REGIME_SHIFT|INVENTORY_MIGRATION,TRANSITION_REGIME,LONG_GAMMA,Expansion,Expansion,-100.0,77.7,47.1,48.4,-2173100.0,1333000.0,88130.87865399213,162488.44648571027,-0.03624229399146078,-0.024306300492085042,20.989103101424988,15.178799796283892
2026-05-05,AUROPHARMA,NIFTY PHARMA,3.786337209302326,3.9449741611470968,4.681784930504751,1373.9,1431.0,1367.0,1428.1,1811658,INVENTORY_MIGRATION|IV_SKEW_ACCUMULATION,REGIME_SHIFT|PINCH_ZONE,TRANSITION_REGIME,TRANSITION_REGIME,Expansion,Expansion,-12.9,7.5,47.1,51.3,-218900.0,28050.0,5845.948094925552,21846.05702385644,0.01169839692100444,-0.014921421418684078,7.078053535277795,1.2677502301366994
2026-05-05,KFINTECH,NIFTY FIN SERVICE,3.756004398402668,3.242153757558297,5.902919410290797,868.25,908.7,858.05,896.4,2279826,INVENTORY_MIGRATION,REGIME_SHIFT|INVENTORY_MIGRATION,TRANSITION_REGIME,TRANSITION_REGIME,Expansion,Expansion,-40.5,61.9,57.8,50.5,-655925.0,1062500.0,-29787.004271139507,26724.274262602747,0.02667928226803662,-0.05366217198519946,-0.857158657302437,-6.667461962443532
2026-05-05,M&M,NIFTY AUTO,3.3574762594559937,3.108542068079645,4.944303302716446,3114.0,3222.0,3070.2,3210.8,6454419,VOLATILITY_COIL|REGIME_SHIFT,,TRANSITION_REGIME,TRANSITION_REGIME,Compression,Expansion,-23.8,-15.7,47.1,51.4,-470400.0,-448000.0,18674.445595390895,44752.90256992863,0.02383633405131247,-0.025578509106476077,6.610884218215629,0.8005809130745334
2026-05-05,DABUR,NIFTY FMCG,3.343430943565595,3.0774395702775292,3.6671526298082346,446.8,462.2,445.85,460.55,2742900,,INVENTORY_MIGRATION,TRANSITION_REGIME,TRANSITION_REGIME,Support Weakening,Expansion,-31.0,0.0,47.3,51.3,-621250.0,-110000.0,31774.14994184411,77130.52714671283,0.00012155650777029292,-0.010481627880643662,10.37747153984423,4.567168234703134
2026-05-05,NAM-INDIA,NIFTY FIN SERVICE,3.2865692141665903,3.3169774288518195,5.302427377636287,1019.0,1058.5,1005.2,1052.8,1093839,INVENTORY_MIGRATION,,TRANSITION_REGIME,TRANSITION_REGIME,Expansion,Expansion,-5.3,-5.2,55.4,53.2,-128125.0,-197500.0,5764.110788726239,17698.755221856234,0.022681102399912167,-0.035497027565793926,26.858657669598742,21.048354364457644
2026-05-05,ADANIGREEN,NIFTY ENERGY,3.153327651661897,3.129357087529061,4.267248092197473,1291.0,1339.0,1284.2,1331.4,4473238,IV_SKEW_ACCUMULATION,,TRANSITION_REGIME,TRANSITION_REGIME,Expansion,Expansion,8.6,-19.5,55.6,54.7,6600.0,-465600.0,14879.395282363403,26482.00461081903,-0.012702627217769713,-0.009063181473776716,55.537383177570106,49.72707987242901
2026-05-05,VEDL,NIFTY METAL,3.1393178347191686,2.3404613571308186,4.760273972602724,296.95,305.9,292.0,303.9,69612545,INVENTORY_MIGRATION|IV_SKEW_ACCUMULATION,FLOOR_BOUNCE|INVENTORY_MIGRATION,LONG_GAMMA,LONG_GAMMA,Expansion,Expansion,-57.7,100.0,55.6,51.3,-1396100.0,5073800.0,181704.73660768467,-61623.645803508174,0.0028510440975487716,0.0004759158392670937,-55.80600596233549,-61.61630926747659
2026-05-05,CGPOWER,NIFTY INFRA,3.0661847189330738,3.3625000000000016,4.898627376904674,800.0,833.0,794.1,826.9,6919738,REGIME_SHIFT,IV_SKEW_ACCUMULATION,TRANSITION_REGIME,TRANSITION_REGIME,Flip Zone,Expansion,-38.8,-54.3,55.2,50.1,-703800.0,-1133050.0,15770.938810101583,52030.50043340001,0.023691156689703452,-0.013508994256559714,21.594000441144033,15.783697136002937
2026-05-06,COFORGE,NIFTY IT,9.54825462012321,1.5223596574690745,3.921725880182847,1261.2,1295.8,1246.9,1280.4,26656460,INVENTORY_MIGRATION,REGIME_SHIFT|INVENTORY_MIGRATION|IV_SKEW_ACCUMULATION,TRANSITION_REGIME,TRANSITION_REGIME,Expansion,Expansion,-26.7,79.4,47.9,51.8,-558750.0,1159975.0,39402.90873269213,29107.942350845406,-0.028321435447808352,-0.07757224308376126,4.933617439763971,-0.9993552507979953
2026-05-06,YESBANK,NIFTY PVT BANK,8.056640625,5.935854475825741,6.679481018740985,20.89,22.2,20.81,22.13,388730945,FLOOR_BOUNCE|REGIME_SHIFT|PINCH_ZONE,INVENTORY_MIGRATION,LONG_GAMMA,LONG_GAMMA,Expansion,Expansion,100.0,1.4,46.4,53.3,32375100.0,-684200.0,474700.21311805677,3274734.7574394885,-0.0041500778627854285,0.03662172894373983,21.92837465564739,15.995401965085422
2026-05-06,SRF,NIFTY COMMODITIES,7.800856191533212,4.399232245681373,6.963054759507403,2605.0,2762.0,2582.2,2719.6,4206668,,REGIME_SHIFT|INVENTORY_MIGRATION|IV_SKEW_ACCUMULATION,TRANSITION_REGIME,TRANSITION_REGIME,Dealer Controlled,Expansion,-10.2,36.9,43.5,48.1,-166000.0,432200.0,2249.714447383154,-5121.5537140254855,-0.026828610098423578,-0.029264342217640682,11.742953406196065,5.809980715634099
2026-05-06,HINDPETRO,NIFTY OIL & GAS,6.766515110992244,5.3298153034300855,6.624271330153686,379.0,402.4,377.4,399.2,12641387,VOLATILITY_COIL|INVENTORY_MIGRATION|IV_SKEW_ACCUMULATION,INVENTORY_MIGRATION|IV_SKEW_ACCUMULATION,TRANSITION_REGIME,TRANSITION_REGIME,Expansion,Expansion,-16.3,-36.4,43.5,51.8,-313875.0,-911250.0,15562.092752856204,120594.29107640771,-0.007135491305553854,0.033183190424889264,21.688766956256657,15.755794265694691
2026-05-06,INDIGO,NIFTY SERVICES,6.648735371838432,4.634259259259266,5.792937250903707,4320.0,4565.6,4315.6,4520.2,2657960,INVENTORY_MIGRATION,REGIME_SHIFT|INVENTORY_MIGRATION,TRANSITION_REGIME,TRANSITION_REGIME,Expansion,Expansion,-25.6,11.9,43.9,48.1,-477150.0,5250.0,15413.739069986437,51228.28058188447,-0.010955193254861717,-0.05995597714235157,4.816231884057975,-1.1167408065039908
2026-05-06,FORCEMOT,NIFTY AUTO,6.380846912408367,3.9845360824742215,5.963016829420309,19400.0,20400.0,19252.0,20173.0,256402,,REGIME_SHIFT,TRANSITION_REGIME,TRANSITION_REGIME,Dealer Controlled,Expansion,-3.0,11.3,45.2,51.7,-2425.0,26750.0,-594.8376572615061,1207.638093058613,-0.07077094712385923,-0.002034317032721056,-4.7679743190294115,-10.700947009591378
2026-05-06,MOTHERSON,NIFTY AUTO,5.96307385229542,4.597323700845579,5.341124187309676,121.81,128.0,121.51,127.41,22449919,VOLATILITY_COIL,REGIME_SHIFT,SHORT_GAMMA,LONG_GAMMA,Compression,Expansion,47.3,100.0,43.9,51.8,910200.0,1992600.0,-69338.23827276475,276429.11346362345,0.002332952572685232,0.03130083271028633,17.688897099575087,11.75592440901312
2026-05-06,AMBER,NIFTY CONS DURABLES,5.576548025353478,4.456102267245532,7.116564417177917,8292.0,8730.0,8150.0,8661.5,613249,PINCH_ZONE,INVENTORY_MIGRATION,TRANSITION_REGIME,TRANSITION_REGIME,Dealer Controlled,Expansion,2.9,-1.3,46.4,51.7,-16800.0,-192000.0,1798.5900176103205,5935.99808549111,-0.016130007050824013,0.023212318197330828,35.23028883684623,29.29731614628426
2026-05-06,TMPV,NIFTY AUTO,5.291783036895481,3.706384826987108,4.452204277608041,345.35,358.95,343.65,358.15,11036464,,FLOOR_BOUNCE|REGIME_SHIFT,LONG_GAMMA,LONG_GAMMA,Support Weakening,Expansion,-100.0,27.5,43.9,48.1,-2134400.0,328800.0,75973.76317300205,216514.69036975468,-0.008116998424145372,-0.029045627240390393,16.50943396226414,10.576461271702174
2026-05-06,BPCL,NIFTY OIL & GAS,5.209380234505856,3.068592057761732,4.8865330462150025,304.7,316.6,301.85,314.05,16983058,REGIME_SHIFT,INVENTORY_MIGRATION,TRANSITION_REGIME,LONG_GAMMA,Flip Zone,Expansion,0.9,-18.7,43.1,50.0,47400.0,-547075.0,-11047.637744169893,254902.32535894195,-0.024333227518253786,-0.0070000357182868345,12.683889486903489,6.750916796341523
2026-05-07,PAYTM,NIFTY FIN SERVICE,7.815595173779966,4.121739130434787,6.0160310050207055,1150.0,1203.6,1135.3,1197.4,14256021,,REGIME_SHIFT|INVENTORY_MIGRATION|IV_SKEW_ACCUMULATION,TRANSITION_REGIME,TRANSITION_REGIME,Support Weakening,Expansion,-26.6,36.0,48.8,45.6,-576375.0,414700.0,47813.858510095735,97062.89029829417,-0.013289792031157044,-0.033029546964757295,16.427633817881283,11.225167944197857
2026-05-07,POLYCAB,NIFTY INFRA,6.981165706137493,5.930109424638186,7.100591715976323,8499.0,9050.0,8450.0,9003.0,1837111,INVENTORY_MIGRATION|IV_SKEW_ACCUMULATION,REGIME_SHIFT|INVENTORY_MIGRATION,TRANSITION_REGIME,TRANSITION_REGIME,Expansion,Expansion,-4.8,36.3,46.6,45.5,-133375.0,456750.0,6457.442667815225,7297.978731799007,-0.03648877037297327,-0.05108941228235586,24.57451224574512,19.372046372061693
2026-05-07,BHARATFORG,NIFTY INFRA,6.356067883445404,5.589700116562457,9.18592748235547,1887.4,2026.6,1856.1,1992.9,7055670,VOLATILITY_COIL|IV_SKEW_ACCUMULATION,INVENTORY_MIGRATION,TRANSITION_REGIME,TRANSITION_REGIME,Compression,Expansion,-18.4,-5.0,45.9,49.0,-365500.0,-313000.0,14359.299843370914,41493.69392929198,-0.008287687727650705,-0.05680973511369397,19.242505833782086,14.04003996009866
2026-05-07,BHEL,NIFTY INFRA,5.3115688560694485,5.4345006485084335,6.493675837788504,385.5,408.35,383.45,406.45,37208886,FLOOR_BOUNCE|REGIME_SHIFT,FLOOR_BOUNCE|INVENTORY_MIGRATION,LONG_GAMMA,LONG_GAMMA,Expansion,Expansion,100.0,100.0,46.5,45.6,7898625.0,8376375.0,-67492.97462276218,35371.07429135591,-0.0037558191038958855,-0.0029676540216895253,60.278402145194995,55.075936271511566
2026-05-07,BDL,NIFTY INFRA,4.666428826257585,4.405693950177936,5.281941470378304,1405.0,1475.0,1401.0,1466.9,2660844,VOLATILITY_COIL|REGIME_SHIFT|PINCH_ZONE,INVENTORY_MIGRATION|IV_SKEW_ACCUMULATION,TRANSITION_REGIME,TRANSITION_REGIME,Compression,Expansion,-14.7,19.5,43.4,49.0,-287350.0,231975.0,10855.26423913841,-2584.34664400795,-0.01110685591161864,0.026338425668081422,18.690832591633622,13.488366717950196
2026-05-07,POWERINDIA,NIFTY INFRA,4.478729778310364,3.1804733727810675,4.32835820895523,33800.0,34950.0,33500.0,34875.0,146328,,INVENTORY_MIGRATION,TRANSITION_REGIME,TRANSITION_REGIME,Expansion,Expansion,-4.8,8.1,46.8,49.0,-21650.0,23450.0,-358.55712238227716,792.3616206740194,0.01263889548276198,-0.011823551524303477,39.33280063923292,34.13033476554949
2026-05-07,NUVAMA,NIFTY FIN SERVICE,4.30814940577251,3.838028169014085,5.463623395149786,1420.0,1478.6,1402.0,1474.5,980887,REGIME_SHIFT|INVENTORY_MIGRATION,IV_SKEW_ACCUMULATION,TRANSITION_REGIME,TRANSITION_REGIME,Expansion,Expansion,9.2,6.0,50.0,49.0,42000.0,-11000.0,7442.589043582528,4557.394448371713,-0.021393225893220735,-0.0005519098311901338,25.350675847997973,20.148209974314547
2026-05-07,CGPOWER,NIFTY INFRA,3.643382796477268,2.091503267973849,5.0960785494849725,841.5,872.35,830.05,859.1,13476263,VOLATILITY_COIL|IV_SKEW_ACCUMULATION,INVENTORY_MIGRATION,TRANSITION_REGIME,TRANSITION_REGIME,Compression,Expansion,-30.4,42.3,43.5,49.0,-601800.0,690200.0,21721.854763782627,19021.617336200696,-0.016617027241248028,-0.04343253081830295,23.807465052601252,18.604999178917826
2026-05-07,EXIDEIND,NIFTY AUTO,3.625248791583746,3.536931818181821,6.9005847953216515,352.0,365.6,342.0,364.45,11093645,REGIME_SHIFT|INVENTORY_MIGRATION,FLOOR_BOUNCE|INVENTORY_MIGRATION,LONG_GAMMA,LONG_GAMMA,Expansion,Expansion,-62.1,89.6,44.1,45.6,-1110600.0,1602000.0,-25195.913188042963,40640.03930416104,0.013357225848959486,-0.01739170841786436,22.60723296888141,17.404767095197982
2026-05-07,COCHINSHIP,NIFTY INFRA,3.5137755975129803,3.1079545454545388,4.461626575028643,1760.0,1823.9,1746.0,1814.7,3414471,IV_SKEW_ACCUMULATION,INVENTORY_MIGRATION,TRANSITION_REGIME,TRANSITION_REGIME,Dealer Controlled,Expansion,1.0,15.1,49.8,49.0,-51600.0,186800.0,5580.615828615624,-2152.7244028342757,-0.0059932151952420964,-0.030152475138903068,34.62166172106824,29.419195847384817
2026-05-08,NUVAMA,NIFTY FIN SERVICE,10.647677178704651,10.647677178704651,12.692333994392403,1474.5,1647.9,1462.3,1631.5,5943190,IV_SKEW_ACCUMULATION,INVENTORY_MIGRATION,TRANSITION_REGIME,TRANSITION_REGIME,Expansion,Expansion,6.0,3.9,49.0,50.5,-11000.0,-243500.0,4557.394448371713,8408.621818818916,-0.0005519098311901338,0.058109966672808655,27.36143637782982,26.61635410832921
2026-05-08,COFORGE,NIFTY IT,6.442075779973533,6.958017355953405,7.76470588235294,1279.1,1374.0,1275.0,1368.1,9375709,VOLATILITY_COIL|IV_SKEW_ACCUMULATION,INVENTORY_MIGRATION|IV_SKEW_ACCUMULATION,TRANSITION_REGIME,TRANSITION_REGIME,Compression,Expansion,4.5,57.2,43.4,50.5,141750.0,862500.0,9930.202478070569,7641.639003650809,-0.009536564483857757,-0.009928030186227177,7.690491183879078,6.94540891437847
2026-05-08,TITAN,NIFTY FMCG,4.677887405687753,4.520166898470102,9.294156738026317,4314.0,4605.0,4213.4,4509.0,4777990,REGIME_SHIFT,REGIME_SHIFT|INVENTORY_MIGRATION|IV_SKEW_ACCUMULATION,TRANSITION_REGIME,TRANSITION_REGIME,Flip Zone,Expansion,-11.0,4.2,41.9,50.5,-178150.0,-165900.0,839.3071901901967,36425.52213889358,0.019963706739663134,-0.013132688659611536,0.36727879799665075,-0.3778034715039569
2026-05-08,NBCC,NIFTY REALTY,3.913267940113574,3.3264887063654935,5.42916235780766,97.4,101.95,96.7,100.64,45653530,REGIME_SHIFT,REGIME_SHIFT|INVENTORY_MIGRATION,LONG_GAMMA,LONG_GAMMA,Flip Zone,Expansion,29.2,-100.0,47.3,47.0,494000.0,-2613000.0,39448.82645961744,110565.17806897024,-0.035691475978203546,-0.004262786653576489,13.422743153386673,12.677660883886066
2026-05-08,DABUR,NIFTY FMCG,3.765957446808499,0.556701030927842,4.561927094436147,485.0,490.5,469.1,487.7,11860370,,FLOOR_BOUNCE|INVENTORY_MIGRATION|IV_SKEW_ACCUMULATION,LONG_GAMMA,LONG_GAMMA,Support Weakening,Expansion,-100.0,100.0,48.8,47.0,-2238750.0,5427500.0,124364.40203989006,-54710.274372401705,0.009566558206549447,-0.06855196895174298,14.1486249268578,13.403542657357193
2026-05-08,PNBHOUSING,NIFTY FIN SERVICE,3.765690376569042,3.030875271456912,4.0349378144878045,1059.1,1095.8,1053.3,1091.2,2066157,INVENTORY_MIGRATION,INVENTORY_MIGRATION,TRANSITION_REGIME,TRANSITION_REGIME,Expansion,Expansion,-0.0,13.3,41.9,45.6,39000.0,137150.0,-11592.061971346397,21904.148104315456,0.007877837705507929,0.010252882902103688,24.951334020382475,24.20625175088187
2026-05-08,GODFRYPHLP,NIFTY FMCG,3.6062211587762905,3.8903170522707864,6.717347420864983,2334.0,2484.7,2328.3,2424.8,1761466,INVENTORY_MIGRATION|IV_SKEW_ACCUMULATION,INVENTORY_MIGRATION,TRANSITION_REGIME,TRANSITION_REGIME,Expansion,Expansion,1.4,2.0,44.1,50.5,-13475.0,-67925.0,2861.845479577303,4694.72298612007,-0.009201573164600574,-0.013712201889188869,20.901475867570806,20.1563935980702
2026-05-08,APOLLOHOSP,NIFTY PHARMA,3.317596018884772,3.317596018884772,3.8720000000000088,7837.0,8115.0,7812.5,8097.0,922866,REGIME_SHIFT|PINCH_ZONE,INVENTORY_MIGRATION,TRANSITION_REGIME,TRANSITION_REGIME,Flip Zone,Expansion,3.9,9.8,41.2,42.9,45125.0,69625.0,4748.053920066246,6615.153859439364,-0.006319720573694898,0.0004778564194360957,9.39674390326286,8.651661633762252
2026-05-08,KALYANKJIL,NIFTY FMCG,3.2591511613766277,2.5730852863010467,5.317450571042626,413.9,428.8,407.15,424.55,20957288,INVENTORY_MIGRATION,INVENTORY_MIGRATION,TRANSITION_REGIME,LONG_GAMMA,Expansion,Expansion,-71.2,-100.0,40.8,43.6,-1332450.0,-4502600.0,45712.55883480818,164412.1198507707,0.024283179750503425,0.052337503515537454,-4.713275726630006,-5.458357996130614
2026-05-08,KAYNES,NIFTY INFRA,2.9180080827454047,3.3830275229357776,4.53268229766457,4360.0,4538.6,4341.8,4507.5,1481029,INVENTORY_MIGRATION,INVENTORY_MIGRATION,TRANSITION_REGIME,TRANSITION_REGIME,Expansion,Expansion,-6.0,4.6,45.6,48.9,-166700.0,-3300.0,9952.870296567105,2677.9139431032454,-0.003230625796128983,-0.01015778524248856,15.240067495014564,14.494985225513958
2026-05-11,IDEA,NIFTY MEDIA & COMM,8.362989323843406,8.362989323843406,10.98214285714285,11.24,12.43,11.2,12.18,1860835451,VOLATILITY_COIL,FLOOR_BOUNCE|INVENTORY_MIGRATION|IV_SKEW_ACCUMULATION,LONG_GAMMA,LONG_GAMMA,Compression,Expansion,-100.0,100.0,39.1,58.2,-12365175.0,72261225.0,644141.2787607759,4018950.551280223,0.008163842372940155,0.0400775894831063,33.55263157894737,33.38123377199809
2026-05-11,TATACONSUM,NIFTY FMCG,8.059853766366265,5.7228414573282205,6.616666666666671,1202.2,1279.4,1200.0,1271.0,19203071,INVENTORY_MIGRATION|IV_SKEW_ACCUMULATION,INVENTORY_MIGRATION|IV_SKEW_ACCUMULATION,TRANSITION_REGIME,TRANSITION_REGIME,Expansion,Expansion,-17.6,87.2,42.1,62.8,-414150.0,1363450.0,32262.657063555132,44158.99787300083,0.006600977927057439,-0.02840879101649607,17.903525046382196,17.732127239432916
2026-05-11,UPL,NIFTY COMMODITIES,3.5603715170278605,3.881987577639756,7.657124832426465,644.0,682.6,634.05,669.0,7880947,REGIME_SHIFT|INVENTORY_MIGRATION,INVENTORY_MIGRATION,TRANSITION_REGIME,TRANSITION_REGIME,Expansion,Expansion,5.4,-91.2,39.2,58.3,123305.0,-1882095.0,-9857.046474103088,107520.0558251306,0.012334077572000224,-0.0024066312534939405,4.20560747663552,4.0342096696862395
2026-05-11,LAURUSLABS,NIFTY PHARMA,3.134413416917692,2.782961460446254,4.576715244801033,1232.5,1277.3,1221.4,1266.8,3026020,INVENTORY_MIGRATION,IV_SKEW_ACCUMULATION,TRANSITION_REGIME,TRANSITION_REGIME,Expansion,Expansion,-4.3,74.4,39.4,62.8,-136850.0,1328550.0,33681.455653791956,-45049.57485179047,-0.009025484409730722,-0.0032914923010153307,16.895819876349538,16.72442206940026
2026-05-11,TORNTPHARM,NIFTY PHARMA,3.1113038714390084,2.5145813948210582,5.007031051891486,4406.3,4555.1,4337.9,4517.1,567958,IV_SKEW_ACCUMULATION,,TRANSITION_REGIME,TRANSITION_REGIME,Support Building,Expansion,1.8,-2.0,39.2,61.8,22125.0,-141875.0,-898.9340766038167,11230.542303083983,0.002822766068554805,0.03136123797508816,10.321162535108087,10.149764728158807
2026-05-11,BANKINDIA,NIFTY PSU BANK,2.926235959075618,0.6013986013986061,3.3898305084745894,143.0,146.4,141.6,143.86,31970908,REGIME_SHIFT,REGIME_SHIFT|INVENTORY_MIGRATION,LONG_GAMMA,LONG_GAMMA,Flip Zone,Expansion,-84.8,-100.0,39.1,57.0,-1612000.0,-2563600.0,41501.72338144324,185359.12693821793,0.001889029655327945,-0.03761636544132285,-0.2980109501697803,-0.4694087571190608
2026-05-11,HYUNDAI,NIFTY AUTO,2.9199050086355927,2.903243214073714,5.052688462577692,1853.1,1944.0,1850.5,1906.9,4007728,,INVENTORY_MIGRATION,TRANSITION_REGIME,TRANSITION_REGIME,Support Weakening,Expansion,-16.1,14.7,42.0,61.6,-342650.0,188375.0,39981.92190139901,-23594.26564418894,0.04459218779083429,-0.02271103285210957,7.838036532262627,7.666638725313346
2026-05-11,MCX,NIFTY FIN SERVICE,2.9085157208341483,2.1762820512820635,5.820870994248151,3120.0,3219.6,3042.5,3187.9,6246307,INVENTORY_MIGRATION|IV_SKEW_ACCUMULATION,INVENTORY_MIGRATION,TRANSITION_REGIME,TRANSITION_REGIME,Expansion,Expansion,25.4,28.7,45.6,61.6,425000.0,446025.0,2265.575265901585,12371.598327167434,0.010267110963218473,-0.015784354761345043,19.958607714016942,19.787209907067663
2026-05-11,BIOCON,NIFTY PHARMA,2.64195583596214,2.6284662899198397,6.59045057162071,380.45,396.25,371.75,390.45,12928412,REGIME_SHIFT,FLOOR_BOUNCE|REGIME_SHIFT|INVENTORY_MIGRATION|IV_SKEW_ACCUMULATION,LONG_GAMMA,LONG_GAMMA,Flip Zone,Expansion,-70.6,82.5,40.2,57.2,-1355000.0,1495000.0,110012.34746587242,-4413.093683609681,-0.04500843201739968,0.03825930016579049,12.944749783048891,12.773351976099612
2026-05-11,MAXHEALTH,NIFTY PHARMA,2.5135802469135937,2.5135802469135937,3.780445285650247,1012.5,1041.8,1003.85,1037.95,3043486,VOLATILITY_COIL,,TRANSITION_REGIME,TRANSITION_REGIME,Compression,Expansion,-6.9,-2.0,39.1,60.3,-125475.0,-121800.0,2646.4822273410173,29228.96590709479,-0.0017675970611180092,0.01929434171136024,8.691554531650869,8.52015672470159
2026-05-12,OIL,NIFTY OIL & GAS,7.6644736842105265,4.014830508474576,5.8836001272129845,472.0,499.4,471.65,490.95,31731906,,INVENTORY_MIGRATION,TRANSITION_REGIME,TRANSITION_REGIME,Support Weakening,Expansion,-16.9,100.0,59.8,58.3,-337400.0,2826600.0,23473.625969731802,19073.429733133584,-0.006265374904814491,-0.00949650212289771,4.16931890515595,6.959477986426266
2026-05-12,ONGC,NIFTY OIL & GAS,4.804270462633453,2.64900662251657,4.549416071117296,286.9,299.9,286.85,294.5,52080828,REGIME_SHIFT,IV_SKEW_ACCUMULATION,LONG_GAMMA,LONG_GAMMA,Flip Zone,Expansion,-100.0,-100.0,59.3,62.7,-2166750.0,-6988500.0,337637.5828594528,1508563.046530718,0.007380170772445183,-0.007596835132645474,2.7923211169284423,5.582480198198758
2026-05-12,BIOCON,NIFTY PHARMA,3.07337687283904,2.430643929753118,3.6583811344805595,392.9,406.6,392.25,402.45,11231905,FLOOR_BOUNCE|REGIME_SHIFT|INVENTORY_MIGRATION|IV_SKEW_ACCUMULATION,FLOOR_BOUNCE|REGIME_SHIFT|INVENTORY_MIGRATION,LONG_GAMMA,LONG_GAMMA,Expansion,Expansion,82.5,78.5,57.2,57.3,1495000.0,1412500.0,-4413.093683609681,-35681.12940951,0.03825930016579049,-0.01527093621286002,15.447504302925985,18.237663384196303
2026-05-12,VEDL,NIFTY METAL,2.228552278820395,2.331432405233147,3.958403220395823,298.1,309.9,298.1,305.05,47596105,FLOOR_BOUNCE|REGIME_SHIFT,FLOOR_BOUNCE|REGIME_SHIFT,LONG_GAMMA,LONG_GAMMA,Flip Zone,Flip Zone,19.3,100.0,59.8,58.9,342700.0,1988350.0,77708.74122383859,183725.42042058334,0.0050360170493310985,-0.013106022430837083,-59.06193383882439,-56.27177475755407
2026-05-12,HINDZINC,NIFTY METAL,2.034652678429505,-0.7882534775888739,2.198060075093866,647.0,653.25,639.2,641.9,12959003,,FLOOR_BOUNCE|INVENTORY_MIGRATION|IV_SKEW_ACCUMULATION,LONG_GAMMA,LONG_GAMMA,Support Weakening,Expansion,-40.4,22.5,57.4,56.8,-743575.0,349125.0,-8050.961255848932,29508.897917479393,0.03075113229180254,-0.013094707518493953,13.691108749557191,16.481267830827505
2026-05-12,GODREJCP,NIFTY FMCG,1.909189830843805,1.8890317476016216,4.0385954441460425,1011.1,1045.9,1005.3,1030.2,2855474,,,TRANSITION_REGIME,TRANSITION_REGIME,Expansion,Support Building,-41.3,33.2,60.7,59.5,-699000.0,575500.0,-24272.392564363538,4157.553910725153,0.038206108614664114,-0.03049709851670146,-4.443001576848149,-1.6528424955778327
2026-05-12,HINDALCO,NIFTY METAL,1.7489008304836462,1.3823987538940763,2.887804878048761,1027.2,1054.6,1025.0,1041.4,4323348,INVENTORY_MIGRATION,INVENTORY_MIGRATION|IV_SKEW_ACCUMULATION,TRANSITION_REGIME,TRANSITION_REGIME,Expansion,Expansion,-12.1,-8.5,60.2,56.2,-166600.0,-226100.0,-45381.882469323966,54806.12521396198,0.06510861149479191,-0.02728118177277422,4.969257131337579,7.759416212607895
2026-05-12,PIDILITIND,NIFTY COMMODITIES,1.0993598664069015,1.3885981438839012,3.670495937237317,1433.1,1480.0,1427.6,1453.0,1764144,,PINCH_ZONE,TRANSITION_REGIME,TRANSITION_REGIME,Expansion,Support Building,-20.6,28.9,55.6,54.7,-288000.0,517500.0,-38929.48398020762,15291.885455932003,0.015604874276064717,-0.01739406289353329,7.066538943335066,9.856698024605382
2026-05-12,DALBHARAT,NIFTY COMMODITIES,0.5078433585374187,0.5078433585374187,2.4309894354197503,1772.2,1803.4,1760.6,1781.2,485324,INVENTORY_MIGRATION,INVENTORY_MIGRATION,TRANSITION_REGIME,TRANSITION_REGIME,Expansion,Expansion,-19.0,2.9,60.7,59.1,-275275.0,42250.0,1365.2809522358584,568.4221723681362,0.011307694681626401,-0.012798874686075878,-9.524051404480115,-6.733892323209799
2026-05-12,CANBK,NIFTY PSU BANK,0.44811867418681484,1.8408271972426782,3.8609432629678864,127.66,132.35,127.43,130.01,29525188,REGIME_SHIFT|INVENTORY_MIGRATION,FLOOR_BOUNCE|REGIME_SHIFT|IV_SKEW_ACCUMULATION,LONG_GAMMA,LONG_GAMMA,Expansion,Flip Zone,-100.0,100.0,60.1,59.1,-26352000.0,5595750.0,396139.37184438243,-256087.69163351017,-0.024362156800221246,-0.0069980799716622966,-7.235105244381035,-4.444946163110719
2026-05-13,SAIL,NIFTY METAL,14.322221591231754,14.179570075435311,14.769440190573423,176.31,202.35,176.31,201.31,173466903,GAMMA_SQUEEZE|INVENTORY_MIGRATION|IV_SKEW_ACCUMULATION,REGIME_SHIFT|INVENTORY_MIGRATION,SHORT_GAMMA,TRANSITION_REGIME,Expansion,Expansion,6.0,65.0,54.8,52.2,216200.0,784900.0,-191213.67245300187,302607.58172420046,0.04271383633143494,-0.08075245039991286,19.913033118894454,21.716733630372843
2026-05-13,DIXON,NIFTY CONS DURABLES,9.725784178338914,8.473915163334954,10.57294743059658,10255.0,11232.0,10158.0,11124.0,2690187,INVENTORY_MIGRATION,REGIME_SHIFT|INVENTORY_MIGRATION|IV_SKEW_ACCUMULATION,TRANSITION_REGIME,TRANSITION_REGIME,Expansion,Expansion,-22.5,39.4,59.6,52.1,-274050.0,372850.0,-5063.44700990519,17959.828038255204,0.05065856013809944,-0.08419757379287574,5.907554624648936,7.711255136127326
2026-05-13,IDEA,NIFTY MEDIA & COMM,7.90580319596299,5.336617405582933,7.641196013289053,12.18,12.96,12.04,12.83,1473925447,PINCH_ZONE,REGIME_SHIFT|INVENTORY_MIGRATION|IV_SKEW_ACCUMULATION,LONG_GAMMA,LONG_GAMMA,Support Weakening,Expansion,-100.0,100.0,54.8,52.7,-72618600.0,213424350.0,-2322289.2951987274,-656764.7919039577,-0.004346469584183998,0.08462004062480882,38.70270270270271,40.5064032141811
2026-05-13,VEDL,NIFTY METAL,5.999016554663172,3.654431799967961,5.408031088082899,311.95,325.5,308.8,323.35,72680545,FLOOR_BOUNCE|REGIME_SHIFT,FLOOR_BOUNCE|INVENTORY_MIGRATION,LONG_GAMMA,LONG_GAMMA,Flip Zone,Expansion,100.0,100.0,58.9,48.3,1988350.0,12022100.0,183725.42042058334,-141451.16010297835,-0.013106022430837083,0.008833078621288404,-57.03275529865124,-55.22905478717285
2026-05-13,MANAPPURAM,NIFTY FIN SERVICE,5.559345156889495,2.6363787099983327,4.882154882154888,301.55,311.5,297.0,309.5,6874595,GAMMA_SQUEEZE|INVENTORY_MIGRATION|IV_SKEW_ACCUMULATION,REGIME_SHIFT|INVENTORY_MIGRATION|IV_SKEW_ACCUMULATION,SHORT_GAMMA,TRANSITION_REGIME,Expansion,Expansion,100.0,-4.4,55.0,48.3,3531000.0,-273000.0,-336180.9230571154,179878.03983397526,0.06283608139888991,-0.04123524144232121,16.091522880720177,17.895223392198567
2026-05-13,HINDPETRO,NIFTY OIL & GAS,5.4609353879427,4.75295381310421,5.788692484145197,372.4,392.0,370.55,390.1,16477697,,,SHORT_GAMMA,LONG_GAMMA,Support Building,Expansion,22.0,-79.8,59.4,48.4,490050.0,-1721250.0,-97561.52541080603,253737.66506189667,0.020937008831385606,-0.02132560793595406,11.64854035489411,13.452240866372499
2026-05-13,NMDC,NIFTY METAL,5.1835603786654305,5.329479768786127,6.225410784540619,86.5,91.8,86.42,91.11,42008503,VOLATILITY_COIL,FLOOR_BOUNCE|REGIME_SHIFT|INVENTORY_MIGRATION,LONG_GAMMA,LONG_GAMMA,Compression,Expansion,-100.0,100.0,54.8,48.7,-5562000.0,3813750.0,223963.62365815754,782565.9047117459,0.01247916415286765,-0.0052340920231029875,6.176436312784062,7.980136824262452
2026-05-13,MUTHOOTFIN,NIFTY FIN SERVICE,4.5625335480407925,2.472382956338759,4.415285043000261,3421.8,3533.1,3383.7,3506.4,1385569,INVENTORY_MIGRATION,INVENTORY_MIGRATION,TRANSITION_REGIME,TRANSITION_REGIME,Expansion,Expansion,-15.4,9.5,54.8,48.4,-223575.0,46200.0,1313.0313864637264,9173.112800221308,0.07138465247141734,-0.020839461384407287,-1.569210903068241,0.23448960841014888
2026-05-13,ADANIGREEN,NIFTY ENERGY,4.487767584097857,4.961216496428866,7.534458726962989,1302.1,1388.7,1291.4,1366.7,5391989,REGIME_SHIFT|INVENTORY_MIGRATION,INVENTORY_MIGRATION,TRANSITION_REGIME,TRANSITION_REGIME,Expansion,Expansion,-35.3,26.9,57.6,51.7,-505200.0,381600.0,-23282.69458136882,11603.42097107519,0.08096900376117755,-0.03206545878298084,25.910912524759322,27.71461303623771
2026-05-13,ASIANPAINT,NIFTY FMCG,4.474156854919165,2.4902114330461966,3.4612372748629605,2554.0,2642.4,2554.0,2617.6,3515018,REGIME_SHIFT,FLOOR_BOUNCE|REGIME_SHIFT|INVENTORY_MIGRATION,TRANSITION_REGIME,LONG_GAMMA,Flip Zone,Expansion,-16.6,18.7,55.2,48.3,-233750.0,177000.0,-48140.78430589524,91192.65566112555,0.029896218415428888,-0.023354546553662814,11.273592926373066,13.077293437851456
2026-05-14,ADANIENT,NIFTY SERVICES,8.602882305844673,7.225010869135606,7.509881422924902,2530.1,2720.0,2530.0,2712.9,9539233,REGIME_SHIFT|PINCH_ZONE|IV_SKEW_ACCUMULATION,INVENTORY_MIGRATION,TRANSITION_REGIME,TRANSITION_REGIME,Expansion,Expansion,23.1,-33.4,48.3,51.0,321051.0,-945849.0,19110.451807862963,54876.199222582276,-0.011557268230221185,0.036974840593005154,26.51091214325685,28.74645047590925
2026-05-14,CIPLA,NIFTY PHARMA,8.217836697800562,5.469094112465123,5.858170606372037,1362.2,1442.0,1362.2,1436.7,9166941,REGIME_SHIFT,INVENTORY_MIGRATION,TRANSITION_REGIME,LONG_GAMMA,Expansion,Expansion,59.7,100.0,50.9,48.2,964500.0,3287200.0,29357.191794892453,189693.88402400794,-0.0043048499879170254,-0.05325921224200503,17.090464547677264,19.32600288032966
2026-05-14,ZYDUSLIFE,NIFTY PHARMA,5.584242746872503,2.4483471074380203,3.735303298304027,968.0,997.0,961.1,991.7,4595018,INVENTORY_MIGRATION,INVENTORY_MIGRATION|IV_SKEW_ACCUMULATION,TRANSITION_REGIME,TRANSITION_REGIME,Expansion,Expansion,20.4,48.9,50.8,48.1,363600.0,759600.0,5301.485996957825,-647.4396420903649,0.0011102892397996111,-0.006801610994035645,5.945195235297263,8.18073356794966
2026-05-14,SOLARINDS,NIFTY INFRA,5.5615379742826265,4.850887127217818,5.362776025236604,15894.0,16700.0,15850.0,16665.0,303796,IV_SKEW_ACCUMULATION,INVENTORY_MIGRATION,TRANSITION_REGIME,TRANSITION_REGIME,Dealer Controlled,Expansion,2.2,7.3,46.5,51.0,4150.0,-30200.0,476.09477723624354,2517.727936321973,0.011723019976946747,0.013714909052105928,11.950826279725923,14.186364612378322
2026-05-14,BHARTIARTL,NIFTY MEDIA & COMM,5.270511960652802,3.489010989010999,5.113225393646026,1820.0,1889.2,1797.3,1883.5,21279151,FLOOR_BOUNCE|REGIME_SHIFT|PINCH_ZONE,REGIME_SHIFT|INVENTORY_MIGRATION,LONG_GAMMA,LONG_GAMMA,Flip Zone,Expansion,50.5,100.0,46.3,51.5,882550.0,4720550.0,80114.47331929172,142357.4404868271,-0.01158265525529567,-0.02323317006611808,1.4980869752653891,3.7336253079177872
2026-05-14,ADANIPOWER,NIFTY ENERGY,4.965633328657604,3.738447319778193,4.553666558576919,216.4,225.7,215.87,224.49,41896940,,INVENTORY_MIGRATION,LONG_GAMMA,LONG_GAMMA,Support Weakening,Expansion,-46.7,2.0,49.7,51.5,-979800.0,-159750.0,226604.1208027549,372697.8863976865,-0.02050036146923062,-0.012818732841771707,22.38456086790601,24.620099200558407
2026-05-14,VEDL,NIFTY METAL,4.809030462347286,3.0091185410334287,4.783143648108257,329.0,340.65,325.1,338.9,77635934,FLOOR_BOUNCE|INVENTORY_MIGRATION,INVENTORY_MIGRATION,LONG_GAMMA,LONG_GAMMA,Expansion,Expansion,100.0,100.0,48.3,51.5,12022100.0,10157950.0,-141451.16010297835,-158545.56089633913,0.008833078621288404,-0.029642082494060196,-55.760067880686634,-53.52452954803424
2026-05-14,KEI,NIFTY INFRA,4.577700985872535,4.08472930322894,6.343666598234443,4942.8,5180.0,4871.0,5144.7,387925,INVENTORY_MIGRATION,REGIME_SHIFT|INVENTORY_MIGRATION,TRANSITION_REGIME,TRANSITION_REGIME,Expansion,Expansion,-3.7,9.1,52.0,52.2,-26600.0,43400.0,-6917.387840569634,14713.315846151878,-0.0014669240589459398,-0.02915668778901781,11.877786234641729,14.113324567294127
2026-05-14,SIEMENS,NIFTY INFRA,4.5750523752901895,3.3519865696698403,7.0049005477082815,3574.0,3712.0,3469.0,3693.8,788580,INVENTORY_MIGRATION,INVENTORY_MIGRATION,TRANSITION_REGIME,TRANSITION_REGIME,Expansion,Expansion,3.9,11.4,50.6,54.2,106400.0,76650.0,-7689.445005206392,11072.259507076848,-0.01068059387657494,-0.07534058531336846,3.291294986158122,5.52683331881052
2026-05-14,MCX,NIFTY FIN SERVICE,4.210099244741272,3.7213058739477445,4.797507788161992,3219.3,3364.0,3210.0,3339.1,3838705,,INVENTORY_MIGRATION,TRANSITION_REGIME,TRANSITION_REGIME,Dealer Controlled,Expansion,4.5,94.9,47.7,48.1,36875.0,1686750.0,26202.915769693296,-33903.63725808014,-0.01935905243026692,0.0020076738291496254,17.116200764617172,19.351739097269572
2026-05-15,TMPV,NIFTY AUTO,5.25461254612547,1.2926136363636376,4.247159090909092,352.0,366.95,352.0,356.55,51689818,REGIME_SHIFT,INVENTORY_MIGRATION,LONG_GAMMA,LONG_GAMMA,Flip Zone,Expansion,-9.3,-100.0,43.1,45.6,-215200.0,-5068800.0,87807.67005145951,911679.8223931747,0.011540541251530367,-0.10360621281917481,0.07016559079426887,2.3566296820461963
2026-05-15,CROMPTON,NIFTY CONS DURABLES,4.4990482782488295,4.480968858131473,9.33098591549295,289.0,310.5,284.0,301.95,18051421,REGIME_SHIFT|INVENTORY_MIGRATION,FLOOR_BOUNCE|REGIME_SHIFT|INVENTORY_MIGRATION|IV_SKEW_ACCUMULATION,LONG_GAMMA,LONG_GAMMA,Expansion,Expansion,-35.8,100.0,44.9,45.6,-750600.0,2035800.0,160866.52840622855,-39695.94313482585,-0.08505619175365497,0.02429984564949128,15.702954362570388,17.989418453822317
2026-05-15,SOLARINDS,NIFTY INFRA,3.8943894389438904,3.428912783751503,7.020768241132136,16740.0,17469.0,16323.0,17314.0,562697,INVENTORY_MIGRATION,INVENTORY_MIGRATION,TRANSITION_REGIME,TRANSITION_REGIME,Expansion,Expansion,7.3,7.0,51.0,49.0,-30200.0,6250.0,2517.727936321973,1009.51717545063,0.013714909052105928,-0.03048120147903588,15.503669112741836,17.79013320399376
2026-05-15,UNITDSPR,NIFTY FMCG,3.7878192534381183,2.4592707525213475,4.354249280771327,1289.0,1342.1,1286.1,1320.7,3849617,REGIME_SHIFT|INVENTORY_MIGRATION,INVENTORY_MIGRATION,TRANSITION_REGIME,TRANSITION_REGIME,Expansion,Expansion,1.7,-5.1,43.7,45.6,-7600.0,-245600.0,15708.977697658487,77270.00603709424,0.007341448028372388,-0.032674600064794945,5.277002789956153,7.563466881208081
2026-05-15,MOTHERSON,NIFTY AUTO,3.021171992704774,2.7035573122529577,4.801720019111344,126.5,131.61,125.58,129.92,21324325,VOLATILITY_COIL,FLOOR_BOUNCE|REGIME_SHIFT|INVENTORY_MIGRATION,TRANSITION_REGIME,LONG_GAMMA,Compression,Expansion,-43.1,34.8,45.7,44.6,-811800.0,535050.0,-27959.285725745547,262309.58377805783,-0.024760270360860204,0.00038914249360283426,5.780817456440324,8.06728154769225
2026-05-15,BIOCON,NIFTY PHARMA,2.6491646778042943,2.894736842105261,4.145698538221909,418.0,434.6,417.3,430.1,8177038,VOLATILITY_COIL,FLOOR_BOUNCE|REGIME_SHIFT|INVENTORY_MIGRATION,LONG_GAMMA,LONG_GAMMA,Compression,Expansion,36.1,8.0,45.7,43.9,692500.0,60000.0,-32723.505862326507,69788.16535016612,0.004145076378893775,-0.004303110473029614,22.622950819672138,24.909414910924063
2026-05-15,DRREDDY,NIFTY PHARMA,2.539122430193319,2.539122430193319,3.168149739183823,1303.6,1344.9,1303.6,1336.7,3982549,REGIME_SHIFT|INVENTORY_MIGRATION,INVENTORY_MIGRATION,LONG_GAMMA,LONG_GAMMA,Expansion,Expansion,-9.3,49.1,47.0,43.9,-263125.0,845625.0,272682.67108033213,122046.55097116524,-0.020274400394753644,0.016519354339642245,9.439986900278363,11.72645099153029
2026-05-15,TATAELXSI,NIFTY IT,2.4841017488076433,2.3722084367245655,3.2003190349193744,4030.0,4140.5,4012.1,4125.6,279144,VOLATILITY_COIL|REGIME_SHIFT|IV_SKEW_ACCUMULATION,,TRANSITION_REGIME,TRANSITION_REGIME,Compression,Dealer Controlled,-5.4,8.6,50.6,47.7,-97900.0,88125.0,3057.492305448177,8842.383049925247,-0.0321305835695907,0.00413241895541594,-10.188087774294674,-7.901623683042747
2026-05-15,AMBER,NIFTY CONS DURABLES,2.2682029317729446,2.2620340209916767,4.637059724349157,8289.0,8541.0,8162.5,8476.5,378980,VOLATILITY_COIL,REGIME_SHIFT,TRANSITION_REGIME,TRANSITION_REGIME,Compression,Flip Zone,6.5,-2.4,50.7,49.8,125200.0,-116400.0,-4234.778604355097,8498.240940562764,-0.015556282038811098,0.0068808161120192946,9.877503402683253,12.16396749393518
2026-05-15,PATANJALI,NIFTY FMCG,2.2002444716079594,1.5121412803531964,4.70666964086548,453.0,469.4,448.3,459.85,7192210,,INVENTORY_MIGRATION,TRANSITION_REGIME,TRANSITION_REGIME,Support Weakening,Expansion,-19.2,33.2,43.1,47.6,-391500.0,565200.0,38886.27607305267,-17542.687271300718,-0.013922757145773068,-0.013682935929677731,-1.0968921389396646,1.1895719523122628
2026-05-18,COFORGE,NIFTY IT,5.14780438343343,5.14780438343343,6.056802134002837,1282.1,1351.8,1274.6,1348.1,4392898,INVENTORY_MIGRATION,INVENTORY_MIGRATION,TRANSITION_REGIME,LONG_GAMMA,Expansion,Expansion,-18.9,-6.4,40.8,44.7,-376500.0,-301500.0,3341.1401860639016,106535.87886504787,0.0066631357987532724,0.03126391659928185,2.3769744835965945,5.266080999895029
2026-05-18,PERSISTENT,NIFTY IT,5.146636609174626,5.674774505193869,6.707395498392277,4678.6,4977.9,4665.0,4944.1,572955,INVENTORY_MIGRATION|IV_SKEW_ACCUMULATION,INVENTORY_MIGRATION,TRANSITION_REGIME,TRANSITION_REGIME,Expansion,Expansion,5.8,18.1,42.7,44.6,66600.0,196200.0,8611.359117975444,6413.4689965881535,-0.00012546490638709606,-0.010754335496944045,-9.224272468557782,-6.335165952259348
2026-05-18,OFSS,NIFTY IT,4.364947310038825,4.364947310038825,5.7545114252192775,9015.0,9464.5,8949.5,9408.5,332444,INVENTORY_MIGRATION,INVENTORY_MIGRATION|IV_SKEW_ACCUMULATION,TRANSITION_REGIME,TRANSITION_REGIME,Expansion,Expansion,-5.5,14.6,41.7,48.8,-148950.0,148125.0,12168.930798829373,-3392.718995795265,0.0007923031103959643,0.026541309226593868,17.716609321238664,20.605715837537097
2026-05-18,TECHM,NIFTY IT,4.341481211236764,4.861773117254531,5.426413434039734,1363.7,1437.7,1363.7,1430.0,6204623,,REGIME_SHIFT|INVENTORY_MIGRATION|IV_SKEW_ACCUMULATION,TRANSITION_REGIME,TRANSITION_REGIME,Support Weakening,Expansion,-15.6,86.4,43.9,44.6,-367800.0,1500600.0,84733.01657225666,78534.74161600879,-0.001347937996353188,0.03351776700360071,-5.385735080058229,-2.4966285637597947
2026-05-18,SOLARINDS,NIFTY INFRA,4.071849370451663,2.912787709178133,5.003773146804424,17509.0,18089.0,17227.0,18019.0,688909,INVENTORY_MIGRATION,REGIME_SHIFT|INVENTORY_MIGRATION,TRANSITION_REGIME,TRANSITION_REGIME,Expansion,Expansion,7.0,11.5,49.0,48.8,6250.0,89800.0,1009.51717545063,-308.72880455016275,-0.03048120147903588,0.0017530400487666409,19.418119159652726,22.30722567595116
2026-05-18,POLICYBZR,NIFTY FIN SERVICE,3.5538707575667905,3.1688894134308976,4.701314217443242,1694.6,1752.7,1674.0,1748.3,2212164,,INVENTORY_MIGRATION|IV_SKEW_ACCUMULATION,TRANSITION_REGIME,TRANSITION_REGIME,Support Building,Expansion,3.9,-10.3,40.8,44.7,62300.0,-307650.0,1610.5363575051597,26700.475660730706,-0.016502627580919693,0.03316821414299398,9.227789578907908,12.116896095206343
2026-05-18,MPHASIS,NIFTY IT,3.1346006144393312,3.5172247651168442,4.579375848032563,2075.5,2158.1,2063.6,2148.5,572487,INVENTORY_MIGRATION,REGIME_SHIFT|INVENTORY_MIGRATION|IV_SKEW_ACCUMULATION,TRANSITION_REGIME,TRANSITION_REGIME,Expansion,Expansion,-8.3,13.7,47.2,47.7,-114950.0,171600.0,-1627.96253391567,-856.1370240086435,0.009596004463203689,0.03399688428424069,-12.740638453415642,-9.851531937117208
2026-05-18,BSE,NIFTY FIN SERVICE,3.002049692546116,4.5862944162436525,4.923857868020298,3940.0,4134.0,3940.0,4120.7,5053942,REGIME_SHIFT|PINCH_ZONE,PINCH_ZONE,TRANSITION_REGIME,TRANSITION_REGIME,Flip Zone,Expansion,-37.2,89.9,40.8,43.4,-672000.0,1616250.0,38469.313210304856,-8240.049563808221,0.01202995071815166,-0.017077910386053052,16.684128557270284,19.573235073568718
2026-05-18,JSWENERGY,NIFTY ENERGY,2.718182700708671,1.5451055662188073,4.5069868136193625,521.0,531.0,508.1,529.05,5849655,,FLOOR_BOUNCE|REGIME_SHIFT|INVENTORY_MIGRATION,TRANSITION_REGIME,LONG_GAMMA,Support Weakening,Expansion,-36.5,23.8,42.4,42.9,-719000.0,355050.0,52948.97344694494,94053.06914773831,0.00137238773801035,0.018136459293172258,-1.6727069974909359,1.2163995188074983
2026-05-18,LTM,NIFTY IT,2.6761415179921366,2.6761415179921366,3.726503521305169,3968.4,4094.5,3947.4,4074.6,446765,,REGIME_SHIFT,TRANSITION_REGIME,TRANSITION_REGIME,Dealer Controlled,Expansion,-8.2,9.0,41.6,42.9,-194700.0,95850.0,17438.98178858067,3924.259913082933,-0.012313404035822206,-0.0013262816663421884,-14.28391114102997,-11.394804624731535
2026-05-19,ANGELONE,NIFTY FIN SERVICE,7.912485606185227,7.912485606185227,8.588351431391917,303.95,330.0,303.9,328.0,20805019,,FLOOR_BOUNCE|INVENTORY_MIGRATION,TRANSITION_REGIME,LONG_GAMMA,Support Building,Expansion,3.8,100.0,45.0,45.5,122500.0,2687500.0,-155102.73932812334,417162.4717322593,0.09097095812599221,-0.06376474195443377,2.7697706479508533,5.835047060487764
2026-05-19,IDEA,NIFTY MEDIA & COMM,5.132192846034211,4.160246533127876,6.3763608087091805,12.98,13.68,12.86,13.52,1543430179,IV_SKEW_ACCUMULATION,INVENTORY_MIGRATION,LONG_GAMMA,LONG_GAMMA,Support Weakening,Expansion,-100.0,100.0,45.4,49.4,-50032500.0,117862275.0,4704370.78789762,6673067.38046322,-0.03365753213568645,-0.03988329517100253,42.766631467793026,45.831907880329936
2026-05-19,KPITTECH,NIFTY IT,5.0794772165312585,4.452247191011249,5.76056338028168,712.0,750.9,710.0,743.7,3215754,IV_SKEW_ACCUMULATION,REGIME_SHIFT,TRANSITION_REGIME,LONG_GAMMA,Dealer Controlled,Expansion,-11.0,98.7,46.3,50.9,-226950.0,1710200.0,3489.1771726969455,50415.91445815441,0.022870259618334,0.015171331976341684,1.2663398692810635,4.331616281817974
2026-05-19,INFY,NIFTY IT,4.761487964989075,3.003442340791751,3.1325301204819356,1162.0,1198.4,1162.0,1196.9,32175705,FLOOR_BOUNCE|INVENTORY_MIGRATION,FLOOR_BOUNCE|REGIME_SHIFT|INVENTORY_MIGRATION,LONG_GAMMA,LONG_GAMMA,Expansion,Expansion,74.0,100.0,45.2,45.6,1322800.0,3559600.0,182533.77424095734,634728.5968794978,0.013934888220213715,0.01730912306964144,-8.814566509218336,-5.749290096681426
2026-05-19,COFORGE,NIFTY IT,4.740004450708413,3.443223443223453,6.373594060133803,1365.0,1447.0,1360.3,1412.0,8133656,INVENTORY_MIGRATION,INVENTORY_MIGRATION,LONG_GAMMA,TRANSITION_REGIME,Expansion,Expansion,-6.4,100.0,44.7,45.6,-301500.0,2067750.0,106535.87886504787,-54989.64427048978,0.03126391659928185,-0.005171221961128958,9.618818414719366,12.684094827256276
2026-05-19,LTM,NIFTY IT,4.422520001963393,3.5987338690041337,4.3097151205259365,4107.0,4284.0,4107.0,4254.8,471956,REGIME_SHIFT,REGIME_SHIFT|INVENTORY_MIGRATION|IV_SKEW_ACCUMULATION,TRANSITION_REGIME,TRANSITION_REGIME,Expansion,Expansion,9.0,23.8,42.9,45.6,95850.0,314250.0,3924.259913082933,20479.93459537089,-0.0013262816663421884,0.02156700235200737,-9.775647822214683,-6.710371409677773
2026-05-19,LODHA,NIFTY REALTY,4.016321772078113,5.4984036892514965,6.893697528674458,845.7,904.0,845.7,892.2,3657358,INVENTORY_MIGRATION,INVENTORY_MIGRATION,TRANSITION_REGIME,TRANSITION_REGIME,Expansion,Expansion,-19.3,28.8,48.1,45.7,-396900.0,426600.0,17983.054638935082,19761.901865561562,-0.03883307708516093,-0.04454156526126096,4.162045414745208,7.227321827282118
2026-05-19,VOLTAS,NIFTY CONS DURABLES,3.975095785440619,3.975095785440619,4.7162270183852995,1252.8,1310.0,1251.0,1302.6,1272392,,REGIME_SHIFT|INVENTORY_MIGRATION,TRANSITION_REGIME,TRANSITION_REGIME,Dealer Controlled,Expansion,15.0,26.5,47.0,45.6,232500.0,383625.0,33893.93807576465,37127.959601465125,0.0011979905359869036,-0.06531951173968159,-9.415855354659254,-6.350578942122343
2026-05-19,JUBLFOOD,NIFTY FMCG,3.5124193018929883,4.058959410405882,5.17051705170517,454.55,478.0,454.5,473.0,1908777,IV_SKEW_ACCUMULATION,,TRANSITION_REGIME,TRANSITION_REGIME,Dealer Controlled,Expansion,-12.8,-4.9,46.3,50.9,-216250.0,-203750.0,5620.970173680005,45065.53776658216,0.03866174532445704,-0.015327418865118736,3.6939603200701665,6.759236732607077
2026-05-19,HINDPETRO,NIFTY OIL & GAS,3.3714126497631725,2.1616411950984515,2.716866639084259,363.15,372.4,362.55,371.0,5849675,INVENTORY_MIGRATION,INVENTORY_MIGRATION,TRANSITION_REGIME,TRANSITION_REGIME,Expansion,Expansion,-14.3,32.8,46.6,45.6,-194400.0,504225.0,-104216.26182572906,161167.01415128337,0.04352236054544256,-0.051109728797990195,-2.2397891963109373,0.825487216225973
2026-05-20,POWERINDIA,NIFTY INFRA,6.489808153477217,7.6515151515151425,9.41608070926323,33000.0,35790.0,32710.0,35525.0,252759,REGIME_SHIFT|INVENTORY_MIGRATION,INVENTORY_MIGRATION|IV_SKEW_ACCUMULATION,TRANSITION_REGIME,TRANSITION_REGIME,Expansion,Expansion,2.7,13.9,48.4,49.3,1025.0,54325.0,1897.9547753125069,-18.91165804352022,-0.006243237567823745,0.055556328872404026,18.852459016393453,22.586091821582123
2026-05-20,ABB,NIFTY INFRA,4.360878495812925,5.5111821086262,5.823148813803014,6260.0,6624.0,6259.5,6605.0,546490,REGIME_SHIFT|INVENTORY_MIGRATION|IV_SKEW_ACCUMULATION,INVENTORY_MIGRATION|IV_SKEW_ACCUMULATION,TRANSITION_REGIME,TRANSITION_REGIME,Expansion,Expansion,-4.9,18.4,40.8,45.9,-52750.0,205125.0,-4917.3188922897425,24323.900582440543,-0.04491053552522617,0.03398296280748231,-8.959338387319093,-5.2257055821304235
2026-05-20,CGPOWER,NIFTY INFRA,4.131071515743234,4.131071515743234,5.5562392320945175,819.4,857.75,812.6,853.25,3710693,REGIME_SHIFT|INVENTORY_MIGRATION|IV_SKEW_ACCUMULATION,REGIME_SHIFT|INVENTORY_MIGRATION,TRANSITION_REGIME,TRANSITION_REGIME,Expansion,Expansion,-1.0,11.3,41.6,49.0,-62050.0,66300.0,59593.186882964306,138598.78993903304,-0.05561403476685317,0.019694486598788308,5.960881713753485,9.694514518942155
2026-05-20,SIEMENS,NIFTY INFRA,4.0975527331099215,4.892167990919405,6.066244882768901,3524.0,3705.0,3493.1,3696.4,507079,INVENTORY_MIGRATION|IV_SKEW_ACCUMULATION,REGIME_SHIFT|INVENTORY_MIGRATION,TRANSITION_REGIME,TRANSITION_REGIME,Expansion,Expansion,1.1,8.1,40.8,49.3,8750.0,27650.0,3357.5611486691905,13865.073054294935,-0.03182220664866725,0.04119514582951822,-0.6797968670231302,3.053835938165539
2026-05-20,MANKIND,NIFTY PHARMA,3.662842012356582,3.314674130347872,5.000000000000004,2501.0,2625.0,2500.0,2583.9,4089986,VOLATILITY_COIL|REGIME_SHIFT|INVENTORY_MIGRATION|IV_SKEW_ACCUMULATION,REGIME_SHIFT|INVENTORY_MIGRATION|IV_SKEW_ACCUMULATION,TRANSITION_REGIME,TRANSITION_REGIME,Expansion,Expansion,2.0,-20.6,40.8,46.0,40050.0,-542250.0,-12558.997514630588,27570.505987688783,0.05478264758165835,-0.05488824821435817,17.45000000000001,21.18363280518868
2026-05-20,HINDALCO,NIFTY METAL,3.54860249928457,4.5358243451463665,4.969183359013862,1038.4,1090.0,1038.4,1085.5,11945517,REGIME_SHIFT|INVENTORY_MIGRATION,REGIME_SHIFT|INVENTORY_MIGRATION|IV_SKEW_ACCUMULATION,TRANSITION_REGIME,TRANSITION_REGIME,Expansion,Expansion,0.5,11.0,45.6,45.9,21700.0,55300.0,3962.699332515658,115464.22851756468,-0.01017514249626228,-0.03299744622730488,6.249694122253224,9.983326927441894
2026-05-20,HINDPETRO,NIFTY OIL & GAS,3.1671159029649676,4.2915531335149915,5.429553264604814,367.0,383.5,363.75,382.75,9746627,INVENTORY_MIGRATION,FLOOR_BOUNCE|REGIME_SHIFT|INVENTORY_MIGRATION|IV_SKEW_ACCUMULATION,TRANSITION_REGIME,LONG_GAMMA,Expansion,Expansion,32.8,20.7,45.6,45.8,504225.0,285525.0,161167.01415128337,98374.87017383002,-0.051109728797990195,0.0320130021518657,-0.42924037460977393,3.304392430578895
2026-05-20,PAYTM,NIFTY FIN SERVICE,2.8624933119315132,3.7600071961860104,5.0681198910081715,1111.7,1156.8,1101.0,1153.5,1415263,,INVENTORY_MIGRATION,TRANSITION_REGIME,TRANSITION_REGIME,Dealer Controlled,Expansion,-5.0,18.6,47.6,44.2,-145000.0,258100.0,58737.75451145462,79490.70760281643,-0.04458067164267082,0.0011617013352757666,-1.1398697291738036,2.5937630760148656
2026-05-20,RELIANCE,NIFTY OIL & GAS,2.7973085355711858,3.109122620762883,3.832088983696491,1318.7,1362.9,1312.6,1359.7,13248515,,FLOOR_BOUNCE|REGIME_SHIFT,LONG_GAMMA,LONG_GAMMA,Support Weakening,Expansion,-100.0,100.0,47.3,44.3,-2108000.0,7435500.0,-7293.594070063671,239637.5290913008,0.015584728344674559,-0.03256964259817596,0.47291805216878036,4.206550857357449
2026-05-20,CUMMINSIND,NIFTY INFRA,2.769318614389027,3.5577291906405906,4.553347482153192,5214.0,5419.0,5183.0,5399.5,444634,,REGIME_SHIFT|IV_SKEW_ACCUMULATION,TRANSITION_REGIME,TRANSITION_REGIME,Dealer Controlled,Expansion,-2.6,7.5,41.9,44.4,-25800.0,56000.0,-3990.584108181686,16079.503552350649,0.025352918740860653,0.0037157284993157846,5.533187397388795,9.266820202577463
2026-05-21,SAMMAANCAP,NIFTY FIN SERVICE,8.787023977432984,4.096092853768796,7.162162162162167,148.19,158.6,148.0,154.26,120079677,REGIME_SHIFT,INVENTORY_MIGRATION,TRANSITION_REGIME,LONG_GAMMA,Expansion,Expansion,66.6,100.0,47.7,51.5,1182500.0,9038600.0,62637.39366569411,59014.204084740864,0.04027408478022232,-0.05343865350194188,5.117546848381593,8.084964325543464
2026-05-21,AMBER,NIFTY CONS DURABLES,6.915384069792174,5.412587412587411,7.226123595505607,7150.0,7634.5,7120.0,7537.0,1293057,REGIME_SHIFT|INVENTORY_MIGRATION|IV_SKEW_ACCUMULATION,REGIME_SHIFT|INVENTORY_MIGRATION,TRANSITION_REGIME,TRANSITION_REGIME,Expansion,Expansion,-8.7,18.3,40.8,54.9,-122400.0,100100.0,-2526.675769247408,20998.76299548855,-0.0035362154235140664,-0.0020178523787126035,-3.4151342346383062,-0.44771675747643513
2026-05-21,GRASIM,NIFTY COMMODITIES,6.1727979536198685,3.064658411474497,5.263157894736836,3060.7,3180.0,3021.0,3154.5,4417489,IV_SKEW_ACCUMULATION,REGIME_SHIFT|INVENTORY_MIGRATION|IV_SKEW_ACCUMULATION,TRANSITION_REGIME,TRANSITION_REGIME,Dealer Controlled,Expansion,3.5,65.8,41.6,50.9,5000.0,1026000.0,19176.0530050226,-13348.53232265808,-0.0051485520592611245,-0.01892499678814963,13.610170712382065,16.577588189543935
2026-05-21,KAYNES,NIFTY INFRA,5.794735088303904,4.163385826771648,5.266631467793026,3048.0,3190.0,3030.4,3174.9,2230040,IV_SKEW_ACCUMULATION,,SHORT_GAMMA,TRANSITION_REGIME,Expansion,Expansion,-6.2,7.9,48.1,57.1,-32300.0,-20600.0,-20639.96447625972,34570.642658565426,0.002463629781519372,-0.016224032613253336,-28.796339904460734,-25.828922427298863
2026-05-21,ANGELONE,NIFTY FIN SERVICE,4.5076923076923014,3.6150091519218996,4.984709480122329,327.8,343.3,327.0,339.65,25211127,FLOOR_BOUNCE|INVENTORY_MIGRATION|IV_SKEW_ACCUMULATION,INVENTORY_MIGRATION,LONG_GAMMA,LONG_GAMMA,Expansion,Expansion,14.7,100.0,40.8,51.0,325000.0,5127500.0,-39427.84992685495,-11458.795130230486,-0.049333356301560605,0.017565973511345145,3.365896710185945,6.333314187347816
2026-05-21,MOTHERSON,NIFTY AUTO,3.65438450480442,0.7204822820173318,3.7792441511697694,136.02,138.4,133.36,137.0,65674007,INVENTORY_MIGRATION|IV_SKEW_ACCUMULATION,FLOOR_BOUNCE|INVENTORY_MIGRATION|IV_SKEW_ACCUMULATION,LONG_GAMMA,LONG_GAMMA,Expansion,Expansion,-100.0,100.0,40.8,50.9,-21131400.0,12127800.0,806040.1543139372,631723.1913693827,-0.010310839456360354,-0.07979610472541787,3.9769277474195563,6.9443452245814274
2026-05-21,INDIGO,NIFTY SERVICES,3.2453219528208788,2.276422764227637,3.4192799070847713,4305.0,4452.2,4305.0,4403.0,1656192,,FLOOR_BOUNCE|INVENTORY_MIGRATION,TRANSITION_REGIME,LONG_GAMMA,Support Building,Expansion,6.3,16.1,41.2,50.9,90150.0,159600.0,23483.18389481875,147563.45609556593,-0.012225136336178277,-0.03649483023848826,-5.1261608739683995,-2.1587433968065284
2026-05-21,HYUNDAI,NIFTY AUTO,3.233747342508675,2.6308470993937405,3.4707884604653794,1797.9,1854.3,1792.1,1845.2,1864385,REGIME_SHIFT|PINCH_ZONE,REGIME_SHIFT|INVENTORY_MIGRATION,TRANSITION_REGIME,TRANSITION_REGIME,Flip Zone,Expansion,9.4,9.0,40.8,50.9,168300.0,72050.0,-3708.077152867685,27695.463782120714,-0.004731413726308031,-0.025073820870980035,-0.2324952689916171,2.734922208170254
2026-05-21,PHOENIXLTD,NIFTY REALTY,2.887755686701432,2.6700971983990796,3.3613926587642506,1749.0,1805.0,1746.3,1795.7,497062,INVENTORY_MIGRATION|IV_SKEW_ACCUMULATION,REGIME_SHIFT|INVENTORY_MIGRATION,TRANSITION_REGIME,TRANSITION_REGIME,Expansion,Expansion,6.0,3.1,42.4,49.3,74200.0,-31150.0,2424.751597256789,34898.77613518933,0.009546300099563698,0.067943772966921,-0.7571570686415452,2.210260408520326
2026-05-21,APOLLOHOSP,NIFTY PHARMA,2.8470631924243373,1.3417088491797236,4.17934546357821,8198.5,8388.0,8051.5,8308.5,1425124,REGIME_SHIFT|INVENTORY_MIGRATION|IV_SKEW_ACCUMULATION,REGIME_SHIFT|INVENTORY_MIGRATION|IV_SKEW_ACCUMULATION,TRANSITION_REGIME,TRANSITION_REGIME,Expansion,Expansion,-6.0,42.9,40.8,50.6,-153125.0,689375.0,8766.917884098824,-2431.7942394711135,0.04247138125317573,-0.09205980632899491,8.437744714173846,11.405162191335716
2026-05-22,SAMMAANCAP,NIFTY FIN SERVICE,4.667444574095692,3.4668375520666483,6.802810427473904,156.05,162.65,152.29,161.46,43392866,INVENTORY_MIGRATION,,LONG_GAMMA,LONG_GAMMA,Expansion,Expansion,100.0,100.0,51.5,56.0,9038600.0,3534600.0,59014.204084740864,141742.82456020452,-0.05343865350194188,-0.15514482912088173,11.930675909878685,13.807766306001646
2026-05-22,KAYNES,NIFTY INFRA,4.614318561214525,3.8294413704710983,4.356001253525532,3198.9,3330.0,3191.0,3321.4,2181529,,INVENTORY_MIGRATION,TRANSITION_REGIME,TRANSITION_REGIME,Expansion,Expansion,7.9,13.8,57.1,52.1,-20600.0,124600.0,34570.642658565426,32468.213794059502,-0.016224032613253336,-0.1165060283376681,-24.302026118467534,-22.424935722344575
2026-05-22,ASTRAL,NIFTY CONS DURABLES,4.168918918918929,4.042380888109065,4.584740040513169,1481.8,1548.9,1481.0,1541.7,1094826,INVENTORY_MIGRATION,INVENTORY_MIGRATION,TRANSITION_REGIME,TRANSITION_REGIME,Expansion,Expansion,34.7,52.1,48.9,52.1,586500.0,868275.0,21650.23119284538,-26422.798356776202,0.006156475403601536,0.03058645618782274,-2.1080703536732526,-0.23097995755029244
2026-05-22,DIXON,NIFTY CONS DURABLES,4.121513590335768,3.8723969871510944,5.319243406447027,11285.0,11860.0,11261.0,11722.0,1362732,REGIME_SHIFT|INVENTORY_MIGRATION|IV_SKEW_ACCUMULATION,INVENTORY_MIGRATION|IV_SKEW_ACCUMULATION,TRANSITION_REGIME,TRANSITION_REGIME,Expansion,Expansion,10.2,18.5,48.9,52.1,94700.0,139150.0,6199.7624223090315,12691.292460418605,0.028394644256149792,-0.03373840524935717,7.872820135278147,9.749910531401106
2026-05-22,VBL,NIFTY FMCG,3.7703183610656943,1.4003759398496296,2.8104823395366463,532.0,541.4,526.6,539.45,18510994,REGIME_SHIFT|INVENTORY_MIGRATION|IV_SKEW_ACCUMULATION,FLOOR_BOUNCE|REGIME_SHIFT|INVENTORY_MIGRATION|IV_SKEW_ACCUMULATION,LONG_GAMMA,LONG_GAMMA,Expansion,Expansion,-100.0,100.0,46.5,52.1,-3703500.0,5305500.0,223482.33024338266,-281689.6955807641,0.05584992593054772,-0.053661913253660376,11.399070727929805,13.276161124052766
2026-05-22,NAUKRI,NIFTY IT,3.746288798920383,3.106223175965672,7.053581132485598,932.0,985.0,920.1,960.95,9364081,REGIME_SHIFT,REGIME_SHIFT|INVENTORY_MIGRATION,TRANSITION_REGIME,TRANSITION_REGIME,Flip Zone,Expansion,-8.4,-4.1,54.9,56.5,-109875.0,-252550.0,-19257.277334739956,65723.37020623684,0.014755099709345798,-0.005297549817471936,-5.608761848632183,-3.7316714525092225
2026-05-22,MFSL,NIFTY FIN SERVICE,3.3210332103321027,2.941176470588225,3.936425799297738,1632.0,1687.2,1623.3,1680.0,1105535,VOLATILITY_COIL|REGIME_SHIFT,INVENTORY_MIGRATION|IV_SKEW_ACCUMULATION,TRANSITION_REGIME,TRANSITION_REGIME,Compression,Expansion,4.1,17.7,45.9,52.1,77200.0,232400.0,-7122.834760463367,46886.88031868384,0.00668587208519017,-0.01244291952791593,5.302745393004882,7.179835789127842
2026-05-22,GAIL,NIFTY OIL & GAS,3.12379730596537,5.078431372549019,7.456574862954879,153.0,162.7,151.41,160.77,19157978,VOLATILITY_COIL|REGIME_SHIFT,REGIME_SHIFT|INVENTORY_MIGRATION|IV_SKEW_ACCUMULATION,TRANSITION_REGIME,LONG_GAMMA,Compression,Expansion,28.8,-1.5,48.2,52.1,557550.0,-192150.0,-112145.03016566494,474191.5487324988,-0.008108328536826859,-0.011717277166938656,-2.540009699321044,-0.662919303198084
2026-05-22,TRENT,NIFTY FMCG,3.0236907730673446,2.5662449271902643,3.79092199263944,4189.0,4314.9,4157.3,4296.5,1087977,REGIME_SHIFT|INVENTORY_MIGRATION,REGIME_SHIFT|INVENTORY_MIGRATION|IV_SKEW_ACCUMULATION,TRANSITION_REGIME,TRANSITION_REGIME,Expansion,Expansion,21.6,40.3,48.0,51.0,348150.0,653400.0,20365.075904664,2583.3544589430094,-0.036361502708874394,-0.017758550665174955,1.060827021686972,2.937917417809932
2026-05-22,SHRIRAMFIN,NIFTY FIN SERVICE,2.8696365127083956,2.701227830832198,3.405793133658208,916.25,944.25,913.15,941.0,5414742,INVENTORY_MIGRATION,FLOOR_BOUNCE|INVENTORY_MIGRATION,LONG_GAMMA,LONG_GAMMA,Expansion,Expansion,-96.2,100.0,45.9,50.5,-1822425.0,2241525.0,101970.45406160694,78647.9647011089,0.00789607839619244,-0.054588845507941075,-6.767066283562862,-4.889975887439902
2026-05-25,ADANIPOWER,NIFTY ENERGY,6.410724056173622,5.601809954751125,6.486314738323262,221.0,234.6,220.31,233.38,73847208,FLOOR_BOUNCE|REGIME_SHIFT|PINCH_ZONE|IV_SKEW_ACCUMULATION,FLOOR_BOUNCE|REGIME_SHIFT|INVENTORY_MIGRATION|IV_SKEW_ACCUMULATION,LONG_GAMMA,LONG_GAMMA,Flip Zone,Expansion,100.0,100.0,46.5,40.0,2485000.0,9315200.0,93836.48064584914,-310956.96340346313,-0.03073636550931813,0.12815871183080285,9.619539689995293,9.059868253742387
2026-05-25,EICHERMOT,NIFTY AUTO,6.19494377998997,2.4457648196766657,3.007623007623006,7237.0,7432.0,7215.0,7414.0,1354536,REGIME_SHIFT|INVENTORY_MIGRATION,REGIME_SHIFT|INVENTORY_MIGRATION,TRANSITION_REGIME,TRANSITION_REGIME,Expansion,Expansion,-6.5,29.1,47.2,40.0,-176600.0,316400.0,13331.33931190905,43155.78126531742,0.019340105693286314,0.007098641476953826,4.253673627223509,3.6940021909706022
2026-05-25,UNIONBANK,NIFTY PSU BANK,5.070930811348928,4.240740740740745,4.6630844296214,162.0,169.46,161.91,168.87,19110578,VOLATILITY_COIL|REGIME_SHIFT,REGIME_SHIFT|INVENTORY_MIGRATION,SHORT_GAMMA,LONG_GAMMA,Compression,Expansion,-5.1,-86.6,46.5,40.0,-106200.0,-1938150.0,-9299.334042746661,983945.6925121567,-0.13305686595270516,0.17745558724110994,-4.59322033898305,-5.152891775235957
2026-05-25,GAIL,NIFTY OIL & GAS,4.9138520868321045,3.529339553154931,4.917025199754144,162.92,170.7,162.7,168.67,36426464,REGIME_SHIFT|INVENTORY_MIGRATION|IV_SKEW_ACCUMULATION,FLOOR_BOUNCE|REGIME_SHIFT|INVENTORY_MIGRATION|IV_SKEW_ACCUMULATION,LONG_GAMMA,LONG_GAMMA,Expansion,Expansion,-1.5,100.0,52.1,40.0,-192150.0,2238850.0,474191.5487324988,-1497.666324812919,-0.011717277166938656,-0.011900696664124799,1.8477145099933479,1.2880430737404414
2026-05-25,ADANIENT,NIFTY SERVICES,4.8724837154528355,4.011241696474177,4.362428357609605,2739.8,2858.8,2739.3,2849.7,3277924,FLOOR_BOUNCE|REGIME_SHIFT,INVENTORY_MIGRATION|IV_SKEW_ACCUMULATION,LONG_GAMMA,TRANSITION_REGIME,Flip Zone,Expansion,48.2,91.6,46.5,40.0,905988.0,1576209.0,-19043.166793019715,-120930.43703607198,-0.016756015198318375,0.030705102880457025,24.571603427172573,24.011931990919667
2026-05-25,SAMMAANCAP,NIFTY FIN SERVICE,4.397373962591344,3.031784841075802,4.593508500772803,163.6,169.18,161.75,168.56,41737350,,FLOOR_BOUNCE|INVENTORY_MIGRATION|IV_SKEW_ACCUMULATION,LONG_GAMMA,LONG_GAMMA,Expansion,Expansion,100.0,100.0,56.0,40.0,3534600.0,6252200.0,141742.82456020452,66442.54494631081,-0.15514482912088173,0.007093236255128532,17.438862955479696,16.87919151922679
2026-05-25,BANKINDIA,NIFTY PSU BANK,4.352487135506,3.1144067796610164,3.7902940134608487,141.6,146.5,141.15,146.01,12177599,REGIME_SHIFT|PINCH_ZONE,FLOOR_BOUNCE|REGIME_SHIFT|INVENTORY_MIGRATION,LONG_GAMMA,LONG_GAMMA,Flip Zone,Expansion,-26.8,100.0,46.5,40.0,-561600.0,3229200.0,258509.63734072412,-343998.54649548983,-0.03508087232845297,0.11878108855031627,-0.9698860553445487,-1.5295574915974552
2026-05-25,BPCL,NIFTY OIL & GAS,4.2794316644113595,1.0655737704918122,1.6280217069560843,305.0,309.0,304.05,308.25,14530864,VOLATILITY_COIL|FLOOR_BOUNCE|PINCH_ZONE,FLOOR_BOUNCE|REGIME_SHIFT|INVENTORY_MIGRATION,LONG_GAMMA,LONG_GAMMA,Compression,Expansion,26.7,100.0,46.5,40.0,533250.0,2842025.0,-94315.91536954459,338090.9001746566,-0.0038516904591162082,0.17592969126509056,0.04868549172345471,-0.5109859445294518
2026-05-25,CANBK,NIFTY PSU BANK,4.265772440146609,2.2171253822629744,3.230769230769215,130.8,134.2,130.0,133.7,27988813,VOLATILITY_COIL|FLOOR_BOUNCE|PINCH_ZONE,FLOOR_BOUNCE|INVENTORY_MIGRATION,LONG_GAMMA,LONG_GAMMA,Compression,Expansion,98.4,100.0,46.5,40.0,1869750.0,7283250.0,-17364.001076139975,1236579.0495925527,-0.03980764676683601,0.06612238982083374,-5.076322328718497,-5.635993764971404
2026-05-25,ASHOKLEY,NIFTY AUTO,3.710258517160736,2.485946283572771,3.560274828232357,160.1,165.8,160.1,164.08,30680951,FLOOR_BOUNCE|INVENTORY_MIGRATION|IV_SKEW_ACCUMULATION,FLOOR_BOUNCE|REGIME_SHIFT|INVENTORY_MIGRATION,LONG_GAMMA,LONG_GAMMA,Expansion,Expansion,100.0,100.0,49.5,40.0,9410000.0,10945000.0,41397.21953878226,473246.9213589756,-0.04661173893530357,0.07665939827271984,-3.4255444379046485,-3.985215874157555
2026-05-26,EXIDEIND,NIFTY AUTO,5.776173285198549,5.471562275017994,5.975521958243335,347.25,368.0,347.25,366.25,7351528,INVENTORY_MIGRATION,REGIME_SHIFT,LONG_GAMMA,TRANSITION_REGIME,Expansion,Expansion,-0.2,75.3,37.7,62.7,-59400.0,1276200.0,1342.3424243319314,-85196.62031520947,0.19447983586360562,-0.440207932517961,3.9449411096920572,4.687904745980232
2026-05-26,ADANIPOWER,NIFTY ENERGY,4.777615905390342,4.388473852721453,5.103306668948093,234.25,245.7,233.77,244.53,91664035,FLOOR_BOUNCE|REGIME_SHIFT|INVENTORY_MIGRATION|IV_SKEW_ACCUMULATION,INVENTORY_MIGRATION|IV_SKEW_ACCUMULATION,LONG_GAMMA,LONG_GAMMA,Expansion,Expansion,100.0,100.0,40.0,63.6,9315200.0,6858600.0,-310956.96340346313,-639942.7755661672,0.12815871183080285,-0.3175383375821538,12.144003668883286,12.88696730517146
2026-05-26,NAUKRI,NIFTY IT,4.4965370271710325,4.4965370271710325,5.324938640486598,938.5,987.0,937.1,980.7,4782697,REGIME_SHIFT|INVENTORY_MIGRATION,REGIME_SHIFT|INVENTORY_MIGRATION,TRANSITION_REGIME,TRANSITION_REGIME,Expansion,Expansion,8.7,49.3,42.0,62.7,267350.0,827250.0,-100176.61400682153,11535.873215008054,0.10976741635053477,-0.39892790860451205,-2.018183634728732,-1.2752199984405577
2026-05-26,ADANIENSOL,NIFTY ENERGY,4.20138147119562,4.149466192170825,6.539782484258727,1405.0,1489.0,1397.6,1463.3,6172118,REGIME_SHIFT|PINCH_ZONE,,TRANSITION_REGIME,TRANSITION_REGIME,Expansion,Expansion,34.9,55.7,37.7,62.7,583875.0,960525.0,12337.593467317667,-100862.88103917753,0.2019000699237753,-0.49297148520327183,1.915308538793714,2.6582721750818883
2026-05-26,ADANIENT,NIFTY SERVICES,4.196933010492354,4.332396345748424,5.465486725663715,2846.0,2979.4,2825.0,2969.3,4899494,INVENTORY_MIGRATION|IV_SKEW_ACCUMULATION,INVENTORY_MIGRATION|IV_SKEW_ACCUMULATION,TRANSITION_REGIME,TRANSITION_REGIME,Expansion,Expansion,91.6,87.3,40.0,62.7,1576209.0,1573737.0,-120930.43703607198,-54547.917954483564,0.030705102880457025,-0.2144589987245356,27.88784563700577,28.630809273293945
2026-05-26,VEDL,NIFTY METAL,3.729323308270671,3.729323308270671,4.922474785488484,332.5,348.5,332.15,344.9,39844071,FLOOR_BOUNCE|REGIME_SHIFT|INVENTORY_MIGRATION,INVENTORY_MIGRATION|IV_SKEW_ACCUMULATION,LONG_GAMMA,TRANSITION_REGIME,Expansion,Expansion,100.0,100.0,36.6,63.6,3332700.0,6305450.0,-87400.22679124749,-407790.3697707566,0.14469590849880476,-0.3368100763896404,-53.54882154882154,-52.80585791253337
2026-05-26,KPITTECH,NIFTY IT,3.7139836108908364,3.7414066631412,5.776245109092115,756.4,797.5,753.95,784.7,2237901,FLOOR_BOUNCE|REGIME_SHIFT|INVENTORY_MIGRATION,REGIME_SHIFT|INVENTORY_MIGRATION,LONG_GAMMA,TRANSITION_REGIME,Expansion,Expansion,7.1,86.9,36.6,62.7,111350.0,1570800.0,-4583.384433243162,-140418.81032572937,0.03144518728162382,-0.2760549821964734,6.718346253229979,7.461309889518153
2026-05-26,WAAREEENER,NIFTY ENERGY,3.4816701293479024,3.074098798397862,3.5691629661780855,2996.0,3102.0,2995.1,3088.1,1540466,REGIME_SHIFT,REGIME_SHIFT|INVENTORY_MIGRATION,TRANSITION_REGIME,TRANSITION_REGIME,Flip Zone,Expansion,-10.4,67.8,37.3,59.5,-186200.0,1182825.0,14648.33352306953,-41948.19908339884,0.0280207692640268,-0.33586404695736494,-8.045737426674215,-7.302773790386041
2026-05-26,JSWENERGY,NIFTY ENERGY,3.401849026119752,2.875513484550818,4.987801572241812,559.9,580.95,553.35,576.0,6108184,,INVENTORY_MIGRATION,TRANSITION_REGIME,TRANSITION_REGIME,Support Building,Expansion,57.5,-3.6,37.2,62.7,1047000.0,-155125.0,121248.21664815382,-103538.88072185611,0.08170401425675966,-0.3183399952975291,0.3834088532589819,1.126372489547156
2026-05-26,TMPV,NIFTY AUTO,3.3087742799732034,3.170568561872922,4.168908015061867,373.75,387.3,371.8,385.6,21346890,FLOOR_BOUNCE|INVENTORY_MIGRATION,INVENTORY_MIGRATION,LONG_GAMMA,LONG_GAMMA,Expansion,Expansion,100.0,100.0,37.7,59.5,3989600.0,5904800.0,-782962.4478201983,-1502706.0753478361,0.1071134528981007,-0.2839825160301588,8.81896430083251,9.561927937120684
2026-05-27,CUMMINSIND,NIFTY INFRA,11.239272861493044,11.331732545253036,12.892179546506256,5414.0,6099.0,5402.5,6027.5,1722262,REGIME_SHIFT|INVENTORY_MIGRATION,REGIME_SHIFT|INVENTORY_MIGRATION,TRANSITION_REGIME,TRANSITION_REGIME,Expansion,Expansion,3.9,23.7,60.5,58.1,56200.0,114200.0,-10487.764910434038,7604.940960334344,-0.5223707466187713,0.15831031250048413,14.634842145302397,15.003866595516392
2026-05-27,EXIDEIND,NIFTY AUTO,7.617747440273037,7.9863013698630025,9.130852670602785,365.0,397.4,364.15,394.15,24044078,REGIME_SHIFT,INVENTORY_MIGRATION|IV_SKEW_ACCUMULATION,TRANSITION_REGIME,TRANSITION_REGIME,Expansion,Expansion,75.3,-66.0,62.7,58.1,1276200.0,-1492200.0,-85196.62031520947,46549.7940901547,-0.440207932517961,0.1873272433573003,10.63859649122807,11.007620941442065
2026-05-27,SWIGGY,NIFTY FMCG,6.597085466719177,6.178893683797559,6.952081696779278,254.9,272.3,254.6,270.65,27066874,INVENTORY_MIGRATION,INVENTORY_MIGRATION,TRANSITION_REGIME,TRANSITION_REGIME,Expansion,Expansion,34.7,29.4,56.3,60.8,625300.0,358800.0,-57760.800790850284,46430.925424314446,-0.39931456076065297,0.2578988925929345,-4.126815444562537,-3.7577909943485417
2026-05-27,CGPOWER,NIFTY INFRA,6.329977819484722,5.920344456404747,6.349206349206349,882.55,938.0,882.0,934.8,9258467,INVENTORY_MIGRATION|IV_SKEW_ACCUMULATION,INVENTORY_MIGRATION,TRANSITION_REGIME,TRANSITION_REGIME,Expansion,Expansion,17.6,-17.6,55.2,62.0,311100.0,-531250.0,-86095.46127810227,37536.75771715091,-0.4013812735900334,0.17055494603284074,12.463907603464852,12.832932053678848
2026-05-27,ABB,NIFTY INFRA,6.09935332157554,5.517795805013526,6.404230317273796,6841.5,7244.0,6808.0,7219.0,636096,INVENTORY_MIGRATION,INVENTORY_MIGRATION,TRANSITION_REGIME,TRANSITION_REGIME,Expansion,Expansion,15.4,2.2,57.0,58.7,283000.0,-141375.0,-20546.66928561297,6069.575146989357,-0.40561058284441454,0.17886564156810775,-0.9467618002195421,-0.5777373500055472
2026-05-27,TIINDIA,NIFTY AUTO,5.639827580533718,5.262295081967205,5.734426229508194,3050.0,3224.9,3050.0,3210.5,647171,VOLATILITY_COIL|INVENTORY_MIGRATION|IV_SKEW_ACCUMULATION,INVENTORY_MIGRATION,TRANSITION_REGIME,TRANSITION_REGIME,Expansion,Expansion,5.1,6.5,54.4,58.2,110600.0,-39000.0,-24447.56632925116,1900.2364489371985,-0.5187476117369334,0.2272301598210217,6.9810063312229165,7.350030781436912
2026-05-27,SIEMENS,NIFTY INFRA,5.4797128249755245,8.656189595764353,10.34628735924139,3569.7,3909.9,3543.3,3878.7,1738785,VOLATILITY_COIL|REGIME_SHIFT|INVENTORY_MIGRATION,,TRANSITION_REGIME,TRANSITION_REGIME,Expansion,Expansion,10.2,18.9,59.6,61.4,193550.0,187950.0,-1802.1019865701564,6287.601666227051,-0.4923318096740438,0.16062039072591805,1.3429833041569639,1.7120077543709589
2026-05-27,SUZLON,NIFTY ENERGY,5.404910223525117,4.886052871467639,6.762219772142597,54.85,58.1,54.42,57.53,227745007,REGIME_SHIFT|INVENTORY_MIGRATION,,LONG_GAMMA,LONG_GAMMA,Expansion,Expansion,-51.5,-100.0,59.9,61.9,-871750.0,-5983850.0,-981494.9370190655,680904.4772763855,-0.47010454065426543,0.14583738522203035,0.36636427076064404,0.735388720974639
2026-05-27,ADANIENSOL,NIFTY ENERGY,5.248411125538155,3.7104377104377084,5.674191580231858,1485.0,1558.8,1475.1,1540.1,7841736,,INVENTORY_MIGRATION,TRANSITION_REGIME,TRANSITION_REGIME,Expansion,Expansion,55.7,-55.0,62.7,61.9,960525.0,-1200825.0,-100862.88103917753,27434.57760609755,-0.49297148520327183,0.2185127435083033,7.290396739698335,7.6594211899123295
2026-05-27,MOTHERSON,NIFTY AUTO,4.852010013252839,4.713235294117646,8.9491273672484,136.0,146.7,134.65,142.41,50082550,VOLATILITY_COIL|INVENTORY_MIGRATION,INVENTORY_MIGRATION,LONG_GAMMA,LONG_GAMMA,Expansion,Expansion,3.3,-85.7,57.9,64.0,196800.0,-1820400.0,-919109.5730020946,326498.8961676824,-0.18772487496411744,0.08438005033641321,13.727839003354102,14.096863453568098
2026-05-29,GMRAIRPORT,NIFTY INFRA,2.585854456255121,-1.5980392156862755,4.600241060666943,102.0,104.14,99.56,100.37,131030009,INVENTORY_MIGRATION,REGIME_SHIFT|INVENTORY_MIGRATION,LONG_GAMMA,LONG_GAMMA,Expansion,Expansion,-100.0,-100.0,55.5,59.6,-6933150.0,-20876175.0,229842.4203049516,797223.9667979043,0.1314530715295667,-0.01232572627814088,4.085865394586752,6.691164089869384
2026-05-29,COFORGE,NIFTY IT,2.4056467876692578,0.8368794326241158,3.1519032372820943,1410.0,1449.8,1405.5,1421.8,3533060,PINCH_ZONE|IV_SKEW_ACCUMULATION,INVENTORY_MIGRATION|IV_SKEW_ACCUMULATION,TRANSITION_REGIME,TRANSITION_REGIME,Dealer Controlled,Expansion,-6.5,-6.9,55.3,55.9,-44225.0,-213975.0,-23964.6107789159,19959.40985641643,0.19306840645527681,-0.019421218578927202,18.089700996677728,20.69499969196036
2026-05-29,POWERINDIA,NIFTY INFRA,2.3834886817576617,1.8410596026489978,4.985058408041287,37750.0,38645.0,36810.0,38445.0,376115,INVENTORY_MIGRATION,,TRANSITION_REGIME,TRANSITION_REGIME,Expansion,Dealer Controlled,8.0,3.8,64.0,59.2,91200.0,6375.0,-741.8583488261438,673.237333397467,0.16014547049673172,-0.006579863875036063,16.907404591759168,19.5127032870418
2026-05-29,IREDA,NIFTY ENERGY,2.342549923195092,1.717557251908386,4.576676699853377,131.0,135.5,129.57,133.25,31424380,REGIME_SHIFT|PINCH_ZONE|IV_SKEW_ACCUMULATION,PINCH_ZONE|IV_SKEW_ACCUMULATION,LONG_GAMMA,LONG_GAMMA,Flip Zone,Support Weakening,-54.6,-100.0,53.6,55.9,-1053950.0,-6605000.0,-2169.95189585333,865761.0668382344,0.16476225091450386,0.043621994255562346,-2.8860870198965105,-0.2807883246138787
2026-05-29,MOTHERSON,NIFTY AUTO,2.3383189382768066,0.886058424477354,8.345231296402055,144.46,151.77,140.08,145.74,84670792,INVENTORY_MIGRATION,IV_SKEW_ACCUMULATION,LONG_GAMMA,LONG_GAMMA,Expansion,Support Building,-85.7,21.5,64.0,59.3,-1820400.0,307500.0,326498.8961676824,248926.69966271555,0.08438005033641321,-0.002222190177117389,18.257059396299912,20.862358091582543
2026-05-29,RADICO,NIFTY FMCG,2.30570174163347,2.2254503195816344,4.65968739919651,3442.0,3569.0,3410.1,3518.6,647859,,,,TRANSITION_REGIME,,Dealer Controlled,,2.4,,58.3,,-20400.0,,704.4733837963058,,0.025246740978613402,1.737747578429949,4.343046273712581
2026-05-29,SAMMAANCAP,NIFTY FIN SERVICE,2.129009923840286,1.7298850574712699,4.166666666666674,174.0,181.25,174.0,177.01,26648851,INVENTORY_MIGRATION|IV_SKEW_ACCUMULATION,,LONG_GAMMA,LONG_GAMMA,Expansion,Resistance Weakening,-100.0,16.7,58.1,58.6,-3960300.0,262300.0,150726.81219212324,-21874.680798291753,0.13359494587042858,0.04398846591984823,25.45892692607554,28.064225621358172
2026-05-29,TECHM,NIFTY IT,1.9442154438032544,0.4739657390480101,2.4998287788507545,1476.9,1496.6,1460.1,1483.9,3955137,VOLATILITY_COIL,INVENTORY_MIGRATION,TRANSITION_REGIME,TRANSITION_REGIME,Compression,Expansion,1.7,-16.3,55.9,55.9,39000.0,-372000.0,-3038.184159434495,22257.13958255804,0.13851921465424288,0.009319649090702875,1.650911083710116,4.256209778992748
2026-05-29,PERSISTENT,NIFTY IT,1.880982268947129,0.8601941747572894,2.485436893203885,5150.0,5278.0,5150.0,5194.3,1393236,VOLATILITY_COIL,INVENTORY_MIGRATION|IV_SKEW_ACCUMULATION,TRANSITION_REGIME,TRANSITION_REGIME,Compression,Expansion,-4.6,2.3,53.6,55.9,-79700.0,-18650.0,4154.094825968426,1988.7187994741744,0.18334445338641475,0.02088696669104212,8.083981855258227,10.689280550540857
2026-05-29,LTM,NIFTY IT,1.8302161159303942,1.0373392372944545,3.435038388672851,4019.9,4149.4,4011.6,4061.6,1338486,REGIME_SHIFT|PINCH_ZONE,REGIME_SHIFT|PINCH_ZONE,TRANSITION_REGIME,TRANSITION_REGIME,Flip Zone,Flip Zone,0.6,7.1,53.6,55.9,300.0,76950.0,4593.298609881587,-4292.380050183076,0.14325462263305477,0.031378521131175174,-6.04890009483936,-3.4436013995567283
2026-06-01,NMDC,NIFTY METAL,4.97783839072623,3.67003367003369,7.085714285714295,89.1,93.7,87.5,92.37,73822842,INVENTORY_MIGRATION,REGIME_SHIFT|INVENTORY_MIGRATION,LONG_GAMMA,LONG_GAMMA,Expansion,Expansion,-100.0,87.5,59.9,60.6,-11691000.0,1397250.0,-385838.21461075475,841793.4925320405,0.032445432917505235,-0.018793766666487022,2.2131238242779627,4.775677084923324
2026-06-01,NBCC,NIFTY REALTY,4.129263913824066,2.6548672566371723,6.753482737734706,101.7,105.75,99.06,104.4,47025842,REGIME_SHIFT|INVENTORY_MIGRATION,INVENTORY_MIGRATION,LONG_GAMMA,LONG_GAMMA,Expansion,Expansion,-47.5,-68.5,54.2,61.9,-942500.0,-1443000.0,27225.051416395465,124235.20680233656,0.014875690241822226,0.009059561099566182,13.911620294599025,16.474173555244388
2026-06-01,PERSISTENT,NIFTY IT,3.998613865198397,3.130966017563952,5.194680952836506,5238.0,5498.0,5226.5,5402.0,1017776,INVENTORY_MIGRATION|IV_SKEW_ACCUMULATION,INVENTORY_MIGRATION|IV_SKEW_ACCUMULATION,TRANSITION_REGIME,TRANSITION_REGIME,Expansion,Expansion,2.3,9.5,55.9,61.9,-18650.0,59300.0,1988.7187994741744,4203.807860208342,0.02088696669104212,-0.034498224509051656,12.541666666666673,15.104219927312034
2026-06-01,TECHM,NIFTY IT,3.996226160792493,3.21027287319422,4.501070090957726,1495.2,1562.5,1495.2,1543.2,5243443,INVENTORY_MIGRATION,INVENTORY_MIGRATION,TRANSITION_REGIME,TRANSITION_REGIME,Expansion,Expansion,-16.3,-0.7,55.9,57.9,-372000.0,-143400.0,22257.13958255804,34088.340726700015,0.009319649090702875,-0.008445047149793494,4.7302341364099165,7.292787397055278
2026-06-01,INFY,NIFTY IT,3.5834266517357216,2.3404255319148914,3.689188037829094,1175.0,1217.0,1173.7,1202.5,19439331,VOLATILITY_COIL|INVENTORY_MIGRATION,REGIME_SHIFT|PINCH_ZONE,TRANSITION_REGIME,LONG_GAMMA,Expansion,Expansion,-75.7,-93.8,52.8,57.9,-1480800.0,-1928800.0,-79798.22747051073,326661.43151540344,0.009266063005560599,-0.008480049578671822,1.7515654086986077,4.314118669343969
2026-06-01,LTM,NIFTY IT,3.3115028560173343,2.800235190357192,4.694007545690604,4081.8,4273.4,4081.8,4196.1,642808,REGIME_SHIFT|PINCH_ZONE,,TRANSITION_REGIME,TRANSITION_REGIME,Flip Zone,Expansion,7.1,7.4,55.9,61.9,76950.0,45750.0,-4292.380050183076,4991.761919987075,0.031378521131175174,0.021511820530164205,-1.7214727374929684,0.8410805231523932
2026-06-01,COALINDIA,NIFTY ENERGY,3.210307927495104,3.515496659730588,4.47924652283429,456.55,477.0,456.55,472.6,47716517,REGIME_SHIFT|INVENTORY_MIGRATION|IV_SKEW_ACCUMULATION,REGIME_SHIFT|INVENTORY_MIGRATION,TRANSITION_REGIME,LONG_GAMMA,Expansion,Expansion,-100.0,100.0,52.8,62.6,-2500200.0,5074650.0,-773170.821587273,218410.4219878071,-0.00982317465302468,0.000483632321970906,-1.8381971128881402,0.7243561477572213
2026-06-01,COFORGE,NIFTY IT,2.7711351807568008,1.5992212487832003,4.179125234684666,1438.2,1498.2,1438.1,1461.2,5877548,INVENTORY_MIGRATION|IV_SKEW_ACCUMULATION,INVENTORY_MIGRATION|IV_SKEW_ACCUMULATION,TRANSITION_REGIME,TRANSITION_REGIME,Expansion,Expansion,-6.9,-10.0,55.9,60.2,-213975.0,-281225.0,19959.40985641643,51616.153721085066,-0.019421218578927202,0.002126141776247703,22.184129107784933,24.746682368430296
2026-06-01,NATIONALUM,NIFTY METAL,2.297090352220521,2.056645904336585,3.642619838633143,425.45,436.75,421.4,434.2,9695414,INVENTORY_MIGRATION,IV_SKEW_ACCUMULATION,TRANSITION_REGIME,TRANSITION_REGIME,Expansion,Support Weakening,-0.3,-17.6,54.3,56.3,60000.0,-401250.0,-23049.29896746138,17492.404772624053,0.014697829177478139,0.011325744098039825,8.740295517155005,11.302848777800367
2026-06-01,OFSS,NIFTY IT,2.278201525491763,1.2116396861654666,2.265725926662032,10069.0,10291.0,10063.0,10191.0,362417,REGIME_SHIFT,REGIME_SHIFT,TRANSITION_REGIME,TRANSITION_REGIME,Expansion,Flip Zone,-7.6,4.6,59.9,56.3,-46625.0,24675.0,-3708.3375730640337,898.542586678951,0.02566709749178131,-0.0016848358581652567,4.775613015987257,7.338166276632618
2026-06-02,TCS,NIFTY IT,6.507356141725418,5.46982758620691,6.096192038684056,2320.0,2457.4,2316.2,2446.9,11306127,REGIME_SHIFT|PINCH_ZONE,INVENTORY_MIGRATION|IV_SKEW_ACCUMULATION,TRANSITION_REGIME,LONG_GAMMA,Flip Zone,Expansion,6.3,-36.0,55.4,56.4,67000.0,-966800.0,41282.15217542382,197680.84362993273,-0.003406597645499776,0.0009747388503812959,0.6416320486982263,3.2774879814989277
2026-06-02,INFY,NIFTY IT,5.679833679833668,3.10750507099391,3.764705882352959,1232.5,1278.9,1232.5,1270.8,36032600,REGIME_SHIFT|PINCH_ZONE,REGIME_SHIFT|INVENTORY_MIGRATION|IV_SKEW_ACCUMULATION,LONG_GAMMA,LONG_GAMMA,Expansion,Expansion,-93.8,-100.0,57.9,56.4,-1928800.0,-2870000.0,326661.43151540344,500294.0140739462,-0.008480049578671822,-0.015429697943920462,8.76412187606983,11.399977808870531
2026-06-02,TATAELXSI,NIFTY IT,5.284807920239842,5.331318298070231,5.621948384096731,4301.0,4542.8,4301.0,4530.3,940780,REGIME_SHIFT|INVENTORY_MIGRATION,INVENTORY_MIGRATION,TRANSITION_REGIME,TRANSITION_REGIME,Expansion,Expansion,-2.8,11.5,53.2,59.8,-65875.0,52200.0,4612.288572646297,3146.3225912021207,0.012660904104655979,0.008507177831969581,8.414100078971941,11.049956011772643
2026-06-02,HCLTECH,NIFTY IT,4.049870303740288,2.7685950413223193,4.558309765430035,1210.0,1257.0,1202.2,1243.5,7663067,REGIME_SHIFT|PINCH_ZONE,INVENTORY_MIGRATION|IV_SKEW_ACCUMULATION,TRANSITION_REGIME,TRANSITION_REGIME,Flip Zone,Expansion,18.0,-40.7,53.6,56.5,318600.0,-914150.0,-61654.950449994445,88437.12090434824,-0.0058274137980102725,0.006102219122794239,3.581840899625166,6.217696832425867
2026-06-02,COFORGE,NIFTY IT,3.9898713386257834,3.2128786849612734,6.292749658002728,1472.2,1554.0,1462.0,1519.5,10654328,INVENTORY_MIGRATION|IV_SKEW_ACCUMULATION,,TRANSITION_REGIME,TRANSITION_REGIME,Expansion,Expansion,-10.0,8.2,60.2,59.8,-281225.0,38750.0,51616.153721085066,-9598.179747698174,0.002126141776247703,0.004182955948389966,31.946856547412317,34.58271248021302
2026-06-02,EXIDEIND,NIFTY AUTO,3.569152326322489,4.086600051242639,5.974025974025965,390.3,408.0,385.0,406.25,7426529,PINCH_ZONE|IV_SKEW_ACCUMULATION,REGIME_SHIFT|PINCH_ZONE,TRANSITION_REGIME,TRANSITION_REGIME,Support Weakening,Expansion,-37.2,17.4,55.1,56.4,-759600.0,225000.0,62916.00827497755,1948.390707346436,-0.010427396338561434,0.016675301475740645,13.145801420414971,15.781657353215673
2026-06-02,LTM,NIFTY IT,3.4698887061795247,2.8205371098375176,4.228921135043384,4222.6,4360.0,4183.1,4341.7,747291,,INVENTORY_MIGRATION|IV_SKEW_ACCUMULATION,TRANSITION_REGIME,TRANSITION_REGIME,Expansion,Expansion,7.4,1.7,61.9,59.8,45750.0,-67350.0,4991.761919987075,3676.935495835609,0.021511820530164205,-0.0028793838265878113,3.307397625336095,5.943253558136796
2026-06-02,MPHASIS,NIFTY IT,3.3412681237827258,2.7763429752066138,4.627636676711155,2323.2,2430.5,2323.0,2387.7,1126516,,INVENTORY_MIGRATION|IV_SKEW_ACCUMULATION,TRANSITION_REGIME,TRANSITION_REGIME,Dealer Controlled,Expansion,2.8,3.6,55.4,59.8,3575.0,-27500.0,373.97608171948195,2150.9669876955977,0.010447212194688915,-0.016773014544198772,4.880084336290946,7.515940269091647
2026-06-02,NMDC,NIFTY METAL,3.1828515751867403,2.7158098933074637,5.352112676056331,92.79,97.24,92.3,95.31,102137637,REGIME_SHIFT|INVENTORY_MIGRATION,,LONG_GAMMA,LONG_GAMMA,Expansion,Expansion,87.5,-100.0,60.6,61.4,1397250.0,-8943750.0,841793.4925320405,546783.2255909266,-0.018793766666487022,-0.0038411945204580578,6.9817038949377075,9.61755982773841
2026-06-02,KPITTECH,NIFTY IT,2.944917949370307,2.560040555097909,5.4916985951468655,789.05,826.0,783.0,809.25,3897702,,REGIME_SHIFT,TRANSITION_REGIME,TRANSITION_REGIME,Support Weakening,Expansion,-34.0,53.0,60.4,58.5,-712475.0,928125.0,61554.83943937346,-39721.03398463128,0.022076233787247157,-0.01738798744410308,5.295686682714207,7.931542615514909
2026-06-03,IDEA,NIFTY MEDIA & COMM,4.8728813559322015,4.724964739069115,7.32574679943101,14.18,15.09,14.06,14.85,1132162694,FLOOR_BOUNCE|INVENTORY_MIGRATION,INVENTORY_MIGRATION,LONG_GAMMA,LONG_GAMMA,Expansion,Expansion,100.0,100.0,53.6,54.4,14080575.0,127511400.0,1236115.7275399044,-1395436.3712849915,-0.0164054333052156,0.05419173314015757,37.49999999999998,40.109766652241916
2026-06-03,NHPC,NIFTY ENERGY,3.887121316917952,-0.608787718369519,2.24161073825504,75.56,76.17,74.5,75.1,170970500,INVENTORY_MIGRATION|IV_SKEW_ACCUMULATION,FLOOR_BOUNCE|REGIME_SHIFT|INVENTORY_MIGRATION,TRANSITION_REGIME,LONG_GAMMA,Expansion,Expansion,-100.0,100.0,53.5,50.0,-10754050.0,1819850.0,-518575.695252497,469604.65442372614,-0.0021404529064275035,-0.0028768326532058186,-9.703017915113632,-7.093251262871691
2026-06-03,GVT&D,NIFTY INFRA,3.838109182179461,3.437858110219816,5.989338350580109,4799.5,5070.0,4783.5,4964.5,1305674,INVENTORY_MIGRATION,REGIME_SHIFT|INVENTORY_MIGRATION,TRANSITION_REGIME,TRANSITION_REGIME,Expansion,Expansion,-4.8,6.3,51.6,53.5,-107375.0,6875.0,1349.1936916869904,2788.316139130996,0.04624916313153815,-0.0055580176482106225,8.421236541527444,11.031003193769385
2026-06-03,MANKIND,NIFTY PHARMA,3.066550674206181,2.133620689655169,4.306157279768952,2320.0,2383.5,2285.1,2369.5,1012891,INVENTORY_MIGRATION,INVENTORY_MIGRATION,TRANSITION_REGIME,TRANSITION_REGIME,Expansion,Expansion,-2.4,-0.5,57.8,46.3,-18750.0,-100725.0,-312.9036448666466,8178.721954837109,-0.003921320776794857,0.0038415674785364784,2.155636990730758,4.765403642972698
2026-06-03,DMART,NIFTY FMCG,2.7458713334976403,2.546188098108182,4.4011849344054,4064.9,4193.9,4017.1,4168.4,857620,VOLATILITY_COIL|INVENTORY_MIGRATION,INVENTORY_MIGRATION,TRANSITION_REGIME,TRANSITION_REGIME,Expansion,Expansion,-4.0,2.8,51.6,43.4,-66450.0,-36900.0,-1709.214063554493,9020.476347677295,0.007893526780316296,0.011996323323944624,-4.365980682313541,-1.7562140300716007
2026-06-03,FEDERALBNK,NIFTY PVT BANK,2.729909571745437,2.4153767647559166,4.323114019979335,293.95,302.85,290.3,301.05,15946881,REGIME_SHIFT|PINCH_ZONE,INVENTORY_MIGRATION,TRANSITION_REGIME,LONG_GAMMA,Flip Zone,Expansion,100.0,-100.0,53.6,45.7,2820000.0,-3007500.0,-132346.72033370115,135457.45317639186,0.002919132930965518,0.02249480646020291,2.887901572112095,5.497668224354035
2026-06-03,INDIANB,NIFTY PSU BANK,2.707286051723101,2.2182037371910823,4.340362923001462,829.5,851.0,815.6,847.9,2814036,,REGIME_SHIFT|INVENTORY_MIGRATION,TRANSITION_REGIME,TRANSITION_REGIME,Dealer Controlled,Expansion,3.1,6.4,54.8,45.2,-2000.0,40000.0,36273.21614090477,-4973.349301798138,-0.008762204049168276,0.040874221122931376,-0.10014727540500479,2.5096193768369357
2026-06-03,APOLLOHOSP,NIFTY PHARMA,2.4847023919896127,2.231950181885445,2.5648930266970904,8109.5,8317.5,8109.5,8290.5,724687,VOLATILITY_COIL,REGIME_SHIFT|INVENTORY_MIGRATION|IV_SKEW_ACCUMULATION,TRANSITION_REGIME,TRANSITION_REGIME,Compression,Expansion,-4.6,10.0,51.6,45.2,-81375.0,106375.0,1066.9793430691589,11203.155375398574,-0.008065349227707658,0.002872416489508589,6.67138445702522,9.28115110926716
2026-06-03,UNIONBANK,NIFTY PSU BANK,2.471108925497889,1.6401438936650248,4.328869511055733,164.01,167.5,160.55,166.7,10405094,VOLATILITY_COIL|INVENTORY_MIGRATION,,TRANSITION_REGIME,LONG_GAMMA,Expansion,Support Weakening,0.6,-45.9,52.7,45.2,13275.0,-969075.0,-27149.669864033378,151388.91066847055,1.2672480565412148e-05,0.016146371877641175,1.8077439843654508,4.417510636607391
2026-06-03,CANBK,NIFTY PSU BANK,2.145955996281357,2.0905923344947563,3.9374410562716067,129.15,132.25,127.24,131.85,38359464,REGIME_SHIFT,,TRANSITION_REGIME,LONG_GAMMA,Flip Zone,Support Weakening,-100.0,-100.0,53.0,45.2,-3638250.0,-2700000.0,141943.1934911725,314637.1292290666,-0.008446966781726295,0.022756374442612526,-1.831583649765478,0.7781830024764624
2026-06-04,FORCEMOT,NIFTY AUTO,6.227859673180203,6.391988555078676,7.55747126436781,17475.0,18715.0,17400.0,18592.0,214233,INVENTORY_MIGRATION,INVENTORY_MIGRATION,TRANSITION_REGIME,TRANSITION_REGIME,Expansion,Expansion,-3.9,10.7,43.6,49.8,-16175.0,21000.0,-95.22819391708742,735.9453789197602,0.018080147293347337,0.006721871546785885,-7.837208149506769,-4.079031834977331
2026-06-04,NAM-INDIA,NIFTY FIN SERVICE,4.759695676377795,7.023696682464453,8.341232227488149,1055.0,1143.0,1055.0,1129.1,2576570,PINCH_ZONE|IV_SKEW_ACCUMULATION,INVENTORY_MIGRATION,TRANSITION_REGIME,TRANSITION_REGIME,Dealer Controlled,Expansion,0.1,3.9,42.1,48.2,33125.0,-64375.0,-5970.161418535641,7579.429483713531,0.00596910484683244,0.017631097850224764,3.189544872966543,6.947721187495981
2026-06-04,PGEL,NIFTY CONS DURABLES,4.549793191218576,4.872340425531907,6.012387868432301,470.0,496.35,468.2,492.9,4844362,REGIME_SHIFT|IV_SKEW_ACCUMULATION,,TRANSITION_REGIME,TRANSITION_REGIME,Flip Zone,Expansion,-11.2,20.0,43.4,56.9,-156750.0,242250.0,-10973.046239241492,26653.711632155384,0.002914589510331189,0.03082261967089517,-9.476584022038569,-5.718407707509131
2026-06-04,VOLTAS,NIFTY CONS DURABLES,4.170040485829962,5.1062091503268014,7.380952380952399,1224.0,1307.9,1218.0,1286.5,3317048,REGIME_SHIFT,INVENTORY_MIGRATION,TRANSITION_REGIME,TRANSITION_REGIME,Flip Zone,Expansion,-0.3,2.6,42.1,49.7,6000.0,-88500.0,1242.4129747836414,27098.78581329305,0.011162557602395484,0.01657650640948488,-6.748332850101468,-2.99015653557203
2026-06-04,POWERINDIA,NIFTY INFRA,3.7936913895993074,2.2965971152499653,5.209800056322167,35705.0,37360.0,35510.0,36525.0,254549,VOLATILITY_COIL|REGIME_SHIFT|INVENTORY_MIGRATION,INVENTORY_MIGRATION,TRANSITION_REGIME,TRANSITION_REGIME,Expansion,Expansion,0.0,7.9,44.4,54.1,-5650.0,32525.0,682.1350431224562,3044.3597319704254,-0.004326601126377672,0.022620592332868894,9.421809466746556,13.179985781275994
2026-06-04,HYUNDAI,NIFTY AUTO,3.5362194599228403,4.454054054054057,5.351351351351341,1850.0,1949.0,1850.0,1932.4,2040045,VOLATILITY_COIL|PINCH_ZONE|IV_SKEW_ACCUMULATION,REGIME_SHIFT|INVENTORY_MIGRATION,TRANSITION_REGIME,TRANSITION_REGIME,Compression,Expansion,-2.5,5.7,42.1,49.7,-39875.0,4675.0,1764.4586049503678,7357.569876459969,0.003916220972651763,-0.0051105809375781575,5.027447143866515,8.785623458395953
2026-06-04,TITAN,NIFTY FMCG,3.4777929954999065,3.8282208588957145,5.466031636354662,4075.0,4273.8,4052.3,4231.0,1761933,VOLATILITY_COIL|REGIME_SHIFT,REGIME_SHIFT,TRANSITION_REGIME,TRANSITION_REGIME,Compression,Expansion,8.4,25.5,42.1,49.8,150850.0,365400.0,-6419.442995587102,20857.83956302001,0.0068282004150134745,0.02167331418167351,-2.949811909349487,0.808364405179951
2026-06-04,CGPOWER,NIFTY INFRA,3.4467545359289753,2.5027322404371555,4.880066170388742,915.0,951.0,906.75,937.9,8471887,VOLATILITY_COIL|REGIME_SHIFT|PINCH_ZONE,INVENTORY_MIGRATION|IV_SKEW_ACCUMULATION,TRANSITION_REGIME,TRANSITION_REGIME,Compression,Expansion,-1.1,-7.3,42.1,54.7,-17850.0,-255000.0,915.2691369247477,45043.48395243926,-0.0038891455612699577,0.00233940318984438,13.149957775364939,16.908134089894375
2026-06-04,PAGEIND,NIFTY FMCG,3.380806601890063,4.087376038595547,4.536303851831969,37310.0,38945.0,37255.0,38835.0,39453,,REGIME_SHIFT|IV_SKEW_ACCUMULATION,TRANSITION_REGIME,TRANSITION_REGIME,Dealer Controlled,Expansion,0.9,6.5,43.1,49.7,1935.0,25205.0,240.2869203528935,-79.89804252189947,0.0034848906575550287,0.001929963708617477,3.4496537027171037,7.2078300172465415
2026-06-04,INOXWIND,NIFTY ENERGY,3.3369473557402607,3.4366333051971454,6.64081434803685,82.93,88.0,82.52,85.78,21202792,,REGIME_SHIFT,TRANSITION_REGIME,TRANSITION_REGIME,Support Building,Expansion,46.2,84.2,43.2,53.3,932900.0,1493600.0,-57650.68615033233,91122.06482049682,0.01704019383427907,0.01532994599721349,-19.91410699281113,-16.155930678281692
2026-06-05,ADANIGREEN,NIFTY ENERGY,7.194547881683411,6.617749825296992,6.985525487728128,1431.0,1530.0,1430.1,1525.7,10448500,VOLATILITY_COIL,INVENTORY_MIGRATION,TRANSITION_REGIME,TRANSITION_REGIME,Compression,Expansion,2.3,26.7,43.5,48.5,54000.0,282600.0,-10361.01660722919,45331.797827208065,-0.00589401260250022,-0.008331303710687854,11.772893772893767,15.718977594546157
2026-06-05,ADANIENSOL,NIFTY ENERGY,3.881578947368425,3.3106516618686133,4.2174197773412025,1528.4,1591.4,1527.0,1579.0,5528998,INVENTORY_MIGRATION,INVENTORY_MIGRATION,TRANSITION_REGIME,TRANSITION_REGIME,Expansion,Expansion,0.3,31.5,49.3,47.9,-48600.0,484650.0,28346.96693076154,-366.95047076388437,-0.008316827331598553,0.003673198553577506,13.834618989258175,17.780702810910565
2026-06-05,FORTIS,NIFTY PHARMA,2.9766650720246535,2.3402007395668223,3.2340289947427214,946.5,972.0,941.55,968.65,1545060,REGIME_SHIFT|INVENTORY_MIGRATION,INVENTORY_MIGRATION,TRANSITION_REGIME,TRANSITION_REGIME,Expansion,Expansion,11.0,9.4,43.7,46.8,177475.0,90675.0,3529.80618074421,9446.485360073155,-0.0035836937743240482,-0.0021629333674076934,2.210615173578123,6.156698995230514
2026-06-05,KALYANKJIL,NIFTY FMCG,2.692626346313176,1.3215258855585832,3.426834323614747,367.0,374.25,361.85,371.85,8220311,REGIME_SHIFT,INVENTORY_MIGRATION,TRANSITION_REGIME,TRANSITION_REGIME,Expansion,Expansion,41.9,-80.2,43.9,46.4,718750.0,-1619250.0,9360.611325609978,90044.66654196497,0.017033252994145487,-0.0004493814874368396,-9.558555271798607,-5.6124714501462165
2026-06-05,AMBER,NIFTY CONS DURABLES,2.691348299855578,1.9817470664928338,3.8872051653709327,7670.0,7884.0,7589.0,7822.0,432111,,,TRANSITION_REGIME,TRANSITION_REGIME,Dealer Controlled,Expansion,2.8,6.6,47.9,46.4,10600.0,47000.0,4699.101989984823,17638.041975301687,-0.02706720145430641,0.03462916081319667,-11.540853830930164,-7.594770009277774
2026-06-05,RECLTD,NIFTY FIN SERVICE,2.595465393794738,2.108076009501181,3.1528851873884767,336.8,346.8,336.2,343.9,11008792,INVENTORY_MIGRATION,INVENTORY_MIGRATION,TRANSITION_REGIME,LONG_GAMMA,Expansion,Expansion,33.6,-100.0,47.4,43.0,534450.0,-2192400.0,130120.36287543757,169191.06844171789,-0.002169421576444619,-0.006274703926444636,-4.405837387074363,-0.459753565421972
2026-06-05,ADANIENT,NIFTY SERVICES,2.5363293864370196,1.8783422459893062,4.7231158874666335,2992.0,3059.8,2921.8,3048.2,5617327,IV_SKEW_ACCUMULATION,INVENTORY_MIGRATION,TRANSITION_REGIME,TRANSITION_REGIME,Dealer Controlled,Expansion,5.0,17.3,43.1,43.0,46350.0,234222.0,20980.785052213956,-2254.516437490951,-0.018167598302349264,-0.00708942290195802,21.263476150694196,25.209559972346586
2026-06-05,YESBANK,NIFTY PVT BANK,2.327624066754508,2.1034180543382908,2.992957746478875,22.82,23.4,22.72,23.3,148106091,,FLOOR_BOUNCE|REGIME_SHIFT,LONG_GAMMA,LONG_GAMMA,Support Weakening,Flip Zone,-100.0,100.0,43.5,43.0,-12751000.0,14803600.0,-75823.10068604257,1045470.458175241,-0.002181251059061362,0.02139940585284672,3.509551310528658,7.455635132181049
2026-06-05,NBCC,NIFTY REALTY,2.190622598001535,1.6826003824091718,3.4274193548387233,104.6,107.73,104.16,106.36,28253888,,,LONG_GAMMA,LONG_GAMMA,Support Building,Support Building,75.7,100.0,46.7,46.4,1384500.0,3666000.0,37165.199412914575,-2964.0241592096863,0.004060619731077297,-0.005422516433614077,9.819308208569954,13.765392030222344
2026-06-05,HINDUNILVR,NIFTY FMCG,2.024622487255945,1.6677049887382056,2.4215289813210195,2086.7,2127.5,2077.2,2121.5,1822999,INVENTORY_MIGRATION,FLOOR_BOUNCE|REGIME_SHIFT|INVENTORY_MIGRATION|IV_SKEW_ACCUMULATION,TRANSITION_REGIME,LONG_GAMMA,Expansion,Expansion,-11.3,21.0,41.3,41.6,-199800.0,322200.0,-1488.271168441017,103427.8373839923,-0.0012501176384189239,0.007832144620617376,-6.632338702578988,-2.686254880926597
2026-06-08,MAXHEALTH,NIFTY PHARMA,3.0903044256843204,4.34489901605386,5.260416666666656,965.5,1010.5,960.0,1007.45,5444557,INVENTORY_MIGRATION,REGIME_SHIFT,TRANSITION_REGIME,TRANSITION_REGIME,Expansion,Expansion,12.4,100.0,41.5,57.2,201600.0,2196600.0,19825.07567583208,-32597.01123171489,-0.008339555106450514,-0.0019339946177773792,-0.4987654320987578,3.8573872224802463
2026-06-08,FORTIS,NIFTY PHARMA,2.1111856707789256,3.505650899958135,5.276948068961906,955.6,1004.5,954.15,989.1,4402527,INVENTORY_MIGRATION,IV_SKEW_ACCUMULATION,TRANSITION_REGIME,TRANSITION_REGIME,Expansion,Support Weakening,9.4,-54.6,46.8,56.6,90675.0,-1117550.0,9446.485360073155,50265.21678431126,-0.0021629333674076934,0.023629530693728806,3.858875413450935,8.21502806802994
2026-06-08,ALKEM,NIFTY PHARMA,1.9994287346472461,2.028571428571424,4.3184233407400185,5250.0,5399.0,5175.5,5356.5,225217,REGIME_SHIFT|INVENTORY_MIGRATION,INVENTORY_MIGRATION,TRANSITION_REGIME,TRANSITION_REGIME,Expansion,Expansion,-0.2,6.1,41.4,59.3,10750.0,56625.0,-1843.5192919985802,2836.214153714205,0.0032779424546015568,0.008817030869498255,-4.0999015307492614,0.2562511238297427
2026-06-08,POWERGRID,NIFTY ENERGY,1.6278662699107382,2.5795053003533575,3.3616418966737394,283.0,292.1,282.6,290.3,8748933,VOLATILITY_COIL,INVENTORY_MIGRATION,LONG_GAMMA,LONG_GAMMA,Compression,Expansion,-100.0,25.5,39.6,55.8,-3573900.0,385700.0,202525.41447011576,330963.7000394746,-0.013354946226067893,0.015783151624089664,-7.533046663481436,-3.1768940089024316
2026-06-08,TECHM,NIFTY IT,1.3414223120997715,2.334762779933297,3.570938999314599,1469.1,1511.1,1459.0,1503.4,2467960,VOLATILITY_COIL,,TRANSITION_REGIME,TRANSITION_REGIME,Compression,Support Building,-14.4,22.7,39.7,55.0,-274200.0,391800.0,31912.26585106764,22494.709161809733,-0.0018535912236886665,0.021491988687817765,2.7614490772385647,7.117601731817569
2026-06-08,BEL,NIFTY INFRA,1.1636452719255175,3.496240601503753,4.135338345864659,399.0,415.5,399.0,412.95,12017495,IV_SKEW_ACCUMULATION,FLOOR_BOUNCE|INVENTORY_MIGRATION,LONG_GAMMA,LONG_GAMMA,Support Weakening,Expansion,-57.3,29.5,40.1,54.6,-1073025.0,493050.0,-47791.93330911058,223531.41995362728,0.0039048926107854154,0.002542626423056582,-6.083693427336822,-1.727540772757818
2026-06-08,NAUKRI,NIFTY IT,1.0875613334007772,2.246098746482472,3.6924659295448636,977.25,1008.15,972.25,999.2,1328261,PINCH_ZONE|IV_SKEW_ACCUMULATION,REGIME_SHIFT|PINCH_ZONE|IV_SKEW_ACCUMULATION,TRANSITION_REGIME,TRANSITION_REGIME,Dealer Controlled,Flip Zone,-14.9,2.9,41.9,54.6,-225050.0,22325.0,-5371.545906778745,14655.979924072948,-0.0003685304663904043,0.007530183094247078,2.1311391628762832,6.487291817455287
2026-06-08,MCX,NIFTY FIN SERVICE,1.0304114490160998,3.7780227857405535,5.282600664942749,2721.0,2850.0,2707.0,2823.8,3497131,INVENTORY_MIGRATION,INVENTORY_MIGRATION,TRANSITION_REGIME,TRANSITION_REGIME,Expansion,Expansion,-35.7,-11.5,43.1,59.2,-585375.0,-245425.0,-36726.23128880613,25120.637347023378,0.0016856778636748504,-0.0012848745773527681,-8.844986764800822,-4.488834110221818
2026-06-08,PREMIERENE,NIFTY ENERGY,0.9628738079807464,0.9722222222222188,3.594556546222427,1080.0,1103.8,1065.5,1090.5,1992512,INVENTORY_MIGRATION|IV_SKEW_ACCUMULATION,IV_SKEW_ACCUMULATION,TRANSITION_REGIME,TRANSITION_REGIME,Expansion,Support Building,-11.6,8.8,40.1,54.3,-229775.0,140800.0,14411.335497879074,-2567.51489367435,-0.003740814773438572,-0.014610404216419126,7.7995255041518385,12.155678158730844
2026-06-08,BSE,NIFTY FIN SERVICE,0.9484536082474238,2.73573770491804,4.549778059606835,3812.5,3957.0,3784.8,3916.8,3952740,INVENTORY_MIGRATION,INVENTORY_MIGRATION,TRANSITION_REGIME,TRANSITION_REGIME,Expansion,Expansion,-76.7,6.4,43.1,54.3,-1364100.0,107375.0,-20393.464810112702,28331.255447732,0.034535244315200886,-0.0021508176224639963,0.24056917643446862,4.596721831013473
2026-06-09,PIIND,NIFTY COMMODITIES,6.923306475678892,6.359925788497223,6.740947075208914,2695.0,2874.0,2692.5,2866.4,1648437,,REGIME_SHIFT|INVENTORY_MIGRATION|IV_SKEW_ACCUMULATION,TRANSITION_REGIME,TRANSITION_REGIME,Dealer Controlled,Expansion,-10.8,21.4,59.0,46.0,-166775.0,191275.0,-1606.6821068010795,28618.593148232,0.01332685445456161,0.029509140603888873,-7.260256244338037,-4.85114634483833
2026-06-09,BANKBARODA,NIFTY PSU BANK,5.593056894889092,5.126728110599088,5.299539170506917,260.4,274.2,260.4,273.75,32633870,,REGIME_SHIFT|IV_SKEW_ACCUMULATION,LONG_GAMMA,LONG_GAMMA,Support Weakening,Expansion,-100.0,100.0,59.3,49.5,-3764475.0,2079675.0,-6036.220882926136,351184.2434629969,0.011187032634051297,-0.000992220464588689,2.913533834586457,5.322643734086164
2026-06-09,BANKINDIA,NIFTY PSU BANK,5.454026270702439,5.36376604850215,5.563480741797444,140.2,148.0,140.2,147.72,22007536,REGIME_SHIFT|INVENTORY_MIGRATION,INVENTORY_MIGRATION,LONG_GAMMA,LONG_GAMMA,Expansion,Expansion,-50.1,-100.0,54.8,48.0,-930800.0,-2620800.0,46336.07536431943,289091.933524654,0.025009219600270527,0.010859772445681037,2.6831641874044188,5.0922740869041245
2026-06-09,MOTILALOFS,NIFTY FIN SERVICE,5.254825549534181,4.617805483265758,5.162500756521204,826.15,868.8,826.15,864.3,1784522,IV_SKEW_ACCUMULATION,REGIME_SHIFT,TRANSITION_REGIME,TRANSITION_REGIME,Expansion,Expansion,-11.1,11.6,59.6,49.5,-93775.0,65100.0,-15322.771035049735,21745.705783310776,0.05624528654663552,-0.027456895367058587,0.41826420355524085,2.827374103054947
2026-06-09,RBLBANK,NIFTY PVT BANK,4.652848238875196,4.034582132564846,4.639398757045821,347.0,362.0,345.95,361.0,4649319,IV_SKEW_ACCUMULATION,,LONG_GAMMA,LONG_GAMMA,Support Weakening,Expansion,-24.8,58.1,54.7,49.5,-415925.0,965200.0,-26416.486769852752,43530.30608317448,0.027248453668165973,-0.013315501119867457,6.962962962962971,9.372072862462677
2026-06-09,CANBK,NIFTY PSU BANK,4.245318777954665,4.649923896499231,4.87062404870624,131.4,137.8,131.4,137.51,57740162,,FLOOR_BOUNCE|REGIME_SHIFT,LONG_GAMMA,LONG_GAMMA,Expansion,Expansion,-100.0,100.0,55.4,46.1,-8457750.0,11954250.0,247855.22420700593,-303535.5559150886,0.020283812332609286,-0.01647454380950991,6.242756702464636,8.651866601964342
2026-06-09,INDIGO,NIFTY SERVICES,4.080556001559743,3.716571428571447,3.952,4375.0,4547.9,4375.0,4537.6,1000203,INVENTORY_MIGRATION,INVENTORY_MIGRATION|IV_SKEW_ACCUMULATION,TRANSITION_REGIME,TRANSITION_REGIME,Expansion,Expansion,-21.7,-16.0,54.7,46.1,-336900.0,-447300.0,-21079.466906199625,97945.7367885398,0.045148092837052844,-0.041226601615398095,5.540307949946532,7.949417849446238
2026-06-09,GVT&D,NIFTY INFRA,3.9418212478920633,2.7291666666666714,3.858621771410653,4800.0,4966.0,4781.5,4931.0,747212,IV_SKEW_ACCUMULATION,INVENTORY_MIGRATION,TRANSITION_REGIME,TRANSITION_REGIME,Expansion,Expansion,-6.3,5.0,57.8,49.5,61125.0,-19000.0,-5540.647394806561,2059.7849534264988,0.03410909112160426,-0.026275888437276684,11.236436644183279,13.645546543682984
2026-06-09,PAYTM,NIFTY FIN SERVICE,3.9061742754676665,3.305386913366104,3.9737020206903395,1037.7,1075.4,1034.3,1072.0,1157015,,PINCH_ZONE,TRANSITION_REGIME,TRANSITION_REGIME,Expansion,Expansion,-9.1,4.4,59.6,46.1,-76850.0,-37700.0,-38793.28903173565,61922.794813188375,0.0206813173934699,0.0038337789854643867,-10.412836369714185,-8.00372647021448
2026-06-09,BAJAJHLDNG,NIFTY FIN SERVICE,3.901499797324681,3.1696518414167763,4.154002026342463,9938.0,10280.0,9870.0,10253.0,57488,INVENTORY_MIGRATION,REGIME_SHIFT|INVENTORY_MIGRATION,TRANSITION_REGIME,TRANSITION_REGIME,Expansion,Expansion,-5.5,6.7,59.6,46.1,-11275.0,14525.0,-686.5043645673722,1573.1675915614892,0.03935392461963699,-0.04633019839030861,-1.6498800959232618,0.7592298035764444
2026-06-10,NESTLEIND,NIFTY FMCG,1.9781622234826823,1.6610121571953629,3.2356489037110636,1414.8,1454.9,1409.3,1438.3,2288648,REGIME_SHIFT|IV_SKEW_ACCUMULATION,INVENTORY_MIGRATION|IV_SKEW_ACCUMULATION,TRANSITION_REGIME,TRANSITION_REGIME,Flip Zone,Expansion,0.2,-11.4,41.4,55.9,-21500.0,-290500.0,31730.12476680147,33059.16039923947,-0.010758863670119467,-0.005298479035529657,-2.0631894321122113,-1.3591553510456489
2026-06-10,SHREECEM,NIFTY COMMODITIES,1.8577834721332565,1.8577834721332565,3.5852297123228904,23415.0,24125.0,23290.0,23850.0,55011,,REGIME_SHIFT|INVENTORY_MIGRATION,TRANSITION_REGIME,TRANSITION_REGIME,Dealer Controlled,Expansion,-1.1,2.8,47.2,55.9,-6650.0,-1850.0,141.1410395856127,367.3078563835347,-0.0038801220882524468,-0.015986134044484568,-4.0627514078841465,-3.358717326817584
2026-06-10,HINDUNILVR,NIFTY FMCG,1.720742685671417,1.6206848095929427,3.3466135458167345,2134.9,2204.9,2133.5,2169.5,2325534,INVENTORY_MIGRATION|IV_SKEW_ACCUMULATION,,LONG_GAMMA,LONG_GAMMA,Expansion,Resistance Weakening,-1.7,40.5,41.7,55.1,-72900.0,684900.0,60900.82402320951,29743.248139243922,0.008960579648662564,-0.011132950561359461,-4.089301503094611,-3.3852674220280488
2026-06-10,AXISBANK,NIFTY PVT BANK,1.7099969049829689,2.415270744059206,3.350214257888595,1283.5,1326.5,1283.5,1314.5,12262606,FLOOR_BOUNCE|REGIME_SHIFT|PINCH_ZONE|IV_SKEW_ACCUMULATION,FLOOR_BOUNCE|REGIME_SHIFT|PINCH_ZONE,LONG_GAMMA,LONG_GAMMA,Flip Zone,Flip Zone,13.8,64.6,44.1,55.0,188750.0,1138125.0,124823.55752078374,191705.1191032757,-0.009933331666988676,-0.004864352019795903,4.317117689072303,5.021151770138865
2026-06-10,KOTAKBANK,NIFTY PVT BANK,1.676709457689296,1.9973718791064465,2.81208935611037,380.5,391.2,380.5,388.1,21427363,,FLOOR_BOUNCE|REGIME_SHIFT|INVENTORY_MIGRATION,LONG_GAMMA,LONG_GAMMA,Support Weakening,Expansion,-29.1,100.0,43.1,54.8,-628000.0,2712000.0,260692.98022536558,221263.22011406126,-0.007841519947700326,-0.004868147050440752,3.218085106382995,3.9221191874495576
2026-06-10,PIDILITIND,NIFTY COMMODITIES,1.6668916183020688,1.4478114478114534,3.567334277429346,1485.0,1535.8,1482.9,1506.5,1866212,REGIME_SHIFT|INVENTORY_MIGRATION|IV_SKEW_ACCUMULATION,REGIME_SHIFT|PINCH_ZONE,TRANSITION_REGIME,TRANSITION_REGIME,Expansion,Flip Zone,2.2,-7.0,43.0,54.8,-1500.0,-191000.0,3118.728173835818,14738.548171837196,0.00078780562038544,0.013207462891500044,3.682037164487273,4.386071245553835
2026-06-10,SRF,NIFTY COMMODITIES,1.654521118381913,1.3004816598740199,2.067432382363843,2699.0,2754.8,2699.0,2734.1,482986,REGIME_SHIFT|PINCH_ZONE,PINCH_ZONE|IV_SKEW_ACCUMULATION,TRANSITION_REGIME,TRANSITION_REGIME,Flip Zone,Dealer Controlled,-1.5,-5.3,41.1,54.8,-43000.0,-153800.0,-2723.7435061552387,17700.9054431005,-0.002627640396872355,0.00382476039133417,0.47405556372188684,1.1780896447884492
2026-06-10,COLPAL,NIFTY FMCG,1.6259760798655876,1.580793360667898,3.739564293829978,2024.3,2100.0,2024.3,2056.3,1111107,IV_SKEW_ACCUMULATION,INVENTORY_MIGRATION,TRANSITION_REGIME,TRANSITION_REGIME,Dealer Controlled,Expansion,1.8,1.8,42.4,54.8,9700.0,-30650.0,-2054.7671102042423,15015.866041352949,0.0035513679054777203,0.006879910432908587,-3.2420478072651804,-2.538013726198618
2026-06-10,ICICIBANK,NIFTY PVT BANK,1.4352941176470457,1.7305120742546976,2.729489498938098,1271.3,1306.0,1271.3,1293.3,25951584,FLOOR_BOUNCE,FLOOR_BOUNCE|REGIME_SHIFT|INVENTORY_MIGRATION,LONG_GAMMA,LONG_GAMMA,Support Building,Expansion,87.7,100.0,44.1,53.6,1568700.0,3103100.0,225458.78093732672,-85616.86734096042,0.0010475256771739494,6.226207302076348e-05,4.2731597194227255,4.977193800489288
2026-06-10,GODREJCP,NIFTY FMCG,1.4212396367943025,0.9430255402750332,2.9106029106028997,1018.0,1039.5,1010.1,1027.6,1601364,REGIME_SHIFT|IV_SKEW_ACCUMULATION,IV_SKEW_ACCUMULATION,TRANSITION_REGIME,TRANSITION_REGIME,Flip Zone,Resistance Weakening,3.9,17.1,43.0,53.7,25000.0,282500.0,18762.731164827754,2268.2243692587435,-0.01674467929067852,0.0031581027271859186,-0.25237817899438353,0.45165590207217887
2026-06-11,HYUNDAI,NIFTY AUTO,2.596509783183487,2.923076923076917,4.723564143853998,1885.0,1951.0,1863.0,1940.1,933453,REGIME_SHIFT|PINCH_ZONE|IV_SKEW_ACCUMULATION,INVENTORY_MIGRATION,TRANSITION_REGIME,TRANSITION_REGIME,Flip Zone,Expansion,0.2,-2.1,52.8,56.1,15950.0,-118525.0,-1250.389838977746,9525.742846048091,0.001966867597368971,-0.008933513922430858,4.677889284558101,5.749961587506092
2026-06-11,TORNTPHARM,NIFTY PHARMA,2.430718910321028,2.2497540030414154,4.071223849608452,4471.6,4611.5,4431.1,4572.2,830928,,INVENTORY_MIGRATION|IV_SKEW_ACCUMULATION,TRANSITION_REGIME,TRANSITION_REGIME,Dealer Controlled,Expansion,-0.1,2.5,58.0,56.1,1750.0,-34375.0,1846.183510535946,6073.266795182051,-0.0013576933325983864,-0.011526530460810092,6.434191535918798,7.506263838866789
2026-06-11,IDEA,NIFTY MEDIA & COMM,2.089337175792494,2.8301886792452935,5.53532410779316,13.78,14.49,13.73,14.17,802424304,,INVENTORY_MIGRATION,LONG_GAMMA,LONG_GAMMA,Support Weakening,Expansion,-100.0,100.0,59.6,59.6,-64684875.0,49317750.0,-5602381.198821429,8223029.065194353,-0.0023050804279906023,-0.01618486423304044,10.444271239282932,11.516343542230922
2026-06-11,VEDL,NIFTY METAL,1.8710324089542096,3.338417217420764,5.874316939890711,295.05,310.0,292.8,304.9,21784565,REGIME_SHIFT|INVENTORY_MIGRATION,,TRANSITION_REGIME,LONG_GAMMA,Expansion,Support Weakening,-100.0,-60.3,59.6,58.4,-2176950.0,-1240850.0,-61482.00597458641,245006.0816302215,-0.00561488596542975,-0.01449192661991261,-5.705891448894396,-4.633819145946405
2026-06-11,ICICIBANK,NIFTY PVT BANK,1.8325214567385784,2.3707734162456306,3.6144578313253017,1286.5,1333.0,1286.5,1317.0,35919374,FLOOR_BOUNCE|REGIME_SHIFT|INVENTORY_MIGRATION,FLOOR_BOUNCE|REGIME_SHIFT|INVENTORY_MIGRATION|IV_SKEW_ACCUMULATION,LONG_GAMMA,LONG_GAMMA,Expansion,Expansion,100.0,64.2,53.6,56.1,3103100.0,1118600.0,-85616.86734096042,82038.72092826897,6.226207302076348e-05,-0.008537808833089966,6.587892521851746,7.6599648247997365
2026-06-11,M&M,NIFTY AUTO,1.6392887383573251,2.419795221843013,3.8546407392083815,2930.0,3012.2,2900.4,3000.9,3177902,PINCH_ZONE,REGIME_SHIFT|INVENTORY_MIGRATION|IV_SKEW_ACCUMULATION,TRANSITION_REGIME,TRANSITION_REGIME,Support Weakening,Expansion,-19.0,34.4,52.8,59.6,-324000.0,600000.0,-6379.3049514488375,9572.208991586333,0.008411760449686223,-0.007956793558376585,-3.563853718105281,-2.4917814151572903
2026-06-11,KOTAKBANK,NIFTY PVT BANK,1.3527441381087302,1.9041450777202096,3.9916785853594927,386.0,399.9,384.55,393.35,16135289,FLOOR_BOUNCE|REGIME_SHIFT|INVENTORY_MIGRATION,FLOOR_BOUNCE|REGIME_SHIFT,LONG_GAMMA,LONG_GAMMA,Expansion,Flip Zone,100.0,47.9,54.8,53.8,2712000.0,850000.0,221263.22011406126,154453.74042955134,-0.004868147050440752,0.01542035452173035,4.157288494637901,5.229360797585891
2026-06-11,MANAPPURAM,NIFTY FIN SERVICE,1.3183000867302619,2.3838737949167355,3.8577242965846636,285.25,293.45,282.55,292.05,6526468,INVENTORY_MIGRATION,PINCH_ZONE,TRANSITION_REGIME,TRANSITION_REGIME,Expansion,Support Weakening,-100.0,-48.5,54.5,53.8,-3240000.0,-972000.0,-3497.8141623402335,87432.91384409029,0.023044210778771113,-0.0033812750074608267,-5.638126009693045,-4.566053706745055
2026-06-11,MCX,NIFTY FIN SERVICE,1.2756031780742028,2.3499079189686967,3.140337281818506,2715.0,2795.0,2709.9,2778.8,1827023,,REGIME_SHIFT,TRANSITION_REGIME,TRANSITION_REGIME,Expansion,Flip Zone,-37.9,10.6,59.8,59.6,-636100.0,168100.0,-17310.82648022277,2245.557393062467,-0.0026467300289937934,-0.015515083794244544,-13.276324823668928,-12.204252520720937
2026-06-11,LUPIN,NIFTY PHARMA,1.1614453542186043,1.1614453542186043,1.7718813996972838,2247.2,2286.0,2246.2,2273.3,1038391,PINCH_ZONE,PINCH_ZONE,TRANSITION_REGIME,TRANSITION_REGIME,Dealer Controlled,Dealer Controlled,-8.5,-2.7,52.8,53.8,-139400.0,-90950.0,-5266.29744142649,33921.58630678599,-0.00011122717377851088,0.002058437982761452,2.6042606968767146,3.676332999824705
2026-06-12,ASHOKLEY,NIFTY AUTO,10.008659258190189,6.444630638179016,7.533286615276813,143.22,153.45,142.7,152.45,69272916,,FLOOR_BOUNCE|REGIME_SHIFT|INVENTORY_MIGRATION,LONG_GAMMA,LONG_GAMMA,Support Weakening,Expansion,-100.0,100.0,54.5,60.4,-11720000.0,45130000.0,-305685.96101668995,1208793.8417035427,0.024340631775031096,-0.04714167768836408,-1.224569133082809,-0.9430109809823173
2026-06-12,INOXWIND,NIFTY ENERGY,8.54500616522813,6.060240963855423,7.3727681282643065,83.0,88.4,82.33,88.03,21229167,,REGIME_SHIFT|INVENTORY_MIGRATION,SHORT_GAMMA,LONG_GAMMA,Support Weakening,Expansion,-66.3,100.0,59.6,62.8,-1185175.0,1833450.0,-150174.17642693862,666687.4786270517,-0.0013043650288666608,-0.013123246983410386,-9.796085664514809,-9.514527512414318
2026-06-12,CHOLAFIN,NIFTY FIN SERVICE,7.780603477902259,5.284006982677569,6.235690235690239,1489.4,1577.6,1485.0,1568.1,3265447,PINCH_ZONE,REGIME_SHIFT|INVENTORY_MIGRATION,TRANSITION_REGIME,TRANSITION_REGIME,Dealer Controlled,Expansion,-9.4,44.9,53.1,62.2,-143750.0,621250.0,-5858.880717726489,41391.11293022923,0.0030627784334645858,0.01145255922967564,0.06381213706847522,0.34537028916896695
2026-06-12,SHRIRAMFIN,NIFTY FIN SERVICE,7.751763046544435,5.1707048458149885,6.3775510204081565,908.0,959.1,901.6,954.95,9760441,INVENTORY_MIGRATION,REGIME_SHIFT|INVENTORY_MIGRATION,TRANSITION_REGIME,LONG_GAMMA,Expansion,Expansion,-55.4,100.0,53.1,62.1,-1020525.0,2873475.0,-10722.434997172692,125950.87710653279,0.016811484183586578,-0.042239983309230844,2.1227676184365274,2.404325770537019
2026-06-12,LTF,NIFTY FIN SERVICE,7.415336706889852,4.923954372623562,5.343221144704313,263.0,277.0,262.95,275.95,7369154,INVENTORY_MIGRATION,FLOOR_BOUNCE|INVENTORY_MIGRATION,TRANSITION_REGIME,LONG_GAMMA,Expansion,Expansion,-48.4,100.0,59.3,58.8,-882000.0,3624750.0,-6266.549113322981,174418.07005627116,-0.029843224470932905,-0.014535388202489785,-1.9018841094916583,-1.6203259573911666
2026-06-12,MOTILALOFS,NIFTY FIN SERVICE,6.83621933621934,3.948753948753958,4.230791737374906,854.7,890.6,854.45,888.45,3169428,,INVENTORY_MIGRATION|IV_SKEW_ACCUMULATION,TRANSITION_REGIME,TRANSITION_REGIME,Dealer Controlled,Expansion,-3.0,22.7,60.3,58.8,-23250.0,224750.0,-5790.881058630386,43762.5867816199,-0.02037737420612956,0.0013444492857805912,4.25369631541892,4.535254467519412
2026-06-12,ABCAPITAL,NIFTY FIN SERVICE,6.387403446226969,3.88743835219032,5.08920737057621,344.7,359.3,341.9,358.1,3057116,INVENTORY_MIGRATION,REGIME_SHIFT|INVENTORY_MIGRATION,TRANSITION_REGIME,TRANSITION_REGIME,Expansion,Expansion,-63.3,100.0,54.5,58.8,-1153200.0,3146500.0,-17163.449812806604,81858.76821656391,0.02080034551820764,-0.021338545346981153,2.416702416702421,2.6982605688029127
2026-06-12,HINDPETRO,NIFTY OIL & GAS,6.343997812414548,2.96531638866826,5.134408602150553,377.7,391.1,372.0,388.9,14100531,,REGIME_SHIFT,TRANSITION_REGIME,TRANSITION_REGIME,Support Weakening,Expansion,-41.5,78.6,59.6,58.8,-720900.0,1293975.0,-30212.641479564474,99153.28507405316,0.006057993503843728,-0.025358764329027617,3.006224341146857,3.2877824932473487
2026-06-12,TIINDIA,NIFTY AUTO,5.5960743454441575,4.726666666666679,5.7399999999999896,3000.0,3172.2,3000.0,3141.8,260594,INVENTORY_MIGRATION,IV_SKEW_ACCUMULATION,TRANSITION_REGIME,TRANSITION_REGIME,Expansion,Expansion,-7.8,10.7,59.8,62.2,-67600.0,41000.0,-1741.4901737850814,8539.228100595425,0.02053004442404044,-0.056869991238410744,12.175092830619816,12.456650982720308
2026-06-12,BPCL,NIFTY OIL & GAS,5.587567661952164,3.1559194814056557,3.845496496325418,293.1,303.8,292.55,302.35,11278769,INVENTORY_MIGRATION,REGIME_SHIFT|INVENTORY_MIGRATION,TRANSITION_REGIME,LONG_GAMMA,Expansion,Expansion,67.8,10.2,54.2,58.8,1321275.0,-1975.0,-107222.02369211012,185742.37017004917,-0.005144417688564773,0.038150014125943876,2.491525423728813,2.773083575829305
2026-06-15,KALYANKJIL,NIFTY FMCG,11.094996374184184,8.806818181818187,10.18663627297336,352.0,386.7,350.95,383.0,39244670,,REGIME_SHIFT|INVENTORY_MIGRATION,TRANSITION_REGIME,TRANSITION_REGIME,Expansion,Expansion,-5.5,100.0,58.7,61.4,-234525.0,5706025.0,70220.81195348254,31511.56019105643,-0.0693419856601436,0.07189991979423704,8.483217674550335,7.593332505264904
2026-06-15,HDFCAMC,NIFTY FIN SERVICE,6.799951138075655,4.916000000000009,5.53021208483393,2500.0,2637.2,2499.0,2622.9,2029867,REGIME_SHIFT|IV_SKEW_ACCUMULATION,INVENTORY_MIGRATION|IV_SKEW_ACCUMULATION,TRANSITION_REGIME,TRANSITION_REGIME,Expansion,Expansion,7.0,9.1,57.2,61.4,51600.0,-30900.0,6031.031945370909,32874.05880263383,-0.007495360574917953,0.0044311228682748505,-2.9813205104494145,-3.871205679734846
2026-06-15,UNOMINDA,NIFTY AUTO,6.429044152406171,4.366771741145947,6.178254783014481,1078.6,1137.7,1071.5,1125.7,1344806,INVENTORY_MIGRATION,REGIME_SHIFT|INVENTORY_MIGRATION|IV_SKEW_ACCUMULATION,TRANSITION_REGIME,TRANSITION_REGIME,Expansion,Expansion,-8.6,20.8,57.6,59.9,-140250.0,208450.0,6153.7262794462995,14193.714067705416,0.005798842682823824,0.05124932205226479,0.34765555357461064,-0.5422296157108208
2026-06-15,LTF,NIFTY FIN SERVICE,6.269251676028276,3.658536585365857,5.294846821321042,282.9,297.3,282.35,293.25,13734537,FLOOR_BOUNCE|INVENTORY_MIGRATION,FLOOR_BOUNCE|REGIME_SHIFT|INVENTORY_MIGRATION,LONG_GAMMA,LONG_GAMMA,Expansion,Expansion,100.0,57.9,58.8,58.0,3624750.0,904500.0,174418.07005627116,78211.55461618127,-0.014535388202489785,0.024756747239230825,4.452359750667845,3.5624745813824132
2026-06-15,PRESTIGE,NIFTY REALTY,6.141425791105037,4.063604240282692,6.269727403156389,1415.0,1481.4,1394.0,1472.5,1205499,IV_SKEW_ACCUMULATION,INVENTORY_MIGRATION|IV_SKEW_ACCUMULATION,TRANSITION_REGIME,TRANSITION_REGIME,Expansion,Expansion,11.8,23.1,58.8,61.4,87750.0,257850.0,13040.134891880058,16517.10156793551,-0.026933519325919475,0.02508961309675628,9.70794218447324,8.818057015187808
2026-06-15,MOTILALOFS,NIFTY FIN SERVICE,5.740334290055715,3.812365324051048,4.7120708748615625,904.95,945.55,903.0,939.45,2438845,INVENTORY_MIGRATION|IV_SKEW_ACCUMULATION,REGIME_SHIFT|INVENTORY_MIGRATION|IV_SKEW_ACCUMULATION,TRANSITION_REGIME,TRANSITION_REGIME,Expansion,Expansion,22.7,58.5,58.8,60.9,224750.0,951700.0,43762.5867816199,-2214.6337923999963,0.0013444492857805912,-0.00877068660111091,11.40163642831733,10.511751259031898
2026-06-15,CHOLAFIN,NIFTY FIN SERVICE,5.452458389133352,2.7080745341614865,3.5276550737261214,1610.0,1664.0,1607.3,1653.6,4372229,REGIME_SHIFT|INVENTORY_MIGRATION,INVENTORY_MIGRATION,TRANSITION_REGIME,TRANSITION_REGIME,Expansion,Expansion,44.9,41.9,62.2,58.1,621250.0,642500.0,41391.11293022923,-11251.026394283017,0.01145255922967564,0.026454191018825346,6.939145055939977,6.0492598866545455
2026-06-15,TRENT,NIFTY FMCG,5.29161978731898,3.9336509869952963,5.488482069286715,2791.3,2944.5,2791.3,2901.1,2230325,INVENTORY_MIGRATION,REGIME_SHIFT|INVENTORY_MIGRATION,TRANSITION_REGIME,TRANSITION_REGIME,Expansion,Expansion,5.3,30.6,56.1,58.1,55800.0,399375.0,10041.630270954294,21437.33222112838,-0.00859054312241525,-0.018367372998984388,-29.263891936703,-30.153777105988432
2026-06-15,PHOENIXLTD,NIFTY REALTY,5.080791989076028,3.2941834451901686,5.377257032886162,1788.0,1861.7,1766.7,1846.9,661437,,INVENTORY_MIGRATION|IV_SKEW_ACCUMULATION,TRANSITION_REGIME,TRANSITION_REGIME,Dealer Controlled,Expansion,-0.9,12.9,59.7,61.4,-59850.0,96950.0,9375.036392409133,7210.89146606869,-0.007598654982361952,0.004314212017262675,6.235260281852173,5.3453751125667415
2026-06-15,SHRIRAMFIN,NIFTY FIN SERVICE,4.785590868631862,-0.4328358208955274,2.1761133603238836,1005.0,1009.5,988.0,1000.65,12251483,REGIME_SHIFT|INVENTORY_MIGRATION,REGIME_SHIFT|INVENTORY_MIGRATION,LONG_GAMMA,LONG_GAMMA,Expansion,Expansion,100.0,7.5,62.1,58.0,2873475.0,-4125.0,125950.87710653279,65378.6994055415,-0.042239983309230844,0.055316169504399104,6.6904787290756,5.800593559790168
2026-06-16,PGEL,NIFTY CONS DURABLES,7.03125,6.62017384273299,8.18921668362156,494.7,531.75,491.5,527.45,13020553,INVENTORY_MIGRATION,INVENTORY_MIGRATION|IV_SKEW_ACCUMULATION,TRANSITION_REGIME,TRANSITION_REGIME,Expansion,Expansion,-10.3,100.0,59.5,49.2,-247000.0,2055800.0,41415.55257709493,10425.806788435686,0.00732050627936065,0.022911670840972898,15.013083296990848,13.578830793285768
2026-06-16,COFORGE,NIFTY IT,4.442067736185384,3.162194520740891,4.5050174364813955,1419.9,1468.4,1405.1,1464.8,4085487,REGIME_SHIFT|INVENTORY_MIGRATION,INVENTORY_MIGRATION,TRANSITION_REGIME,TRANSITION_REGIME,Expansion,Expansion,19.5,8.7,56.1,45.8,293100.0,9425.0,36252.11699668235,53991.88764666513,-0.01762027164875002,-0.002494223730440781,8.65662784659893,7.22237534289385
2026-06-16,SUZLON,NIFTY ENERGY,4.228900485873677,3.207412687099076,9.907235621521338,56.12,59.24,53.9,57.92,292441954,,,LONG_GAMMA,LONG_GAMMA,Support Weakening,Expansion,-100.0,-100.0,58.6,50.3,-2787950.0,-10650475.0,185098.48486247007,1624905.4544984987,0.02346802683231819,-0.005208457235998443,8.769953051643187,7.3357005479381066
2026-06-16,HCLTECH,NIFTY IT,3.54685964442063,1.5775635407537347,2.145054945054947,1141.0,1161.9,1137.5,1159.0,8343470,,REGIME_SHIFT|INVENTORY_MIGRATION|IV_SKEW_ACCUMULATION,TRANSITION_REGIME,LONG_GAMMA,Dealer Controlled,Expansion,-5.7,-7.3,58.6,45.8,-139100.0,-311250.0,37827.27735501457,172747.95916125638,0.0014385692587000065,0.0010081840338462267,1.0814582243153792,-0.352794279389701
2026-06-16,SBICARD,NIFTY FIN SERVICE,3.453153602928949,3.298438019275518,4.133743657988864,601.8,626.0,601.15,621.65,1960494,REGIME_SHIFT|INVENTORY_MIGRATION,REGIME_SHIFT|INVENTORY_MIGRATION,TRANSITION_REGIME,LONG_GAMMA,Expansion,Expansion,66.5,2.0,58.7,45.8,1214400.0,-86400.0,-21788.480068364588,136710.04966771157,-0.009750452555063571,-0.0008299083630048387,-0.3766025641025683,-1.8108550678076485
2026-06-16,PRESTIGE,NIFTY REALTY,3.3005093378607686,2.9161028416779367,4.571897885155041,1478.0,1527.9,1461.1,1521.1,1398862,INVENTORY_MIGRATION|IV_SKEW_ACCUMULATION,INVENTORY_MIGRATION,TRANSITION_REGIME,TRANSITION_REGIME,Expansion,Expansion,23.1,1.0,61.4,49.2,257850.0,-79650.0,16517.10156793551,18617.69508588373,0.02508961309675628,-0.0013424092315790226,13.286661205034612,11.852408701329532
2026-06-16,KAYNES,NIFTY INFRA,3.0985367119820806,1.7092375648166014,3.9588027035725837,3124.2,3230.0,3107.0,3177.6,1322073,VOLATILITY_COIL|IV_SKEW_ACCUMULATION,,TRANSITION_REGIME,TRANSITION_REGIME,Compression,Expansion,0.4,4.7,54.2,48.3,2200.0,-3200.0,283.4398122811572,24358.43872640448,0.019663275012933412,-0.0025164701039304127,1.9049451606696133,0.4706926569645331
2026-06-16,ICICIGI,NIFTY FIN SERVICE,2.8545066605155434,2.8367158671586568,3.3487297921477976,1734.4,1790.0,1732.0,1783.6,389087,IV_SKEW_ACCUMULATION,,TRANSITION_REGIME,TRANSITION_REGIME,Support Building,Expansion,10.7,16.0,56.0,47.9,140400.0,221975.0,6667.1059769406365,9115.745496248157,0.009458419652039807,-0.02035626148825176,-1.6216216216216273,-3.0558741253267074
2026-06-16,LTM,NIFTY IT,2.791246568665162,2.211734693877543,2.4476149153926707,3920.0,4014.0,3918.1,4006.7,513655,PINCH_ZONE,REGIME_SHIFT|PINCH_ZONE|IV_SKEW_ACCUMULATION,TRANSITION_REGIME,TRANSITION_REGIME,Dealer Controlled,Expansion,1.6,9.8,54.1,44.5,-9300.0,102900.0,4592.313971786738,6647.2478732284135,-0.006543697211797261,-0.008046804169930755,-1.6664212438030734,-3.1006737475081536
2026-06-16,BANDHANBNK,NIFTY PVT BANK,2.7788315629742044,1.717664726863144,5.122891566265064,213.08,218.13,207.5,216.74,14775474,,INVENTORY_MIGRATION|IV_SKEW_ACCUMULATION,LONG_GAMMA,LONG_GAMMA,Expansion,Expansion,-45.6,-14.1,60.4,44.6,-993600.0,-378000.0,244172.21180957434,189602.95245604066,0.03486000293531988,0.0012071181396156039,13.869916990648324,12.435664486943244
2026-06-17,TRENT,NIFTY FMCG,7.0743322520532725,6.8089500860585295,7.2289156626506035,2905.0,3115.0,2905.0,3102.8,5645225,,INVENTORY_MIGRATION,TRANSITION_REGIME,TRANSITION_REGIME,Dealer Controlled,Expansion,-8.7,61.4,41.2,46.4,-138450.0,877275.0,31074.672479265428,-60727.724672437136,-0.005449764929808643,0.013993486199058602,-23.75663455867898,-25.73690384481668
2026-06-17,BDL,NIFTY INFRA,5.91089188970646,5.928022644561248,6.59849038227418,1236.5,1313.4,1232.1,1309.8,2460322,INVENTORY_MIGRATION|IV_SKEW_ACCUMULATION,REGIME_SHIFT|INVENTORY_MIGRATION|IV_SKEW_ACCUMULATION,TRANSITION_REGIME,TRANSITION_REGIME,Expansion,Expansion,19.1,52.4,46.7,46.3,295050.0,811875.0,5969.4844805337925,-9218.072733134977,0.0030627305512274106,0.022785987308807987,-0.15246226558927045,-2.132731551726974
2026-06-17,GVT&D,NIFTY INFRA,5.746536685479731,5.153061224489797,5.664999489639677,4900.0,5176.0,4898.5,5152.5,887332,INVENTORY_MIGRATION|IV_SKEW_ACCUMULATION,INVENTORY_MIGRATION,TRANSITION_REGIME,TRANSITION_REGIME,Expansion,Expansion,2.6,7.1,44.4,46.4,11375.0,-34250.0,1079.3870083894167,5598.271639472943,-0.01833483296602173,0.027437626992931174,17.494812213531574,15.51454292739387
2026-06-17,YESBANK,NIFTY PVT BANK,5.1067392214315666,5.062761506276159,6.52719665271968,23.9,25.46,23.9,25.11,394351584,REGIME_SHIFT|IV_SKEW_ACCUMULATION,REGIME_SHIFT|INVENTORY_MIGRATION,LONG_GAMMA,LONG_GAMMA,Flip Zone,Expansion,-100.0,100.0,43.3,50.7,-17820300.0,139545700.0,-861351.0806026366,-1745596.967672998,0.004679005312874407,0.0231985840514623,14.292216659080559,12.311947372942855
2026-06-17,DIXON,NIFTY CONS DURABLES,4.887617490805063,4.121703853955383,4.567951318458419,12325.0,12888.0,12325.0,12833.0,1686325,REGIME_SHIFT|PINCH_ZONE,INVENTORY_MIGRATION|IV_SKEW_ACCUMULATION,TRANSITION_REGIME,TRANSITION_REGIME,Flip Zone,Expansion,6.0,41.8,44.1,49.8,22550.0,600700.0,6555.019936348497,-15974.453035704128,-0.0020683646250366783,-0.018111685631627406,16.156770456191172,14.176501170053468
2026-06-17,HAL,NIFTY INFRA,4.809906480567694,4.302583888694023,5.035128805620603,4276.5,4485.0,4270.0,4460.5,1421845,INVENTORY_MIGRATION,REGIME_SHIFT|INVENTORY_MIGRATION,TRANSITION_REGIME,TRANSITION_REGIME,Expansion,Expansion,-15.8,39.3,41.1,46.3,-274650.0,580800.0,4951.89920492244,13568.545416714805,-0.009548310846798747,0.005013483521417839,2.9377827010061974,0.9575134148684938
2026-06-17,COCHINSHIP,NIFTY INFRA,4.791841296451538,4.704075935231722,5.78870190629146,1432.8,1515.0,1432.1,1500.2,2340067,IV_SKEW_ACCUMULATION,REGIME_SHIFT|INVENTORY_MIGRATION|IV_SKEW_ACCUMULATION,TRANSITION_REGIME,TRANSITION_REGIME,Dealer Controlled,Expansion,-5.8,15.4,41.8,46.3,-152000.0,149600.0,7749.049481792805,14749.009187999603,0.006731044502961581,0.018687662318557008,0.7116004296455536,-1.26866885649215
2026-06-17,KEI,NIFTY INFRA,4.771187227327589,3.931860036832413,4.851677294150258,5430.0,5673.0,5410.5,5643.5,440733,INVENTORY_MIGRATION|IV_SKEW_ACCUMULATION,INVENTORY_MIGRATION,TRANSITION_REGIME,TRANSITION_REGIME,Expansion,Expansion,-3.1,15.3,41.2,49.7,-18900.0,147175.0,-1466.0616155380449,1396.4810112146442,-0.0013845501799638615,-0.04811361735785691,11.040059814260994,9.05979052812329
2026-06-17,BLUESTARCO,NIFTY CONS DURABLES,4.576292093252743,3.7698898408812687,4.711721095521115,1634.0,1709.0,1632.1,1695.6,1266953,INVENTORY_MIGRATION,REGIME_SHIFT|INVENTORY_MIGRATION,TRANSITION_REGIME,TRANSITION_REGIME,Expansion,Expansion,-6.4,7.9,41.1,46.3,-140400.0,6825.0,10004.129908988016,4818.561720035737,0.0011064702338315358,0.049147430881427034,0.8085612366230732,-1.1717080495146304
2026-06-17,KFINTECH,NIFTY FIN SERVICE,4.2587757470264,2.096590909090912,4.4217097277613915,880.0,903.3,865.05,898.45,2369203,REGIME_SHIFT|IV_SKEW_ACCUMULATION,REGIME_SHIFT|INVENTORY_MIGRATION,TRANSITION_REGIME,TRANSITION_REGIME,Flip Zone,Expansion,27.4,-8.1,43.7,46.3,474550.0,-286900.0,-8901.941646891646,38277.83740242388,0.027191434852091356,0.010949450518695891,8.942645810597782,6.962376524460078
2026-06-18,MAXHEALTH,NIFTY PHARMA,6.266140427812683,6.002721881986983,6.7316122747199225,1028.7,1095.6,1026.5,1090.45,6871544,VOLATILITY_COIL,INVENTORY_MIGRATION|IV_SKEW_ACCUMULATION,TRANSITION_REGIME,TRANSITION_REGIME,Compression,Expansion,10.3,81.9,41.4,46.1,192675.0,1348725.0,-19308.10046688978,-56382.375269786644,0.008223716747266185,0.017409307686471864,1.371200148740348,-0.7802010093812983
2026-06-18,NYKAA,NIFTY FMCG,6.104289019398479,5.540803682067641,7.789212207239182,282.45,303.75,281.8,298.1,36124206,REGIME_SHIFT,FLOOR_BOUNCE|REGIME_SHIFT|INVENTORY_MIGRATION|IV_SKEW_ACCUMULATION,LONG_GAMMA,LONG_GAMMA,Expansion,Expansion,100.0,100.0,50.5,46.1,2596875.0,5550000.0,115183.98288018961,-38617.963740872336,-0.01091534424794488,0.0035944024497882587,9.074277350896454,6.922876192774807
2026-06-18,ADANIPOWER,NIFTY ENERGY,4.614337568058069,4.614337568058069,5.834092980856864,220.4,232.2,219.4,230.57,49545386,REGIME_SHIFT|INVENTORY_MIGRATION,REGIME_SHIFT|INVENTORY_MIGRATION,LONG_GAMMA,LONG_GAMMA,Expansion,Expansion,-100.0,100.0,41.3,49.5,-4675350.0,8867900.0,61138.510661787586,208712.09485047788,-0.02164502289954784,0.011471750592467966,4.690337813294576,2.5389366551729298
2026-06-18,CDSL,NIFTY FIN SERVICE,4.609187388643576,4.536305929710482,8.363072148952666,1291.8,1396.8,1289.0,1350.4,9899144,REGIME_SHIFT|INVENTORY_MIGRATION|IV_SKEW_ACCUMULATION,INVENTORY_MIGRATION,TRANSITION_REGIME,TRANSITION_REGIME,Expansion,Expansion,46.4,-51.9,44.3,47.3,819375.0,-1165650.0,-23863.017821437563,53204.465254280716,0.009270499684505829,0.032746442104475304,10.2727421198759,8.121340961754253
2026-06-18,KAYNES,NIFTY INFRA,4.223747806544953,3.5352763081439864,5.170333240508684,3269.9,3399.0,3231.9,3385.5,1871255,REGIME_SHIFT,INVENTORY_MIGRATION|IV_SKEW_ACCUMULATION,TRANSITION_REGIME,TRANSITION_REGIME,Flip Zone,Expansion,3.6,8.3,47.7,46.2,2800.0,35050.0,16031.544534141642,15278.535110893295,0.011332873301576285,0.07804285163472369,12.81239586804399,10.660994709922345
2026-06-18,ICICIPRULI,NIFTY FIN SERVICE,3.663258215030285,3.0189423835832674,4.165423998409379,506.8,523.9,502.95,522.1,2836263,REGIME_SHIFT|INVENTORY_MIGRATION,REGIME_SHIFT|INVENTORY_MIGRATION,TRANSITION_REGIME,TRANSITION_REGIME,Expansion,Expansion,38.4,30.0,44.3,46.1,648425.0,467125.0,21352.665225685036,-31281.288188576582,0.0017411951957730376,0.04050501798349643,2.523318605792846,0.3719174476711995
2026-06-18,BHEL,NIFTY INFRA,3.4799235181644406,3.335030549898166,4.625015970359003,392.8,409.45,391.35,405.9,15191954,PINCH_ZONE,FLOOR_BOUNCE|REGIME_SHIFT|INVENTORY_MIGRATION,LONG_GAMMA,LONG_GAMMA,Support Weakening,Expansion,-49.5,100.0,44.3,46.1,-1050000.0,2543625.0,306591.01437921193,235501.12001525494,0.016726153370401342,-0.013890861877337013,-0.6121449559255643,-2.7635461140472106
2026-06-18,MFSL,NIFTY FIN SERVICE,3.4563059198431167,3.2538226299694273,3.9446282004165223,1635.0,1697.0,1632.6,1688.2,1061168,REGIME_SHIFT,REGIME_SHIFT,TRANSITION_REGIME,TRANSITION_REGIME,Flip Zone,Expansion,-0.6,9.3,42.7,49.5,-45600.0,70800.0,9785.059227627644,19678.982957591033,0.017962638524545438,0.025364283705037904,3.8636643287806027,1.7122631706589564
2026-06-18,PGEL,NIFTY CONS DURABLES,3.408778521029965,1.8501805054151665,3.7328453796889205,554.0,566.9,546.5,564.25,4106257,INVENTORY_MIGRATION|IV_SKEW_ACCUMULATION,REGIME_SHIFT|INVENTORY_MIGRATION|IV_SKEW_ACCUMULATION,TRANSITION_REGIME,TRANSITION_REGIME,Expansion,Expansion,43.2,61.4,49.8,49.5,738150.0,1080150.0,7188.462634115334,-22983.35449084286,0.0015054061707833188,-0.013897598247180953,22.171700768647828,20.02029961052618
2026-06-18,RADICO,NIFTY FMCG,3.2976876994569304,2.6425591098748313,4.7215835810015205,3595.0,3735.0,3566.6,3690.0,1199579,VOLATILITY_COIL,INVENTORY_MIGRATION|IV_SKEW_ACCUMULATION,TRANSITION_REGIME,TRANSITION_REGIME,Compression,Expansion,-0.2,-4.1,47.5,46.1,1200.0,-180600.0,-324.32913424183243,10320.680251912067,-2.9959821881031523e-05,0.054431059645510094,3.480187329986828,1.3287861718651817
2026-06-19,GVT&D,NIFTY INFRA,5.400000000000005,5.813175255760594,7.696720527775125,5229.5,5632.0,5229.5,5533.5,1247092,,INVENTORY_MIGRATION,TRANSITION_REGIME,TRANSITION_REGIME,Dealer Controlled,Expansion,5.0,6.2,47.5,45.1,42000.0,-41250.0,773.1097914207239,3930.867959529267,-0.03841738725645638,0.02254899739838445,15.41108747340758,13.895955174118235
2026-06-19,BDL,NIFTY INFRA,4.695837780149414,4.89574581837624,5.663269216031863,1309.3,1378.8,1304.9,1373.4,3488237,VOLATILITY_COIL|PINCH_ZONE,INVENTORY_MIGRATION,TRANSITION_REGIME,TRANSITION_REGIME,Compression,Expansion,1.3,13.5,41.1,48.6,38975.0,95225.0,-429.79611909413507,5074.340625586126,-0.06206380728691108,0.0709486335827621,5.33824206166591,3.823109762376564
2026-06-19,AUROPHARMA,NIFTY PHARMA,3.7473159243610166,3.012379642365892,3.9200774336282995,1454.0,1503.1,1446.4,1497.8,2506592,,REGIME_SHIFT|INVENTORY_MIGRATION,TRANSITION_REGIME,TRANSITION_REGIME,Dealer Controlled,Expansion,-3.9,64.1,43.8,45.3,-121000.0,1103300.0,41705.18613280337,7151.2594962376315,0.03339010379029772,0.010640673040250292,-3.1615697937544485,-4.676702093043794
2026-06-19,LAURUSLABS,NIFTY PHARMA,3.2218001168907273,3.2821637426900585,4.458131690863754,1368.0,1424.6,1363.8,1412.9,2349174,GAMMA_SQUEEZE|VOLATILITY_COIL|PINCH_ZONE,PINCH_ZONE,SHORT_GAMMA,TRANSITION_REGIME,Expansion,Expansion,11.3,2.9,41.1,45.1,218450.0,-60350.0,-16996.61883371748,108121.13018364085,-0.01025562213028619,0.03088680162427193,4.581791265729107,3.0666589664397614
2026-06-19,GLENMARK,NIFTY PHARMA,2.766945218198691,2.766945218198691,3.566267306885451,2154.0,2221.6,2145.1,2213.6,954063,PINCH_ZONE,REGIME_SHIFT|PINCH_ZONE|IV_SKEW_ACCUMULATION,TRANSITION_REGIME,TRANSITION_REGIME,Dealer Controlled,Expansion,1.4,27.5,41.4,43.9,3375.0,434625.0,11741.458970969492,32612.090128687756,0.001336139613472287,0.010244551792613854,-7.496865858754709,-9.011998158044054
2026-06-19,RBLBANK,NIFTY PVT BANK,2.599864590385925,2.3365748244192464,3.3741496598639342,370.2,379.9,367.5,378.85,9737378,VOLATILITY_COIL|IV_SKEW_ACCUMULATION,INVENTORY_MIGRATION|IV_SKEW_ACCUMULATION,LONG_GAMMA,LONG_GAMMA,Compression,Expansion,-34.5,100.0,41.2,46.9,-663575.0,1809750.0,33721.74568659405,146129.54734329256,0.014543303634908689,-0.042220106550133474,15.239543726235748,13.724411426946403
2026-06-19,OFSS,NIFTY IT,2.5426884408745076,4.766304347826078,6.217474664475486,9200.0,9695.0,9127.5,9638.5,254329,PINCH_ZONE,REGIME_SHIFT|INVENTORY_MIGRATION,TRANSITION_REGIME,TRANSITION_REGIME,Dealer Controlled,Expansion,-1.3,5.4,41.1,43.4,-12700.0,23400.0,-439.59768022563276,7692.885129109805,0.004194750819141557,-0.016527613681746045,-0.945480704999746,-2.4606130042890917
2026-06-19,LICI,NIFTY FIN SERVICE,2.3604651162790535,2.1703806870937647,4.685501685850468,430.8,450.2,430.05,440.15,12106383,INVENTORY_MIGRATION|IV_SKEW_ACCUMULATION,FLOOR_BOUNCE|REGIME_SHIFT|INVENTORY_MIGRATION|IV_SKEW_ACCUMULATION,LONG_GAMMA,LONG_GAMMA,Expansion,Expansion,-100.0,88.0,44.5,43.4,-3495800.0,1645000.0,464665.32939765457,-265909.3031586696,-0.0046221148287696745,-0.032608783161718835,-44.99500124968758,-46.51013354897693
2026-06-19,NATIONALUM,NIFTY METAL,2.2433718558803495,2.760317026509984,3.959713024282574,365.9,376.75,362.4,376.0,8824485,REGIME_SHIFT|INVENTORY_MIGRATION,FLOOR_BOUNCE|REGIME_SHIFT,LONG_GAMMA,LONG_GAMMA,Expansion,Flip Zone,-77.3,100.0,41.1,43.4,-1453125.0,1955625.0,13924.608566896524,178273.3491332439,-0.005040560242085879,-0.013364419679725015,-7.480314960629919,-8.995447259919263
2026-06-19,ETERNAL,NIFTY SERVICES,2.2239412105975687,2.840466926070051,4.065998821449601,257.0,264.9,254.55,264.3,29061365,VOLATILITY_COIL|INVENTORY_MIGRATION|IV_SKEW_ACCUMULATION,FLOOR_BOUNCE|INVENTORY_MIGRATION,LONG_GAMMA,LONG_GAMMA,Expansion,Expansion,-57.6,100.0,41.2,43.4,-1113075.0,6009150.0,187740.3115970071,-33613.72991686477,-0.0005477811943414568,-0.0210513342045629,9.192315637265036,7.67718333797569
2026-06-22,MANKIND,NIFTY PHARMA,5.140419186480005,4.624706318783245,5.798427686036356,2426.1,2543.5,2404.1,2538.3,983998,REGIME_SHIFT,INVENTORY_MIGRATION,TRANSITION_REGIME,TRANSITION_REGIME,Flip Zone,Expansion,0.3,40.5,41.5,45.6,-5275.0,618850.0,6147.259271587354,-16381.27311433485,0.0009009164593087871,0.09365550322199578,2.375574735823194,0.7583263347320957
2026-06-22,DELHIVERY,NIFTY SERVICES,4.923010193016686,3.7084673097534937,5.673758865248213,466.5,491.7,465.3,483.8,12506879,FLOOR_BOUNCE|REGIME_SHIFT|INVENTORY_MIGRATION,REGIME_SHIFT|INVENTORY_MIGRATION,LONG_GAMMA,LONG_GAMMA,Expansion,Expansion,32.7,-22.1,40.4,45.6,616275.0,-576850.0,-23014.33478342241,-44725.11009431729,0.0006708902941247041,0.08783257422989765,8.087578194816803,6.470329793725705
2026-06-22,CIPLA,NIFTY PHARMA,4.72703062583224,3.185131195335278,3.4729315628192037,1372.0,1418.2,1370.6,1415.7,3368853,VOLATILITY_COIL|INVENTORY_MIGRATION,REGIME_SHIFT|INVENTORY_MIGRATION,TRANSITION_REGIME,TRANSITION_REGIME,Expansion,Expansion,-0.8,100.0,41.5,45.6,-9625.0,1782300.0,14118.005384369357,58747.385627943775,0.0059349842002386355,0.03624945988670014,1.1792452830188704,-0.4380031180722277
2026-06-22,ABCAPITAL,NIFTY FIN SERVICE,4.269752593774934,3.6904761904761774,4.759365417944261,378.0,392.9,375.05,391.95,11010826,INVENTORY_MIGRATION|IV_SKEW_ACCUMULATION,REGIME_SHIFT|INVENTORY_MIGRATION|IV_SKEW_ACCUMULATION,LONG_GAMMA,LONG_GAMMA,Expansion,Expansion,-37.5,100.0,43.7,45.7,-781200.0,4144700.0,159931.918816815,-135376.42095778167,0.002389270682537026,-0.004127665913414846,9.697732997481111,8.080484596390013
2026-06-22,RECLTD,NIFTY FIN SERVICE,4.080484029829745,4.080484029829745,4.333755452370891,355.35,370.75,355.35,369.85,9413420,IV_SKEW_ACCUMULATION,REGIME_SHIFT|INVENTORY_MIGRATION|IV_SKEW_ACCUMULATION,LONG_GAMMA,LONG_GAMMA,Support Weakening,Expansion,-26.6,-57.9,40.4,45.6,-471800.0,-1268575.0,-34588.792488088366,203166.21433249046,-0.006488917103779135,0.013339050494322435,9.76405994954741,8.146811548456311
2026-06-22,JUBLFOOD,NIFTY FMCG,3.436754176610979,2.9453681710213786,3.6878420176064797,421.0,435.8,420.3,433.4,4334126,PINCH_ZONE,REGIME_SHIFT|INVENTORY_MIGRATION|IV_SKEW_ACCUMULATION,LONG_GAMMA,TRANSITION_REGIME,Support Weakening,Expansion,-58.1,100.0,40.4,45.5,-1088750.0,4556250.0,48384.131338752224,-153060.8116979559,0.0011704119372989985,0.019623086201195128,-0.7443032176800646,-2.3615516187711627
2026-06-22,NHPC,NIFTY ENERGY,3.165391717225008,3.1381856540084296,5.06278916060805,75.84,79.48,75.65,78.22,50728687,VOLATILITY_COIL|FLOOR_BOUNCE|INVENTORY_MIGRATION,FLOOR_BOUNCE|INVENTORY_MIGRATION|IV_SKEW_ACCUMULATION,LONG_GAMMA,LONG_GAMMA,Expansion,Expansion,100.0,100.0,40.4,45.6,2845350.0,9861600.0,18881.885815119138,-505019.80499507114,-0.014717196594338178,0.034677937503878264,-0.17866258295048398,-1.7959109840415821
2026-06-22,ADANIGREEN,NIFTY ENERGY,3.161608093716728,2.710404241219355,4.327406910432741,1509.0,1555.0,1490.5,1549.9,2956240,VOLATILITY_COIL|REGIME_SHIFT|PINCH_ZONE,PINCH_ZONE,TRANSITION_REGIME,LONG_GAMMA,Compression,Expansion,11.4,13.9,40.4,45.7,225000.0,162000.0,10644.77619716429,43286.56620871907,-0.015188274855935657,0.025626089006390407,13.770828745503927,12.153580344412829
2026-06-22,BHARATFORG,NIFTY INFRA,3.0567257764279487,2.126213592233017,3.5215751579565913,2060.0,2113.6,2041.7,2103.8,1846475,INVENTORY_MIGRATION|IV_SKEW_ACCUMULATION,INVENTORY_MIGRATION,TRANSITION_REGIME,TRANSITION_REGIME,Expansion,Expansion,-21.1,49.0,41.1,48.0,-444000.0,847500.0,54483.34751344271,-45443.97400181924,-0.0003606433688360111,-0.0017692523049618325,10.860515360699807,9.24326695960871
2026-06-22,IREDA,NIFTY ENERGY,2.909948879276425,2.2265624999999956,4.1360437842064,128.0,133.19,127.9,130.85,12728720,PINCH_ZONE,FLOOR_BOUNCE|REGIME_SHIFT|PINCH_ZONE|IV_SKEW_ACCUMULATION,LONG_GAMMA,LONG_GAMMA,Support Weakening,Expansion,-83.7,100.0,40.4,44.3,-1579225.0,2346200.0,29164.42886116437,145204.17096618982,-0.0042118723177205775,0.029002032236239872,1.426246027439726,-0.19100237365137218
2026-06-23,LAURUSLABS,NIFTY PHARMA,3.1408872484156136,2.6049605099071504,3.5540069686411213,1443.4,1486.0,1435.0,1481.0,4012866,PINCH_ZONE,REGIME_SHIFT|INVENTORY_MIGRATION|IV_SKEW_ACCUMULATION,TRANSITION_REGIME,LONG_GAMMA,Support Building,Expansion,15.7,-54.2,42.7,45.9,247350.0,-1144950.0,63450.41698201239,54099.417626494745,0.008486740885943644,0.025258938783069618,9.194131091941316,10.057990078196976
2026-06-23,AUROPHARMA,NIFTY PHARMA,2.835310677659364,2.81463610776036,3.3842648438547007,1492.2,1542.7,1492.2,1534.2,2092258,IV_SKEW_ACCUMULATION,INVENTORY_MIGRATION,TRANSITION_REGIME,TRANSITION_REGIME,Dealer Controlled,Expansion,-10.2,33.1,40.8,44.6,-176000.0,541200.0,-11653.880609741813,9856.016729308962,-0.002965604787023679,0.02692543286178617,5.47229478894542,6.3361537752010815
2026-06-23,NAUKRI,NIFTY IT,2.7474480727235795,0.15841584158415856,3.2024169184289963,1010.0,1024.8,993.0,1011.6,4328910,VOLATILITY_COIL|PINCH_ZONE,INVENTORY_MIGRATION,TRANSITION_REGIME,TRANSITION_REGIME,Compression,Expansion,-3.8,-4.4,40.8,44.7,-69050.0,-194800.0,-1627.2388330467875,69235.92789128804,0.005984931597561638,-0.0004582031826703137,7.789025039957376,8.652884026213037
2026-06-23,ZYDUSLIFE,NIFTY PHARMA,2.4596959926301176,1.6636197440585088,3.42131886323922,1094.0,1124.5,1087.3,1112.2,2429505,REGIME_SHIFT|IV_SKEW_ACCUMULATION,INVENTORY_MIGRATION|IV_SKEW_ACCUMULATION,TRANSITION_REGIME,TRANSITION_REGIME,Flip Zone,Expansion,7.5,-12.0,41.7,44.2,95400.0,-313200.0,61122.3270596471,57459.80277527211,-0.0012563402095173704,0.026107064841612904,3.658138776271036,4.521997762526697
2026-06-23,BHARATFORG,NIFTY INFRA,2.3053522197927556,1.7635933806146697,2.600057039642545,2115.0,2158.5,2103.8,2152.3,1891131,INVENTORY_MIGRATION,INVENTORY_MIGRATION|IV_SKEW_ACCUMULATION,TRANSITION_REGIME,TRANSITION_REGIME,Expansion,Expansion,49.0,25.8,48.0,44.2,847500.0,425000.0,-45443.97400181924,7407.268823287304,-0.0017692523049618325,-0.01566238337643544,12.198300578637355,13.062159564893015
2026-06-23,PAGEIND,NIFTY FMCG,1.6658189216683716,0.7942511346444858,2.0537525354969555,39660.0,40250.0,39440.0,39975.0,18975,INVENTORY_MIGRATION|IV_SKEW_ACCUMULATION,INVENTORY_MIGRATION|IV_SKEW_ACCUMULATION,TRANSITION_REGIME,TRANSITION_REGIME,Expansion,Expansion,-3.1,2.7,41.7,43.2,-11365.0,3415.0,-466.3474817492572,830.0234306743203,0.030814987947947015,-0.014722621629395416,3.7099494097807773,4.573808396036439
2026-06-23,DMART,NIFTY FMCG,1.4385997321387123,1.8997912317327614,2.763585694379933,4311.0,4425.0,4306.0,4392.9,556327,REGIME_SHIFT|INVENTORY_MIGRATION,IV_SKEW_ACCUMULATION,TRANSITION_REGIME,TRANSITION_REGIME,Expansion,Dealer Controlled,3.4,1.9,42.2,42.0,33000.0,-13950.0,15613.681040572857,3270.1989121856386,0.00785995240176418,-0.0023019129337480404,7.217123889485499,8.08098287574116
2026-06-23,OFSS,NIFTY IT,1.3461439654729457,1.4660493827160392,3.234865820678179,9720.0,9925.0,9614.0,9862.5,262646,,,TRANSITION_REGIME,TRANSITION_REGIME,Dealer Controlled,Dealer Controlled,2.5,2.9,41.2,42.1,18325.0,18350.0,-1845.688938258274,3759.1916027354964,0.009974833318964316,0.0011718577732340307,1.6438214985056154,2.5076804847612766
2026-06-23,TORNTPHARM,NIFTY PHARMA,1.2811308054745396,0.48080133555927773,2.3923230420842545,4492.5,4566.8,4460.1,4514.1,518244,INVENTORY_MIGRATION,REGIME_SHIFT|IV_SKEW_ACCUMULATION,TRANSITION_REGIME,TRANSITION_REGIME,Expansion,Flip Zone,0.9,4.3,40.8,42.0,-3250.0,37500.0,975.201502047923,10854.606257142488,0.016995545863076833,-0.00836458331752965,-1.2793596640860772,-0.415500677830416
2026-06-23,CIPLA,NIFTY PHARMA,1.2290739563466824,0.7239246556086654,2.9743445164928106,1422.8,1461.0,1418.8,1433.1,4958067,REGIME_SHIFT|INVENTORY_MIGRATION,INVENTORY_MIGRATION|IV_SKEW_ACCUMULATION,TRANSITION_REGIME,TRANSITION_REGIME,Expansion,Expansion,100.0,7.6,45.6,42.0,1782300.0,104925.0,58747.385627943775,5375.462354133648,0.03624945988670014,0.012116327244743097,1.3579461065138743,2.2218050927695354
