symbol,date,flip,conf,strength,dir,entry_close,fwd1,fwd3,fwd5
360ONE,2025-07-31,BEARISH_TO_BULLISH,1.4,WEAK,1.0,1052.4,-0.038008361839613355,0.41809198023563887,-0.912200684150526
360ONE,2025-09-23,BULLISH_TO_BEARISH,41.9,MODERATE,-1.0,1026.5,0.4286410131514834,-0.2338041889917283,-0.974184120798831
360ONE,2025-10-24,BEARISH_TO_BULLISH,6.4,WEAK,1.0,1173.0,-0.1023017902813338,-4.552429667519189,-6.768968456948005
360ONE,2025-11-03,BULLISH_TO_BEARISH,1.8,WEAK,-1.0,1079.05,1.0055141096334657,0.412399796116959,-0.9221074092952176
360ONE,2025-11-14,BEARISH_TO_BULLISH,10.3,WEAK,1.0,1071.8,0.5784661317410007,6.559059526030972,5.411457361448031
360ONE,2026-01-05,BULLISH_TO_BEARISH,4.0,WEAK,-1.0,1187.0,-0.4043807919123803,3.8837405223251817,4.229149115417021
360ONE,2026-01-23,BEARISH_TO_BULLISH,28.0,WEAK,1.0,1113.7,2.3525186315884032,1.849690221783237,4.839723444374595
360ONE,2026-02-06,BULLISH_TO_BEARISH,40.8,MODERATE,-1.0,1138.25,-2.1216780144959446,-0.5403030968592217,1.6384801229958348
360ONE,2026-02-17,BEARISH_TO_BULLISH,7.5,WEAK,1.0,1127.2,-2.0138396025550076,-0.026614620298079712,0.4080908445706094
360ONE,2026-02-23,BULLISH_TO_BEARISH,3.0,WEAK,-1.0,1113.4,-1.6525956529549004,0.880186815160785,4.221304113526136
360ONE,2026-04-10,BEARISH_TO_BULLISH,31.9,WEAK,1.0,1009.5,4.606240713224369,10.277365032194155,9.787023278850912
360ONE,2026-04-22,BULLISH_TO_BEARISH,55.0,MODERATE,-1.0,1052.25,1.2021857923497354,1.2639581848420007,1.6726063197909158
360ONE,2026-04-24,BEARISH_TO_BULLISH,6.8,WEAK,1.0,1042.05,-0.29749052348734795,-0.710138668969806,2.74938822513316
360ONE,2026-07-21,BULLISH_TO_BEARISH,5.7,WEAK,-1.0,1093.6,,,
AARTIIND,2025-07-16,BEARISH_TO_BULLISH,40.9,MODERATE,1.0,456.3,-2.114836730221353,-7.308788078018852,-4.952881875958804
AARTIIND,2025-07-21,BULLISH_TO_BEARISH,59.2,MODERATE,-1.0,422.95,-0.9575599952713114,-1.725972337155695,-4.52772195294953
AARTIIND,2025-07-24,BEARISH_TO_BULLISH,67.8,STRONG,1.0,430.25,-0.40674026728646134,3.544450900639163,
ABB,2025-08-11,BULLISH_TO_BEARISH,20.1,WEAK,-1.0,5071.5,-0.30562949817608204,0.6704130927733412,-0.9859016070196194
ABB,2025-08-26,BEARISH_TO_BULLISH,2.4,WEAK,1.0,5000.5,-0.029997000299970003,2.9517048295170554,3.245675432456758
ABB,2025-09-23,BULLISH_TO_BEARISH,28.1,WEAK,-1.0,5237.3,0.7007427491264548,0.5632673324041013,0.7312928417314299
ABB,2025-10-28,BEARISH_TO_BULLISH,1.9,WEAK,1.0,5289.1,-0.1956854663364346,-0.6258153561097419,-1.156151330093977
ABB,2025-11-10,BULLISH_TO_BEARISH,6.1,WEAK,-1.0,4978.4,1.0927205527880373,0.5192431303229844,-2.0498553752209583
ABB,2026-03-18,BEARISH_TO_BULLISH,23.1,WEAK,1.0,6213.35,1.346294671956346,-0.8272509998632065,-1.7430210755872464
ABB,2026-05-11,BULLISH_TO_BEARISH,61.6,STRONG,-1.0,6328.5,0.3713360195939006,-0.8295804693055226,-0.00790076637433831
ABB,2026-05-25,BEARISH_TO_BULLISH,27.1,WEAK,1.0,6804.0,6.099353321575544,3.284832451499118,5.753968253968254
ABCAPITAL,2025-07-23,BEARISH_TO_BULLISH,5.3,WEAK,1.0,270.95,-3.912160915298013,-6.864735190994646,-5.277726517807718
ABCAPITAL,2025-07-25,BULLISH_TO_BEARISH,55.0,MODERATE,-1.0,253.75,0.5517241379310367,-1.142857142857134,-9.733990147783246
ABCAPITAL,2025-08-01,BEARISH_TO_BULLISH,10.4,WEAK,1.0,278.45,1.2749147064104909,-0.10773927096427056,-2.6036990483031066
ABCAPITAL,2025-08-07,BULLISH_TO_BEARISH,20.7,WEAK,-1.0,271.8,0.22075055187638806,0.7726269315673373,-4.17586460632817
ABCAPITAL,2025-08-18,BEARISH_TO_BULLISH,75.0,STRONG,1.0,287.35,-1.3572298590569112,-0.3480076561684357,-2.2098486166695746
ABCAPITAL,2025-09-05,BULLISH_TO_BEARISH,16.3,WEAK,-1.0,288.9,-0.2769124264451407,-0.38075458636207093,-0.6230529595015616
ABCAPITAL,2025-09-30,BEARISH_TO_BULLISH,23.5,WEAK,1.0,299.85,1.367350341837574,1.2172753043188185,-0.633650158412551
ABCAPITAL,2025-10-09,BULLISH_TO_BEARISH,0.0,WEAK,-1.0,293.35,-1.9601159025055392,-3.460030680074988,-2.0282938469405107
ABCAPITAL,2025-10-21,BEARISH_TO_BULLISH,31.6,WEAK,1.0,308.0,-0.6006493506493581,1.493506493506501,6.1038961038961075
ABCAPITAL,2025-10-29,BULLISH_TO_BEARISH,16.4,WEAK,-1.0,326.8,0.795593635250925,-1.4228886168910577,-3.4577723378213006
ABCAPITAL,2025-11-20,BEARISH_TO_BULLISH,22.2,WEAK,1.0,325.65,1.8885306310456116,7.415937356057127,9.949332105020739
ABCAPITAL,2025-12-02,BULLISH_TO_BEARISH,17.6,WEAK,-1.0,350.0,0.17142857142857792,-2.028571428571435,-2.557142857142854
ABCAPITAL,2025-12-12,BEARISH_TO_BULLISH,72.0,STRONG,1.0,351.8,-1.0659465605457645,-2.1461057418988094,-1.620238772029559
ABCAPITAL,2025-12-16,BULLISH_TO_BEARISH,17.5,WEAK,-1.0,346.8,0.7352941176470621,0.20184544405997368,-0.17301038062282753
ABCAPITAL,2025-12-26,BEARISH_TO_BULLISH,37.1,MODERATE,1.0,346.75,0.73540014419611,4.383561643835613,4.772891131939441
ABCAPITAL,2026-01-20,BULLISH_TO_BEARISH,48.0,MODERATE,-1.0,346.25,-2.382671480144404,-0.765342960288802,0.563176895306856
ABCAPITAL,2026-01-23,BEARISH_TO_BULLISH,28.5,WEAK,1.0,348.9,-0.17196904557178733,-2.608197191172246,-0.98882201203783
ABCAPITAL,2026-01-28,BULLISH_TO_BEARISH,12.9,WEAK,-1.0,344.3,1.30699970955562,-0.33401103688642964,-0.10165553296542722
ABCAPITAL,2026-02-03,BEARISH_TO_BULLISH,30.0,WEAK,1.0,346.6,-0.5626081938834522,1.8176572417772516,-0.6780150028851768
ABCAPITAL,2026-02-05,BULLISH_TO_BEARISH,50.5,MODERATE,-1.0,347.75,-1.480948957584465,1.00647016534867,3.3213515456506144
ABCAPITAL,2026-02-09,BEARISH_TO_BULLISH,67.4,STRONG,1.0,353.75,-2.685512367491166,-4.961130742049473,-1.3568904593639608
ABCAPITAL,2026-02-11,BULLISH_TO_BEARISH,73.4,STRONG,-1.0,344.65,2.451762657768748,-1.247642535905995,0.10155229943419873
ABCAPITAL,2026-02-17,BEARISH_TO_BULLISH,45.7,MODERATE,1.0,349.55,-1.501931054212559,-0.9583750536404013,1.0155914747532575
ABCAPITAL,2026-02-20,BULLISH_TO_BEARISH,5.2,WEAK,-1.0,346.2,-0.8954361640670199,-2.8740612362796036,2.3396880415944445
ABCAPITAL,2026-02-24,BEARISH_TO_BULLISH,45.7,MODERATE,1.0,353.1,0.8637779665816919,-4.248088360237893,-7.221750212404418
ABCAPITAL,2026-03-02,BULLISH_TO_BEARISH,31.4,WEAK,-1.0,321.55,-1.8815114290157087,-0.8552324677344115,-0.6997356554190639
ABCAPITAL,2026-03-06,BEARISH_TO_BULLISH,7.2,WEAK,1.0,324.3,2.5285229725562712,-1.3413506012951042,-2.9910576626580294
ABCAPITAL,2026-03-13,BULLISH_TO_BEARISH,74.4,STRONG,-1.0,314.6,-1.2873490146217275,0.7310870947234619,6.246026700572165
ABCAPITAL,2026-03-25,BEARISH_TO_BULLISH,55.0,MODERATE,1.0,305.75,-4.415372035977105,-2.4529844644317254,0.9157808667211812
ABCAPITAL,2026-04-15,BULLISH_TO_BEARISH,11.0,WEAK,-1.0,337.95,-0.724959313507912,-1.9677467080929232,-3.4916407752626166
ABCAPITAL,2026-04-21,BEARISH_TO_BULLISH,49.7,MODERATE,1.0,350.7,-0.27088679783290237,-2.323923581408605,-0.6415739948674081
ABCAPITAL,2026-05-08,BULLISH_TO_BEARISH,35.7,MODERATE,-1.0,352.95,3.3290834395806774,0.9349766255843637,0.8074798130046652
ABCAPITAL,2026-05-25,BEARISH_TO_BULLISH,53.4,MODERATE,1.0,363.05,0.5095716843409904,-3.4430519212229718,-3.938851397879083
ABCAPITAL,2026-05-29,BULLISH_TO_BEARISH,12.2,WEAK,-1.0,350.55,-0.21394950791613182,-0.8843246327200016,1.8684923691342208
ABCAPITAL,2026-06-04,BEARISH_TO_BULLISH,12.9,WEAK,1.0,357.5,-3.7762237762237763,-4.139860139860143,0.1678321678321742
ABCAPITAL,2026-06-08,BULLISH_TO_BEARISH,57.4,MODERATE,-1.0,351.35,2.461932545894417,-1.92116123523552,-6.38963996015369
ABCAPITAL,2026-06-15,BEARISH_TO_BULLISH,51.3,MODERATE,1.0,373.8,-0.361155698234356,0.5617977528089796,2.6618512573568722
ABCAPITAL,2026-06-19,BULLISH_TO_BEARISH,15.0,WEAK,-1.0,391.95,2.092103584640895,0.29340477101670553,-0.0
ABCAPITAL,2026-07-03,BEARISH_TO_BULLISH,61.9,STRONG,1.0,409.75,-1.0616229408175772,-3.0262355094569804,-0.5613178767541211
ABCAPITAL,2026-07-14,BULLISH_TO_BEARISH,24.3,WEAK,-1.0,404.3,1.137768983428153,0.7791244125649355,0.9151620084095939
ABFRL,2025-07-10,BEARISH_TO_BULLISH,60.0,STRONG,1.0,76.84,-0.3123373243102669,-0.6116605934409147,-1.7308693388859944
ABFRL,2025-07-15,BULLISH_TO_BEARISH,40.0,MODERATE,-1.0,76.37,0.8511195495613535,1.6629566583737203,0.8380254026450185
ABFRL,2025-07-17,BEARISH_TO_BULLISH,30.8,WEAK,1.0,75.51,-0.542974440471475,0.2913521387895628,-2.304330552244748
ABFRL,2025-07-24,BULLISH_TO_BEARISH,11.0,WEAK,-1.0,73.77,0.4744476074284863,-1.1928968415345123,-0.0
ABFRL,2025-08-18,BEARISH_TO_BULLISH,44.3,MODERATE,1.0,77.19,-1.2048192771084243,5.259748672107789,6.9568596968519305
ADANIENSOL,2025-08-19,BEARISH_TO_BULLISH,34.8,WEAK,1.0,824.2,-1.098034457655917,-2.23853433632614,-6.4608104828925015
ADANIENSOL,2025-08-21,BULLISH_TO_BEARISH,11.2,WEAK,-1.0,800.15,-0.6998687746047645,3.6493157532962486,4.186714990939199
ADANIENSOL,2025-08-25,BEARISH_TO_BULLISH,8.6,WEAK,1.0,788.65,-2.244341596398901,-2.789577125467571,-3.163634058200714
ADANIENSOL,2025-09-05,BULLISH_TO_BEARISH,6.7,WEAK,-1.0,776.25,-2.3059581320450855,-4.824476650563613,-7.845410628019321
ADANIENSOL,2025-09-26,BEARISH_TO_BULLISH,15.2,WEAK,1.0,871.75,0.051620303986239804,5.11614568396903,5.420131918554631
ADANIENSOL,2025-10-27,BULLISH_TO_BEARISH,6.5,WEAK,-1.0,921.2,-5.031480677377323,-7.05601389491967,-7.02344767694311
ADANIENSOL,2025-11-07,BEARISH_TO_BULLISH,0.7,WEAK,1.0,959.15,3.1434082260334653,6.49012146171089,6.505760308606577
ADANIENSOL,2025-11-19,BULLISH_TO_BEARISH,22.9,WEAK,-1.0,993.6,1.8921095008051596,2.2242351046698894,0.9359903381642579
ADANIENSOL,2025-11-24,BEARISH_TO_BULLISH,33.4,WEAK,1.0,971.5,2.0277920741122024,2.3726196603190894,0.5609881626351051
ADANIENSOL,2025-12-08,BULLISH_TO_BEARISH,39.0,MODERATE,-1.0,974.55,-0.8208916936021753,-3.7709712174849934,-2.0265763685803706
ADANIENSOL,2025-12-12,BEARISH_TO_BULLISH,32.5,WEAK,1.0,1016.45,-2.1791529342318943,-3.950022135865029,-0.8460819518913889
ADANIENSOL,2026-01-01,BULLISH_TO_BEARISH,12.4,WEAK,-1.0,1057.9,1.233575952358463,2.306456186785149,9.197466679270258
ADANIENSOL,2026-01-22,BEARISH_TO_BULLISH,28.2,WEAK,1.0,812.75,4.472470009227933,12.470009227929872,8.840356813288222
ADANIENSOL,2026-02-26,BULLISH_TO_BEARISH,0.7,WEAK,-1.0,1011.55,3.8851267856260154,2.3379961445306687,2.9805743660718678
ADANIENSOL,2026-04-16,BEARISH_TO_BULLISH,45.0,MODERATE,1.0,1259.8,-0.023813303698996233,8.604540403238618,12.07731385934276
ADANIENSOL,2026-04-30,BULLISH_TO_BEARISH,49.5,MODERATE,-1.0,1398.4,-0.8009153318077673,0.808066361556077,4.147597254004577
ADANIENSOL,2026-05-25,BEARISH_TO_BULLISH,27.3,WEAK,1.0,1463.3,5.248411125538164,2.2688443928107733,2.0364928586072546
ADANIENSOL,2026-05-29,BULLISH_TO_BEARISH,42.9,MODERATE,-1.0,1496.5,-2.278650183762106,-1.5703307718008688,-4.9381891079184825
ADANIENSOL,2026-06-18,BEARISH_TO_BULLISH,40.6,MODERATE,1.0,1507.4,2.12286055459732,-0.7629030118084118,-1.393127238954491
ADANIENSOL,2026-07-06,BULLISH_TO_BEARISH,15.9,WEAK,-1.0,1651.0,-0.27256208358570566,-0.18170805572380377,-2.3803755299818263
ADANIENT,2025-07-29,BULLISH_TO_BEARISH,28.1,WEAK,-1.0,2532.9,4.03490070669984,6.6840380591417015,9.183149749299218
ADANIENT,2025-07-31,BEARISH_TO_BULLISH,10.8,WEAK,1.0,2350.9,0.5402186396699059,-2.1523671785273684,-7.350376451571745
ADANIENT,2025-08-08,BULLISH_TO_BEARISH,47.6,MODERATE,-1.0,2283.4,-0.2145922746781156,0.07882981518788569,-4.594026451782433
ADANIENT,2025-08-19,BEARISH_TO_BULLISH,20.9,WEAK,1.0,2387.1,-0.4147291692849102,-3.527292530685762,-4.691885551506012
ADANIENT,2025-08-21,BULLISH_TO_BEARISH,26.0,WEAK,-1.0,2324.9,0.9462772592369564,2.1420276140909364,1.754914189857636
ADANIENT,2025-08-26,BEARISH_TO_BULLISH,4.2,WEAK,1.0,2275.1,-1.336205001977939,-0.03955870071645602,0.162630214056537
ADANIENT,2025-09-04,BULLISH_TO_BEARISH,25.7,WEAK,-1.0,2281.5,-1.2886259040105235,-2.572868726714873,-4.843304843304843
ADANIENT,2025-09-11,BEARISH_TO_BULLISH,24.0,WEAK,1.0,2392.0,-0.35953177257524704,0.4180602006688963,5.518394648829431
ADANIENT,2025-09-19,BULLISH_TO_BEARISH,40.0,MODERATE,-1.0,2629.5,-1.779806046776961,2.019395322304617,4.563605248146035
ADANIENT,2025-10-23,BEARISH_TO_BULLISH,26.1,WEAK,1.0,2504.2,-0.4552352048558277,1.3177861193195433,-0.9264435747943383
ADANIENT,2025-10-30,BULLISH_TO_BEARISH,29.5,WEAK,-1.0,2481.0,0.5602579604998021,6.719064893188223,4.449818621523583
ADANIENT,2025-11-14,BEARISH_TO_BULLISH,18.0,WEAK,1.0,2462.05,-1.0255681241242054,-0.6478341219715389,-2.552750756483433
ADANIENT,2025-11-18,BULLISH_TO_BEARISH,12.1,WEAK,-1.0,2433.05,-0.5363638231848801,1.3912578861922427,4.8478247467170945
ADANIENT,2025-11-24,BEARISH_TO_BULLISH,15.4,WEAK,1.0,2332.9,-0.7629988426422127,-2.258990955463169,-3.9993141583437004
ADANIENT,2025-11-27,BULLISH_TO_BEARISH,57.5,MODERATE,-1.0,2280.2,0.798175598631691,3.964564511884907,0.6490658714147762
ADANIENT,2025-12-05,BEARISH_TO_BULLISH,27.3,WEAK,1.0,2216.2,1.3130583882321256,2.772764190957507,2.829167042685691
ADANIENT,2025-12-16,BULLISH_TO_BEARISH,37.1,MODERATE,-1.0,2232.5,0.1455767077267637,-1.3930571108622578,0.44120940649495677
ADANIENT,2025-12-22,BEARISH_TO_BULLISH,10.5,WEAK,1.0,2248.75,-1.1606448026681448,-2.025569760978329,-0.40244580322402146
ADANIENT,2025-12-24,BULLISH_TO_BEARISH,42.3,MODERATE,-1.0,2230.0,1.2017937219731023,-0.43497757847532814,-2.2331838565022504
ADANIENT,2025-12-29,BEARISH_TO_BULLISH,14.5,WEAK,1.0,2214.7,1.128821059285682,2.9394500383799325,2.0047862012913757
ADANIENT,2026-01-01,BULLISH_TO_BEARISH,7.5,WEAK,-1.0,2279.8,0.013159049039397398,0.2500219317484109,5.533380121063255
ADANIENT,2026-01-28,BEARISH_TO_BULLISH,15.3,WEAK,1.0,2019.15,0.06190723819428967,9.083029987866185,10.769383156278622
ADANIENT,2026-02-12,BULLISH_TO_BEARISH,7.4,WEAK,-1.0,2136.9,-2.23220553137722,-3.4769993916420856,-1.1184426037718231
ADANIENT,2026-02-17,BEARISH_TO_BULLISH,45.5,MODERATE,1.0,2211.2,-2.4669862518089603,-0.9157923299565848,0.927098408104197
ADANIENT,2026-02-27,BULLISH_TO_BEARISH,39.6,MODERATE,-1.0,2124.55,2.2616554093808183,3.986726600927268,6.027158692428993
ADANIENT,2026-04-10,BEARISH_TO_BULLISH,17.1,WEAK,1.0,2129.0,0.7233442930953542,4.194457491780187,4.556129638327853
ADANIENT,2026-04-23,BULLISH_TO_BEARISH,12.6,WEAK,-1.0,2287.6,-1.495016611295693,-6.045637349186929,-8.659730722154219
ADANIENT,2026-04-28,BEARISH_TO_BULLISH,40.2,MODERATE,1.0,2425.9,-0.758481388350719,1.492229687950856,3.615153139041173
ADANIENT,2026-04-30,BULLISH_TO_BEARISH,9.6,WEAK,-1.0,2485.7,0.9494307438548462,-1.1224202437945083,-0.5833366858430221
ADANIENT,2026-05-20,BEARISH_TO_BULLISH,4.5,WEAK,1.0,2697.5,0.7340129749768372,10.075996292863769,8.893419833178873
ADANIENT,2026-05-29,BULLISH_TO_BEARISH,12.5,WEAK,-1.0,2909.4,-2.0175981301986603,-2.1791434660067397,-2.0863408262872007
ADANIENT,2026-06-05,BEARISH_TO_BULLISH,39.6,MODERATE,1.0,2970.1,0.3265883303592564,-2.0639035722702848,-0.9292616410221848
ADANIENT,2026-06-09,BULLISH_TO_BEARISH,6.0,WEAK,-1.0,2931.1,0.7608065231482968,-0.38893248268568426,-0.7096311964791437
ADANIENT,2026-06-25,BEARISH_TO_BULLISH,24.3,WEAK,1.0,2962.5,2.481012658227848,7.257383966244725,8.239662447257382
ADANIENT,2026-07-03,BULLISH_TO_BEARISH,12.3,WEAK,-1.0,3206.6,3.0998565458741374,3.832720014969129,0.9075032744963485
ADANIENT,2026-07-13,BEARISH_TO_BULLISH,31.5,WEAK,1.0,3188.9,-1.2010411113550183,-0.8843174762457359,-0.19442440967105498
ADANIENT,2026-07-16,BULLISH_TO_BEARISH,24.3,WEAK,-1.0,3160.7,-0.7150314803682843,0.41130129401714816,
ADANIGREEN,2025-07-23,BEARISH_TO_BULLISH,39.8,MODERATE,1.0,1020.7,-4.389144704614487,-0.49965709806995423,-3.526991280493778
ADANIGREEN,2025-07-28,BULLISH_TO_BEARISH,33.7,WEAK,-1.0,1015.6,0.580937376920045,4.233950374163056,4.317644742024421
ADANIGREEN,2025-07-30,BEARISH_TO_BULLISH,40.8,MODERATE,1.0,984.7,-1.2288006499441477,-1.3151213567584081,-4.869503402051391
ADANIGREEN,2025-08-08,BULLISH_TO_BEARISH,35.3,MODERATE,-1.0,929.1,-0.19373587342589113,1.2539016252287136,-4.768055107092881
ADANIGREEN,2025-08-19,BEARISH_TO_BULLISH,33.4,WEAK,1.0,975.95,-0.9580408832419717,-1.2142015472104126,-5.615041754188234
ADANIGREEN,2025-08-22,BULLISH_TO_BEARISH,18.6,WEAK,-1.0,964.1,3.4073228918162037,5.248418213878231,3.132455139508354
ADANIGREEN,2025-08-26,BEARISH_TO_BULLISH,7.6,WEAK,1.0,921.15,-0.8304836345871983,1.3841393909786681,0.8684796178689681
ADANIGREEN,2025-09-09,BULLISH_TO_BEARISH,4.0,WEAK,-1.0,963.35,-1.3494576218404526,-2.423833497690354,-1.6712513624331782
ADANIGREEN,2025-09-30,BEARISH_TO_BULLISH,33.8,WEAK,1.0,1064.7,0.5259697567389789,-0.38038884192729916,-1.2397858551704748
ADANIGREEN,2025-10-07,BULLISH_TO_BEARISH,33.5,WEAK,-1.0,1045.1,-0.612381590278451,-0.5932446655822454,0.11960577935125827
ADANIGREEN,2025-10-16,BEARISH_TO_BULLISH,17.6,WEAK,1.0,1036.7,-0.2507957943474618,0.7765023632680577,-1.8906144496961534
ADANIGREEN,2025-10-28,BULLISH_TO_BEARISH,40.0,MODERATE,-1.0,1112.65,-2.4580955376803044,0.6695726418909851,4.687008493236874
ADANIGREEN,2025-10-31,BEARISH_TO_BULLISH,27.5,WEAK,1.0,1105.2,-1.701049583785736,-4.107853782120891,-5.5193630112196885
ADANIGREEN,2025-11-04,BULLISH_TO_BEARISH,53.3,MODERATE,-1.0,1060.5,0.06600660066007029,1.5370108439415326,-1.5370108439415326
ADANIGREEN,2025-11-25,BEARISH_TO_BULLISH,61.1,STRONG,1.0,1034.45,-0.3238435883803119,0.493015612161043,-2.131567499637495
ADANIGREEN,2025-11-28,BULLISH_TO_BEARISH,10.1,WEAK,-1.0,1039.55,1.6305132028281402,2.515511519407434,4.396132942138419
ADANIGREEN,2025-12-12,BEARISH_TO_BULLISH,50.3,MODERATE,1.0,1047.55,-1.8471671996563324,-3.489093599350862,-2.553577394873753
ADANIGREEN,2026-01-01,BULLISH_TO_BEARISH,19.3,WEAK,-1.0,1038.8,0.798998844820943,1.8867924528301798,8.91894493646515
ADANIGREEN,2026-02-17,BEARISH_TO_BULLISH,50.1,MODERATE,1.0,1000.1,-2.3597640235976427,-2.9747025297470255,-3.59464053594641
ADANIGREEN,2026-02-23,BULLISH_TO_BEARISH,12.5,WEAK,-1.0,981.35,1.75268762419117,3.4646150710755594,11.142813471238602
ADANIGREEN,2026-03-16,BEARISH_TO_BULLISH,5.4,WEAK,1.0,868.65,2.6017383295918983,-0.6389224658953496,-3.3500259022621335
ADANIGREEN,2026-03-23,BULLISH_TO_BEARISH,55.3,MODERATE,-1.0,839.55,-1.6973378595676256,3.888988148412838,-1.95342743136205
ADANIGREEN,2026-03-27,BEARISH_TO_BULLISH,12.4,WEAK,1.0,806.9,5.583095798735911,14.152930970380476,27.60565125790062
ADANIGREEN,2026-04-21,BULLISH_TO_BEARISH,10.6,WEAK,-1.0,1198.85,-1.2762230470868068,-2.577470075489018,-3.837010468365517
ADANIGREEN,2026-05-25,BEARISH_TO_BULLISH,39.0,MODERATE,1.0,1457.4,2.229998627693152,-0.7204610951008645,-2.058460271716756
ADANIGREEN,2026-06-11,BULLISH_TO_BEARISH,41.0,MODERATE,-1.0,1485.6,0.20193861066235863,1.332794830371564,-1.1308562197092207
ADANIGREEN,2026-06-19,BEARISH_TO_BULLISH,4.3,WEAK,1.0,1549.8,-2.4906439540585823,-1.5292295780100689,-3.7166085946573695
ADANIGREEN,2026-07-07,BULLISH_TO_BEARISH,18.7,WEAK,-1.0,1504.6,1.1963312508307855,-2.77814701581817,-3.3763126412335627
ADANIPORTS,2025-07-02,BULLISH_TO_BEARISH,9.7,WEAK,-1.0,1431.1,0.46817133673396816,-1.2158479491300462,-0.8385158269862345
ADANIPORTS,2025-07-30,BEARISH_TO_BULLISH,6.6,WEAK,1.0,1373.1,-1.8935255990095405,-1.0924186148131965,-2.0173330420216895
ADANIPORTS,2025-08-04,BULLISH_TO_BEARISH,14.8,WEAK,-1.0,1358.1,-0.6626905235255136,2.437228480966049,2.0322509388115684
ADANIPORTS,2025-08-11,BEARISH_TO_BULLISH,17.9,WEAK,1.0,1330.5,-0.8192408868846366,-0.24802705749717807,3.013904547162714
ADANIPORTS,2025-08-13,BULLISH_TO_BEARISH,33.9,WEAK,-1.0,1300.3,-2.0687533646081744,-5.406444666615394,-3.145427978158893
ADANIPORTS,2025-08-19,BEARISH_TO_BULLISH,47.1,MODERATE,1.0,1370.6,-0.642054574638841,-2.203414562965112,-4.027433240916374
ADANIPORTS,2025-08-22,BULLISH_TO_BEARISH,19.0,WEAK,-1.0,1340.4,1.8651148910772901,2.0590868397493387,0.31333930170098817
ADANIPORTS,2025-08-26,BEARISH_TO_BULLISH,6.4,WEAK,1.0,1315.4,-0.19765850691805809,1.5812680553443783,0.9730880340580776
ADANIPORTS,2025-09-08,BULLISH_TO_BEARISH,28.5,WEAK,-1.0,1380.9,-0.5938156274893054,-0.8834817872401926,-1.976971540299801
ADANIPORTS,2025-09-26,BEARISH_TO_BULLISH,23.8,WEAK,1.0,1383.2,1.4676113360323852,2.5954308849045593,1.1784268363215697
ADANIPORTS,2025-10-03,BULLISH_TO_BEARISH,14.4,WEAK,-1.0,1400.5,0.07140307033202428,0.3498750446269254,-2.6633345233845023
ADANIPORTS,2025-10-13,BEARISH_TO_BULLISH,39.5,MODERATE,1.0,1429.0,1.5185444366690024,3.5269419174247787,3.110566829951018
ADANIPORTS,2025-10-20,BULLISH_TO_BEARISH,22.0,WEAK,-1.0,1473.45,1.3845057518069896,3.5868200481862385,1.2657368760392338
ADANIPORTS,2025-10-27,BEARISH_TO_BULLISH,15.6,WEAK,1.0,1417.75,2.6132957150414358,2.380532533944631,1.8797390230999886
ADANIPORTS,2025-11-04,BULLISH_TO_BEARISH,40.1,MODERATE,-1.0,1436.75,-0.8038976857490834,-2.620497650948327,-4.329215242735343
ADANIPORTS,2025-11-12,BEARISH_TO_BULLISH,22.9,WEAK,1.0,1498.95,0.9106374462123396,-0.26351779579038964,-0.5270355915807793
ADANIPORTS,2025-11-14,BULLISH_TO_BEARISH,3.0,WEAK,-1.0,1507.6,0.8357654550278528,1.0977712921199227,1.4393738392146338
ADANIPORTS,2025-11-25,BEARISH_TO_BULLISH,19.0,WEAK,1.0,1506.2,0.1925375116186339,1.6100119506041695,-0.5610144735094971
ADANIPORTS,2025-12-01,BULLISH_TO_BEARISH,18.0,WEAK,-1.0,1517.9,1.3274919296396397,0.5599841886817313,1.363726200671984
ADANIPORTS,2025-12-12,BEARISH_TO_BULLISH,33.3,WEAK,1.0,1512.6,-0.8991141081581323,-1.1470316012164425,-0.25783419278063363
ADANIPORTS,2025-12-16,BULLISH_TO_BEARISH,10.5,WEAK,-1.0,1486.3,-0.6021664536096377,-1.5070981632241198,-0.538249344008612
ADANIPORTS,2025-12-26,BEARISH_TO_BULLISH,4.6,WEAK,1.0,1454.4,0.4675467546754644,1.8358085808580733,2.6540154015401476
ADANIPORTS,2026-01-07,BULLISH_TO_BEARISH,29.8,WEAK,-1.0,1465.2,1.9997269997269966,2.497952497952507,2.955227955227952
ADANIPORTS,2026-02-03,BEARISH_TO_BULLISH,45.4,MODERATE,1.0,1567.85,0.1530758682271959,-0.3922569123321659,-0.9216442899511954
ADANIPORTS,2026-03-09,BULLISH_TO_BEARISH,44.0,MODERATE,-1.0,1424.1,0.9339231795519947,4.276385085317033,4.139456498841361
ADANIPORTS,2026-03-25,BEARISH_TO_BULLISH,20.8,WEAK,1.0,1337.8,-1.8799521602631084,2.9750336373149917,3.2291822394976863
ADANIPORTS,2026-04-23,BULLISH_TO_BEARISH,1.3,WEAK,-1.0,1585.2,-2.731516527882914,-4.788039364118084,-9.929346454706021
ADANIPORTS,2026-04-28,BEARISH_TO_BULLISH,31.4,WEAK,1.0,1661.1,-0.23478417915838082,3.846848473902841,4.316416832219616
ADANIPORTS,2026-05-25,BULLISH_TO_BEARISH,0.4,WEAK,-1.0,1811.2,-0.7343197879858632,1.529372791519437,0.4085689045936446
ADANIPORTS,2026-06-25,BEARISH_TO_BULLISH,9.2,WEAK,1.0,1776.1,1.9199369404875928,6.024435561060751,4.971566916277247
ADANIPORTS,2026-07-02,BULLISH_TO_BEARISH,5.0,WEAK,-1.0,1874.2,0.5228897663002857,4.401878134670793,2.459716145555444
ADANIPORTS,2026-07-10,BEARISH_TO_BULLISH,34.4,WEAK,1.0,1810.3,0.6407777716400672,0.8893553554659526,1.8615699055405208
ADANIPORTS,2026-07-14,BULLISH_TO_BEARISH,0.3,WEAK,-1.0,1829.1,0.1476135804493914,-0.8146082772948494,0.5303154556885802
ADANIPORTS,2026-07-20,BEARISH_TO_BULLISH,23.5,WEAK,1.0,1845.9,-1.4356140636004118,,
ADANIPOWER,2026-04-10,BEARISH_TO_BULLISH,49.4,MODERATE,1.0,181.35,1.1414392059553313,9.456851392335267,11.927212572373861
ADANIPOWER,2026-04-15,BULLISH_TO_BEARISH,13.2,WEAK,-1.0,193.18,-2.7539082720778514,-5.072988922248671,-10.870690547675741
ADANIPOWER,2026-04-17,BEARISH_TO_BULLISH,73.8,STRONG,1.0,200.83,1.0705571876711533,6.647413235074438,8.574416172882536
ADANIPOWER,2026-04-24,BULLISH_TO_BEARISH,43.0,MODERATE,-1.0,218.05,-2.435221279523046,-1.74730566383857,-5.462049988534738
ADANIPOWER,2026-04-28,BEARISH_TO_BULLISH,52.2,MODERATE,1.0,219.27,1.1811921375473176,4.875267934509964,4.980161444794084
ADANIPOWER,2026-04-30,BULLISH_TO_BEARISH,19.8,WEAK,-1.0,227.31,-1.165808807355596,-1.2669922132770206,2.318419779156223
ADANIPOWER,2026-05-05,BEARISH_TO_BULLISH,43.9,MODERATE,1.0,229.12,0.4670041899441311,-3.090083798882687,-6.655900837988826
ADANIPOWER,2026-05-11,BULLISH_TO_BEARISH,47.3,MODERATE,-1.0,209.63,-2.0226112674712633,-5.5812622239183405,-4.512712875065596
ADANIPOWER,2026-05-21,BEARISH_TO_BULLISH,40.0,MODERATE,1.0,219.32,6.410724056173629,13.487142075506117,5.918292905343798
ADANIPOWER,2026-05-29,BULLISH_TO_BEARISH,30.7,WEAK,-1.0,232.3,-1.5626345243219955,0.9771846749892424,2.776582006026697
ADANIPOWER,2026-06-30,BEARISH_TO_BULLISH,40.0,MODERATE,1.0,226.86,-1.0182491404390381,-3.0856034558758703,-4.579917129507191
ADANIPOWER,2026-07-02,BULLISH_TO_BEARISH,32.7,WEAK,-1.0,221.79,0.8701925244600651,2.3986654042111875,1.5059290319671779
ALKEM,2025-09-25,BEARISH_TO_BULLISH,10.3,WEAK,1.0,5433.0,-0.44174489232468256,0.4877599852751702,1.1218479661328882
ALKEM,2025-10-28,BULLISH_TO_BEARISH,25.0,WEAK,-1.0,5535.0,0.18066847335140018,-1.6883468834688313,-1.9602529358626921
ALKEM,2025-11-25,BEARISH_TO_BULLISH,10.4,WEAK,1.0,5772.95,-1.4966351691942532,-2.8313080833889055,-2.171333546973375
ALKEM,2026-02-12,BULLISH_TO_BEARISH,3.2,WEAK,-1.0,5402.5,-1.4437760296159186,-1.1383618695048587,0.19435446552521982
ALKEM,2026-04-22,BEARISH_TO_BULLISH,0.2,WEAK,1.0,5520.5,-5.171633004256861,-1.8476587265646227,-2.182773299519971
ALKEM,2026-05-11,BULLISH_TO_BEARISH,0.4,WEAK,-1.0,5496.5,0.6185754571090694,0.1910306558719185,0.4821249886291276
AMBER,2026-02-11,BEARISH_TO_BULLISH,19.2,WEAK,1.0,7784.6,-0.6467898157901544,0.4290522313285157,-1.0161087274876084
AMBER,2026-02-23,BULLISH_TO_BEARISH,10.2,WEAK,-1.0,7929.3,-1.4541006141777986,-0.5643625540716078,3.4366211393187287
AMBER,2026-05-26,BEARISH_TO_BULLISH,26.4,WEAK,1.0,7516.0,1.3171899946780201,1.0045236828100053,1.3504523682810006
AMBUJACEM,2025-07-22,BEARISH_TO_BULLISH,34.5,WEAK,1.0,620.4,0.0,-1.4990328820115981,-0.41102514506769094
AMBUJACEM,2025-08-06,BULLISH_TO_BEARISH,42.4,MODERATE,-1.0,592.35,2.084916012492618,0.8609774626487756,2.4141132776230383
AMBUJACEM,2025-08-26,BEARISH_TO_BULLISH,17.7,WEAK,1.0,561.8,0.24919900320400337,0.9700961196155298,1.0501957992168194
AMBUJACEM,2025-08-29,BULLISH_TO_BEARISH,30.6,WEAK,-1.0,567.05,-0.035270258354650474,-0.114628339652604,-0.5731416982629398
AMBUJACEM,2025-09-08,BEARISH_TO_BULLISH,4.1,WEAK,1.0,567.6,-0.1321353065539112,-1.2420718816067773,1.0570824524312896
AMBUJACEM,2025-09-10,BULLISH_TO_BEARISH,7.9,WEAK,-1.0,560.4,-0.02676659528907517,-2.35546038543898,-3.6759457530335515
AMBUJACEM,2025-09-30,BEARISH_TO_BULLISH,21.9,WEAK,1.0,571.1,0.8842584486079416,-0.20136578532655877,-0.910523551041857
AMBUJACEM,2025-10-07,BULLISH_TO_BEARISH,30.5,WEAK,-1.0,566.3,0.07063393960797762,-0.07946318205898738,-0.1236093943139759
AMBUJACEM,2025-10-24,BEARISH_TO_BULLISH,7.4,WEAK,1.0,560.25,-0.9549308344489108,1.3654618473895541,3.0254350736278526
AMBUJACEM,2025-10-29,BULLISH_TO_BEARISH,21.3,WEAK,-1.0,567.9,0.4402183483007572,0.08804366966015144,1.6023947878147604
AMBUJACEM,2025-11-20,BEARISH_TO_BULLISH,8.1,WEAK,1.0,547.55,-0.5387635832343954,0.44744772166926233,0.48397406629533213
AMBUJACEM,2025-12-08,BULLISH_TO_BEARISH,35.5,MODERATE,-1.0,533.05,0.6284588687740191,-2.8327549010411825,-2.9359347153175297
AMBUJACEM,2025-12-15,BEARISH_TO_BULLISH,15.8,WEAK,1.0,548.7,-1.3486422453071059,-1.6493530162201688,-0.32804811372335846
AMBUJACEM,2025-12-17,BULLISH_TO_BEARISH,41.5,MODERATE,-1.0,535.8,-0.7185516983949278,-2.071668533034719,-3.518103770063461
AMBUJACEM,2025-12-26,BEARISH_TO_BULLISH,63.2,STRONG,1.0,552.1,-0.38036587574715136,1.3765622169896798,3.4685745335989817
AMBUJACEM,2026-01-01,BULLISH_TO_BEARISH,0.7,WEAK,-1.0,565.4,-1.0346657233816807,0.6013441811107141,5.031835868411732
AMBUJACEM,2026-01-23,BEARISH_TO_BULLISH,40.0,MODERATE,1.0,531.85,0.3948481714769244,-4.080097771928184,-0.6768825796747245
AMBUJACEM,2026-01-28,BULLISH_TO_BEARISH,29.3,WEAK,-1.0,536.05,4.831638839660476,1.4550881447626072,0.5596492864471598
AMBUJACEM,2026-02-04,BEARISH_TO_BULLISH,12.7,WEAK,1.0,533.05,-0.6753587843541712,1.0224181596473212,-0.03751993246410877
AMBUJACEM,2026-02-06,BULLISH_TO_BEARISH,15.9,WEAK,-1.0,542.45,0.7281777122315504,1.7697483639045115,3.272190985344271
AMBUJACEM,2026-02-18,BEARISH_TO_BULLISH,6.1,WEAK,1.0,512.15,-0.02928829444498238,0.458849946304798,0.0
AMBUJACEM,2026-02-25,BULLISH_TO_BEARISH,41.6,MODERATE,-1.0,512.15,2.294249731523968,7.029190666796838,8.864590452016007
AMBUJACEM,2026-04-06,BEARISH_TO_BULLISH,38.3,MODERATE,1.0,420.45,6.255202758948748,5.874658104411937,7.955761683910094
AMBUJACEM,2026-05-04,BULLISH_TO_BEARISH,60.0,STRONG,-1.0,433.1,-3.1863311013622617,-2.586007850380972,1.4199953821288465
AMBUJACEM,2026-05-07,BEARISH_TO_BULLISH,44.2,MODERATE,1.0,444.3,-1.823092505064151,-1.3279315777627805,-2.3745217195588593
AMBUJACEM,2026-05-13,BULLISH_TO_BEARISH,16.5,WEAK,-1.0,443.9,2.286551025005627,2.7483667492678507,1.678305924757826
AMBUJACEM,2026-05-21,BEARISH_TO_BULLISH,9.1,WEAK,1.0,436.35,1.2833734387532865,5.362667583361975,-0.3323020511057741
AMBUJACEM,2026-05-29,BULLISH_TO_BEARISH,19.9,WEAK,-1.0,434.9,-1.0232237295930204,1.9659691883191432,4.518280064382612
AMBUJACEM,2026-06-15,BEARISH_TO_BULLISH,18.8,WEAK,1.0,426.05,0.0938856941673459,-0.49289989437859943,-2.6287994366858323
AMBUJACEM,2026-06-17,BULLISH_TO_BEARISH,32.8,WEAK,-1.0,430.0,1.4069767441860492,3.523255813953483,1.4534883720930232
AMBUJACEM,2026-06-25,BEARISH_TO_BULLISH,39.8,MODERATE,1.0,424.25,-0.5657041838538543,1.1078373600471394,4.0424278137890335
AMBUJACEM,2026-07-02,BULLISH_TO_BEARISH,14.4,WEAK,-1.0,443.4,0.45105999097880023,5.029318899413612,1.5674334686513283
AMBUJACEM,2026-07-09,BEARISH_TO_BULLISH,15.3,WEAK,1.0,436.45,-0.9852216748768499,-0.2749455836865594,0.46969870546454606
AMBUJACEM,2026-07-16,BULLISH_TO_BEARISH,18.7,WEAK,-1.0,438.5,0.1596351197263372,1.7559863169897352,
AMBUJACEM,2026-07-22,BEARISH_TO_BULLISH,3.5,WEAK,1.0,,,,
ANGELONE,2025-07-18,BEARISH_TO_BULLISH,10.4,WEAK,1.0,2706.3,3.6618261094483207,3.3477441525329747,-3.6359605365258876
ANGELONE,2025-08-22,BULLISH_TO_BEARISH,33.9,WEAK,-1.0,2446.9,4.405574400261562,9.689811598348927,6.968000326944297
ANGELONE,2025-10-15,BEARISH_TO_BULLISH,31.4,WEAK,1.0,2482.45,0.5659731313823111,0.6143124735644223,1.2910632641140884
ANGELONE,2025-11-06,BULLISH_TO_BEARISH,11.2,WEAK,-1.0,2616.4,0.3841155786577045,-2.413621770371506,-4.92852774805075
ANGELONE,2025-12-22,BEARISH_TO_BULLISH,44.2,MODERATE,1.0,2557.1,-1.3022564623988007,-5.746744358843996,-8.333659223338936
ANGELONE,2026-01-09,BULLISH_TO_BEARISH,45.2,MODERATE,-1.0,2368.6,-2.984885586422371,-16.203664612007103,-11.270370683103955
ANGELONE,2026-01-27,BEARISH_TO_BULLISH,11.4,WEAK,1.0,2615.1,-1.0229054338266224,-8.17368360674544,2.7379450116630304
ANGELONE,2026-02-18,BULLISH_TO_BEARISH,10.9,WEAK,-1.0,2509.6,0.5299649346509295,1.968441185846354,90.17771756455211
ANGELONE,2026-03-10,BEARISH_TO_BULLISH,53.6,MODERATE,1.0,218.55,-2.516586593456875,-0.8693662777396503,8.075955159002506
ANGELONE,2026-03-12,BULLISH_TO_BEARISH,72.6,STRONG,-1.0,215.6,-0.4870129870129923,-9.55473098330241,-7.282003710575147
ANGELONE,2026-03-19,BEARISH_TO_BULLISH,28.8,WEAK,1.0,231.3,-4.496325118893214,4.474708171206223,-1.6212710765239946
ANGELONE,2026-03-23,BULLISH_TO_BEARISH,55.0,MODERATE,-1.0,230.45,-4.860056411369068,1.2584074636580507,-4.512909524842701
ANGELONE,2026-03-25,BEARISH_TO_BULLISH,55.0,MODERATE,1.0,235.25,-3.273113708820399,2.380446333687564,4.60786397449522
ANGELONE,2026-04-02,BULLISH_TO_BEARISH,39.9,MODERATE,-1.0,246.05,-0.016256858362118286,-14.52956716114611,-13.989026620605575
ANGELONE,2026-04-22,BEARISH_TO_BULLISH,67.0,STRONG,1.0,321.2,-2.076587795765883,-0.6039850560398499,-3.888542963885432
ANGELONE,2026-04-24,BULLISH_TO_BEARISH,69.7,STRONG,-1.0,318.64,-0.19457695204619777,3.1163695706753725,1.3306552849610875
ANGELONE,2026-05-19,BEARISH_TO_BULLISH,75.0,STRONG,1.0,325.0,4.507692307692301,6.599999999999996,3.6769230769230736
ANGELONE,2026-05-29,BULLISH_TO_BEARISH,28.8,WEAK,-1.0,335.6,-2.1007151370679242,-0.6257449344457586,2.9499404052443485
ANGELONE,2026-06-05,BEARISH_TO_BULLISH,11.0,WEAK,1.0,325.7,3.638317470064484,-0.598710469757442,8.167024869511827
ANGELONE,2026-06-11,BULLISH_TO_BEARISH,49.2,MODERATE,-1.0,339.5,-3.770250368188516,-2.70986745213549,-4.182621502209128
ANGELONE,2026-06-15,BEARISH_TO_BULLISH,33.0,WEAK,1.0,348.25,0.12921751615218624,1.5649676956209588,-1.7659727207465836
ANGELONE,2026-06-19,BULLISH_TO_BEARISH,40.0,MODERATE,-1.0,354.75,3.565891472868211,5.496828752642706,6.793516560958428
ANGELONE,2026-06-30,BEARISH_TO_BULLISH,20.8,WEAK,1.0,340.4,1.6891891891891893,1.6304347826086991,-2.7027027027026995
ANGELONE,2026-07-02,BULLISH_TO_BEARISH,0.7,WEAK,-1.0,352.25,1.7885024840312311,5.97586941092974,1.7601135557132688
ANGELONE,2026-07-22,BEARISH_TO_BULLISH,15.7,WEAK,1.0,,,,
APLAPOLLO,2025-07-29,BEARISH_TO_BULLISH,38.2,MODERATE,1.0,1566.3,2.2090276447679336,1.2832790653131672,0.1787652429291933
APLAPOLLO,2025-09-12,BULLISH_TO_BEARISH,0.5,WEAK,-1.0,1700.6,0.17640832647300952,0.21757026931670106,1.252499117958365
APLAPOLLO,2025-10-28,BEARISH_TO_BULLISH,24.7,WEAK,1.0,1804.85,-1.121976895586891,-0.47649389145911897,-1.0638003158157088
APLAPOLLO,2025-11-11,BULLISH_TO_BEARISH,4.1,WEAK,-1.0,1796.4,1.725673569360944,1.0409708305499914,4.200066800267203
APLAPOLLO,2026-01-27,BEARISH_TO_BULLISH,21.4,WEAK,1.0,2091.0,-1.7981826877092255,-0.5595408895265336,3.9789574366331815
APLAPOLLO,2026-05-04,BULLISH_TO_BEARISH,39.2,MODERATE,-1.0,1870.6,-2.357532342563891,-4.169785095691222,-0.5666631027477889
APLAPOLLO,2026-06-25,BEARISH_TO_BULLISH,10.6,WEAK,1.0,1787.5,0.06713286713286967,0.044755244755242216,0.951048951048951
APOLLOHOSP,2025-09-17,BEARISH_TO_BULLISH,4.1,WEAK,1.0,7850.5,-0.5604738551684606,-2.1208840201261068,-2.88516654990128
APOLLOHOSP,2025-09-23,BULLISH_TO_BEARISH,5.9,WEAK,-1.0,7643.5,0.25511872833126187,2.610060836004448,2.649309871132335
APOLLOHOSP,2025-09-29,BEARISH_TO_BULLISH,0.7,WEAK,1.0,7409.0,0.4319071399649076,3.415440680253748,3.415440680253748
APOLLOHOSP,2025-10-13,BULLISH_TO_BEARISH,1.9,WEAK,-1.0,7758.95,-0.8641633210679303,-1.8378775478640843,-3.2581728197758744
APOLLOHOSP,2025-10-15,BEARISH_TO_BULLISH,8.4,WEAK,1.0,7833.5,0.8687049211718922,2.2754835003510565,0.05042445905406036
APOLLOHOSP,2025-10-20,BULLISH_TO_BEARISH,1.2,WEAK,-1.0,8011.75,0.539832121571442,2.0750772303179703,1.912815552157768
APOLLOHOSP,2025-10-23,BEARISH_TO_BULLISH,1.6,WEAK,1.0,7837.45,0.10271197902379195,0.26858225570817273,-1.996184983636257
APOLLOHOSP,2025-11-10,BULLISH_TO_BEARISH,34.1,WEAK,-1.0,7500.95,0.03932835174211024,1.072530812763714,1.5398049580386484
APOLLOHOSP,2025-12-22,BEARISH_TO_BULLISH,7.8,WEAK,1.0,7073.5,1.3925213826252916,0.15480313847458568,-0.4382554605216654
APOLLOHOSP,2026-01-09,BULLISH_TO_BEARISH,11.5,WEAK,-1.0,7268.05,-0.5978219742571916,0.44785052386816526,4.895398353065818
APOLLOHOSP,2026-02-12,BEARISH_TO_BULLISH,12.3,WEAK,1.0,7542.4,1.0016705557912624,1.3941185829444283,0.9685246075519753
APOLLOHOSP,2026-02-18,BULLISH_TO_BEARISH,0.6,WEAK,-1.0,7592.4,-0.3035930667509639,-1.6865549760286627,-2.4056951688530708
APOLLOHOSP,2026-02-23,BEARISH_TO_BULLISH,30.2,WEAK,1.0,7720.45,0.8101859347576913,1.3088615300921602,-0.7052697705444607
APOLLOHOSP,2026-03-09,BULLISH_TO_BEARISH,0.4,WEAK,-1.0,7803.0,1.523772907855948,3.2423426887094706,3.883121876201461
APOLLOHOSP,2026-05-22,BEARISH_TO_BULLISH,4.4,WEAK,1.0,8404.0,-1.731318419800095,-2.7070442646358877,-3.742265587815326
APOLLOHOSP,2026-06-08,BULLISH_TO_BEARISH,0.0,WEAK,-1.0,8524.0,0.41647114030971377,0.3050211168465509,1.566166119192867
APOLLOHOSP,2026-07-03,BEARISH_TO_BULLISH,34.7,WEAK,1.0,8888.5,-0.5794003487652585,-0.4837711649884682,-1.1925521741576195
ASHOKLEY,2025-07-24,BEARISH_TO_BULLISH,26.7,WEAK,1.0,121.95,0.6560065600655983,-0.04100041000409771,-1.3120131201312084
ASHOKLEY,2025-07-31,BULLISH_TO_BEARISH,47.7,MODERATE,-1.0,120.35,-1.8695471541337765,-0.3157457415870458,4.096385542168669
ASHOKLEY,2025-08-12,BEARISH_TO_BULLISH,5.7,WEAK,1.0,119.73,1.8625240123611373,11.31713020963835,9.42119769481332
ASHOKLEY,2025-08-14,BULLISH_TO_BEARISH,40.0,MODERATE,-1.0,131.76,-1.1536126290224729,0.569216757741348,0.569216757741348
ASHOKLEY,2025-08-19,BEARISH_TO_BULLISH,65.8,STRONG,1.0,133.1,-1.5702479338843,-1.5702479338843,-2.479338842975194
ASHOKLEY,2025-08-29,BULLISH_TO_BEARISH,70.9,STRONG,-1.0,128.03,-1.8433179723502189,0.015621338748738757,-7.232679840662337
ASHOKLEY,2025-09-08,BEARISH_TO_BULLISH,75.0,STRONG,1.0,135.06,-0.8070487190878153,-0.7181993188212638,-0.38501406782171643
ASHOKLEY,2025-09-10,BULLISH_TO_BEARISH,44.0,MODERATE,-1.0,133.56,-0.3968253968253977,-0.7337526205450657,-3.8933812518718094
ASHOKLEY,2025-09-17,BEARISH_TO_BULLISH,63.1,STRONG,1.0,138.76,1.5350245027385383,3.8051311617180756,1.2179302392620337
ASHOKLEY,2025-09-23,BULLISH_TO_BEARISH,40.0,MODERATE,-1.0,142.26,1.2723182904541,-0.11247012512301181,0.7240264304794047
ASHOKLEY,2025-09-29,BEARISH_TO_BULLISH,61.7,STRONG,1.0,142.67,-1.0093222120978467,-3.413471647858678,-2.327048433447812
ASHOKLEY,2025-10-03,BULLISH_TO_BEARISH,45.1,MODERATE,-1.0,137.8,-1.4876632801160978,-0.6168359941944807,0.2902757619738793
ASHOKLEY,2025-10-21,BEARISH_TO_BULLISH,61.5,STRONG,1.0,137.85,-1.088139281828074,1.632208922742111,2.103735944867614
ASHOKLEY,2025-10-31,BULLISH_TO_BEARISH,40.0,MODERATE,-1.0,139.85,-0.42903110475509065,-1.0368251698248245,-4.433321415802658
ASHOKLEY,2025-11-07,BEARISH_TO_BULLISH,60.2,STRONG,1.0,142.3,2.6352775825720305,5.692199578355582,4.321855235418115
ASHOKLEY,2025-11-19,BULLISH_TO_BEARISH,42.9,MODERATE,-1.0,146.25,1.0598290598290676,0.2735042735042774,-9.230769230769232
ASHOKLEY,2025-11-26,BEARISH_TO_BULLISH,50.6,MODERATE,1.0,159.75,-1.0328638497652618,0.1564945226917058,0.28169014084506333
ASHOKLEY,2025-12-09,BULLISH_TO_BEARISH,40.0,MODERATE,-1.0,158.0,-1.4873417721518951,-5.569620253164564,-5.158227848101269
ASHOKLEY,2025-12-12,BEARISH_TO_BULLISH,70.9,STRONG,1.0,166.8,0.5695443645083864,2.847721822541966,6.145083932853717
ASHOKLEY,2025-12-26,BULLISH_TO_BEARISH,41.7,MODERATE,-1.0,174.9,-2.144082332761578,-5.68896512292738,-7.347055460263004
ASHOKLEY,2026-01-07,BEARISH_TO_BULLISH,23.1,WEAK,1.0,184.5,1.7615176151761516,0.6504065040650345,-0.13550135501355012
ASHOKLEY,2026-01-13,BULLISH_TO_BEARISH,43.5,MODERATE,-1.0,186.9,1.4178705189941176,3.2637774210807886,-1.8191546281433952
ASHOKLEY,2026-01-22,BEARISH_TO_BULLISH,55.0,MODERATE,1.0,193.0,0.0,0.544041450777208,0.7253886010362723
ASHOKLEY,2026-01-29,BULLISH_TO_BEARISH,31.1,WEAK,-1.0,196.7,1.1692933401118368,-2.1352313167259873,-2.618200305033048
ASHOKLEY,2026-02-02,BEARISH_TO_BULLISH,60.0,STRONG,1.0,199.85,0.5253940455341564,1.0007505629221918,4.953715286464852
ASHOKLEY,2026-02-06,BULLISH_TO_BEARISH,36.2,MODERATE,-1.0,205.8,-1.9193391642371178,-2.526724975704562,-0.024295432458689478
ASHOKLEY,2026-02-17,BEARISH_TO_BULLISH,64.5,STRONG,1.0,208.35,-2.3278137748980057,1.1519078473722129,1.5598752099832014
ASHOKLEY,2026-03-04,BULLISH_TO_BEARISH,55.0,MODERATE,-1.0,203.05,4.136912090618077,4.678650578675203,12.115242551095799
ASHOKLEY,2026-03-25,BEARISH_TO_BULLISH,51.4,MODERATE,1.0,163.1,-5.487431023911704,-8.98221949724096,-6.235438381361121
ASHOKLEY,2026-03-30,BULLISH_TO_BEARISH,75.0,STRONG,-1.0,149.1,0.4359490274983271,-2.5687458081824364,-14.27230046948357
ASHOKLEY,2026-04-27,BEARISH_TO_BULLISH,40.0,MODERATE,1.0,167.52,-1.06852913085006,-4.029369627507163,0.167144221585483
ASHOKLEY,2026-04-30,BULLISH_TO_BEARISH,71.0,STRONG,-1.0,160.77,0.32344342850034846,-6.22628599863158,-0.46650494495241646
ASHOKLEY,2026-05-25,BEARISH_TO_BULLISH,55.0,MODERATE,1.0,160.54,1.9185249781985876,-6.702379469291136,-9.15659648685685
ASHOKLEY,2026-05-29,BULLISH_TO_BEARISH,75.0,STRONG,-1.0,149.78,0.48738149285618226,3.5652290025370563,5.848577914274262
ASHOKLEY,2026-06-15,BEARISH_TO_BULLISH,55.0,MODERATE,1.0,158.5,0.675078864353308,-1.1608832807571,-4.441640378548891
ASHOKLEY,2026-06-18,BULLISH_TO_BEARISH,63.5,STRONG,-1.0,156.66,-0.3383122686071755,1.1170688114387846,-0.44682752457552477
ASHOKLEY,2026-06-25,BEARISH_TO_BULLISH,55.0,MODERATE,1.0,157.36,0.21606507371630335,4.683528215556669,5.566853075749867
ASHOKLEY,2026-07-10,BULLISH_TO_BEARISH,25.0,WEAK,-1.0,159.22,2.5310890591634223,2.7320688355734166,2.7760331616630998
ASIANPAINT,2025-07-30,BEARISH_TO_BULLISH,5.2,WEAK,1.0,2396.1,1.4523600851383573,1.6985935478485987,4.607487166645803
ASIANPAINT,2025-08-04,BULLISH_TO_BEARISH,4.2,WEAK,-1.0,2436.8,-2.2324359816152177,-1.5922521339461475,-1.7030531845042676
ASIANPAINT,2025-08-14,BEARISH_TO_BULLISH,33.3,WEAK,1.0,2587.4,-0.30919069336012983,-0.8038958027363448,-3.6523150653165337
ASIANPAINT,2025-09-05,BULLISH_TO_BEARISH,1.8,WEAK,-1.0,2530.8,-0.2607871028923624,-0.991781254939146,1.1142721669037565
ASIANPAINT,2025-09-22,BEARISH_TO_BULLISH,1.3,WEAK,1.0,2446.9,0.4209407822142191,-4.254362662961294,-3.9601127957824223
ASIANPAINT,2025-09-26,BULLISH_TO_BEARISH,36.9,MODERATE,-1.0,2342.6,-0.3158883292068681,-0.6488517032357327,-0.43327926235806763
ASIANPAINT,2025-10-20,BEARISH_TO_BULLISH,7.1,WEAK,1.0,2505.2,-0.11575922082067845,0.5428708286763678,1.3392144339773344
ASIANPAINT,2025-10-24,BULLISH_TO_BEARISH,1.4,WEAK,-1.0,2518.8,0.37716372875972687,-0.18659679212322605,0.26202953787519306
ASIANPAINT,2025-11-14,BEARISH_TO_BULLISH,33.5,WEAK,1.0,2887.85,0.6267638554634039,-0.9713108367816794,-0.2995307928043386
ASIANPAINT,2025-11-18,BULLISH_TO_BEARISH,10.4,WEAK,-1.0,2893.7,1.1715105228599938,0.5010885717247815,0.6773335176417704
ASIANPAINT,2025-11-24,BEARISH_TO_BULLISH,8.0,WEAK,1.0,2875.8,-0.05911398567356119,-0.04868210584881045,2.7331525140830344
ASIANPAINT,2025-12-09,BULLISH_TO_BEARISH,49.8,MODERATE,-1.0,2804.5,0.894990194330537,0.8664646104475016,0.6703512212515664
ASIANPAINT,2025-12-22,BEARISH_TO_BULLISH,6.9,WEAK,1.0,2807.8,-0.7942161122587144,-1.1539283424745383,-1.3640572690362625
ASIANPAINT,2025-12-26,BULLISH_TO_BEARISH,10.4,WEAK,-1.0,2775.4,0.616127405058727,0.8431217121856343,-1.448439864524026
ASIANPAINT,2025-12-30,BEARISH_TO_BULLISH,4.4,WEAK,1.0,2769.5,-0.6318830113738942,1.6645603899620838,1.440693265932482
ASIANPAINT,2026-01-01,BULLISH_TO_BEARISH,24.8,WEAK,-1.0,2772.6,-1.5508908605640916,-1.3272740388083455,-1.9061530693212116
ASIANPAINT,2026-01-06,BEARISH_TO_BULLISH,29.5,WEAK,1.0,2809.4,-0.8151206663344519,3.0967466362924467,0.16195628959919298
ASIANPAINT,2026-01-08,BULLISH_TO_BEARISH,7.1,WEAK,-1.0,2825.45,-2.5111044258436808,0.4070148117998903,2.5323399812419165
ASIANPAINT,2026-01-12,BEARISH_TO_BULLISH,43.0,MODERATE,1.0,2886.3,-2.5066694383813313,-4.587187749021241,-7.802376745314079
ASIANPAINT,2026-01-14,BULLISH_TO_BEARISH,25.7,WEAK,-1.0,2756.9,0.10881787514962458,3.4749174797780182,1.9315172839058363
ASIANPAINT,2026-02-17,BEARISH_TO_BULLISH,36.1,MODERATE,1.0,2432.1,-1.2869536614448307,-0.10073598947410954,-0.6455326672422934
ASIANPAINT,2026-03-05,BULLISH_TO_BEARISH,6.9,WEAK,-1.0,2279.5,2.575126124150025,2.0837903048914237,3.627988593989902
ASIANPAINT,2026-03-10,BEARISH_TO_BULLISH,18.8,WEAK,1.0,2232.0,-0.48387096774194366,-0.6406810035842375,1.3485663082437236
ASIANPAINT,2026-03-12,BULLISH_TO_BEARISH,27.3,WEAK,-1.0,2196.8,-0.9513838310269317,-2.972505462490883,0.06372906045157005
ASIANPAINT,2026-03-17,BEARISH_TO_BULLISH,5.8,WEAK,1.0,2262.1,-3.364130675036467,-6.224304849476138,0.3580743556871893
ASIANPAINT,2026-03-20,BULLISH_TO_BEARISH,21.9,WEAK,-1.0,2121.3,-4.525526799604016,-4.058831848394847,-4.926224484985622
ASIANPAINT,2026-04-13,BEARISH_TO_BULLISH,33.9,WEAK,1.0,2423.1,0.7098345095126191,3.8669472989146247,5.76946886220132
ASIANPAINT,2026-04-24,BULLISH_TO_BEARISH,16.8,WEAK,-1.0,2485.2,0.9093835506196648,1.637695155319484,2.2131015612425564
ASIANPAINT,2026-05-26,BEARISH_TO_BULLISH,27.4,WEAK,1.0,2671.9,-0.011227965118461839,-0.4191773644223314,-0.3854934690669629
ASIANPAINT,2026-05-29,BULLISH_TO_BEARISH,33.1,WEAK,-1.0,2632.4,-1.075064579851076,-1.109253912779206,-1.0180823583041987
ASIANPAINT,2026-06-19,BEARISH_TO_BULLISH,22.7,WEAK,1.0,2674.0,-0.4786836200448834,-1.0770381451009792,-1.4323111443530359
ASTRAL,2025-07-30,BEARISH_TO_BULLISH,7.2,WEAK,1.0,1401.2,0.19269197830431384,1.8412789037967423,1.0491007707679163
ASTRAL,2025-08-12,BULLISH_TO_BEARISH,75.0,STRONG,-1.0,1292.1,0.9983747387972962,-5.727110904728737,-10.006965405154416
ASTRAL,2025-08-19,BEARISH_TO_BULLISH,25.4,WEAK,1.0,1393.8,1.98019801980199,1.4707992538384274,-2.2958817620892527
ASTRAL,2025-09-15,BULLISH_TO_BEARISH,3.5,WEAK,-1.0,1476.8,1.1579089924160286,1.6522210184181922,2.7356446370530785
ASTRAL,2025-11-21,BEARISH_TO_BULLISH,2.0,WEAK,1.0,1473.2,-0.5396415965245754,-0.14933478142818662,-2.2196578875916404
ASTRAL,2025-12-03,BULLISH_TO_BEARISH,25.1,WEAK,-1.0,1440.7,-1.3049212188519437,0.8537516485041962,2.359963906434372
ASTRAL,2025-12-19,BEARISH_TO_BULLISH,7.4,WEAK,1.0,1408.1,0.6320573822881963,-1.2889709537674785,-3.3946452666713984
ASTRAL,2025-12-26,BULLISH_TO_BEARISH,3.9,WEAK,-1.0,1372.0,0.8527696793002949,-4.584548104956275,-8.804664723032067
ASTRAL,2026-02-12,BEARISH_TO_BULLISH,5.4,WEAK,1.0,1596.5,2.7121829000939526,2.5117444409646046,2.5117444409646046
ASTRAL,2026-03-09,BULLISH_TO_BEARISH,20.1,WEAK,-1.0,1660.7,-5.154452941530674,2.944541458421153,0.5238754741976303
ASTRAL,2026-03-25,BEARISH_TO_BULLISH,43.5,MODERATE,1.0,1619.15,-1.2475681684834663,-4.04842046752927,-4.610443751351022
ASTRAL,2026-04-15,BULLISH_TO_BEARISH,6.7,WEAK,-1.0,1578.7,-1.6912649648444953,-0.24070437701906341,0.24070437701906341
ASTRAL,2026-04-20,BEARISH_TO_BULLISH,2.5,WEAK,1.0,1582.5,0.45497630331753847,-1.2195892575039466,-2.1232227488151603
ASTRAL,2026-05-05,BULLISH_TO_BEARISH,34.2,WEAK,-1.0,1576.2,0.4504504504504591,0.2601192742037899,2.042887958380919
ASTRAL,2026-05-22,BEARISH_TO_BULLISH,35.8,MODERATE,1.0,1552.3,1.6878180764027602,1.6684919152225788,-1.649165754042383
ASTRAL,2026-06-02,BULLISH_TO_BEARISH,3.1,WEAK,-1.0,1536.9,-0.8068189212050141,1.6721972802394458,2.3098444921595416
ATGL,2025-08-06,BULLISH_TO_BEARISH,30.6,WEAK,-1.0,591.85,1.2249725437188477,-3.379234603362338,-2.6189068176058123
ATGL,2025-08-26,BEARISH_TO_BULLISH,27.5,WEAK,1.0,592.55,,,
AUBANK,2025-07-04,BEARISH_TO_BULLISH,8.2,WEAK,1.0,813.85,0.7372365915094918,1.7632241813602043,-1.0935676107390768
AUBANK,2025-07-08,BULLISH_TO_BEARISH,6.6,WEAK,-1.0,825.75,-0.2966999697244984,2.51892219194671,3.390856796851347
AUBANK,2025-07-11,BEARISH_TO_BULLISH,1.8,WEAK,1.0,804.95,0.6335797254487743,-0.9938505497235853,-6.466240139139084
AUBANK,2025-07-17,BULLISH_TO_BEARISH,6.1,WEAK,-1.0,794.9,5.283683482199019,7.31538558309221,7.743112341174985
AUBANK,2025-07-24,BEARISH_TO_BULLISH,25.6,WEAK,1.0,733.35,-0.8181632235631009,1.7658689575236832,1.0499761369059701
AUBANK,2025-08-04,BULLISH_TO_BEARISH,6.0,WEAK,-1.0,742.65,1.0031643439035793,0.49148320204672147,2.4035548374065874
AUBANK,2025-08-14,BEARISH_TO_BULLISH,28.0,WEAK,1.0,761.55,-0.4004989823386455,-1.2277591753660178,-1.5691681439170027
AUBANK,2025-08-29,BULLISH_TO_BEARISH,33.5,WEAK,-1.0,721.55,1.8363245790312523,3.5063405169426867,3.021273647009903
AUBANK,2025-09-19,BEARISH_TO_BULLISH,9.4,WEAK,1.0,706.05,3.6258055378514302,5.035054174633535,4.581828482402099
AUBANK,2025-09-29,BULLISH_TO_BEARISH,12.8,WEAK,-1.0,731.4,0.9365600218758577,-4.313645064260332,-4.963084495488115
AUBANK,2025-10-14,BEARISH_TO_BULLISH,11.1,WEAK,1.0,802.1,-0.4488218426630124,7.866849520009976,8.552549557411798
AUBANK,2025-10-27,BULLISH_TO_BEARISH,0.8,WEAK,-1.0,879.9,-0.2898056597340684,0.2329810205705142,-0.04545971133083047
AUBANK,2025-10-29,BEARISH_TO_BULLISH,6.7,WEAK,1.0,878.3,-0.05123534099965067,0.2277126266651486,3.4612319253102686
AUBANK,2025-11-12,BULLISH_TO_BEARISH,39.4,MODERATE,-1.0,886.7,-0.43983308898161466,-3.772414570880786,-3.6765535130258153
AUBANK,2025-11-26,BEARISH_TO_BULLISH,8.2,WEAK,1.0,947.15,0.855197170458747,0.6229213957662437,0.16892783614000134
AUBANK,2025-12-03,BULLISH_TO_BEARISH,6.4,WEAK,-1.0,948.75,-1.2595520421607427,-2.450592885375494,-2.5559947299077734
AUBANK,2025-12-29,BEARISH_TO_BULLISH,16.9,WEAK,1.0,996.45,-0.195694716242666,0.29605098098248095,1.23438205629986
AUBANK,2026-01-02,BULLISH_TO_BEARISH,4.2,WEAK,-1.0,1014.95,0.6108675304202221,2.251342430661611,0.7044682004039697
AUBANK,2026-01-12,BEARISH_TO_BULLISH,12.8,WEAK,1.0,971.95,0.4526981840629638,5.041411595246669,2.3612325736920554
AUBANK,2026-01-21,BULLISH_TO_BEARISH,39.9,MODERATE,-1.0,1000.55,3.4431062915396464,3.8179001549147906,1.8189995502473573
AUBANK,2026-03-18,BEARISH_TO_BULLISH,49.9,MODERATE,1.0,901.55,-0.011092008208075986,-2.667627974044696,-2.085297543120177
AUBANK,2026-03-20,BULLISH_TO_BEARISH,25.6,WEAK,-1.0,849.55,-3.289977046671773,-3.907951268318527,-2.9839326702371873
AUBANK,2026-03-25,BEARISH_TO_BULLISH,55.8,MODERATE,1.0,882.75,-4.536958368734065,-1.642594165958652,0.6457094307561649
AUBANK,2026-04-02,BULLISH_TO_BEARISH,31.2,WEAK,-1.0,883.55,-0.5545809518420114,-8.992134004866736,-10.80866957161451
AUBANK,2026-04-09,BEARISH_TO_BULLISH,26.2,WEAK,1.0,981.8,-0.2800977795885109,0.2189855367692087,1.614381747810147
AUBANK,2026-04-20,BULLISH_TO_BEARISH,1.2,WEAK,-1.0,1037.9,-0.5106464977358083,-2.673667983428076,1.4548607765680832
AUBANK,2026-04-22,BEARISH_TO_BULLISH,3.3,WEAK,1.0,1056.25,0.8899408284023755,-3.166863905325448,-3.8106508875739644
AUBANK,2026-04-24,BULLISH_TO_BEARISH,14.8,WEAK,-1.0,1043.0,1.936720997123686,2.588686481303931,3.4419942473633727
AUBANK,2026-05-25,BEARISH_TO_BULLISH,30.1,WEAK,1.0,1011.8,-0.672069578968171,-4.21525993279304,-4.071950978454233
AUBANK,2026-05-29,BULLISH_TO_BEARISH,35.7,MODERATE,-1.0,969.15,-0.7532373729556898,0.732600732600735,1.0576278181911984
AUBANK,2026-06-15,BEARISH_TO_BULLISH,42.0,MODERATE,1.0,1023.1,-0.2199198514319226,0.9676473463004572,0.3176620076238771
AUBANK,2026-06-19,BULLISH_TO_BEARISH,11.0,WEAK,-1.0,1045.1,1.794086690268874,1.0764520141613243,0.7702612190220989
AUBANK,2026-06-23,BEARISH_TO_BULLISH,3.2,WEAK,1.0,1067.2,-3.1250000000000124,-2.82514992503749,-0.9557721139430326
AUBANK,2026-07-06,BULLISH_TO_BEARISH,12.8,WEAK,-1.0,1066.9,2.633798856500153,-0.4873933826975178,2.6806636048364547
AUBANK,2026-07-10,BEARISH_TO_BULLISH,38.9,MODERATE,1.0,1060.5,-2.0933521923620977,-2.3950966525224033,-6.3366336633663405
AUBANK,2026-07-14,BULLISH_TO_BEARISH,38.1,MODERATE,-1.0,1040.6,0.5285412262156449,4.545454545454541,5.804343647895433
AUROPHARMA,2025-07-18,BULLISH_TO_BEARISH,11.2,WEAK,-1.0,1138.5,3.258673693456294,2.1431708388230204,1.0101010101010102
AUROPHARMA,2025-07-30,BEARISH_TO_BULLISH,3.4,WEAK,1.0,1139.8,-5.264081417792595,-5.2991752939112,-6.158975258817341
AUROPHARMA,2025-08-04,BULLISH_TO_BEARISH,26.9,WEAK,-1.0,1079.4,0.6577728367611761,3.4556234945340174,1.9640541041319293
AUROPHARMA,2025-08-13,BEARISH_TO_BULLISH,14.7,WEAK,1.0,1083.6,0.5260243632336699,-3.4330011074196953,-3.0638612033960704
AUROPHARMA,2025-08-21,BULLISH_TO_BEARISH,32.3,WEAK,-1.0,1050.4,-1.6184310738766183,2.2848438690022848,2.408606245239926
AUROPHARMA,2025-08-25,BEARISH_TO_BULLISH,27.3,WEAK,1.0,1045.6,-1.836266258607481,-1.9605967865340475,-1.0233358837031197
AUROPHARMA,2025-09-16,BULLISH_TO_BEARISH,7.6,WEAK,-1.0,1095.7,-3.0300264670986623,-1.9804691065072595,0.438076115725103
AUROPHARMA,2025-09-26,BEARISH_TO_BULLISH,20.5,WEAK,1.0,1089.5,-0.5139972464433142,0.3487838458008219,0.055071133547490506
AUROPHARMA,2025-10-03,BULLISH_TO_BEARISH,2.8,WEAK,-1.0,1096.5,0.5836753305973635,-2.134062927496588,-3.675330597355217
AUROPHARMA,2025-10-28,BEARISH_TO_BULLISH,6.5,WEAK,1.0,1111.7,-0.8275613924619993,4.21876405505081,2.5996222002338634
AUROPHARMA,2025-11-04,BULLISH_TO_BEARISH,11.6,WEAK,-1.0,1140.6,1.4772926529896468,-2.419779063650722,-6.102051551814847
AUROPHARMA,2025-11-12,BEARISH_TO_BULLISH,13.8,WEAK,1.0,1210.2,1.0163609320773388,2.4045612295488272,-0.20657742521897207
AUROPHARMA,2025-11-21,BULLISH_TO_BEARISH,8.3,WEAK,-1.0,1194.0,-1.1725293132328307,-3.5008375209380196,-1.859296482412064
AUROPHARMA,2025-12-23,BEARISH_TO_BULLISH,30.1,WEAK,1.0,1211.5,-0.43747420553033056,-2.080066033842348,-1.5270326042096576
AUROPHARMA,2025-12-26,BULLISH_TO_BEARISH,17.3,WEAK,-1.0,1200.1,1.1499041746521086,0.5916173652195574,-0.6082826431130891
AUROPHARMA,2026-01-23,BEARISH_TO_BULLISH,6.0,WEAK,1.0,1129.7,0.9028945737806536,6.926617686111356,8.533238912985736
AUROPHARMA,2026-02-05,BULLISH_TO_BEARISH,44.1,MODERATE,-1.0,1191.0,-1.0621326616288909,3.727959697733005,3.8119227539882528
AUROPHARMA,2026-02-12,BEARISH_TO_BULLISH,15.6,WEAK,1.0,1145.6,3.4043296089385477,1.2220670391061454,1.1522346368715124
AUROPHARMA,2026-02-20,BULLISH_TO_BEARISH,31.0,WEAK,-1.0,1150.1,-1.2433701417268224,-6.13859664377012,-5.2430223458829825
AUROPHARMA,2026-03-05,BEARISH_TO_BULLISH,47.0,MODERATE,1.0,1231.9,1.2501014692750925,5.91768812403603,5.243932137348803
AUROPHARMA,2026-03-16,BULLISH_TO_BEARISH,11.0,WEAK,-1.0,1286.0,1.3219284603421462,-0.41990668740280646,0.3421461897356214
AUROPHARMA,2026-04-01,BEARISH_TO_BULLISH,38.9,MODERATE,1.0,1333.75,0.4985941893158456,0.14620431115276816,1.1733833177132214
AUROPHARMA,2026-04-07,BULLISH_TO_BEARISH,15.4,WEAK,-1.0,1335.7,-0.3518754211275021,-0.30695515460057715,-3.8032492326121097
AUROPHARMA,2026-04-10,BEARISH_TO_BULLISH,28.6,WEAK,1.0,1339.8,2.545155993431866,3.448275862068969,3.873712494402157
AUROPHARMA,2026-05-14,BULLISH_TO_BEARISH,6.5,WEAK,-1.0,1511.8,0.7474533668474637,-0.37703399920624725,3.19486704590554
AUROPHARMA,2026-05-26,BEARISH_TO_BULLISH,5.8,WEAK,1.0,1435.9,-0.661605961417926,-0.46660630963159305,1.9291036980290979
AUROPHARMA,2026-06-12,BULLISH_TO_BEARISH,4.0,WEAK,-1.0,1408.3,0.823688134630399,-2.5136689625790023,-5.936235177163966
AUROPHARMA,2026-06-29,BEARISH_TO_BULLISH,5.3,WEAK,1.0,1578.7,-1.6532590105783327,2.6477481472097266,0.27871033128522604
AXISBANK,2025-07-31,BEARISH_TO_BULLISH,9.9,WEAK,1.0,1062.4,0.5835843373493804,0.8094879518072202,-0.40474397590363154
AXISBANK,2025-08-04,BULLISH_TO_BEARISH,29.4,WEAK,-1.0,1070.8,-0.01867762420620522,1.186029137093766,0.07471049682479963
AXISBANK,2025-08-25,BEARISH_TO_BULLISH,11.0,WEAK,1.0,1050.1,0.17141224645273612,1.0856108942005611,0.4380535187125166
AXISBANK,2025-09-01,BULLISH_TO_BEARISH,12.4,WEAK,-1.0,1056.2,0.14201855709145994,0.02840371141828768,0.37871615224389316
AXISBANK,2025-09-11,BEARISH_TO_BULLISH,13.3,WEAK,1.0,1105.3,-0.08142585723331798,1.8727947163666017,2.7684791459332434
AXISBANK,2025-09-25,BULLISH_TO_BEARISH,0.7,WEAK,-1.0,1154.0,1.8890814558058886,-0.47660311958405543,-5.095320623916807
AXISBANK,2025-10-13,BEARISH_TO_BULLISH,57.1,MODERATE,1.0,1176.8,-0.611828687967373,1.9884432358939577,5.132562882392938
AXISBANK,2025-10-24,BULLISH_TO_BEARISH,35.7,MODERATE,-1.0,1254.1,0.6219599712941516,1.235946096802488,1.6266645403077797
AXISBANK,2025-11-14,BEARISH_TO_BULLISH,36.3,MODERATE,1.0,1249.6,1.2644046094750467,2.848911651728564,1.5524967989756797
AXISBANK,2025-11-28,BULLISH_TO_BEARISH,12.2,WEAK,-1.0,1275.7,1.3874735439366657,-0.3449086775887641,0.14893783804970534
AXISBANK,2025-12-18,BEARISH_TO_BULLISH,42.1,MODERATE,1.0,1230.6,0.21127905086950563,-0.34535998699821224,0.11376564277588909
AXISBANK,2026-01-05,BULLISH_TO_BEARISH,40.0,MODERATE,-1.0,1293.8,-0.13139588808162356,1.6849590353995945,2.4578760241150066
AXISBANK,2026-02-09,BEARISH_TO_BULLISH,25.4,WEAK,1.0,1356.7,-0.6928576693447402,-1.7947961966536548,0.036854131348124125
AXISBANK,2026-02-26,BULLISH_TO_BEARISH,26.8,WEAK,-1.0,1383.9,0.83821085338537,2.5074066045234513,6.908013584796599
AXISBANK,2026-03-18,BEARISH_TO_BULLISH,69.8,STRONG,1.0,1206.95,-0.2527030945772364,-1.1806619992543188,-0.1449935788557935
AXISBANK,2026-03-20,BULLISH_TO_BEARISH,27.3,WEAK,-1.0,1170.6,-1.887920724414842,-2.9557491884503793,-1.9220912352639674
AXISBANK,2026-03-24,BEARISH_TO_BULLISH,37.1,MODERATE,1.0,1222.15,-1.3869001350079813,-2.376958638465015,1.8942028392586723
AXISBANK,2026-04-15,BULLISH_TO_BEARISH,21.5,WEAK,-1.0,1349.7,-0.6964510631992193,-2.074535081870045,-1.474401718900486
AXISBANK,2026-05-21,BEARISH_TO_BULLISH,14.1,WEAK,1.0,1285.4,2.0071573051190255,1.447020382760223,-0.7390695503345261
AXISBANK,2026-05-29,BULLISH_TO_BEARISH,30.8,WEAK,-1.0,1275.9,1.9437259973352286,1.7712986911200042,0.6113331765812511
AXISBANK,2026-06-10,BEARISH_TO_BULLISH,54.4,MODERATE,1.0,1317.3,2.960601229788203,3.674182039019213,3.2490700675624353
AXISBANK,2026-06-22,BULLISH_TO_BEARISH,28.0,WEAK,-1.0,1363.5,-1.54015401540154,0.49138247158049475,-0.3813714704803847
AXISBANK,2026-06-24,BEARISH_TO_BULLISH,39.5,MODERATE,1.0,1377.1,-1.4741122649045062,-0.609977488925994,-2.5415728705250165
AXISBANK,2026-06-30,BULLISH_TO_BEARISH,41.9,MODERATE,-1.0,1368.7,0.4237597720464641,2.1261050631986653,4.325272156060499
BAJAJ-AUTO,2025-09-05,BULLISH_TO_BEARISH,2.1,WEAK,-1.0,9434.5,0.545868885473528,3.402406062854417,4.340452594202131
BAJAJ-AUTO,2025-09-30,BEARISH_TO_BULLISH,4.9,WEAK,1.0,8626.5,0.614385903900771,3.2168318553295077,2.127745899263888
BAJAJ-AUTO,2025-11-27,BULLISH_TO_BEARISH,13.3,WEAK,-1.0,9073.5,-0.2474238166088139,0.8039896401609162,-0.3906981870281669
BAJAJ-AUTO,2025-12-22,BEARISH_TO_BULLISH,34.7,WEAK,1.0,9098.95,0.7792107880579587,-0.13188334917765235,2.682177613900497
BAJAJ-AUTO,2026-01-05,BULLISH_TO_BEARISH,22.0,WEAK,-1.0,9660.95,-1.3311320315289752,1.0211211112778915,1.1065164398946423
BAJAJ-AUTO,2026-01-07,BEARISH_TO_BULLISH,27.8,WEAK,1.0,9760.5,-2.0306336765534625,-2.1151580349367425,-2.782132062906606
BAJAJ-AUTO,2026-01-13,BULLISH_TO_BEARISH,0.3,WEAK,-1.0,9579.45,0.9447306473753713,4.170385564933269,2.186973156078898
BAJAJ-AUTO,2026-02-10,BEARISH_TO_BULLISH,14.4,WEAK,1.0,9869.45,-0.2989021678006373,-1.743764850118298,1.1191099807993241
BAJAJ-AUTO,2026-02-27,BULLISH_TO_BEARISH,10.2,WEAK,-1.0,9776.0,1.2648322422258556,-0.40865384615385364,1.6985474631751152
BAJAJ-AUTO,2026-03-06,BEARISH_TO_BULLISH,1.5,WEAK,1.0,9382.95,2.4192817823818733,-2.3542702454984994,-3.3022663448062746
BAJAJ-AUTO,2026-05-12,BULLISH_TO_BEARISH,33.7,WEAK,-1.0,10262.0,-1.8417462482946794,0.6187877606704346,-1.953810173455467
BAJAJ-AUTO,2026-06-23,BEARISH_TO_BULLISH,7.4,WEAK,1.0,9750.0,0.9538461538461539,-0.3487179487179487,1.0974358974358973
BAJAJ-AUTO,2026-07-21,BULLISH_TO_BEARISH,38.6,MODERATE,-1.0,10998.5,,,
BAJAJFINSV,2025-07-08,BEARISH_TO_BULLISH,25.4,WEAK,1.0,2026.4,0.6415317804974339,-1.1251480457955083,0.47374654559810053
BAJAJFINSV,2025-07-14,BULLISH_TO_BEARISH,4.5,WEAK,-1.0,2036.5,0.024551927326295114,0.33881659710287704,-0.15222194942302525
BAJAJFINSV,2025-08-14,BEARISH_TO_BULLISH,11.3,WEAK,1.0,1993.5,-1.0684725357411564,-0.6772009029345373,-1.4898419864559842
BAJAJFINSV,2025-08-20,BULLISH_TO_BEARISH,17.4,WEAK,-1.0,1980.0,0.7121212121212075,2.8181818181818157,3.3585858585858586
BAJAJFINSV,2025-09-11,BEARISH_TO_BULLISH,21.2,WEAK,1.0,2081.5,-0.0720634158059092,-1.177035791496517,-0.6822003362959317
BAJAJFINSV,2025-09-22,BULLISH_TO_BEARISH,1.8,WEAK,-1.0,2084.4,0.7292266359624002,3.895605450009597,3.7420840529648816
BAJAJFINSV,2025-09-30,BEARISH_TO_BULLISH,10.0,WEAK,1.0,2007.0,-0.3039362232187299,1.2755356253114054,0.37618335824613625
BAJAJFINSV,2025-10-03,BULLISH_TO_BEARISH,9.4,WEAK,-1.0,2033.2,0.0295101318119288,0.9172732638205828,0.6295494786543357
BAJAJFINSV,2025-10-16,BEARISH_TO_BULLISH,6.6,WEAK,1.0,2083.7,2.6923261505975127,4.456015741229562,4.15126937658972
BAJAJFINSV,2025-10-31,BULLISH_TO_BEARISH,8.3,WEAK,-1.0,2081.6,0.4035357417371297,-0.9872213681783331,4.431687163720215
BAJAJFINSV,2025-11-13,BEARISH_TO_BULLISH,32.0,WEAK,1.0,2065.8,0.6680220737728593,-0.7551553877432647,-0.6486591151127935
BAJAJFINSV,2025-11-17,BULLISH_TO_BEARISH,0.8,WEAK,-1.0,2050.2,-0.0,-0.1073066042337466,0.975514583943019
BAJAJFINSV,2025-11-25,BEARISH_TO_BULLISH,9.4,WEAK,1.0,2085.1,0.8680638818282054,-0.15826579060955,-1.8752098220708797
BAJAJFINSV,2025-12-02,BULLISH_TO_BEARISH,30.5,WEAK,-1.0,2046.0,-0.15640273704788946,-0.6451612903225717,-0.9677419354838799
BAJAJFINSV,2025-12-30,BEARISH_TO_BULLISH,25.5,WEAK,1.0,2039.9,-0.14216383156037507,-0.03431540761802272,-0.39217608706309126
BAJAJFINSV,2026-01-02,BULLISH_TO_BEARISH,20.5,WEAK,-1.0,2039.2,-0.2648097293056033,1.485876814437032,1.9762652020400135
BAJAJFINSV,2026-01-14,BEARISH_TO_BULLISH,3.8,WEAK,1.0,2002.5,0.7640449438202224,-2.127340823970033,-2.671660424469413
BAJAJFINSV,2026-01-20,BULLISH_TO_BEARISH,47.1,MODERATE,-1.0,1959.9,-1.6939639777539577,2.1557222307260573,0.6020715342619614
BAJAJFINSV,2026-01-22,BEARISH_TO_BULLISH,16.2,WEAK,1.0,1949.0,-1.6085171883016884,-0.04617752693689538,-0.9697280656747097
BAJAJFINSV,2026-01-27,BULLISH_TO_BEARISH,34.3,WEAK,-1.0,1940.3,-0.4019996907694663,0.5256919033139229,-4.084419935061589
BAJAJFINSV,2026-02-13,BEARISH_TO_BULLISH,27.3,WEAK,1.0,2050.9,-0.31693402896289435,-0.8630357404066529,0.03413135696522591
BAJAJFINSV,2026-03-02,BULLISH_TO_BEARISH,41.4,MODERATE,-1.0,1889.3,-1.1909172709469116,2.5300375800561032,4.978034192558088
BAJAJFINSV,2026-03-17,BEARISH_TO_BULLISH,1.9,WEAK,1.0,1791.9,-4.302695462916465,-6.495898208605396,-2.5503655337909508
BAJAJFINSV,2026-03-24,BULLISH_TO_BEARISH,0.0,WEAK,-1.0,1746.2,2.9492612530065285,5.6809071125873345,4.2320467300423825
BAJAJFINSV,2026-04-09,BEARISH_TO_BULLISH,5.4,WEAK,1.0,1809.2,-1.1552067212027466,1.1441521114304691,1.1828432456334215
BAJAJFINSV,2026-04-23,BULLISH_TO_BEARISH,23.9,WEAK,-1.0,1770.7,-0.08471226068786356,0.3670864629807421,0.016942452137570143
BAJAJFINSV,2026-05-25,BEARISH_TO_BULLISH,23.4,WEAK,1.0,1800.7,0.46648525573387367,-2.321319486866216,-3.6819014827567034
BAJAJFINSV,2026-06-01,BULLISH_TO_BEARISH,39.2,MODERATE,-1.0,1741.4,0.4019754220741931,2.193637303319171,2.773630412311943
BAJAJFINSV,2026-06-15,BEARISH_TO_BULLISH,28.4,WEAK,1.0,1787.3,-1.2700721759077966,-1.0015106585352131,-1.247692049460077
BAJAJFINSV,2026-07-09,BULLISH_TO_BEARISH,2.7,WEAK,-1.0,1916.0,0.37578288100209006,3.4655532359081467,3.011482254697288
BAJAJFINSV,2026-07-22,BEARISH_TO_BULLISH,1.0,WEAK,1.0,,,,
BAJFINANCE,2025-07-08,BEARISH_TO_BULLISH,17.0,WEAK,1.0,940.6,0.7495215819689511,-2.3123538167127364,-2.0040399744843738
BAJFINANCE,2025-07-14,BULLISH_TO_BEARISH,65.8,STRONG,-1.0,928.4,0.7162860835846594,-1.464885825075401,-2.6012494614390325
BAJFINANCE,2025-07-18,BEARISH_TO_BULLISH,50.1,MODERATE,1.0,948.45,0.4322842532553017,1.1070694290684802,-7.164320733828883
BAJFINANCE,2025-07-25,BULLISH_TO_BEARISH,55.0,MODERATE,-1.0,880.5,-0.6871095968199834,-0.07950028392959063,-0.5451448040885809
BAJFINANCE,2025-07-30,BEARISH_TO_BULLISH,10.8,WEAK,1.0,881.2,-0.6298229686790817,1.2085792101679502,-0.23831139355424677
BAJFINANCE,2025-08-06,BULLISH_TO_BEARISH,49.1,MODERATE,-1.0,879.1,0.22181776817199925,2.9689455124559236,2.0077351837106105
BAJFINANCE,2025-08-22,BEARISH_TO_BULLISH,11.8,WEAK,1.0,900.8,-2.7253552397868512,-2.5477353463587846,-1.1878330373001702
BAJFINANCE,2025-09-04,BULLISH_TO_BEARISH,9.3,WEAK,-1.0,937.6,-0.7145904436859996,-3.2369880546075107,-7.00191979522184
BAJFINANCE,2025-09-09,BEARISH_TO_BULLISH,25.8,WEAK,1.0,967.95,0.23761557931710878,4.328735988429152,4.0756237408957
BAJFINANCE,2025-09-16,BULLISH_TO_BEARISH,24.2,WEAK,-1.0,1007.4,1.0720667063728364,0.08933889219773448,-2.2185824895771313
BAJFINANCE,2025-09-30,BEARISH_TO_BULLISH,16.1,WEAK,1.0,987.7,0.20755290067833904,2.95130100232864,3.690391819378358
BAJFINANCE,2025-10-28,BULLISH_TO_BEARISH,51.6,MODERATE,-1.0,1062.95,1.0113363751822757,1.8674443764993776,1.9850416294275492
BAJFINANCE,2025-11-13,BEARISH_TO_BULLISH,2.6,WEAK,1.0,1018.5,0.8149239077074084,-1.2665684830633261,-1.4138438880706898
BAJFINANCE,2025-11-19,BULLISH_TO_BEARISH,20.1,WEAK,-1.0,1028.6,2.381878281158846,4.122107719230009,-0.5055415127357619
BAJFINANCE,2025-11-25,BEARISH_TO_BULLISH,4.8,WEAK,1.0,1010.7,2.285544672009489,1.0289898090432352,1.0586722073810162
BAJFINANCE,2025-12-01,BULLISH_TO_BEARISH,46.0,MODERATE,-1.0,1025.5,0.399804973183815,-2.1940516821062896,0.8581179912237888
BAJFINANCE,2025-12-18,BEARISH_TO_BULLISH,4.7,WEAK,1.0,1008.3,-0.0495884161459883,0.357036596251118,-1.0215213726073544
BAJFINANCE,2025-12-26,BULLISH_TO_BEARISH,14.1,WEAK,-1.0,998.0,0.8717434869739524,2.5000000000000044,1.9288577154308615
BAJFINANCE,2025-12-30,BEARISH_TO_BULLISH,25.2,WEAK,1.0,986.8,-1.3933927847588166,-0.8157681394406116,-1.8240778273206324
BAJFINANCE,2026-01-01,BULLISH_TO_BEARISH,63.0,STRONG,-1.0,990.45,1.1812812358019127,2.18587510727448,3.1147458226058884
BAJFINANCE,2026-01-19,BEARISH_TO_BULLISH,50.1,MODERATE,1.0,933.2,0.32683240462922786,-0.5732961851693124,0.20895842263179723
BAJFINANCE,2026-02-06,BULLISH_TO_BEARISH,1.3,WEAK,-1.0,983.15,1.785078573971414,-1.6681076132838302,-3.0107308142196025
BAJFINANCE,2026-02-19,BEARISH_TO_BULLISH,45.5,MODERATE,1.0,1030.2,0.07765482430595559,-0.8881770529994264,-3.3294505921180417
BAJFINANCE,2026-02-26,BULLISH_TO_BEARISH,12.8,WEAK,-1.0,995.9,1.772266291796363,3.3637915453358773,5.80881614619942
BAJFINANCE,2026-03-24,BEARISH_TO_BULLISH,75.0,STRONG,1.0,882.7,-4.4069332729126645,-7.409085759601234,-3.6082474226804147
BAJFINANCE,2026-03-30,BULLISH_TO_BEARISH,52.6,MODERATE,-1.0,817.3,-1.1623638810718218,-4.624984705738416,-10.522451976018598
BAJFINANCE,2026-04-21,BEARISH_TO_BULLISH,64.7,STRONG,1.0,934.75,-1.759828831238304,-1.385397165017389,-0.5081572612998128
BAJFINANCE,2026-04-30,BULLISH_TO_BEARISH,40.0,MODERATE,-1.0,950.2,-0.8840244159124371,-2.3731845927173176,1.4891601768048928
BAJFINANCE,2026-05-05,BEARISH_TO_BULLISH,34.8,WEAK,1.0,980.75,-0.8157022686719348,-4.55773642620444,-8.626051491205713
BAJFINANCE,2026-05-08,BULLISH_TO_BEARISH,24.2,WEAK,-1.0,936.05,3.4025960151701202,2.5639656001281983,1.5971369050798496
BAJFINANCE,2026-05-25,BEARISH_TO_BULLISH,37.1,MODERATE,1.0,930.2,0.10212857450010017,-4.42377983229414,-5.740700924532368
BAJFINANCE,2026-05-29,BULLISH_TO_BEARISH,44.8,MODERATE,-1.0,889.05,0.7986052527979203,1.6478263314774173,2.0190090546088446
BAJFINANCE,2026-06-24,BEARISH_TO_BULLISH,74.8,STRONG,1.0,980.35,0.17340745652062342,3.524251542816336,5.227724792166052
BAJFINANCE,2026-07-09,BULLISH_TO_BEARISH,17.2,WEAK,-1.0,1020.5,-0.20578147966683222,-0.0783929446349784,-3.508084272415478
BAJFINANCE,2026-07-17,BEARISH_TO_BULLISH,37.1,MODERATE,1.0,1064.0,0.4699248120300752,,
BAJFINANCE,2026-07-22,BULLISH_TO_BEARISH,8.7,WEAK,-1.0,,,,
BALKRISIND,2025-07-04,BEARISH_TO_BULLISH,13.9,WEAK,1.0,2602.8,0.7568772091593597,1.2870754571999385,1.8057476563700627
BANDHANBNK,2025-07-16,BEARISH_TO_BULLISH,56.7,MODERATE,1.0,185.19,0.9935741670716579,-2.2949403315513797,-0.5615853987796274
BANDHANBNK,2025-07-31,BULLISH_TO_BEARISH,60.6,STRONG,-1.0,163.42,-2.82095214783993,-0.6853506302778146,-1.0830987639211909
BANDHANBNK,2025-08-12,BEARISH_TO_BULLISH,7.2,WEAK,1.0,165.69,-1.3941698352344756,5.021425553744941,6.717363751584281
BANDHANBNK,2025-08-25,BULLISH_TO_BEARISH,18.7,WEAK,-1.0,165.86,1.766550102496085,2.7251899192089772,0.6933558422766223
BANDHANBNK,2025-09-30,BEARISH_TO_BULLISH,60.1,STRONG,1.0,163.54,1.4797603032897249,0.5564387917329073,-0.1467530879295467
BANDHANBNK,2025-10-06,BULLISH_TO_BEARISH,16.5,WEAK,-1.0,164.45,2.249923989054417,-2.949224688355137,1.1249619945272085
BANDHANBNK,2025-10-24,BEARISH_TO_BULLISH,40.0,MODERATE,1.0,172.05,2.092414995640799,-0.8427782621331106,-8.398721301947118
BANDHANBNK,2025-11-06,BULLISH_TO_BEARISH,70.2,STRONG,-1.0,153.7,0.7807417046193811,-1.3988288874430745,-0.585556278464545
BANDHANBNK,2025-11-21,BEARISH_TO_BULLISH,25.6,WEAK,1.0,149.9,-0.1667778519012675,-0.1667778519012675,0.10006671114076429
BANDHANBNK,2025-11-27,BULLISH_TO_BEARISH,22.0,WEAK,-1.0,150.35,0.19953441968738475,2.3611572996341756,6.817426005986032
BANDHANBNK,2025-12-08,BEARISH_TO_BULLISH,7.0,WEAK,1.0,141.0,0.2482269503546059,6.0638297872340505,6.028368794326241
BANDHANBNK,2025-12-22,BULLISH_TO_BEARISH,43.8,MODERATE,-1.0,149.35,2.0087043856712423,2.209574824238355,2.376966856377625
BANDHANBNK,2025-12-29,BEARISH_TO_BULLISH,44.1,MODERATE,1.0,145.8,0.0,-0.9259259259259415,1.2688614540466352
BANDHANBNK,2026-01-01,BULLISH_TO_BEARISH,31.6,WEAK,-1.0,144.45,-1.9037729318103151,-2.215299411561106,0.276912426445121
BANDHANBNK,2026-01-23,BEARISH_TO_BULLISH,55.0,MODERATE,1.0,149.0,2.9194630872483183,3.791946308724836,4.026845637583892
BANDHANBNK,2026-02-27,BULLISH_TO_BEARISH,51.0,MODERATE,-1.0,177.65,0.14072614691809737,-3.0396847734309067,-2.5893611032929886
BANDHANBNK,2026-03-25,BEARISH_TO_BULLISH,51.3,MODERATE,1.0,148.9,-5.07051712558765,-1.7125587642713307,0.15446608462054381
BANDHANBNK,2026-04-01,BULLISH_TO_BEARISH,35.0,MODERATE,-1.0,146.35,-4.256918346429804,-12.57259993167066,-14.84113426716775
BANDHANBNK,2026-04-15,BEARISH_TO_BULLISH,50.2,MODERATE,1.0,174.18,0.16649443104833622,1.1137903318406233,-0.16075324377081246
BANDHANBNK,2026-04-20,BULLISH_TO_BEARISH,33.0,WEAK,-1.0,176.12,-0.2214399273222725,0.828980240744951,-1.4251646604587729
BANDHANBNK,2026-05-05,BEARISH_TO_BULLISH,60.0,STRONG,1.0,208.88,-0.5984297204136346,-3.6623898889314463,-6.702412868632708
BANDHANBNK,2026-05-12,BULLISH_TO_BEARISH,72.8,STRONG,-1.0,194.88,-2.1346469622331674,2.3296387520525412,1.400862068965512
BANDHANBNK,2026-05-15,BEARISH_TO_BULLISH,10.0,WEAK,1.0,190.34,0.45707680991909455,0.3887779762530257,3.483240516969631
BANDHANBNK,2026-05-29,BULLISH_TO_BEARISH,25.1,WEAK,-1.0,207.14,0.3910398764120759,0.8207009751858593,2.0469247851694417
BANDHANBNK,2026-06-30,BEARISH_TO_BULLISH,64.6,STRONG,1.0,205.02,0.03902058335771343,1.151107209052768,-4.380060481904213
BANDHANBNK,2026-07-03,BULLISH_TO_BEARISH,20.0,WEAK,-1.0,207.38,1.0994309962387891,3.626193461278803,-2.77750988523483
BANDHANBNK,2026-07-09,BEARISH_TO_BULLISH,22.9,WEAK,1.0,210.01,1.4904052187991026,3.099852387981534,1.5427836769677679
BANDHANBNK,2026-07-14,BULLISH_TO_BEARISH,65.9,STRONG,-1.0,216.52,0.9698873083318044,2.3923886938850942,19.86883428782561
BANKBARODA,2025-07-15,BEARISH_TO_BULLISH,47.1,MODERATE,1.0,249.08,-1.0277822386381894,-2.2844066163481718,-2.4128793961779427
BANKBARODA,2025-07-28,BULLISH_TO_BEARISH,38.7,MODERATE,-1.0,242.26,1.0690993147857688,2.9431189630974965,0.6645752497316871
BANKBARODA,2025-07-30,BEARISH_TO_BULLISH,14.6,WEAK,1.0,237.87,-1.1518896876445155,1.1687055954933372,1.757262370202214
BANKBARODA,2025-08-01,BULLISH_TO_BEARISH,65.8,STRONG,-1.0,241.17,0.21561554090474847,-0.36488783845421235,-1.1610067587179216
BANKBARODA,2025-08-05,BEARISH_TO_BULLISH,4.9,WEAK,1.0,241.75,0.12409513960703676,0.9183040330920368,0.024819027921407354
BANKBARODA,2025-08-28,BULLISH_TO_BEARISH,64.0,STRONG,-1.0,232.83,-0.6829016879268027,-2.4051883348365735,-0.6141820212171878
BANKBARODA,2025-09-03,BEARISH_TO_BULLISH,21.9,WEAK,1.0,233.94,0.13678721039582506,0.23510301786783422,1.8509019406685527
BANKBARODA,2025-09-05,BULLISH_TO_BEARISH,48.1,MODERATE,-1.0,234.64,0.06392771905897429,-1.5470508012274224,-1.8794749403341398
BANKBARODA,2025-09-16,BEARISH_TO_BULLISH,15.3,WEAK,1.0,245.89,1.244458904388142,2.135101061450242,3.448696571637732
BANKBARODA,2025-09-23,BULLISH_TO_BEARISH,4.1,WEAK,-1.0,254.37,0.6132798679089524,0.14938868577269154,-2.056060069976813
BANKBARODA,2025-09-29,BEARISH_TO_BULLISH,51.1,MODERATE,1.0,258.54,0.4099945849771804,3.1175059952038375,1.2996054769087786
BANKBARODA,2025-10-07,BULLISH_TO_BEARISH,48.9,MODERATE,-1.0,261.9,-0.859106529209622,-2.3673157693776425,-2.481863306605575
BANKBARODA,2025-10-27,BEARISH_TO_BULLISH,74.1,STRONG,1.0,276.95,-0.8485286152735028,0.5235602094240798,4.025997472467966
BANKBARODA,2025-11-06,BULLISH_TO_BEARISH,26.6,WEAK,-1.0,289.05,0.46704722366373386,1.401141670991182,0.7957100847604259
BANKBARODA,2025-11-24,BEARISH_TO_BULLISH,40.0,MODERATE,1.0,287.25,0.4003481288076509,0.8877284595300301,3.359442993907738
BANKBARODA,2025-12-03,BULLISH_TO_BEARISH,75.0,STRONG,-1.0,288.2,-1.5267175572519203,-0.5725190839694775,1.1103400416377478
BANKBARODA,2025-12-18,BEARISH_TO_BULLISH,40.9,MODERATE,1.0,292.05,0.6676938880328671,-0.5136106831022085,-1.5237116932032146
BANKBARODA,2025-12-23,BULLISH_TO_BEARISH,31.6,WEAK,-1.0,290.55,0.8088108759249776,-0.8432283600068795,-3.5105833763551844
BANKBARODA,2025-12-31,BEARISH_TO_BULLISH,26.8,WEAK,1.0,300.75,1.4297589359933538,1.4297589359933538,-0.3990024937655823
BANKBARODA,2026-01-02,BULLISH_TO_BEARISH,40.0,MODERATE,-1.0,306.85,0.5866058334691253,2.3790125468469974,1.5153984031285754
BANKBARODA,2026-01-22,BEARISH_TO_BULLISH,70.4,STRONG,1.0,296.15,1.975350329225063,2.127300354550063,-6.263717710619604
BANKBARODA,2026-01-29,BULLISH_TO_BEARISH,46.1,MODERATE,-1.0,299.4,7.281229124916486,2.8724114896459474,3.4068136272545053
BANKBARODA,2026-02-04,BEARISH_TO_BULLISH,49.5,MODERATE,1.0,290.45,-0.43036667240488896,-0.03442933379237938,-0.206576002754335
BANKBARODA,2026-02-06,BULLISH_TO_BEARISH,42.2,MODERATE,-1.0,290.6,0.08602890571231933,0.258086717136958,-0.6710254645560869
BANKBARODA,2026-02-17,BEARISH_TO_BULLISH,75.0,STRONG,1.0,305.15,-0.2293953793216414,2.6872030149107147,3.506472226773733
BANKBARODA,2026-03-02,BULLISH_TO_BEARISH,70.5,STRONG,-1.0,299.3,-0.8519879719345177,3.758770464416973,3.341129301703976
BANKBARODA,2026-03-10,BEARISH_TO_BULLISH,51.0,MODERATE,1.0,289.3,-0.034566194262019616,-3.2319391634981063,-2.1258209471137346
BANKBARODA,2026-03-12,BULLISH_TO_BEARISH,59.2,MODERATE,-1.0,281.05,0.3913894324853309,-0.7471980074719679,0.3913894324853309
BANKBARODA,2026-03-18,BEARISH_TO_BULLISH,34.9,WEAK,1.0,272.6,2.6962582538517847,-0.7703595011005218,-4.512105649303011
BANKBARODA,2026-03-20,BULLISH_TO_BEARISH,7.6,WEAK,-1.0,265.9,-1.7299736743136604,2.106054907860085,5.2087250846182656
BANKBARODA,2026-04-15,BEARISH_TO_BULLISH,17.2,WEAK,1.0,279.39,0.36150184330147495,1.6679193958266312,-1.0952432084183408
BANKBARODA,2026-04-21,BULLISH_TO_BEARISH,28.0,WEAK,-1.0,282.77,2.2774693213565786,3.104996994023402,5.134915302189052
BANKBARODA,2026-05-14,BEARISH_TO_BULLISH,51.8,MODERATE,1.0,261.4,-0.5164498852333458,0.822494261667955,1.4728385615914397
BANKBARODA,2026-05-20,BULLISH_TO_BEARISH,27.4,WEAK,-1.0,263.1,-0.8171797795514926,-2.8316229570505462,-2.0524515393386453
BANKBARODA,2026-05-22,BEARISH_TO_BULLISH,44.1,MODERATE,1.0,272.25,-0.6244260789715294,-1.3774104683195594,-2.369146005509638
BANKBARODA,2026-05-29,BULLISH_TO_BEARISH,22.4,WEAK,-1.0,264.35,-0.5485152260260975,-2.629090221297518,1.9292604501607802
BANKBARODA,2026-06-12,BEARISH_TO_BULLISH,73.4,STRONG,1.0,276.05,-0.25357725049809404,2.5176598442311136,3.6225321499728307
BANKBARODA,2026-06-19,BULLISH_TO_BEARISH,13.6,WEAK,-1.0,286.05,2.884111169375983,2.4121657052962884,4.771893025694821
BANKBARODA,2026-06-25,BEARISH_TO_BULLISH,40.0,MODERATE,1.0,272.8,-0.1466275659824172,-4.600439882697952,-8.376099706744876
BANKBARODA,2026-07-01,BULLISH_TO_BEARISH,51.4,MODERATE,-1.0,260.25,3.093179634966383,4.764649375600386,6.013448607108551
BANKBARODA,2026-07-10,BEARISH_TO_BULLISH,53.0,MODERATE,1.0,250.65,-1.6157989228007226,-0.9375623379214021,1.6756433273488882
BANKBARODA,2026-07-14,BULLISH_TO_BEARISH,68.1,STRONG,-1.0,248.15,-0.06044731009470308,-2.6999798508966304,0.9671569615152148
BANKBARODA,2026-07-16,BEARISH_TO_BULLISH,10.1,WEAK,1.0,246.8,3.261750405186379,-0.4254457050243157,
BANKINDIA,2025-07-25,BEARISH_TO_BULLISH,24.6,WEAK,1.0,111.5,0.6008968609865486,-0.09865470852017887,0.17040358744394415
BANKINDIA,2025-08-04,BULLISH_TO_BEARISH,6.2,WEAK,-1.0,110.72,-0.8941473988439259,0.08128612716763314,-2.5198699421965376
BANKINDIA,2025-08-12,BEARISH_TO_BULLISH,16.1,WEAK,1.0,113.56,-0.3258189503346289,2.580133849947158,2.104614300810145
BANKINDIA,2025-08-28,BULLISH_TO_BEARISH,48.7,MODERATE,-1.0,110.29,-1.4507208269108662,-2.9739776951672745,-2.0672771783479797
BANKINDIA,2025-09-29,BEARISH_TO_BULLISH,15.4,WEAK,1.0,123.41,0.9885746697998533,2.1392107608783735,1.1263268778867197
BANKINDIA,2025-10-06,BULLISH_TO_BEARISH,2.0,WEAK,-1.0,126.25,1.1485148514851506,-0.39603960396039606,1.5445544554455468
BANKINDIA,2025-10-21,BEARISH_TO_BULLISH,10.9,WEAK,1.0,135.55,-1.2172630025820772,4.094430099594232,2.4345260051641335
BANKINDIA,2025-11-03,BULLISH_TO_BEARISH,6.1,WEAK,-1.0,142.15,1.4069644741470277,-2.6732325008793407,-3.165670066830813
BANKINDIA,2025-11-10,BEARISH_TO_BULLISH,39.8,MODERATE,1.0,145.5,0.7903780068728562,0.6872852233676976,0.6872852233676976
BANKINDIA,2025-11-14,BULLISH_TO_BEARISH,4.5,WEAK,-1.0,147.35,0.5768578215133996,-0.23752969121139758,1.017984390906006
BANKINDIA,2025-11-20,BEARISH_TO_BULLISH,40.0,MODERATE,1.0,145.45,0.275008594018567,2.3375730491577906,1.1687865245789049
BANKINDIA,2025-12-03,BULLISH_TO_BEARISH,58.2,MODERATE,-1.0,141.5,-1.1307420494699607,-0.10600706713781322,0.5300353356890459
BANKINDIA,2025-12-19,BEARISH_TO_BULLISH,43.4,MODERATE,1.0,142.7,-1.261387526278895,-2.067274001401534,-0.49053959355290033
BANKINDIA,2025-12-26,BULLISH_TO_BEARISH,4.6,WEAK,-1.0,139.9,-1.5010721944245848,-5.075053609721225,-7.147962830593281
BANKINDIA,2025-12-30,BEARISH_TO_BULLISH,67.5,STRONG,1.0,143.85,2.189781021897814,4.205769899200564,5.318039624608971
BANKINDIA,2026-01-05,BULLISH_TO_BEARISH,31.6,WEAK,-1.0,150.65,-0.5642217059409189,3.0866246266179926,2.057749751078655
BANKINDIA,2026-01-14,BEARISH_TO_BULLISH,48.3,MODERATE,1.0,157.35,3.622497616777895,0.09532888465205319,1.4617095646647673
BANKINDIA,2026-01-20,BULLISH_TO_BEARISH,20.5,WEAK,-1.0,157.5,-5.650793650793654,-3.587301587301591,-4.698412698412701
BANKINDIA,2026-01-23,BEARISH_TO_BULLISH,40.0,MODERATE,1.0,163.15,2.574318112166711,0.5822862396567506,-3.156604351823479
BANKINDIA,2026-01-30,BULLISH_TO_BEARISH,62.4,STRONG,-1.0,151.65,-4.187273326739198,-7.781074843389373,-11.045169798878996
BANKINDIA,2026-02-09,BEARISH_TO_BULLISH,31.9,WEAK,1.0,167.5,-0.20895522388059362,-3.402985074626859,1.6119402985074558
BANKINDIA,2026-02-13,BULLISH_TO_BEARISH,18.7,WEAK,-1.0,165.6,-2.7777777777777746,-2.143719806763292,-5.163043478260876
BANKINDIA,2026-02-20,BEARISH_TO_BULLISH,32.8,WEAK,1.0,174.15,0.7751937984496091,1.7513637668676327,-1.0623026126902062
BANKINDIA,2026-03-05,BULLISH_TO_BEARISH,39.0,MODERATE,-1.0,159.6,5.200501253132821,3.3208020050125207,5.889724310776947
BANKINDIA,2026-03-16,BEARISH_TO_BULLISH,8.7,WEAK,1.0,151.4,0.6935270805812305,-0.5944517833553538,-3.3355350066050273
BANKINDIA,2026-03-18,BULLISH_TO_BEARISH,31.5,WEAK,-1.0,145.75,-3.2590051457975986,-0.4116638078902191,0.5145797598627788
BANKINDIA,2026-03-25,BEARISH_TO_BULLISH,42.4,MODERATE,1.0,145.0,-5.517241379310345,-4.034482758620686,-5.137931034482751
BANKINDIA,2026-04-07,BULLISH_TO_BEARISH,70.2,STRONG,-1.0,146.49,1.5018089972011857,1.0376134889753637,-1.6178578742576315
BANKINDIA,2026-04-09,BEARISH_TO_BULLISH,60.0,STRONG,1.0,147.93,-2.0009463935645293,0.6286757250050745,0.25687825322787494
BANKINDIA,2026-04-13,BULLISH_TO_BEARISH,52.8,MODERATE,-1.0,147.7,-0.7853757616790962,-0.4129993229519389,-3.534190927555856
BANKINDIA,2026-04-22,BEARISH_TO_BULLISH,70.3,STRONG,1.0,150.86,-2.267002518891698,-4.38154580405675,-7.284899907198733
BANKINDIA,2026-04-29,BULLISH_TO_BEARISH,56.1,MODERATE,-1.0,139.87,0.8650890112247144,-1.7659255022520903,0.07149495960534376
BANKINDIA,2026-05-26,BEARISH_TO_BULLISH,60.0,STRONG,1.0,147.0,-4.823129251700683,-6.605442176870753,-4.97278911564626
BANKINDIA,2026-06-01,BULLISH_TO_BEARISH,39.4,MODERATE,-1.0,137.29,-1.9156529973049716,-3.03736615922501,-7.597057323912891
BANKINDIA,2026-06-24,BEARISH_TO_BULLISH,21.7,WEAK,1.0,144.72,-1.4994472084024237,-2.114427860696519,-0.46296296296295436
BANKINDIA,2026-07-02,BULLISH_TO_BEARISH,40.0,MODERATE,-1.0,144.05,2.950364456785838,6.199236376258248,-0.5900728913571637
BANKINDIA,2026-07-20,BEARISH_TO_BULLISH,73.2,STRONG,1.0,147.1,-2.114208021753899,,
BANKINDIA,2026-07-22,BULLISH_TO_BEARISH,35.5,MODERATE,-1.0,,,,
BANKNIFTY,2025-07-03,BULLISH_TO_BEARISH,15.8,WEAK,-1.0,57031.9,0.14500656650051,-0.3185059589457855,0.48604377550108685
BANKNIFTY,2025-07-16,BEARISH_TO_BULLISH,9.1,WEAK,1.0,56828.8,-0.9604285151190997,-0.12810405991328852,0.4174819809673968
BANKNIFTY,2025-07-18,BULLISH_TO_BEARISH,41.9,MODERATE,-1.0,56952.75,0.34546180825333284,-0.19893683799290274,1.5238070154645713
BANKNIFTY,2025-07-31,BEARISH_TO_BULLISH,65.0,STRONG,1.0,55617.6,0.003146486004430252,-0.371195448922638,-1.1016296999510895
BANKNIFTY,2025-08-05,BULLISH_TO_BEARISH,47.8,MODERATE,-1.0,55411.15,-0.19851600264567693,-0.1797472169409921,0.4145375073428441
BANKNIFTY,2025-09-11,BEARISH_TO_BULLISH,11.2,WEAK,1.0,54809.3,0.1433150943361722,1.247963393073803,1.1851090964489523
BANKNIFTY,2025-09-22,BULLISH_TO_BEARISH,29.2,WEAK,-1.0,55509.75,0.6994266772954301,2.0183841577380575,1.5743180252117899
BANKNIFTY,2025-09-30,BEARISH_TO_BULLISH,41.6,MODERATE,1.0,55347.95,0.4359691732033488,1.6105384210255331,1.5250790679691044
BANKNIFTY,2025-10-14,BULLISH_TO_BEARISH,61.1,STRONG,-1.0,56799.9,-1.0962167186914087,-2.171306639624358,-2.2502680462465627
BANKNIFTY,2025-10-16,BEARISH_TO_BULLISH,43.0,MODERATE,1.0,57713.35,0.5542045298011613,0.6319161857698511,0.6946399749797949
BANKNIFTY,2025-10-24,BULLISH_TO_BEARISH,43.3,MODERATE,-1.0,58114.25,-0.17181672309287058,0.14308022559011163,0.022025578924279175
BANKNIFTY,2025-10-28,BEARISH_TO_BULLISH,40.9,MODERATE,1.0,58385.25,-0.6065744344676121,-0.4860816730252982,-1.4233046873996429
BANKNIFTY,2025-10-31,BULLISH_TO_BEARISH,19.4,WEAK,-1.0,58101.45,0.47227737001399134,0.3866512797873275,-0.06316537711193847
BANKNIFTY,2025-11-20,BEARISH_TO_BULLISH,7.6,WEAK,1.0,58867.7,-0.05495373524020566,1.1217526759156649,1.503371118627023
BANKNIFTY,2025-12-02,BULLISH_TO_BEARISH,34.3,WEAK,-1.0,59348.25,0.10033994262678834,0.1848411705484106,0.6535154785524401
BANKNIFTY,2025-12-12,BEARISH_TO_BULLISH,12.2,WEAK,1.0,59461.8,-0.7184444466867878,-0.9231977504885562,-0.26538046275088023
BANKNIFTY,2025-12-17,BULLISH_TO_BEARISH,33.3,WEAK,-1.0,58912.85,-0.2653920154940706,-0.6563932995942385,-0.16719612104999163
BANKNIFTY,2025-12-22,BEARISH_TO_BULLISH,28.4,WEAK,1.0,59299.55,-0.19553268110804276,-0.61922898234473,0.4760575754790645
BANKNIFTY,2025-12-24,BULLISH_TO_BEARISH,29.7,WEAK,-1.0,59011.35,0.13387255163625303,-0.9667631735250931,-1.931153922084478
BANKNIFTY,2025-12-30,BEARISH_TO_BULLISH,42.0,MODERATE,1.0,59581.85,0.2176837409378936,0.7759913463579908,0.6864506556946453
BANKNIFTY,2026-01-08,BULLISH_TO_BEARISH,25.0,WEAK,-1.0,59251.55,-0.3357718068134877,-0.5545846479965478,-1.0798029756183518
BANKNIFTY,2026-01-28,BEARISH_TO_BULLISH,17.0,WEAK,1.0,59957.85,-0.5794070334409948,0.139181108061754,0.1764572945827826
BANKNIFTY,2026-02-02,BULLISH_TO_BEARISH,34.6,WEAK,-1.0,60041.3,-0.32785765797875555,-0.13199247851062518,-0.974495888663301
BANKNIFTY,2026-02-04,BEARISH_TO_BULLISH,15.4,WEAK,1.0,60063.65,0.09473283758146808,0.9369227477850579,1.1256392177298558
BANKNIFTY,2026-02-06,BULLISH_TO_BEARISH,15.4,WEAK,-1.0,60669.35,0.07079357204255046,-0.11603882355753187,-0.4611059785542453
BANKNIFTY,2026-02-17,BEARISH_TO_BULLISH,41.8,MODERATE,1.0,61550.8,-1.3180169875939873,-0.4655504071433725,-0.8244409495896143
BANKNIFTY,2026-03-05,BULLISH_TO_BEARISH,3.4,WEAK,-1.0,57783.25,3.051835955921477,3.5434143977709804,6.966378665097587
BANKNIFTY,2026-03-18,BEARISH_TO_BULLISH,44.1,MODERATE,1.0,53451.0,-0.04480739368767112,-1.5815419730220173,-2.2008942770013684
BANKNIFTY,2026-04-23,BULLISH_TO_BEARISH,67.0,STRONG,-1.0,56089.75,-0.3111976787202705,1.223307288764884,2.159485467487375
BANKNIFTY,2026-04-27,BEARISH_TO_BULLISH,41.6,MODERATE,1.0,55400.35,0.005866388930755853,-0.9419615580045948,1.0481883237199845
BANKNIFTY,2026-05-04,BULLISH_TO_BEARISH,30.0,WEAK,-1.0,54547.05,-2.628923103999208,-1.3997090585100385,1.8183384802661295
BANKNIFTY,2026-05-25,BEARISH_TO_BULLISH,51.5,MODERATE,1.0,55092.9,-0.43390346124455764,-2.6315550642641847,-1.6462193858010823
BANKNIFTY,2026-05-29,BULLISH_TO_BEARISH,43.2,MODERATE,-1.0,53643.1,-0.1333815532659427,-1.239208770559494,-0.7841642261539722
BANKNIFTY,2026-06-17,BEARISH_TO_BULLISH,14.1,WEAK,1.0,57963.8,-0.4796959481607536,-1.3457537290515855,0.3679020354083065
BANKNIFTY,2026-06-29,BULLISH_TO_BEARISH,39.1,MODERATE,-1.0,57542.9,-0.8517992662865469,-0.6874870748606666,-1.1431471128497097
BANKNIFTY,2026-07-01,BEARISH_TO_BULLISH,44.8,MODERATE,1.0,58031.65,-0.16051585643351768,0.29130655426822366,-1.3427155698657618
BANKNIFTY,2026-07-03,BULLISH_TO_BEARISH,7.6,WEAK,-1.0,58291.5,0.1557688513762777,1.7825068835078923,0.27456833329045044
BANKNIFTY,2026-07-10,BEARISH_TO_BULLISH,36.0,MODERATE,1.0,58131.45,-1.1510980716978405,-0.9447553776828157,-0.3207386019099766
BANKNIFTY,2026-07-15,BULLISH_TO_BEARISH,12.8,WEAK,-1.0,57582.25,-1.6309713496780718,-0.4395451723404322,
BDL,2025-07-30,BEARISH_TO_BULLISH,8.4,WEAK,1.0,1619.0,-3.3292155651636866,-2.001235330450901,-3.162445954292776
BDL,2025-08-20,BULLISH_TO_BEARISH,34.7,WEAK,-1.0,1519.9,0.15132574511482214,2.7830778340680427,5.539838147246532
BDL,2025-10-28,BEARISH_TO_BULLISH,4.1,WEAK,1.0,1525.8,-0.7012714641499571,0.7078254030672405,-5.744527461004054
BDL,2025-11-06,BULLISH_TO_BEARISH,41.2,MODERATE,-1.0,1447.65,-4.610921148067558,-5.8508617414430155,-11.477221704141185
BDL,2025-11-11,BEARISH_TO_BULLISH,28.5,WEAK,1.0,1532.35,-0.9429960518158266,3.729565699742232,0.2904036284138771
BDL,2025-11-18,BULLISH_TO_BEARISH,41.1,MODERATE,-1.0,1536.8,-1.314419573138993,3.891202498698591,3.2014575741801172
BDL,2025-12-19,BEARISH_TO_BULLISH,44.2,MODERATE,1.0,1423.6,0.544394492835066,3.814273672379895,2.177577971340264
BDL,2025-12-29,BULLISH_TO_BEARISH,26.2,WEAK,-1.0,1454.6,-0.8180943214629515,-2.7773958476557192,-6.042898391310333
BDL,2026-02-19,BEARISH_TO_BULLISH,4.5,WEAK,1.0,1310.4,-2.6556776556776693,-5.311355311355322,-3.449328449328452
BDL,2026-03-04,BULLISH_TO_BEARISH,24.6,WEAK,-1.0,1280.65,-5.938390660992461,-8.105259048139612,-5.368367625815015
BDL,2026-03-06,BEARISH_TO_BULLISH,46.6,MODERATE,1.0,1335.55,3.661412901052008,1.0370259443674992,-3.8598330275916255
BDL,2026-05-11,BULLISH_TO_BEARISH,20.3,WEAK,-1.0,1334.2,-1.9562284515065138,0.652076150502177,1.6864038375056214
BDL,2026-06-03,BEARISH_TO_BULLISH,33.7,WEAK,1.0,1212.8,-0.4452506596305956,-0.8245382585751979,-4.3288258575197895
BDL,2026-06-23,BULLISH_TO_BEARISH,7.5,WEAK,-1.0,1383.5,1.0914347668955482,1.0914347668955482,-0.10119262739429642
BEL,2025-07-02,BULLISH_TO_BEARISH,46.1,MODERATE,-1.0,426.25,-0.30498533724340443,0.997067448680352,2.9912023460410557
BEL,2025-07-22,BEARISH_TO_BULLISH,43.9,MODERATE,1.0,400.2,-0.48725637181409015,-2.7361319340329806,-3.4232883558220863
BEL,2025-07-24,BULLISH_TO_BEARISH,30.7,WEAK,-1.0,395.2,1.5055668016194304,2.2014170040485803,4.554655870445344
BEL,2025-07-30,BEARISH_TO_BULLISH,40.0,MODERATE,1.0,383.1,-1.5400678673975552,0.9266510049595287,1.2137823022709415
BEL,2025-08-06,BULLISH_TO_BEARISH,40.0,MODERATE,-1.0,387.75,0.8123791102514448,1.908446163765307,0.7350096711798898
BEL,2025-08-22,BEARISH_TO_BULLISH,40.9,MODERATE,1.0,372.05,-1.6664426824351535,-0.7122698562021326,1.2229539040451582
BEL,2025-08-29,BULLISH_TO_BEARISH,10.8,WEAK,-1.0,373.9,-0.722118213426062,0.3744316662209086,0.5349023803155925
BEL,2025-09-30,BEARISH_TO_BULLISH,65.0,STRONG,1.0,406.5,1.512915129151286,0.9348093480934837,0.7011070110701163
BEL,2025-10-06,BULLISH_TO_BEARISH,4.5,WEAK,-1.0,410.3,1.6207652936875538,-0.7799171338045305,1.92542042407995
BEL,2025-10-16,BEARISH_TO_BULLISH,44.5,MODERATE,1.0,412.8,0.8963178294573616,1.4171511627906894,0.5692829457364258
BEL,2025-10-30,BULLISH_TO_BEARISH,60.0,STRONG,-1.0,426.1,0.8918094344050718,4.060079793475713,2.1708519126965498
BEL,2025-11-11,BEARISH_TO_BULLISH,72.5,STRONG,1.0,424.75,-1.1653914067098265,-0.04708652148322275,-0.36492054149499975
BEL,2025-11-13,BULLISH_TO_BEARISH,45.8,MODERATE,-1.0,426.85,0.5388309710671222,0.855101323650002,2.459880520089024
BEL,2025-11-20,BEARISH_TO_BULLISH,40.0,MODERATE,1.0,416.35,-3.0142908610544037,-0.25219166566590884,-1.1048396781554035
BEL,2025-11-24,BULLISH_TO_BEARISH,75.0,STRONG,-1.0,410.25,-1.2309567336989669,-0.3656307129798903,-0.6825106642291314
BEL,2025-11-26,BEARISH_TO_BULLISH,66.2,STRONG,1.0,413.05,-0.31473187265464503,0.0,-1.4283984989710772
BEL,2025-12-03,BULLISH_TO_BEARISH,71.0,STRONG,-1.0,407.15,0.06140243153628884,4.347292152769247,4.801670146137776
BEL,2025-12-19,BEARISH_TO_BULLISH,52.3,MODERATE,1.0,398.95,0.11279608973555298,-0.12532898859506206,-1.4162175711241953
BEL,2025-12-26,BULLISH_TO_BEARISH,36.5,MODERATE,-1.0,393.25,-0.012714558169106514,-1.1315956770502196,-5.225683407501592
BEL,2025-12-30,BEARISH_TO_BULLISH,40.1,MODERATE,1.0,399.6,-0.475475475475484,3.5535535535535505,4.016516516516505
BEL,2026-01-02,BULLISH_TO_BEARISH,3.6,WEAK,-1.0,413.8,0.16916384726920944,-0.4470758820686239,-0.9424842919284624
BEL,2026-01-22,BEARISH_TO_BULLISH,55.0,MODERATE,1.0,410.7,1.2783053323593865,8.229851473094719,6.915023131239356
BEL,2026-01-29,BULLISH_TO_BEARISH,69.4,STRONG,-1.0,449.0,2.204899777282846,2.1826280623608043,4.309576837416486
BEL,2026-02-04,BEARISH_TO_BULLISH,40.3,MODERATE,1.0,432.9,-0.7507507507507508,1.0164010164010244,2.541002541002541
BEL,2026-02-06,BULLISH_TO_BEARISH,43.8,MODERATE,-1.0,437.3,-0.0,-1.5092613766293084,-0.1600731763091673
BEL,2026-02-12,BEARISH_TO_BULLISH,67.3,STRONG,1.0,435.55,0.5625071748364111,2.789576397658128,1.2857306853403665
BEL,2026-03-02,BULLISH_TO_BEARISH,40.0,MODERATE,-1.0,446.85,-2.9428219760545993,-2.349781805975159,-1.622468389839991
BEL,2026-03-06,BEARISH_TO_BULLISH,69.2,STRONG,1.0,457.35,1.3119055428009183,-0.8308735104405841,-6.089428227834267
BEL,2026-03-12,BULLISH_TO_BEARISH,40.6,MODERATE,-1.0,439.4,2.2530723714155614,-0.7282658170232239,3.026854802002721
BEL,2026-03-25,BEARISH_TO_BULLISH,8.8,WEAK,1.0,404.75,-1.0129709697344096,4.163063619518226,5.694873378628786
BEL,2026-03-30,BULLISH_TO_BEARISH,50.0,MODERATE,-1.0,418.7,-0.6926200143300775,-2.173393838070223,-5.027465966085506
BEL,2026-04-16,BEARISH_TO_BULLISH,68.9,STRONG,1.0,462.75,-1.1237169097784958,-3.0361966504592135,-3.9546191247974094
BEL,2026-04-21,BULLISH_TO_BEARISH,46.6,MODERATE,-1.0,448.7,-0.2785825718743036,2.9195453532426936,2.4849565411187826
BEL,2026-05-22,BEARISH_TO_BULLISH,40.0,MODERATE,1.0,421.85,-0.4148393978902453,-2.6312670380467043,-3.3187151831219626
BEL,2026-05-29,BULLISH_TO_BEARISH,70.0,STRONG,-1.0,407.2,-0.15962671905698284,-0.6630648330058911,-1.4120825147347742
BEL,2026-06-18,BEARISH_TO_BULLISH,70.4,STRONG,1.0,426.9,1.0775357226516802,-3.1271960646521357,-3.583977512297951
BEL,2026-06-24,BULLISH_TO_BEARISH,47.7,MODERATE,-1.0,407.15,-1.0929632813459524,-2.2350485079209195,-2.677146014982202
BEL,2026-06-30,BEARISH_TO_BULLISH,40.2,MODERATE,1.0,416.25,-0.28828828828828557,2.234234234234237,-2.0780780780780725
BEL,2026-07-02,BULLISH_TO_BEARISH,41.4,MODERATE,-1.0,418.05,-1.794043774668102,2.4997009927042195,0.7654586771917208
BHARATFORG,2025-07-24,BEARISH_TO_BULLISH,3.6,WEAK,1.0,1204.0,-1.287375415282392,-1.279069767441868,-4.808970099667782
BHARATFORG,2025-08-06,BULLISH_TO_BEARISH,37.1,MODERATE,-1.0,1161.7,2.281139709047086,0.8005509167599169,-1.618317982267363
BHARATFORG,2025-09-12,BEARISH_TO_BULLISH,26.1,WEAK,1.0,1237.2,2.101519560297446,2.537989007436135,1.5195602974458418
BHARATFORG,2025-10-08,BULLISH_TO_BEARISH,16.7,WEAK,-1.0,1209.3,-0.8848093938642227,-1.1246175473414486,-4.62250888944018
BHARATFORG,2025-10-23,BEARISH_TO_BULLISH,39.2,MODERATE,1.0,1283.9,1.3669288885427178,2.9830983721473596,3.177817587039485
BHARATFORG,2025-11-18,BULLISH_TO_BEARISH,7.3,WEAK,-1.0,1446.25,0.7502160760587664,2.3543647363872053,1.0302506482281826
BHARATFORG,2025-12-12,BEARISH_TO_BULLISH,29.4,WEAK,1.0,1414.0,0.2404526166902469,-0.4596888260254597,2.984441301272988
BHARATFORG,2025-12-26,BULLISH_TO_BEARISH,6.0,WEAK,-1.0,1445.7,-0.61561873141038,-1.2934910424016077,-2.5316455696202467
BHARATFORG,2026-01-06,BEARISH_TO_BULLISH,21.4,WEAK,1.0,1483.4,-1.9751921261965875,-1.806660374814627,-2.4403397600107892
BHARATFORG,2026-01-08,BULLISH_TO_BEARISH,14.2,WEAK,-1.0,1444.5,-0.8376600899965323,-0.18691588785047045,2.0353063343717612
BHARATFORG,2026-01-23,BEARISH_TO_BULLISH,3.5,WEAK,1.0,1418.5,2.85865350722594,1.6143813887909828,8.494888967218893
BHARATFORG,2026-03-10,BULLISH_TO_BEARISH,29.8,WEAK,-1.0,1797.1,0.9765733682043267,5.570085137165429,-0.4006454843915222
BHARATFORG,2026-03-18,BEARISH_TO_BULLISH,22.8,WEAK,1.0,1712.4,-0.05255781359495976,-0.21023125437982576,0.7416491473954577
BHARATFORG,2026-04-02,BULLISH_TO_BEARISH,32.0,WEAK,-1.0,1670.7,-0.035913090321416714,-4.1120488418028405,-7.817082659962884
BHARATFORG,2026-05-18,BEARISH_TO_BULLISH,0.2,WEAK,1.0,1857.2,1.6691794098643118,2.180702132242085,3.9521860865819436
BHARATFORG,2026-06-02,BULLISH_TO_BEARISH,6.5,WEAK,-1.0,1936.5,-0.05163955589981926,2.235992770462172,-0.655822359927707
BHARATFORG,2026-06-23,BEARISH_TO_BULLISH,41.8,MODERATE,1.0,2122.8,1.0599208592425098,1.00810250612397,1.229508196721307
BHARATFORG,2026-06-29,BULLISH_TO_BEARISH,20.8,WEAK,-1.0,2144.2,1.6509653950191046,0.3497808040294749,1.52038056151478
BHARTIARTL,2025-07-08,BEARISH_TO_BULLISH,22.0,WEAK,1.0,2019.7,-2.73307917017379,-4.891815616180619,-4.114472446402938
BHARTIARTL,2025-07-10,BULLISH_TO_BEARISH,73.7,STRONG,-1.0,1921.9,0.05203184348821478,-0.7648680992767479,1.0874655289036936
BHARTIARTL,2025-07-18,BEARISH_TO_BULLISH,3.4,WEAK,1.0,1909.2,-0.12570710245129324,1.4089671066415181,-0.9794678399329586
BHARTIARTL,2025-07-25,BULLISH_TO_BEARISH,12.7,WEAK,-1.0,1890.5,-1.4705104469716983,-1.2589262099973528,-1.2747950277704263
BHARTIARTL,2025-07-30,BEARISH_TO_BULLISH,33.2,WEAK,1.0,1914.3,-1.5619286423235577,0.9089484406832833,0.43357885388914774
BHARTIARTL,2025-08-04,BULLISH_TO_BEARISH,40.0,MODERATE,-1.0,1931.7,0.10353574571620851,3.784231505927428,4.2139048506496914
BHARTIARTL,2025-08-14,BEARISH_TO_BULLISH,13.6,WEAK,1.0,1892.3,0.9195159329916023,1.986999947154264,2.0292765417745646
BHARTIARTL,2025-09-01,BULLISH_TO_BEARISH,9.0,WEAK,-1.0,1887.2,0.17486222975836976,-0.43980500211953977,-0.344425604069521
BHARTIARTL,2025-09-12,BEARISH_TO_BULLISH,2.2,WEAK,1.0,1904.5,1.8377526909950117,1.927014964557629,2.7146232606983483
BHARTIARTL,2025-09-19,BULLISH_TO_BEARISH,18.9,WEAK,-1.0,1956.2,0.8945915550557203,1.053062059094169,2.760453941314794
BHARTIARTL,2025-10-20,BEARISH_TO_BULLISH,18.6,WEAK,1.0,2043.5,-1.7396623440176144,1.7910447761193986,2.794225593344747
BHARTIARTL,2025-10-31,BULLISH_TO_BEARISH,35.2,MODERATE,-1.0,2074.0,-1.894889103182265,3.5101253616200556,1.5284474445515932
BHARTIARTL,2025-11-11,BEARISH_TO_BULLISH,45.6,MODERATE,1.0,2073.8,0.8703828720223612,1.8516732568232053,4.149387597646818
BHARTIARTL,2025-11-27,BULLISH_TO_BEARISH,22.7,WEAK,-1.0,2101.6,0.5662352493338453,0.7422915873620056,-0.34259611724401756
BHARTIARTL,2025-12-17,BEARISH_TO_BULLISH,9.6,WEAK,1.0,2092.0,0.27246653919693203,1.4770554493307881,0.6405353728489527
BHARTIARTL,2025-12-19,BULLISH_TO_BEARISH,3.6,WEAK,-1.0,2147.6,1.1501210653752942,1.9649841683739906,2.225740361333569
BHARTIARTL,2025-12-30,BEARISH_TO_BULLISH,19.1,WEAK,1.0,2105.6,0.225588905775076,-0.028495440729478967,-1.0163373860182414
BHARTIARTL,2026-01-01,BULLISH_TO_BEARISH,4.2,WEAK,-1.0,2106.3,0.06171960309548411,1.0492332526231003,3.760148127047442
BHARTIARTL,2026-01-21,BEARISH_TO_BULLISH,15.6,WEAK,1.0,2002.2,-0.8740385575866547,-2.225052442313453,-1.6731595245230249
BHARTIARTL,2026-01-29,BULLISH_TO_BEARISH,28.9,WEAK,-1.0,1968.7,0.1676233047188477,-2.9003911210443394,-3.54040737542541
BHARTIARTL,2026-02-23,BEARISH_TO_BULLISH,21.6,WEAK,1.0,1941.0,-1.4219474497681561,-3.178773827923753,-1.8083462132921126
BHARTIARTL,2026-02-25,BULLISH_TO_BEARISH,50.8,MODERATE,-1.0,1929.55,2.604234147858309,1.225674380036789,3.0447513668990176
BHARTIARTL,2026-03-18,BEARISH_TO_BULLISH,38.0,MODERATE,1.0,1827.35,1.0260760117109475,-1.3817823624374095,0.9056830930035398
BHARTIARTL,2026-04-01,BULLISH_TO_BEARISH,36.3,MODERATE,-1.0,1789.7,-0.17321338771860698,-4.017433089344575,-4.486785494775658
BHARTIARTL,2026-04-24,BEARISH_TO_BULLISH,2.6,WEAK,1.0,1820.1,1.3021262567990795,3.6591396077138696,-0.7691885061260371
BHARTIARTL,2026-05-05,BULLISH_TO_BEARISH,65.0,STRONG,-1.0,1833.7,0.3871952882150917,4.035556525058624,2.426787369798767
BHARTIARTL,2026-05-14,BEARISH_TO_BULLISH,75.0,STRONG,1.0,1905.4,1.716175081347739,-0.0262412091949197,-1.7844022252545395
BHARTIARTL,2026-05-18,BULLISH_TO_BEARISH,28.2,WEAK,-1.0,1913.5,0.4494382022471863,2.200156780768221,3.4805330546119633
BHARTIARTL,2026-06-12,BEARISH_TO_BULLISH,70.0,STRONG,1.0,1841.2,0.6463176189441594,1.824896806430584,4.095155333478159
BHARTIARTL,2026-06-19,BULLISH_TO_BEARISH,7.3,WEAK,-1.0,1916.6,0.782635917771053,3.4383804654074854,3.3705520192006637
BHARTIARTL,2026-06-23,BEARISH_TO_BULLISH,0.9,WEAK,1.0,1877.3,-1.4169285676237102,-1.3476801789804482,-0.11186278165449896
BHARTIARTL,2026-06-25,BULLISH_TO_BEARISH,47.1,MODERATE,-1.0,1841.1,-0.5920373689642111,-1.8521536038238084,-4.595079028841461
BHARTIARTL,2026-06-30,BEARISH_TO_BULLISH,39.6,MODERATE,1.0,1871.0,0.22447888829503182,2.9235702832709807,0.9139497594869005
BHARTIARTL,2026-07-02,BULLISH_TO_BEARISH,2.6,WEAK,-1.0,1910.4,-0.8008793969849222,1.1672948073701939,-0.5234505862646566
BHARTIARTL,2026-07-21,BEARISH_TO_BULLISH,31.2,WEAK,1.0,1949.0,,,
BHEL,2025-07-30,BEARISH_TO_BULLISH,14.6,WEAK,1.0,238.45,-2.8727196477248875,4.109876284336344,-4.399245124764094
BHEL,2025-08-01,BULLISH_TO_BEARISH,74.4,STRONG,-1.0,241.43,-2.824835356003808,5.579256927473801,8.27154868906101
BHEL,2025-08-20,BEARISH_TO_BULLISH,5.5,WEAK,1.0,218.48,0.05034785792750533,-3.1948004393994824,-4.7922006590992305
BHEL,2025-08-29,BULLISH_TO_BEARISH,55.1,MODERATE,-1.0,212.22,-1.3429459994345463,0.5324663085477312,-2.101592686834421
BHEL,2025-09-03,BEARISH_TO_BULLISH,25.9,WEAK,1.0,211.09,0.6016391112795538,1.6248993320384701,8.503481927140077
BHEL,2025-09-15,BULLISH_TO_BEARISH,1.3,WEAK,-1.0,232.19,-0.9173521684827062,-2.1447952108187214,-2.8209655885266427
BHEL,2025-09-26,BEARISH_TO_BULLISH,23.4,WEAK,1.0,233.97,1.914775398555366,4.692909347352221,4.650168825063041
BHEL,2025-10-09,BULLISH_TO_BEARISH,10.5,WEAK,-1.0,239.65,2.0029209263509333,1.6065094930106383,2.941790110577931
BHEL,2025-10-28,BEARISH_TO_BULLISH,38.0,MODERATE,1.0,245.4,6.479217603911983,7.9665851670741565,5.969845150774248
BHEL,2025-11-14,BULLISH_TO_BEARISH,12.5,WEAK,-1.0,285.5,-1.2609457092819694,0.08756567425569177,2.6619964973730377
BHEL,2025-11-26,BEARISH_TO_BULLISH,21.7,WEAK,1.0,290.85,0.0,-1.8394361354650242,-5.1916795599106145
BHEL,2025-11-28,BULLISH_TO_BEARISH,34.9,WEAK,-1.0,291.0,1.8900343642611683,5.240549828178694,7.319587628865984
BHEL,2025-12-10,BEARISH_TO_BULLISH,20.3,WEAK,1.0,276.5,3.128390596745019,1.0307414104882542,-0.5244122965641912
BHEL,2025-12-16,BULLISH_TO_BEARISH,45.8,MODERATE,-1.0,277.85,1.0077379881230921,-1.439625697318697,-0.12596724851537372
BHEL,2025-12-22,BEARISH_TO_BULLISH,51.1,MODERATE,1.0,281.9,-1.312522170982614,-0.8868393047179852,1.968783256473931
BHEL,2025-12-31,BULLISH_TO_BEARISH,40.0,MODERATE,-1.0,291.45,-2.762051809915942,-1.887116143420827,6.742151312403492
BHEL,2026-01-02,BEARISH_TO_BULLISH,73.8,STRONG,1.0,300.05,-1.0331611398100393,-9.415097483752707,-10.714880853191145
BHEL,2026-01-09,BULLISH_TO_BEARISH,60.0,STRONG,-1.0,267.9,0.8771929824561276,0.9331840238895112,6.625606569615518
BHEL,2026-02-04,BEARISH_TO_BULLISH,69.0,STRONG,1.0,268.9,-0.8553365563406303,2.677575306805521,-3.086649312011884
BHEL,2026-02-06,BULLISH_TO_BEARISH,64.3,STRONG,-1.0,274.65,-0.5279446568359897,5.115601674858896,4.423812124522112
BHEL,2026-02-10,BEARISH_TO_BULLISH,52.0,MODERATE,1.0,260.65,-0.019182812200251115,0.7097640514099455,0.3644734318051201
BHEL,2026-03-02,BULLISH_TO_BEARISH,25.9,WEAK,-1.0,247.9,-3.7716821298910825,-3.0254134731746674,-3.166599435256149
BHEL,2026-03-06,BEARISH_TO_BULLISH,14.2,WEAK,1.0,255.4,1.2725137039937242,4.874706342991392,-0.7439310884886475
BHEL,2026-03-16,BULLISH_TO_BEARISH,69.7,STRONG,-1.0,256.35,-1.4823483518626699,-2.2235225277940267,-0.7216695923541899
BHEL,2026-03-25,BEARISH_TO_BULLISH,29.6,WEAK,1.0,254.85,-3.668824798901312,-2.64861683343143,-0.49440847557386347
BHEL,2026-03-30,BULLISH_TO_BEARISH,75.0,STRONG,-1.0,251.85,1.4889815366289458,-0.6908874329958345,-10.065515187611672
BHEL,2026-04-10,BEARISH_TO_BULLISH,73.5,STRONG,1.0,287.77,1.6401987698509324,10.084442436668187,15.581888313583777
BHEL,2026-05-05,BULLISH_TO_BEARISH,62.8,STRONG,-1.0,385.95,-5.31156885606944,-3.9901541650472954,-4.637906464567958
BHEL,2026-05-07,BEARISH_TO_BULLISH,75.0,STRONG,1.0,404.6,-0.8032624814631734,-0.18536826495304004,-1.557093425605539
BHEL,2026-05-12,BULLISH_TO_BEARISH,72.0,STRONG,-1.0,403.85,-2.302835211093216,2.129503528537829,-1.1266559366101163
BHEL,2026-05-14,BEARISH_TO_BULLISH,71.5,STRONG,1.0,398.3,-0.7657544564398723,2.535777052473002,2.573437107707758
BHEL,2026-05-18,BULLISH_TO_BEARISH,63.8,STRONG,-1.0,401.1,-1.8199950137122798,-1.8573921715282942,-4.151084517576658
BHEL,2026-05-25,BEARISH_TO_BULLISH,53.3,MODERATE,1.0,417.75,1.1011370436864207,-3.099940155595449,-2.7408737283064006
BHEL,2026-05-29,BULLISH_TO_BEARISH,19.8,WEAK,-1.0,404.8,-1.4698616600790484,3.853754940711468,4.570158102766799
BHEL,2026-06-03,BEARISH_TO_BULLISH,50.1,MODERATE,1.0,389.2,-0.5781089414182939,1.8884892086330995,-4.766187050359715
BHEL,2026-06-05,BULLISH_TO_BEARISH,56.2,MODERATE,-1.0,386.3,-2.6533782034688067,4.0512555009060405,0.8930882733626685
BHEL,2026-06-19,BEARISH_TO_BULLISH,52.9,MODERATE,1.0,411.5,-2.8311057108140893,-2.1385176184690184,0.6318347509113057
BHEL,2026-06-23,BULLISH_TO_BEARISH,52.4,MODERATE,-1.0,402.9,0.04964010920823744,-2.7798461156614658,0.23579051873913842
BHEL,2026-06-25,BEARISH_TO_BULLISH,40.0,MODERATE,1.0,413.75,0.08459214501511124,-2.851963746223568,-6.3444108761329305
BHEL,2026-07-02,BULLISH_TO_BEARISH,54.5,MODERATE,-1.0,383.6,-1.0166840458811202,1.5119916579770623,-3.0370177267987426
BHEL,2026-07-10,BEARISH_TO_BULLISH,75.0,STRONG,1.0,409.1,-1.2710828648252372,6.428746027866036,2.0532877047176674
BHEL,2026-07-20,BULLISH_TO_BEARISH,45.3,MODERATE,-1.0,413.3,-0.7621582385676209,,
BIOCON,2025-07-03,BEARISH_TO_BULLISH,42.5,MODERATE,1.0,380.05,-2.091830022365475,-1.7103012761478753,-1.5392711485330937
BIOCON,2025-07-14,BULLISH_TO_BEARISH,21.7,WEAK,-1.0,390.45,-1.0756819054936582,-2.125752337047,0.8323729030605711
BIOCON,2025-07-18,BEARISH_TO_BULLISH,14.0,WEAK,1.0,394.65,-1.8877486380336979,0.7474977828455709,-1.8244013683010234
BIOCON,2025-07-22,BULLISH_TO_BEARISH,37.5,MODERATE,-1.0,396.95,-0.1637485829449639,2.393248519964731,-0.0881723138934432
BIOCON,2025-07-30,BEARISH_TO_BULLISH,10.6,WEAK,1.0,391.4,-2.1205927439959007,-4.867143587123136,-6.949412365866118
BIOCON,2025-08-04,BULLISH_TO_BEARISH,53.1,MODERATE,-1.0,372.35,3.2093460453874165,7.788371156170269,4.6864509198335025
BIOCON,2025-08-13,BEARISH_TO_BULLISH,20.4,WEAK,1.0,359.25,1.4057063326374422,0.05567153792623205,0.06958942240779402
BIOCON,2025-08-29,BULLISH_TO_BEARISH,43.1,MODERATE,-1.0,352.55,-1.0069493688838493,-1.2196851510424085,-3.290313430719037
BIOCON,2025-10-17,BEARISH_TO_BULLISH,20.6,WEAK,1.0,364.3,0.4803733186933845,-1.3175953884161435,0.39802360691737265
BIOCON,2025-10-24,BULLISH_TO_BEARISH,6.7,WEAK,-1.0,360.4,-1.4844617092119932,-4.49500554938958,-4.6476137624861265
BIOCON,2025-10-28,BEARISH_TO_BULLISH,52.9,MODERATE,1.0,373.7,0.7760235483007851,0.9232004281509202,3.0773347605030774
BIOCON,2025-10-30,BULLISH_TO_BEARISH,12.8,WEAK,-1.0,372.1,-1.35716205321149,-3.520558989518937,-2.700886858371393
BIOCON,2025-11-13,BEARISH_TO_BULLISH,73.7,STRONG,1.0,411.15,2.3835583120515658,-0.25538124771979925,-3.478049373707882
BIOCON,2025-11-19,BULLISH_TO_BEARISH,53.6,MODERATE,-1.0,395.15,-0.4302163735290511,0.48083006453245025,-1.1388080475768696
BIOCON,2025-11-24,BEARISH_TO_BULLISH,40.0,MODERATE,1.0,393.25,1.322314049586774,1.2968849332485755,1.4621741894469167
BIOCON,2025-11-26,BULLISH_TO_BEARISH,20.9,WEAK,-1.0,399.65,0.3252846240460289,0.16264231202301446,2.8274740397848004
BIOCON,2025-12-12,BEARISH_TO_BULLISH,31.9,WEAK,1.0,390.65,-1.4719057980289263,0.40957378727762006,2.214258287469611
BIOCON,2025-12-24,BULLISH_TO_BEARISH,20.6,WEAK,-1.0,395.45,1.277026172714632,0.3919585282589484,0.6321911746112024
BIOCON,2025-12-29,BEARISH_TO_BULLISH,14.1,WEAK,1.0,390.4,0.8965163934426231,0.6531762295081998,-1.3447745901639345
BIOCON,2026-01-01,BULLISH_TO_BEARISH,38.4,MODERATE,-1.0,392.95,0.40717648555795033,1.501463290494968,3.397378801374212
BIOCON,2026-01-14,BEARISH_TO_BULLISH,29.7,WEAK,1.0,377.65,-0.42367271282933033,-3.3893817026347026,-3.031907851184957
BIOCON,2026-01-19,BULLISH_TO_BEARISH,35.0,MODERATE,-1.0,366.85,0.5451819544773068,0.177184135205134,-0.9949570669210787
BIOCON,2026-01-22,BEARISH_TO_BULLISH,43.7,MODERATE,1.0,366.2,-0.25942108137629405,-0.24576734025122263,1.0786455488803903
BIOCON,2026-02-02,BULLISH_TO_BEARISH,16.0,WEAK,-1.0,372.3,1.0072522159548751,1.8533440773569794,0.335750738651625
BIOCON,2026-02-04,BEARISH_TO_BULLISH,27.6,WEAK,1.0,367.8,-0.6525285481239896,0.8836324089178902,1.9711799891245243
BIOCON,2026-02-06,BULLISH_TO_BEARISH,55.8,MODERATE,-1.0,373.95,0.7755047466238741,-0.29415697285734,-1.7114587511699517
BIOCON,2026-02-19,BEARISH_TO_BULLISH,44.9,MODERATE,1.0,383.95,0.9766896731345228,3.099361896080228,1.5236358900898614
BIOCON,2026-02-26,BULLISH_TO_BEARISH,47.1,MODERATE,-1.0,389.8,0.4746023601847159,0.7696254489481785,0.025654181631611782
BIOCON,2026-03-09,BEARISH_TO_BULLISH,4.6,WEAK,1.0,395.8,-0.11369378473976469,-3.107630116220316,-4.610914603335018
BIOCON,2026-03-13,BULLISH_TO_BEARISH,71.1,STRONG,-1.0,377.05,-0.13260840737302745,2.2543429253414664,2.6256464659859526
BIOCON,2026-03-25,BEARISH_TO_BULLISH,44.9,MODERATE,1.0,370.1,-2.4858146446906364,-4.741961631991357,-8.119427181842747
BIOCON,2026-03-30,BULLISH_TO_BEARISH,63.5,STRONG,-1.0,365.2,3.4638554216867408,6.88663745892661,5.339539978094195
BIOCON,2026-04-21,BEARISH_TO_BULLISH,19.4,WEAK,1.0,357.8,0.05589714924538531,1.173840134153155,1.2437115707098907
BIOCON,2026-04-23,BULLISH_TO_BEARISH,35.7,MODERATE,-1.0,349.85,-3.4729169644133133,-3.5443761612119413,-3.072745462341003
BIOCON,2026-04-28,BEARISH_TO_BULLISH,41.1,MODERATE,1.0,362.25,-0.7177363699102892,1.6563146997929608,5.521048999309869
BIOCON,2026-04-30,BULLISH_TO_BEARISH,24.7,WEAK,-1.0,360.6,-2.121464226289511,-6.003882418191895,-8.277870216306146
BIOCON,2026-05-06,BEARISH_TO_BULLISH,55.0,MODERATE,1.0,382.25,-0.48397645519948274,5.271419228253755,9.61412688031393
BIOCON,2026-05-08,BULLISH_TO_BEARISH,30.7,WEAK,-1.0,390.45,-3.0605711358688663,-7.312075809962866,-9.168907670636449
BIOCON,2026-05-12,BEARISH_TO_BULLISH,46.4,MODERATE,1.0,417.6,0.3352490421455884,2.0713601532566996,3.615900383141754
BIOCON,2026-05-21,BULLISH_TO_BEARISH,8.8,WEAK,-1.0,430.25,0.04648460197559294,-0.3253922138291638,1.0691458454387037
BIOCON,2026-06-25,BEARISH_TO_BULLISH,25.7,WEAK,1.0,415.25,0.7344972907886843,0.8067429259482294,2.179409993979533
BIOCON,2026-07-02,BULLISH_TO_BEARISH,29.5,WEAK,-1.0,426.8,0.5857544517338332,6.9704779756326145,1.9447047797563288
BIOCON,2026-07-06,BEARISH_TO_BULLISH,32.0,WEAK,1.0,406.9,-2.420742197100016,2.850823298107649,7.471123126075212
BIOCON,2026-07-08,BULLISH_TO_BEARISH,50.6,MODERATE,-1.0,403.55,-3.7046214843265988,-8.36327592615537,-9.205798537975461
BIOCON,2026-07-10,BEARISH_TO_BULLISH,55.0,MODERATE,1.0,410.95,6.41197225939896,7.239323518676239,6.2173013748631245
BLUESTARCO,2025-08-06,BULLISH_TO_BEARISH,1.8,WEAK,-1.0,1827.4,1.4829812848856372,4.4817773886396015,2.3092918901171084
BLUESTARCO,2025-11-13,BEARISH_TO_BULLISH,7.4,WEAK,1.0,1768.4,1.1564125763401842,1.501357159013795,0.44673150870842926
BLUESTARCO,2026-01-09,BULLISH_TO_BEARISH,8.7,WEAK,-1.0,1793.25,0.002788233653977668,-0.7165760490729072,2.5317161578140297
BLUESTARCO,2026-04-09,BEARISH_TO_BULLISH,34.1,WEAK,1.0,1690.0,2.366863905325444,9.426035502958577,11.775147928994082
BLUESTARCO,2026-05-07,BULLISH_TO_BEARISH,43.6,MODERATE,-1.0,1692.8,1.8726370510397001,3.69210775047259,2.0557655954631353
BLUESTARCO,2026-07-21,BEARISH_TO_BULLISH,0.7,WEAK,1.0,1660.7,,,
BOSCHLTD,2026-05-25,BEARISH_TO_BULLISH,33.4,WEAK,1.0,35835.0,0.5581135761127389,2.4277940560904145,5.371843170085112
BPCL,2025-07-01,BULLISH_TO_BEARISH,6.3,WEAK,-1.0,331.8,0.09041591320072676,-5.635925256178417,-5.033152501506928
BPCL,2025-07-07,BEARISH_TO_BULLISH,40.8,MODERATE,1.0,355.6,-1.9966254218222785,-3.0230596175478066,-2.123172103487067
BPCL,2025-07-10,BULLISH_TO_BEARISH,13.0,WEAK,-1.0,344.85,0.14499057561258516,-0.869943453675511,0.3914745541539866
BPCL,2025-08-20,BEARISH_TO_BULLISH,10.2,WEAK,1.0,319.95,-1.0939209251445539,-2.453508360681346,-3.672448820128145
BPCL,2025-08-29,BULLISH_TO_BEARISH,15.3,WEAK,-1.0,314.75,-0.06354249404288757,0.5877680698967507,-0.5401111993645714
BPCL,2025-09-18,BEARISH_TO_BULLISH,26.6,WEAK,1.0,329.55,-1.259292975269317,0.2427552723410746,-1.577909270216959
BPCL,2025-09-26,BULLISH_TO_BEARISH,38.0,MODERATE,-1.0,338.15,-0.44359012272660064,-1.0054709448469716,-1.1089753068165016
BPCL,2025-09-30,BEARISH_TO_BULLISH,22.3,WEAK,1.0,339.7,0.5445981748601775,0.6476302619958754,1.2511039152193113
BPCL,2025-10-03,BULLISH_TO_BEARISH,5.6,WEAK,-1.0,343.6,0.4947613504074637,-0.10186263096622987,1.6443538998835956
BPCL,2025-10-21,BEARISH_TO_BULLISH,4.6,WEAK,1.0,331.3,-0.2716571083610124,2.8222155146392893,7.938424388771509
BPCL,2025-10-30,BULLISH_TO_BEARISH,27.1,WEAK,-1.0,356.8,-2.942825112107623,-3.1249999999999933,-2.340246636771291
BPCL,2025-11-04,BEARISH_TO_BULLISH,38.7,MODERATE,1.0,367.95,-0.21742084522353888,1.6850115504823995,1.9024323957059381
BPCL,2025-11-07,BULLISH_TO_BEARISH,17.5,WEAK,-1.0,365.15,-2.4647405175955086,-2.683828563604002,-2.492126523346576
BPCL,2025-12-22,BEARISH_TO_BULLISH,34.1,WEAK,1.0,370.0,-1.1081081081081143,0.4324324324324386,3.783783783783784
BPCL,2025-12-24,BULLISH_TO_BEARISH,37.5,MODERATE,-1.0,366.0,-1.5300546448087493,-4.918032786885246,-4.221311475409832
BPCL,2025-12-29,BEARISH_TO_BULLISH,21.2,WEAK,1.0,369.5,3.924221921515562,3.2341001353179943,0.3518267929634672
BPCL,2026-01-02,BULLISH_TO_BEARISH,25.2,WEAK,-1.0,377.9,1.878803916379986,6.17888330246096,5.067478168827726
BPCL,2026-01-16,BEARISH_TO_BULLISH,36.8,MODERATE,1.0,361.25,-1.674740484429069,-1.9653979238754389,-1.0657439446366845
BPCL,2026-01-30,BULLISH_TO_BEARISH,46.9,MODERATE,-1.0,366.7,-1.840741750749932,-4.185983092446147,-5.890373602399788
BPCL,2026-02-04,BEARISH_TO_BULLISH,72.0,STRONG,1.0,382.05,1.1255071325742734,1.1255071325742734,-1.138594424813512
BPCL,2026-02-10,BULLISH_TO_BEARISH,7.9,WEAK,-1.0,387.6,2.554179566563476,3.418472652218782,1.728586171310641
BPCL,2026-02-18,BEARISH_TO_BULLISH,47.9,MODERATE,1.0,367.65,-0.3671970624234913,1.8495852033183764,4.991160070719441
BPCL,2026-02-20,BULLISH_TO_BEARISH,26.0,WEAK,-1.0,372.1,-0.6315506584251454,-3.7355549583445247,-0.7256113947863446
BPCL,2026-02-24,BEARISH_TO_BULLISH,59.6,MODERATE,1.0,381.05,1.29904212045663,-1.6402046975462536,-5.432357958273189
BPCL,2026-02-26,BULLISH_TO_BEARISH,20.9,WEAK,-1.0,385.4,2.750389206019711,6.499740529320174,14.076284379865076
BPCL,2026-03-09,BEARISH_TO_BULLISH,38.5,MODERATE,1.0,325.9,-0.26081620128872846,-2.025161092359609,-7.947223074562743
BPCL,2026-03-11,BULLISH_TO_BEARISH,30.3,WEAK,-1.0,326.35,2.1602573923701582,8.074153516163635,12.364026352075998
BPCL,2026-04-10,BEARISH_TO_BULLISH,5.6,WEAK,1.0,292.95,5.973715651135006,6.536951698242033,8.56801501962793
BPCL,2026-04-23,BULLISH_TO_BEARISH,39.2,MODERATE,-1.0,308.1,-1.4767932489451328,1.363193768257074,2.077247646867911
BPCL,2026-05-21,BEARISH_TO_BULLISH,17.9,WEAK,1.0,295.6,4.279431664411359,3.907307171853841,0.42286874154262516
BPCL,2026-05-29,BULLISH_TO_BEARISH,34.3,WEAK,-1.0,296.85,0.825332659592402,0.5726798046151407,3.9413845376452907
BPCL,2026-06-12,BEARISH_TO_BULLISH,19.1,WEAK,1.0,310.6,0.4829362524146812,1.8351577591757848,-0.643915003219575
BPCL,2026-06-16,BULLISH_TO_BEARISH,10.3,WEAK,-1.0,317.95,0.5189495203648301,2.940713948734067,0.7076584368611417
BPCL,2026-06-24,BEARISH_TO_BULLISH,48.4,MODERATE,1.0,309.75,-2.889426957223564,-1.7917675544794225,-0.5165456012913713
BPCL,2026-07-06,BULLISH_TO_BEARISH,27.1,WEAK,-1.0,313.95,3.312629399585914,1.3377926421404647,2.739289695811424
BPCL,2026-07-08,BEARISH_TO_BULLISH,60.0,STRONG,1.0,308.2,0.5029201817001984,-0.9247242050616373,1.2329656067488681
BPCL,2026-07-16,BULLISH_TO_BEARISH,17.6,WEAK,-1.0,315.55,-0.6496593249881196,0.49120583108857907,
BRITANNIA,2025-08-19,BEARISH_TO_BULLISH,7.8,WEAK,1.0,5701.0,-1.8154709700052623,-2.639887738993159,0.35081564637782847
BRITANNIA,2025-08-22,BULLISH_TO_BEARISH,27.6,WEAK,-1.0,5550.5,-3.873524907665976,-4.9274840104495095,-6.143590667507431
BRITANNIA,2025-08-28,BEARISH_TO_BULLISH,10.2,WEAK,1.0,5824.0,0.3863324175824176,1.4423076923076923,4.326923076923077
BRITANNIA,2025-09-15,BULLISH_TO_BEARISH,3.8,WEAK,-1.0,6202.0,1.6849403418252178,2.1364076104482423,4.321186713963238
BRITANNIA,2025-10-16,BEARISH_TO_BULLISH,20.5,WEAK,1.0,6082.95,-0.21289012732308862,-0.24576891146565102,-2.8094921049819517
BRITANNIA,2025-11-12,BULLISH_TO_BEARISH,12.3,WEAK,-1.0,5851.5,0.8203024865419123,0.19653080406733317,0.5554131419294198
BRITANNIA,2025-11-20,BEARISH_TO_BULLISH,0.8,WEAK,1.0,5813.0,0.0430070531567177,1.1620505762945155,0.5676931016686737
BRITANNIA,2025-12-17,BULLISH_TO_BEARISH,2.2,WEAK,-1.0,6040.5,-1.034682559390779,-0.3393758794801755,0.13326711364953533
BRITANNIA,2025-12-29,BEARISH_TO_BULLISH,1.8,WEAK,1.0,6013.0,0.2993514052885415,-0.4756361217362442,1.9366372858805891
BRITANNIA,2026-01-09,BULLISH_TO_BEARISH,7.8,WEAK,-1.0,5943.3,0.42568943179715274,0.753789981996537,0.9977621859909509
BRITANNIA,2026-01-22,BEARISH_TO_BULLISH,27.4,WEAK,1.0,5835.0,0.8740359897172237,-1.913453299057406,0.9160239931448125
BRITANNIA,2026-02-09,BULLISH_TO_BEARISH,29.3,WEAK,-1.0,5873.5,-2.4763769473056922,-1.8217417212905422,-4.62756448454925
BRITANNIA,2026-04-27,BEARISH_TO_BULLISH,1.5,WEAK,1.0,5662.0,0.8300953726598375,2.3048392794065697,2.1370540445072415
BRITANNIA,2026-05-08,BULLISH_TO_BEARISH,43.2,MODERATE,-1.0,5410.5,1.4139173828666483,0.7023380463912763,0.5544774050457444
BSE,2025-07-01,BULLISH_TO_BEARISH,25.7,WEAK,-1.0,2752.4,-2.4596715593663645,4.221770091556469,8.305478854817611
BSE,2025-07-15,BEARISH_TO_BULLISH,55.0,MODERATE,1.0,2530.0,-2.1778656126482177,-0.3438735177865541,1.075098814229242
BSE,2025-07-17,BULLISH_TO_BEARISH,70.9,STRONG,-1.0,2448.5,-2.9732489279150576,-4.439452726158866,-0.22462732285072493
BSE,2025-07-22,BEARISH_TO_BULLISH,33.8,WEAK,1.0,2557.2,-0.36758955107147023,-4.195995620209594,-3.8987955576411633
BSE,2025-08-06,BULLISH_TO_BEARISH,12.2,WEAK,-1.0,2442.2,2.018671689460312,3.009581524854639,-1.6296781590369416
BSE,2025-09-08,BEARISH_TO_BULLISH,35.7,MODERATE,1.0,2353.2,-3.684344722080564,-6.459289478157403,-6.540030596634355
BSE,2025-09-10,BULLISH_TO_BEARISH,75.0,STRONG,-1.0,2162.8,-1.7754762345108022,-1.6876271499907527,-1.6413907897170332
BSE,2025-09-15,BEARISH_TO_BULLISH,27.2,WEAK,1.0,2199.3,0.4774246351111717,-0.7593325148911141,-3.5056608921020485
BSE,2025-09-17,BULLISH_TO_BEARISH,6.6,WEAK,-1.0,2198.3,0.7141882363644758,3.461765910021396,7.050902970477196
BSE,2025-09-29,BEARISH_TO_BULLISH,53.3,MODERATE,1.0,2040.2,2.0194098617782594,8.709930398980493,9.999019703950582
BSE,2025-10-08,BULLISH_TO_BEARISH,3.9,WEAK,-1.0,2330.2,-2.351729465281958,-5.068234486310204,-7.681744056304181
BSE,2025-10-10,BEARISH_TO_BULLISH,37.8,MODERATE,1.0,2476.0,-1.1187399030694596,1.3408723747980542,0.7310177705977347
BSE,2025-10-15,BULLISH_TO_BEARISH,5.4,WEAK,-1.0,2509.2,0.9405388171528738,0.8528614697911542,1.3629842180774678
BSE,2025-11-25,BEARISH_TO_BULLISH,37.4,MODERATE,1.0,2886.7,1.4688052101015032,-0.003464163231368312,-4.6974053417397
BSE,2025-12-02,BULLISH_TO_BEARISH,43.6,MODERATE,-1.0,2751.1,-0.5052524444767581,-1.7338519137799526,6.157536985205922
BSE,2025-12-12,BEARISH_TO_BULLISH,33.3,WEAK,1.0,2648.9,-1.6233153384423722,1.283551662954434,4.77934236853033
BSE,2025-12-16,BULLISH_TO_BEARISH,55.3,MODERATE,-1.0,2630.5,-1.9920167268580153,-5.512260026610911,-1.5358296901729744
BSE,2025-12-30,BEARISH_TO_BULLISH,25.4,WEAK,1.0,2632.2,-0.15956234328697735,1.5842261226350685,4.281589544867423
BSE,2026-01-09,BULLISH_TO_BEARISH,30.8,WEAK,-1.0,2790.6,-1.4835519243173545,-0.6486060345445391,4.916505411022713
BSE,2026-01-22,BEARISH_TO_BULLISH,55.0,MODERATE,1.0,2685.4,2.8226707380650824,6.5614061219929924,0.6032620838608705
BSE,2026-02-06,BULLISH_TO_BEARISH,8.0,WEAK,-1.0,2985.1,-6.334796154232686,-5.296304981407656,6.046698603061874
BSE,2026-02-19,BEARISH_TO_BULLISH,6.5,WEAK,1.0,2739.5,-0.5183427632779638,1.2118999817484877,-1.1826975725497386
BSE,2026-02-26,BULLISH_TO_BEARISH,2.6,WEAK,-1.0,2707.1,2.3456835728270105,-2.005836504007986,-2.2828857448930657
BSE,2026-03-10,BEARISH_TO_BULLISH,47.0,MODERATE,1.0,2837.4,0.465214633114817,0.8881370268555656,5.575526890815529
BSE,2026-03-20,BULLISH_TO_BEARISH,51.5,MODERATE,-1.0,2714.4,-3.3709106984969055,-2.4093722369584474,-5.643972885352189
BSE,2026-03-25,BEARISH_TO_BULLISH,40.3,MODERATE,1.0,2779.8,-3.4642780056119213,2.5757248722929673,6.151521692208072
BSE,2026-03-30,BULLISH_TO_BEARISH,46.0,MODERATE,-1.0,2867.6,0.5649323476077492,-2.9013809457386066,-13.593248709722422
BSE,2026-04-09,BEARISH_TO_BULLISH,40.1,MODERATE,1.0,3281.2,0.6826770693648694,5.043886383030599,5.775326100207242
BSE,2026-04-23,BULLISH_TO_BEARISH,29.5,WEAK,-1.0,3446.0,-2.5710969239698174,-5.504933255948921,-7.698781195589094
BSE,2026-04-28,BEARISH_TO_BULLISH,42.5,MODERATE,1.0,3635.7,0.1320240943972325,2.48920427978106,9.018895948510606
BSE,2026-05-08,BULLISH_TO_BEARISH,47.1,MODERATE,-1.0,3918.0,1.687085247575291,-3.052577845839712,-5.173557937723324
BSE,2026-05-14,BEARISH_TO_BULLISH,74.1,STRONG,1.0,4000.6,3.002049692546116,5.449182622606621,4.829275608658708
BSE,2026-05-29,BULLISH_TO_BEARISH,38.4,MODERATE,-1.0,4066.6,3.312349382776762,0.816406826341411,3.6836669453597537
BSE,2026-06-29,BEARISH_TO_BULLISH,15.8,WEAK,1.0,3865.6,2.0307326158940397,-1.267591059602649,-4.713369205298008
BSE,2026-07-03,BULLISH_TO_BEARISH,25.0,WEAK,-1.0,3802.7,3.1372445893707033,-0.0788913140663213,-0.03944565703316065
BSE,2026-07-09,BEARISH_TO_BULLISH,20.1,WEAK,1.0,3811.6,-0.19414419141568084,-1.5006821282401044,-6.028964214503088
BSE,2026-07-14,BULLISH_TO_BEARISH,6.1,WEAK,-1.0,3754.4,1.8484977626251886,2.8366716386106967,3.2548476454293698
BSE,2026-07-21,BEARISH_TO_BULLISH,8.0,WEAK,1.0,3632.2,,,
BSOFT,2025-07-14,BULLISH_TO_BEARISH,27.4,WEAK,-1.0,430.0,-0.8023255813953462,2.3837209302325584,5.976744186046509
BSOFT,2025-07-29,BEARISH_TO_BULLISH,37.5,MODERATE,1.0,414.75,-5.605786618444846,,
CAMS,2025-09-23,BULLISH_TO_BEARISH,5.0,WEAK,-1.0,3883.1,0.3759882568051276,2.5134557441219623,1.5451572197471093
CAMS,2025-11-21,BEARISH_TO_BULLISH,30.3,WEAK,1.0,3906.75,-0.31611953669930015,-0.31611953669930015,0.03327574070519439
CAMS,2025-12-01,BULLISH_TO_BEARISH,0.2,WEAK,-1.0,3850.6,-0.23502830727679275,79.85508751882823,80.53550096088922
CAMS,2025-12-12,BEARISH_TO_BULLISH,6.8,WEAK,1.0,755.2,-0.18538135593221544,-0.38400423728814764,0.9269067796610169
CAMS,2025-12-30,BULLISH_TO_BEARISH,43.9,MODERATE,-1.0,740.9,0.7760831421244433,-1.5049264408152216,-2.1460386017006314
CAMS,2026-04-10,BEARISH_TO_BULLISH,36.0,MODERATE,1.0,705.25,3.232896136121936,6.366536689117332,6.153846153846151
CAMS,2026-05-12,BULLISH_TO_BEARISH,42.7,MODERATE,-1.0,784.95,-0.11465698452130417,1.5606089559844576,0.57965475507995
CAMS,2026-06-10,BEARISH_TO_BULLISH,10.1,WEAK,1.0,722.65,4.829447173597174,9.610461495883214,15.235591226734938
CAMS,2026-06-15,BULLISH_TO_BEARISH,4.5,WEAK,-1.0,792.1,-1.9126372932710487,-3.9199596010604667,-2.46812271177881
CANBK,2025-08-20,BEARISH_TO_BULLISH,62.7,STRONG,1.0,111.07,-1.026379760511377,-4.555685603673348,-6.518411812370573
CANBK,2025-08-22,BULLISH_TO_BEARISH,27.8,WEAK,-1.0,108.82,2.5822459106781737,4.58555412607976,2.4444036022789897
CANBK,2025-09-03,BEARISH_TO_BULLISH,50.2,MODERATE,1.0,106.08,0.9992458521870309,1.8476621417797965,5.646681749622921
CANBK,2025-09-18,BULLISH_TO_BEARISH,43.6,MODERATE,-1.0,117.76,-0.9425951086956517,-4.373301630434775,-0.27173913043477677
CANBK,2025-09-22,BEARISH_TO_BULLISH,44.7,MODERATE,1.0,121.9,0.828547990155858,-3.1337161607875363,1.4848236259228778
CANBK,2025-09-25,BULLISH_TO_BEARISH,46.0,MODERATE,-1.0,118.08,-2.0325203252032567,-4.810298102981036,-7.342479674796749
CANBK,2025-09-30,BEARISH_TO_BULLISH,73.4,STRONG,1.0,123.76,1.7291531997414356,3.4663865546218537,1.9311570782159022
CANBK,2025-10-07,BULLISH_TO_BEARISH,40.0,MODERATE,-1.0,126.05,-0.07933359777866603,-1.269337564458555,-1.8643395477984996
CANBK,2025-10-10,BEARISH_TO_BULLISH,65.0,STRONG,1.0,127.65,-1.9193106149627908,-0.23501762632198303,-0.0391696043870046
CANBK,2025-10-14,BULLISH_TO_BEARISH,49.6,MODERATE,-1.0,128.4,0.8177570093458032,0.6230529595015665,1.6744548286604406
CANBK,2025-10-27,BEARISH_TO_BULLISH,53.7,MODERATE,1.0,130.0,-0.9615384615384616,5.384615384615385,7.38461538461538
CANBK,2025-11-11,BULLISH_TO_BEARISH,40.7,MODERATE,-1.0,143.55,0.0696621386276717,-3.866248693834889,-4.771856495994423
CANBK,2025-11-13,BEARISH_TO_BULLISH,59.2,MODERATE,1.0,146.05,2.0883259157822542,2.978432043820605,-0.20540910647039462
CANBK,2025-11-21,BULLISH_TO_BEARISH,47.4,MODERATE,-1.0,146.65,-1.3978861234231046,-3.375383566314346,-2.6252983293556045
CANBK,2025-11-26,BEARISH_TO_BULLISH,44.9,MODERATE,1.0,151.6,0.0,0.2968337730870825,-2.7704485488126576
CANBK,2025-12-01,BULLISH_TO_BEARISH,43.6,MODERATE,-1.0,152.05,3.913186451825069,2.2361065439000365,3.8474186122986005
CANBK,2025-12-11,BEARISH_TO_BULLISH,64.3,STRONG,1.0,146.65,1.1251278554381219,2.420729628366848,1.329696556426859
CANBK,2025-12-15,BULLISH_TO_BEARISH,21.4,WEAK,-1.0,147.15,-2.072714916751602,-0.9853890587835465,-2.072714916751602
CANBK,2025-12-29,BEARISH_TO_BULLISH,42.8,MODERATE,1.0,154.05,0.5517689061992822,0.5193119117169639,-0.0973709834469365
CANBK,2026-01-02,BULLISH_TO_BEARISH,40.0,MODERATE,-1.0,154.25,0.2269043760129623,2.463533225283638,2.755267423014587
CANBK,2026-01-16,BEARISH_TO_BULLISH,50.6,MODERATE,1.0,156.85,-2.0082881734140936,-1.3707363723302555,-1.3707363723302555
CANBK,2026-01-20,BULLISH_TO_BEARISH,50.0,MODERATE,-1.0,150.75,-2.620232172470971,-2.620232172470971,0.29850746268655964
CANBK,2026-01-22,BEARISH_TO_BULLISH,53.1,MODERATE,1.0,151.8,1.9104084321475474,-0.9881422924901184,-3.524374176548104
CANBK,2026-01-29,BULLISH_TO_BEARISH,55.0,MODERATE,-1.0,147.4,0.6445047489823724,-0.06784260515603414,0.06784260515603414
CANBK,2026-02-03,BEARISH_TO_BULLISH,43.1,MODERATE,1.0,147.5,0.5423728813559399,0.30508474576270417,-1.3559322033898304
CANBK,2026-02-05,BULLISH_TO_BEARISH,54.5,MODERATE,-1.0,147.3,-0.44127630685673946,1.221995926680252,3.7678207739307608
CANBK,2026-02-16,BEARISH_TO_BULLISH,54.5,MODERATE,1.0,149.1,1.91146881287726,3.386988598256212,5.331991951710273
CANBK,2026-03-04,BULLISH_TO_BEARISH,75.0,STRONG,-1.0,148.5,1.7171717171717247,4.208754208754209,5.488215488215492
CANBK,2026-03-18,BEARISH_TO_BULLISH,37.3,MODERATE,1.0,132.9,2.671181339352884,0.18811136192626035,-1.8434913468773642
CANBK,2026-03-24,BULLISH_TO_BEARISH,52.0,MODERATE,-1.0,136.55,4.467228121567208,6.774075430245341,4.423288172830479
CANBK,2026-04-08,BEARISH_TO_BULLISH,55.0,MODERATE,1.0,137.91,1.6242476977739173,2.7554202015807494,3.2339931839605596
CANBK,2026-04-17,BULLISH_TO_BEARISH,12.3,WEAK,-1.0,142.74,-1.064873196020724,1.3100742608939362,1.5552753257671281
CANBK,2026-05-20,BEARISH_TO_BULLISH,46.0,MODERATE,1.0,127.97,0.20317261858247315,4.047823708681728,2.211455809955468
CANBK,2026-05-29,BULLISH_TO_BEARISH,72.5,STRONG,-1.0,127.96,-0.8752735229759447,-4.009065332916544,-3.086902156924041
CANBK,2026-06-18,BEARISH_TO_BULLISH,4.1,WEAK,1.0,133.74,0.852400179452659,-2.6843128458202505,-5.892029310602669
CANBK,2026-06-22,BULLISH_TO_BEARISH,40.0,MODERATE,-1.0,130.37,0.16875047940477014,3.4593848277978103,3.1372248216614276
CANBK,2026-07-10,BEARISH_TO_BULLISH,55.0,MODERATE,1.0,129.33,-2.7758447382664633,-2.6521302095414883,-0.3943400603108477
CANBK,2026-07-14,BULLISH_TO_BEARISH,42.2,MODERATE,-1.0,126.47,0.4506997706966025,-1.8581481774333788,0.015814027041983095
CDSL,2025-07-18,BEARISH_TO_BULLISH,2.4,WEAK,1.0,1731.5,-0.9702570025989,-3.0147271152180215,-12.053133121570895
CDSL,2025-08-12,BULLISH_TO_BEARISH,36.9,MODERATE,-1.0,1564.5,0.30041546820070597,-1.099392777245129,-0.31959092361776925
CDSL,2025-09-24,BEARISH_TO_BULLISH,6.3,WEAK,1.0,1494.8,-1.812951565426807,-2.421728659352425,-0.3144233342253175
CDSL,2025-09-26,BULLISH_TO_BEARISH,32.9,WEAK,-1.0,1475.0,1.1118644067796672,-1.0237288135593159,-5.952542372881354
CDSL,2025-10-15,BEARISH_TO_BULLISH,31.4,WEAK,1.0,1620.3,-0.5554526939455656,-1.0059865457014106,-1.8576806764179419
CDSL,2025-10-20,BULLISH_TO_BEARISH,5.0,WEAK,-1.0,1604.0,0.23067331670823224,-2.0261845386533666,-0.7730673316708286
CDSL,2025-11-12,BEARISH_TO_BULLISH,61.6,STRONG,1.0,1626.3,-0.030744635061181823,-1.2666789645206855,0.8485519276886155
CDSL,2025-11-14,BULLISH_TO_BEARISH,9.9,WEAK,-1.0,1631.5,1.5813668403309808,-0.5271222801103224,2.690775360098075
CDSL,2025-12-19,BEARISH_TO_BULLISH,11.6,WEAK,1.0,1518.7,-0.21070652531770892,-2.3704484098241916,-5.583722920919204
CDSL,2026-01-07,BULLISH_TO_BEARISH,25.9,WEAK,-1.0,1438.2,1.9816437213183145,1.2724238631622828,0.27117229870672305
CDSL,2026-01-23,BEARISH_TO_BULLISH,14.7,WEAK,1.0,1322.1,2.632176083503531,-0.1437107631797794,1.5808183949776942
CDSL,2026-01-29,BULLISH_TO_BEARISH,37.7,MODERATE,-1.0,1320.2,6.286926223299499,-3.491895167398872,-0.8483563096500564
CDSL,2026-02-04,BEARISH_TO_BULLISH,12.6,WEAK,1.0,1363.3,-2.339910511259434,2.7580136433653735,0.5061248441282249
CDSL,2026-02-06,BULLISH_TO_BEARISH,51.5,MODERATE,-1.0,1374.3,-1.9355308156879965,0.2983336971549086,1.4989449174124945
CDSL,2026-02-16,BEARISH_TO_BULLISH,13.4,WEAK,1.0,1339.4,1.2169628191727604,-1.418545617440645,-1.0900403165596637
CDSL,2026-02-27,BULLISH_TO_BEARISH,34.9,WEAK,-1.0,1228.3,1.53871204103231,0.3419360091182973,-1.709680045591468
CDSL,2026-04-16,BEARISH_TO_BULLISH,16.7,WEAK,1.0,1393.2,-1.6436979615274252,-5.167958656330749,-5.77088716623601
CDSL,2026-04-21,BULLISH_TO_BEARISH,28.3,WEAK,-1.0,1321.2,-0.1816530426884547,-0.21949742658188492,1.120193763245531
CDSL,2026-04-28,BEARISH_TO_BULLISH,29.3,WEAK,1.0,1306.4,-2.633190447030013,-3.957440293937541,-2.8015921616656563
CDSL,2026-05-08,BULLISH_TO_BEARISH,29.8,WEAK,-1.0,1226.8,3.619171829148995,2.2905119008803316,3.472448646886201
CDSL,2026-05-25,BEARISH_TO_BULLISH,44.0,MODERATE,1.0,1226.3,1.4270570007339152,-0.9133164804697093,-0.6605235260539761
CDSL,2026-05-29,BULLISH_TO_BEARISH,13.3,WEAK,-1.0,1215.1,-0.9628837132746313,-0.1481359558884192,1.7858612459879697
CDSL,2026-06-22,BEARISH_TO_BULLISH,5.2,WEAK,1.0,1351.1,-1.4358670712752473,-3.937532381022857,-1.3840574346828376
CDSL,2026-07-13,BULLISH_TO_BEARISH,7.2,WEAK,-1.0,1428.5,-0.8120406020300952,0.7210360518025869,4.4522226111305505
CESC,2025-07-03,BEARISH_TO_BULLISH,29.8,WEAK,1.0,178.6,1.0750279955207256,1.2094064949608045,-2.1276595744680757
CESC,2025-07-08,BULLISH_TO_BEARISH,7.6,WEAK,-1.0,180.76,1.2834697942022533,0.37618942243858067,-0.29873865899536434
CESC,2025-07-10,BEARISH_TO_BULLISH,25.7,WEAK,1.0,174.8,3.0205949656750577,3.718535469107551,2.2540045766590375
CESC,2025-07-14,BULLISH_TO_BEARISH,60.0,STRONG,-1.0,181.85,0.3024470717624322,1.7102007148748888,2.15562276601594
CESC,2025-07-16,BEARISH_TO_BULLISH,17.4,WEAK,1.0,180.68,-1.0737214965685176,-1.5220278946203232,-3.0661943767987716
CESC,2025-07-31,BULLISH_TO_BEARISH,49.3,MODERATE,-1.0,165.54,1.0511054729974512,2.428416092787231,1.4195964721517425
CESC,2025-08-26,BEARISH_TO_BULLISH,8.1,WEAK,1.0,154.17,,,
CGPOWER,2025-07-14,BULLISH_TO_BEARISH,1.2,WEAK,-1.0,677.45,0.3099859768248613,1.4539818436785035,-0.9151966934829038
CGPOWER,2025-07-22,BEARISH_TO_BULLISH,3.5,WEAK,1.0,682.95,-0.3807013690606959,-3.514166483637162,-3.309173438758331
CGPOWER,2025-07-25,BULLISH_TO_BEARISH,29.0,WEAK,-1.0,658.95,-0.015175658244162539,-0.41733060171484937,-0.5007967220578123
CGPOWER,2025-07-29,BEARISH_TO_BULLISH,28.5,WEAK,1.0,660.35,0.20443704096312904,0.2877262057999511,3.05898387218898
CGPOWER,2025-08-12,BULLISH_TO_BEARISH,30.4,WEAK,-1.0,670.45,0.6711909911253635,-0.9471250652546661,-1.0589902304422267
CGPOWER,2025-08-22,BEARISH_TO_BULLISH,2.5,WEAK,1.0,677.2,-0.87123449497934,2.5251033668044753,9.221795629060829
CGPOWER,2025-09-01,BULLISH_TO_BEARISH,16.3,WEAK,-1.0,739.65,0.8585141621037008,0.45291692016494595,-0.06083958629081938
CGPOWER,2025-09-11,BEARISH_TO_BULLISH,57.2,MODERATE,1.0,785.4,0.7575757575757635,0.833969951617019,-0.7639419404125287
CGPOWER,2025-09-16,BULLISH_TO_BEARISH,9.8,WEAK,-1.0,791.95,0.9344024243954909,2.746385504135362,2.7590125639244927
CGPOWER,2025-09-26,BEARISH_TO_BULLISH,12.0,WEAK,1.0,747.3,-0.8497256791114559,0.03345376689415228,0.09367054730363247
CGPOWER,2025-10-03,BULLISH_TO_BEARISH,5.4,WEAK,-1.0,745.4,-0.34880601019587104,-2.1129594848403546,-0.2213576603166055
CGPOWER,2025-10-24,BEARISH_TO_BULLISH,9.6,WEAK,1.0,728.35,-0.8031852818013349,0.8649687650168125,2.334042699251733
CGPOWER,2025-10-30,BULLISH_TO_BEARISH,32.7,WEAK,-1.0,736.65,-1.1810221950722928,0.5362112264983278,-0.20362451639177356
CGPOWER,2025-11-04,BEARISH_TO_BULLISH,27.7,WEAK,1.0,732.7,0.07506482871570282,0.03412037668895864,1.7060188344479321
CGPOWER,2025-11-11,BULLISH_TO_BEARISH,10.4,WEAK,-1.0,739.85,-0.7231195512603937,-1.3381090761640841,2.1288098938974116
CGPOWER,2025-12-29,BEARISH_TO_BULLISH,0.5,WEAK,1.0,641.05,1.0685593947430034,1.255752281413317,-0.4991810311208068
CGPOWER,2026-01-01,BULLISH_TO_BEARISH,35.4,MODERATE,-1.0,649.1,0.5931289477738442,1.871822523494065,8.373132028963184
CGPOWER,2026-01-19,BEARISH_TO_BULLISH,20.0,WEAK,1.0,573.75,0.2701525054466152,-4.296296296296292,1.4379084967320261
CGPOWER,2026-03-04,BULLISH_TO_BEARISH,39.3,MODERATE,-1.0,701.1,-2.053915275994862,-3.8653544430181173,-5.163314791042637
CGPOWER,2026-03-17,BEARISH_TO_BULLISH,29.3,WEAK,1.0,707.15,-2.8848193452591357,-6.087817294774793,-2.107049423743191
CGPOWER,2026-03-19,BULLISH_TO_BEARISH,40.8,MODERATE,-1.0,681.6,2.567488262910798,-1.5624999999999964,3.8952464788732497
CGPOWER,2026-04-29,BEARISH_TO_BULLISH,28.7,WEAK,1.0,813.35,-1.3585787176492368,1.91799348374009,7.401487674432892
CGPOWER,2026-05-05,BULLISH_TO_BEARISH,21.7,WEAK,-1.0,828.95,-3.6371313106942487,-3.5164967730261143,-2.1834851317932213
CGPOWER,2026-05-08,BEARISH_TO_BULLISH,34.0,WEAK,1.0,858.1,-2.8434914345647333,-1.1478848619042095,-5.751077962941385
CGPOWER,2026-05-29,BULLISH_TO_BEARISH,21.6,WEAK,-1.0,894.35,-1.492704198579977,-4.869458265779611,-1.0063174372449266
CGPOWER,2026-06-15,BEARISH_TO_BULLISH,48.2,MODERATE,1.0,940.7,2.45030296587647,2.4449877750611244,1.0417773998086484
CGPOWER,2026-07-02,BULLISH_TO_BEARISH,20.1,WEAK,-1.0,892.6,-3.635447008738509,-1.7365001120322652,-2.688774367017701
CGPOWER,2026-07-15,BEARISH_TO_BULLISH,36.0,MODERATE,1.0,921.95,-1.838494495363094,-0.8351862899289597,
CGPOWER,2026-07-20,BULLISH_TO_BEARISH,0.3,WEAK,-1.0,914.25,0.15313098167896935,,
CHAMBLFERT,2025-07-29,BEARISH_TO_BULLISH,8.5,WEAK,1.0,538.2,-4.329245633593472,,
CHOLAFIN,2025-07-30,BEARISH_TO_BULLISH,8.3,WEAK,1.0,1443.2,-1.4343126385809344,2.00249445676274,3.104212860310418
CHOLAFIN,2025-08-29,BULLISH_TO_BEARISH,31.1,WEAK,-1.0,1453.8,1.5407896546980235,-0.5090108680698922,-2.765167148163437
CHOLAFIN,2025-09-10,BEARISH_TO_BULLISH,36.2,MODERATE,1.0,1495.7,1.1098482315972393,5.8367319649662335,6.07742194290298
CHOLAFIN,2025-09-15,BULLISH_TO_BEARISH,23.6,WEAK,-1.0,1583.0,0.6064434617814219,-0.4990524320909723,-2.5773847125710647
CHOLAFIN,2025-09-25,BEARISH_TO_BULLISH,0.2,WEAK,1.0,1569.9,1.3886234792024938,2.267660360532512,4.102172112873422
CHOLAFIN,2025-10-08,BULLISH_TO_BEARISH,11.8,WEAK,-1.0,1621.4,0.4440606882940696,-1.4987048229924729,-2.8802269643517833
CHOLAFIN,2025-10-21,BEARISH_TO_BULLISH,1.6,WEAK,1.0,1684.7,2.9055618210957466,2.285273342434855,1.6085950020775157
CHOLAFIN,2025-10-31,BULLISH_TO_BEARISH,7.0,WEAK,-1.0,1718.5,-1.6002327611288916,0.8495781204538789,-1.3500145475705585
CHOLAFIN,2025-11-10,BEARISH_TO_BULLISH,46.3,MODERATE,1.0,1741.7,-1.314807372107716,-1.555951082275945,-2.664063845668031
CHOLAFIN,2025-11-24,BULLISH_TO_BEARISH,8.1,WEAK,-1.0,1685.4,-1.6286934852260484,-3.0022546576480305,-1.5545271152248616
CHOLAFIN,2025-11-26,BEARISH_TO_BULLISH,11.1,WEAK,1.0,1724.6,0.6610228458773102,-0.7537979821407863,-2.835440102052642
CHOLAFIN,2025-12-16,BULLISH_TO_BEARISH,10.2,WEAK,-1.0,1673.5,-0.32865252464893935,5.294293397072,-1.452046608903493
CHOLAFIN,2025-12-19,BEARISH_TO_BULLISH,40.0,MODERATE,1.0,1584.9,5.908890150798149,7.136096914631832,7.356931036658458
CHOLAFIN,2025-12-30,BULLISH_TO_BEARISH,6.1,WEAK,-1.0,1702.2,-1.2777581952767008,-4.124074726824112,-4.952414522382796
CHOLAFIN,2026-01-23,BEARISH_TO_BULLISH,11.0,WEAK,1.0,1639.7,-0.1768616210282424,-0.49399280356163544,3.3359760931877807
CHOLAFIN,2026-03-02,BULLISH_TO_BEARISH,17.1,WEAK,-1.0,1653.6,-0.9343251088534135,4.269472665699076,5.8176100628930705
CHOLAFIN,2026-03-25,BEARISH_TO_BULLISH,49.1,MODERATE,1.0,1416.3,-4.3493610110852154,-4.232860269716872,-0.09178846289627583
CHOLAFIN,2026-04-17,BULLISH_TO_BEARISH,11.1,WEAK,-1.0,1569.3,-1.268081310138284,1.6504173835467957,0.5480150385522149
CHOLAFIN,2026-06-15,BEARISH_TO_BULLISH,51.8,MODERATE,1.0,1680.4,-0.0714115686741279,0.773625327303023,2.7017376815043956
CHOLAFIN,2026-06-30,BULLISH_TO_BEARISH,4.7,WEAK,-1.0,1803.3,0.8207175733377672,-2.617423612266403,1.8798868740642083
CIPLA,2025-07-29,BEARISH_TO_BULLISH,26.4,WEAK,1.0,1559.4,-0.30781069642171227,-2.8408362190586236,-4.6620495062203435
CIPLA,2025-07-31,BULLISH_TO_BEARISH,6.8,WEAK,-1.0,1502.8,-0.8184721852541892,1.0713335107798716,1.1312217194570136
CIPLA,2025-08-06,BEARISH_TO_BULLISH,0.2,WEAK,1.0,1491.0,-0.3487592219986617,2.04560697518444,4.896042924211938
CIPLA,2025-08-08,BULLISH_TO_BEARISH,26.9,WEAK,-1.0,1504.8,-1.1097820308346655,-3.9340776182881476,-2.930622009569387
CIPLA,2025-08-21,BEARISH_TO_BULLISH,20.6,WEAK,1.0,1592.8,0.5273731793068867,-0.7847815168257157,-0.35158211953791496
CIPLA,2025-09-01,BULLISH_TO_BEARISH,32.2,WEAK,-1.0,1569.2,-0.586286005607956,1.0068824878919165,1.121590619423919
CIPLA,2025-10-20,BEARISH_TO_BULLISH,33.2,WEAK,1.0,1663.6,-1.112046164943496,-4.784804039432551,-4.959124789612888
CIPLA,2025-10-23,BULLISH_TO_BEARISH,35.0,MODERATE,-1.0,1584.4,0.025246149962136515,0.20828073718759035,5.244887654632676
CIPLA,2025-10-27,BEARISH_TO_BULLISH,9.6,WEAK,1.0,1568.1,0.8290287609208598,-4.259932402270261,-4.132389515974744
CIPLA,2025-10-30,BULLISH_TO_BEARISH,73.0,STRONG,-1.0,1501.3,-0.6794111769799538,0.03996536335175575,-0.6894025178179003
CIPLA,2025-11-18,BEARISH_TO_BULLISH,22.1,WEAK,1.0,1526.8,0.15719151165837641,-1.4933193607545163,-0.19648938957296308
CIPLA,2025-11-26,BULLISH_TO_BEARISH,6.4,WEAK,-1.0,1525.2,-0.3999475478625694,0.5638604773144594,0.2753737214791533
CIPLA,2025-12-26,BEARISH_TO_BULLISH,16.9,WEAK,1.0,1494.0,-0.1004016064257028,0.45850066934403677,1.7269076305220854
CIPLA,2026-01-05,BULLISH_TO_BEARISH,5.7,WEAK,-1.0,1530.8,4.108962633916898,4.24614580611445,5.389338907760648
CIPLA,2026-02-23,BEARISH_TO_BULLISH,4.7,WEAK,1.0,1326.7,1.4622748172156375,1.620562297429713,-1.0175623728047034
CIPLA,2026-02-27,BULLISH_TO_BEARISH,11.7,WEAK,-1.0,1351.6,2.8410772417875014,2.2491861497484367,1.3391535957383773
CIPLA,2026-03-27,BEARISH_TO_BULLISH,15.4,WEAK,1.0,1224.2,-2.311713772259431,-1.9032837771605908,-0.6779937918640707
CIPLA,2026-04-09,BULLISH_TO_BEARISH,4.3,WEAK,-1.0,1229.5,1.4965433102887427,-0.08133387555917039,-0.0
CIPLA,2026-04-24,BEARISH_TO_BULLISH,29.0,WEAK,1.0,1317.2,-0.8123291831157033,-0.5769814758578907,1.2526571515335558
CIPLA,2026-04-30,BULLISH_TO_BEARISH,8.3,WEAK,-1.0,1335.0,0.09737827715355464,-2.0449438202247157,2.254681647940068
CIPLA,2026-05-13,BEARISH_TO_BULLISH,57.5,MODERATE,1.0,1436.8,-0.32711581291759784,-1.8791759465478841,-2.4290089086859594
CIPLA,2026-05-18,BULLISH_TO_BEARISH,22.1,WEAK,-1.0,1409.8,0.7306000851184533,0.7518796992481138,-0.5461767626613737
CIPLA,2026-06-23,BEARISH_TO_BULLISH,29.2,WEAK,1.0,1437.9,0.15300090409623882,1.9125113012031434,1.2587801655191535
CIPLA,2026-07-06,BULLISH_TO_BEARISH,4.2,WEAK,-1.0,1451.8,1.3776002204160354,0.8541121366579325,0.9436561509849873
COALINDIA,2025-07-22,BEARISH_TO_BULLISH,42.3,MODERATE,1.0,390.75,-1.3307741522712702,-3.1733845169545685,-2.7767114523352587
COALINDIA,2025-07-31,BULLISH_TO_BEARISH,17.7,WEAK,-1.0,372.5,-0.5906040268456345,-1.167785234899335,-1.9328859060402654
COALINDIA,2025-08-18,BEARISH_TO_BULLISH,58.8,MODERATE,1.0,385.35,-0.16867782535358353,-2.828597379006107,-3.347606072401722
COALINDIA,2025-08-25,BULLISH_TO_BEARISH,6.8,WEAK,-1.0,372.45,-0.49671096791516256,-1.4632836622365388,-4.658343401798906
COALINDIA,2025-09-11,BEARISH_TO_BULLISH,24.1,WEAK,1.0,394.35,0.10143273741599523,1.3693419551160078,0.03803727653099461
COALINDIA,2025-09-16,BULLISH_TO_BEARISH,24.1,WEAK,-1.0,399.75,1.6510318949343394,1.2632895559724857,1.7260787992495252
COALINDIA,2025-09-26,BEARISH_TO_BULLISH,30.6,WEAK,1.0,388.3,0.4249291784702491,-1.2747875354107618,-0.9271182075714711
COALINDIA,2025-10-01,BULLISH_TO_BEARISH,41.8,MODERATE,-1.0,383.35,0.3782444241554833,0.32607277944437196,-0.2999869570888163
COALINDIA,2025-10-20,BEARISH_TO_BULLISH,6.2,WEAK,1.0,391.1,0.39631807721809115,1.4318588596266852,-2.326770646893383
COALINDIA,2025-10-29,BULLISH_TO_BEARISH,72.0,STRONG,-1.0,387.7,-0.24503482073768088,2.6180036110394576,3.0177972659272605
COALINDIA,2025-11-11,BEARISH_TO_BULLISH,7.3,WEAK,1.0,386.5,-0.853816300129369,0.3622250970245737,-1.9275549805950813
COALINDIA,2025-11-19,BULLISH_TO_BEARISH,15.9,WEAK,-1.0,379.65,0.3819307256683758,2.5286448044251197,0.42144080073751244
COALINDIA,2025-11-21,BEARISH_TO_BULLISH,17.0,WEAK,1.0,372.55,-0.6710508656556167,1.4763119044423567,1.9057844584619423
COALINDIA,2025-12-01,BULLISH_TO_BEARISH,10.4,WEAK,-1.0,378.95,0.9763821084575772,-0.26388705633988657,-0.10555482253596363
COALINDIA,2025-12-10,BEARISH_TO_BULLISH,5.3,WEAK,1.0,383.95,-0.15627034770151477,-0.6120588618309587,0.3516082823284341
COALINDIA,2025-12-17,BULLISH_TO_BEARISH,1.4,WEAK,-1.0,385.3,-0.07786140669608393,-3.919024137036067,-4.373215676096539
COALINDIA,2025-12-19,BEARISH_TO_BULLISH,10.2,WEAK,1.0,386.25,3.6634304207119683,4.116504854368927,3.042071197411003
COALINDIA,2025-12-23,BULLISH_TO_BEARISH,40.0,MODERATE,-1.0,402.35,0.049707965701514964,1.0811482540077104,0.4722256741642933
COALINDIA,2026-01-02,BEARISH_TO_BULLISH,75.0,STRONG,1.0,427.45,-0.09357819628026137,-0.5146800795414642,1.1346356298982392
COALINDIA,2026-01-06,BULLISH_TO_BEARISH,8.9,WEAK,-1.0,431.65,1.482682729062893,-0.1505849646704585,-0.12741804702884546
COALINDIA,2026-01-13,BEARISH_TO_BULLISH,37.3,MODERATE,1.0,432.2,-0.2776492364645971,-3.9102267468764413,-2.082369273484498
COALINDIA,2026-01-19,BULLISH_TO_BEARISH,41.0,MODERATE,-1.0,415.3,0.3009872381411028,-0.7464483505899268,-6.922706477245365
COALINDIA,2026-01-23,BEARISH_TO_BULLISH,29.5,WEAK,1.0,422.9,5.001182312603461,4.220855994324904,1.5370063844880588
COALINDIA,2026-02-02,BULLISH_TO_BEARISH,53.7,MODERATE,-1.0,429.4,-1.28085700978109,-0.7918025151374091,-0.36096879366558254
COALINDIA,2026-02-17,BEARISH_TO_BULLISH,19.6,WEAK,1.0,418.0,-0.4425837320574217,1.9138755980861244,4.928229665071776
COALINDIA,2026-02-26,BULLISH_TO_BEARISH,20.5,WEAK,-1.0,430.65,1.0217113665389477,-4.3538836642284915,-1.6254499013119705
COALINDIA,2026-03-11,BEARISH_TO_BULLISH,63.6,STRONG,1.0,470.1,-0.6594341629440592,-1.6698574771325296,-3.382259093809835
COALINDIA,2026-03-17,BULLISH_TO_BEARISH,13.2,WEAK,-1.0,455.2,0.21968365553602814,-0.010984182776803905,2.5263620386643235
COALINDIA,2026-03-27,BEARISH_TO_BULLISH,41.4,MODERATE,1.0,450.45,-0.23310023310023562,2.020202020202025,-0.2664002664002639
COALINDIA,2026-04-01,BULLISH_TO_BEARISH,23.1,WEAK,-1.0,449.35,-2.2699454767998195,0.02225436741961116,3.3937910314899296
COALINDIA,2026-04-17,BEARISH_TO_BULLISH,46.9,MODERATE,1.0,441.75,0.316921335597052,2.0147142048670013,2.43350311262026
COALINDIA,2026-04-27,BULLISH_TO_BEARISH,9.6,WEAK,-1.0,467.0,-2.7623126338329715,-2.773019271948606,-0.6852248394004258
COALINDIA,2026-05-18,BEARISH_TO_BULLISH,37.8,MODERATE,1.0,456.95,0.38297406718459354,-0.08753692964218782,0.2626107889265759
COALINDIA,2026-06-08,BULLISH_TO_BEARISH,57.4,MODERATE,-1.0,466.9,3.405440137074315,5.011779824373523,3.4161490683229787
COALINDIA,2026-06-17,BEARISH_TO_BULLISH,38.4,MODERATE,1.0,452.0,-0.15486725663716563,-1.703539823008847,-3.672566371681421
COALINDIA,2026-06-19,BULLISH_TO_BEARISH,21.6,WEAK,-1.0,449.0,1.0467706013363003,3.0289532293986685,2.2160356347438728
COALINDIA,2026-07-17,BEARISH_TO_BULLISH,12.4,WEAK,1.0,429.4,0.43083372147182647,,
COALINDIA,2026-07-21,BULLISH_TO_BEARISH,1.5,WEAK,-1.0,428.4,,,
COCHINSHIP,2026-07-01,BEARISH_TO_BULLISH,4.4,WEAK,1.0,1519.3,0.31593497005199467,-4.837754228921214,-7.411307839136438
COCHINSHIP,2026-07-07,BULLISH_TO_BEARISH,43.1,MODERATE,-1.0,1404.1,-0.1851719962965698,-0.5483939890321236,-0.50566198988677
COFORGE,2025-07-28,BEARISH_TO_BULLISH,65.7,STRONG,1.0,1720.5,1.6855565242662018,-0.8311537343795382,-0.8020924149956381
COFORGE,2025-08-06,BULLISH_TO_BEARISH,51.6,MODERATE,-1.0,1704.1,5.709758816970833,4.618273575494385,3.6441523384777836
COFORGE,2025-08-18,BEARISH_TO_BULLISH,9.5,WEAK,1.0,1652.7,3.3702426332667783,5.748169661765595,5.239910449567369
COFORGE,2025-09-03,BULLISH_TO_BEARISH,32.7,WEAK,-1.0,1692.5,2.020679468242248,-0.24224519940915268,-4.638109305760709
COFORGE,2025-09-30,BEARISH_TO_BULLISH,31.6,WEAK,1.0,1600.8,0.7683658170914515,5.350449775112449,7.452523738130933
COFORGE,2025-10-08,BULLISH_TO_BEARISH,3.7,WEAK,-1.0,1720.1,-0.12789954072437915,1.13946863554444,-2.4068368118132724
COFORGE,2025-10-10,BEARISH_TO_BULLISH,29.3,WEAK,1.0,1716.0,-0.9032634032634033,2.6515151515151514,1.829836829836835
COFORGE,2025-10-24,BULLISH_TO_BEARISH,19.9,WEAK,-1.0,1830.6,1.1362394843220778,1.250955970719975,1.9556429585928088
COFORGE,2025-10-28,BEARISH_TO_BULLISH,7.4,WEAK,1.0,1797.4,0.5730499610548545,-0.14465338822744722,-1.8638032713920105
COFORGE,2025-11-17,BULLISH_TO_BEARISH,4.9,WEAK,-1.0,1784.3,-4.141680210726901,-0.7369836910833432,-2.6565039511292996
COFORGE,2025-11-25,BEARISH_TO_BULLISH,20.4,WEAK,1.0,1871.1,2.0896798674576527,1.6835016835016834,2.2126022126022176
COFORGE,2025-12-03,BULLISH_TO_BEARISH,5.8,WEAK,-1.0,1966.25,-0.5924984106802335,4.717101080737445,6.349650349650345
COFORGE,2025-12-16,BEARISH_TO_BULLISH,9.6,WEAK,1.0,1844.7,0.5475145010028681,1.3010245568385104,-5.8004011492383585
COFORGE,2025-12-24,BULLISH_TO_BEARISH,43.4,MODERATE,-1.0,1673.3,-0.5946333592302663,0.6155501105599686,1.3745293730950816
COFORGE,2026-02-20,BEARISH_TO_BULLISH,5.2,WEAK,1.0,1288.95,-5.977733814345005,-6.869932891112917,-9.790915085922654
COFORGE,2026-02-25,BULLISH_TO_BEARISH,40.5,MODERATE,-1.0,1200.4,1.2162612462512608,2.532489170276582,3.123958680439853
COFORGE,2026-03-24,BEARISH_TO_BULLISH,27.3,WEAK,1.0,1163.1,-1.5819791935345082,-0.7909895967672445,4.909294127762028
COFORGE,2026-04-07,BULLISH_TO_BEARISH,1.1,WEAK,-1.0,1270.4,0.43293450881612083,3.077770780856434,-3.3611460957178694
COFORGE,2026-04-15,BEARISH_TO_BULLISH,47.2,MODERATE,1.0,1313.1,0.2817759500418891,-1.5459599421216934,-7.044398751047141
COFORGE,2026-04-23,BULLISH_TO_BEARISH,19.3,WEAK,-1.0,1150.9,-4.4747588843513775,-4.6137805195933534,-0.06082196541835242
COFORGE,2026-06-23,BEARISH_TO_BULLISH,6.9,WEAK,1.0,1497.9,-0.3338006542492823,-2.149676213365381,-3.738567327591962
COFORGE,2026-07-09,BULLISH_TO_BEARISH,9.6,WEAK,-1.0,1503.8,-2.467083388748513,-1.9550472137252355,-0.29924192046814735
COFORGE,2026-07-13,BEARISH_TO_BULLISH,38.8,MODERATE,1.0,1534.4,-0.0782064650677819,-1.7009906152242005,-2.63295099061523
COFORGE,2026-07-17,BULLISH_TO_BEARISH,21.8,WEAK,-1.0,1507.4,0.8889478572376337,,
COLPAL,2025-07-30,BEARISH_TO_BULLISH,12.8,WEAK,1.0,2245.3,0.5656259742573294,-0.6591546786621022,-0.22268739143989666
COLPAL,2025-08-13,BULLISH_TO_BEARISH,30.8,WEAK,-1.0,2154.0,-3.2961931290622095,-9.401114206128133,-6.745589600742813
COLPAL,2025-08-19,BEARISH_TO_BULLISH,17.4,WEAK,1.0,2356.5,-0.2546148949713558,-3.127519626564813,-3.9804795247188705
COLPAL,2025-09-03,BULLISH_TO_BEARISH,12.7,WEAK,-1.0,2464.6,1.6919581270794377,2.665746977197104,3.6557656414834017
COLPAL,2025-10-29,BEARISH_TO_BULLISH,30.2,WEAK,1.0,2255.3,-0.5453819890923682,-2.8599299428014007,-3.9063539218729377
COLPAL,2025-11-03,BULLISH_TO_BEARISH,13.7,WEAK,-1.0,2190.8,0.7851013328464612,0.885521270768673,0.6116487127989816
COLPAL,2025-11-26,BEARISH_TO_BULLISH,5.0,WEAK,1.0,2171.3,-0.1151383963524156,-0.6033251968866744,-1.5290379035600916
COLPAL,2025-12-17,BULLISH_TO_BEARISH,21.4,WEAK,-1.0,2090.0,-1.0095693779904262,-0.7751196172248718,0.11961722488038277
COLPAL,2026-01-19,BEARISH_TO_BULLISH,45.2,MODERATE,1.0,2114.0,0.4304635761589361,2.473982970671721,1.9110690633869485
COLPAL,2026-02-02,BULLISH_TO_BEARISH,21.0,WEAK,-1.0,2138.7,1.0520409594613551,0.25482769906951974,-2.073689624538288
COLPAL,2026-02-23,BEARISH_TO_BULLISH,5.7,WEAK,1.0,2236.3,1.524840137727492,0.8138442963824093,-2.3520994499843653
COLPAL,2026-03-04,BULLISH_TO_BEARISH,9.0,WEAK,-1.0,2200.5,-0.18632129061576502,0.09770506703022452,10.211315610088619
CONCOR,2025-07-11,BEARISH_TO_BULLISH,21.7,WEAK,1.0,615.55,0.6904394443993178,0.8935098692226464,-0.3411583137031775
CONCOR,2025-08-05,BULLISH_TO_BEARISH,28.7,WEAK,-1.0,554.8,0.21629416005766616,1.7123287671232879,2.388248017303533
CONCOR,2025-08-20,BEARISH_TO_BULLISH,10.5,WEAK,1.0,553.2,-0.9580621836587252,-4.473969631236442,-4.672812725958066
CONCOR,2025-09-03,BULLISH_TO_BEARISH,2.2,WEAK,-1.0,541.6,-0.12001477104874025,0.00923190546530063,-1.5509601181683856
CONCOR,2025-09-30,BEARISH_TO_BULLISH,16.2,WEAK,1.0,526.55,1.3199126388757092,1.1205013768873027,2.1080619124489646
CONCOR,2025-10-06,BULLISH_TO_BEARISH,8.7,WEAK,-1.0,532.45,0.7888064607005437,-1.6809090055404134,0.9766175227720997
CONCOR,2025-10-17,BEARISH_TO_BULLISH,8.4,WEAK,1.0,533.8,0.0655676283252197,0.5807418508804838,1.3862869988760007
CONCOR,2025-10-30,BULLISH_TO_BEARISH,19.2,WEAK,-1.0,545.25,-0.8436497019715768,4.750114626318198,4.383310408069688
CONCOR,2025-11-21,BEARISH_TO_BULLISH,10.9,WEAK,1.0,514.95,-0.47577434702399174,-0.17477424992719504,-1.77687154092631
CONCOR,2025-12-02,BULLISH_TO_BEARISH,30.8,WEAK,-1.0,506.5,-1.224086870681154,1.2537018756169838,0.6416584402764067
CONCOR,2025-12-22,BEARISH_TO_BULLISH,18.9,WEAK,1.0,512.6,-0.7803355442840421,1.4338665626219318,2.4092859929769848
CONCOR,2025-12-29,BULLISH_TO_BEARISH,6.3,WEAK,-1.0,519.0,-1.146435452793843,-2.4662813102119374,-2.1098265895953845
CONCOR,2026-01-21,BEARISH_TO_BULLISH,8.0,WEAK,1.0,494.35,-2.9533731162132137,0.4045716597552341,1.5980580560331703
CONCOR,2026-01-28,BULLISH_TO_BEARISH,5.1,WEAK,-1.0,500.6,-0.3296044746304389,-5.463443867359173,-4.284858170195751
CONCOR,2026-02-16,BEARISH_TO_BULLISH,8.7,WEAK,1.0,505.5,0.2077151335311595,-0.4945598417408506,0.0
CONCOR,2026-03-02,BULLISH_TO_BEARISH,51.7,MODERATE,-1.0,462.2,-3.8403288619645175,-2.4989182172219846,-1.7849415837299871
CONCOR,2026-03-25,BEARISH_TO_BULLISH,20.2,WEAK,1.0,438.15,-2.9327855757160712,0.2510555745749225,3.5261896610749845
CONCOR,2026-04-08,BULLISH_TO_BEARISH,21.6,WEAK,-1.0,482.25,-0.3110419906687403,-1.4411612234318276,-4.323483670295494
CONCOR,2026-04-17,BEARISH_TO_BULLISH,8.4,WEAK,1.0,501.0,0.6387225548902172,0.8083832335329364,2.634730538922165
CONCOR,2026-04-30,BULLISH_TO_BEARISH,30.3,WEAK,-1.0,516.35,-0.32923404667375455,-2.004454342984414,-2.643555727704072
CONCOR,2026-05-20,BEARISH_TO_BULLISH,12.6,WEAK,1.0,505.9,0.0,-5.93002569677802,-8.341569480134412
CONCOR,2026-05-27,BULLISH_TO_BEARISH,47.6,MODERATE,-1.0,463.7,-0.08626266982963858,2.544748759974124,2.7496226008194955
CONCOR,2026-06-12,BEARISH_TO_BULLISH,19.1,WEAK,1.0,459.35,0.8707956895613366,1.6980515946445964,3.1130945901817686
CONCOR,2026-06-22,BULLISH_TO_BEARISH,23.8,WEAK,-1.0,479.25,1.10589462702139,1.7214397496087637,-0.20865936358894105
CONCOR,2026-06-24,BEARISH_TO_BULLISH,9.0,WEAK,1.0,469.8,0.25542784163473575,2.224350787569176,3.9165602383993137
CONCOR,2026-07-06,BULLISH_TO_BEARISH,37.9,MODERATE,-1.0,472.75,4.516129032258069,1.9037546271813854,-4.315177154944469
CONCOR,2026-07-15,BEARISH_TO_BULLISH,7.4,WEAK,1.0,490.3,-0.693452987966558,0.2753416275749471,
CROMPTON,2025-07-25,BEARISH_TO_BULLISH,8.0,WEAK,1.0,331.2,-1.0567632850241546,-2.475845410628016,-1.2379227053139994
CROMPTON,2025-07-30,BULLISH_TO_BEARISH,44.8,MODERATE,-1.0,323.0,0.5572755417956692,-0.07739938080495357,1.1300309597523148
CROMPTON,2025-08-07,BEARISH_TO_BULLISH,6.3,WEAK,1.0,319.7,-0.5786675007819725,-0.37535189239912065,1.7985611510791366
CROMPTON,2025-08-21,BULLISH_TO_BEARISH,17.3,WEAK,-1.0,316.7,-1.9576886643511173,-2.3208083359646423,-5.82570255762551
CROMPTON,2025-08-25,BEARISH_TO_BULLISH,17.3,WEAK,1.0,324.95,-0.27696568702876667,3.1389444529927646,2.3542083397445865
CROMPTON,2025-09-09,BULLISH_TO_BEARISH,30.8,WEAK,-1.0,317.8,0.8181246066708694,1.8722466960352389,0.8653241032095657
CROMPTON,2025-10-21,BEARISH_TO_BULLISH,7.7,WEAK,1.0,290.95,0.8248840006874151,-0.22340608351949726,-1.4779171678982683
CROMPTON,2025-11-03,BULLISH_TO_BEARISH,31.2,WEAK,-1.0,283.25,1.6593115622241794,1.0414827890556007,0.6884377758164126
CROMPTON,2025-11-20,BEARISH_TO_BULLISH,4.4,WEAK,1.0,267.35,-0.7293809612867198,0.3740415186085655,-0.748083037217131
CROMPTON,2025-11-27,BULLISH_TO_BEARISH,63.2,STRONG,-1.0,265.35,1.0928961748634007,3.5801771245524883,1.978518937252685
CROMPTON,2026-01-14,BEARISH_TO_BULLISH,25.0,WEAK,1.0,251.2,-3.1847133757961785,-7.543789808917194,-10.310509554140118
CROMPTON,2026-01-19,BULLISH_TO_BEARISH,54.0,MODERATE,-1.0,233.6,0.5779109589041072,3.5530821917808146,3.510273972602735
CROMPTON,2026-02-04,BEARISH_TO_BULLISH,55.0,MODERATE,1.0,246.65,-0.6689641191972453,6.081491992702198,7.19643219136427
CROMPTON,2026-02-06,BULLISH_TO_BEARISH,34.2,WEAK,-1.0,262.9,0.4754659566375048,-0.5705591479650057,-3.708634461772537
CROMPTON,2026-02-10,BEARISH_TO_BULLISH,60.0,STRONG,1.0,266.05,-0.6201841759067972,2.480736703627125,2.424356323999244
CROMPTON,2026-02-20,BULLISH_TO_BEARISH,32.8,WEAK,-1.0,265.45,1.1301563382934638,1.1113203993219019,4.520625353173855
CROMPTON,2026-03-11,BEARISH_TO_BULLISH,10.6,WEAK,1.0,247.2,-0.38430420711973656,0.5865695792880328,-1.9215210355987056
CROMPTON,2026-03-19,BULLISH_TO_BEARISH,39.2,MODERATE,-1.0,243.15,4.092124203166776,0.24676125848241592,8.040304338885466
CROMPTON,2026-03-25,BEARISH_TO_BULLISH,21.5,WEAK,1.0,232.3,-3.7451571244081,-0.17219113215669635,0.9685751183814033
CROMPTON,2026-04-20,BULLISH_TO_BEARISH,7.4,WEAK,-1.0,258.64,-1.0555211877513218,3.2516238787503857,-4.24914939684504
CROMPTON,2026-04-24,BEARISH_TO_BULLISH,15.6,WEAK,1.0,258.67,4.237058800788642,5.296323500985807,6.487029806316919
CROMPTON,2026-04-30,BULLISH_TO_BEARISH,8.7,WEAK,-1.0,277.95,0.8994423457456378,-4.605144810217669,-4.389278647238708
CROMPTON,2026-05-08,BEARISH_TO_BULLISH,37.9,MODERATE,1.0,290.15,-2.791659486472503,-0.41357918318110937,1.085645355850434
CROMPTON,2026-05-29,BULLISH_TO_BEARISH,46.2,MODERATE,-1.0,273.4,-0.018288222384788357,1.499634235552292,6.035113386978786
CROMPTON,2026-06-18,BEARISH_TO_BULLISH,15.5,WEAK,1.0,275.25,0.36330608537693004,0.0,-0.6357856494096277
CROMPTON,2026-06-22,BULLISH_TO_BEARISH,8.2,WEAK,-1.0,272.4,-1.046255506607938,-0.40381791483113905,1.0829662261380282
CROMPTON,2026-06-30,BEARISH_TO_BULLISH,35.6,MODERATE,1.0,269.45,1.7442939320838704,1.0577101503061876,-3.91538318797551
CROMPTON,2026-07-02,BULLISH_TO_BEARISH,1.4,WEAK,-1.0,270.8,-0.5539143279172821,4.394387001477117,3.3604135893648532
CUMMINSIND,2025-10-20,BEARISH_TO_BULLISH,5.2,WEAK,1.0,4000.9,1.824589467369842,7.764502986827966,8.922992326726476
CUMMINSIND,2025-11-14,BULLISH_TO_BEARISH,13.6,WEAK,-1.0,4381.2,2.9409750753218176,0.12553638272619375,1.8761983018351094
CUMMINSIND,2026-01-21,BEARISH_TO_BULLISH,1.0,WEAK,1.0,4067.8,-3.3777471852106813,-1.0767491027090854,1.098874084271592
CUMMINSIND,2026-02-09,BULLISH_TO_BEARISH,1.2,WEAK,-1.0,4418.3,1.2470859832967514,0.1346671796844899,-4.062648529977593
CUMMINSIND,2026-04-23,BEARISH_TO_BULLISH,20.8,WEAK,1.0,5232.0,0.022935779816510286,1.0684250764525924,1.0894495412844036
CUMMINSIND,2026-05-12,BULLISH_TO_BEARISH,10.0,WEAK,-1.0,5212.0,-2.9739063699155794,-1.6596316193399847,-3.5974673829623947
CUMMINSIND,2026-05-25,BEARISH_TO_BULLISH,15.1,WEAK,1.0,5418.5,11.230045215465536,4.835286518409154,5.056750023069115
CUMMINSIND,2026-06-01,BULLISH_TO_BEARISH,44.0,MODERATE,-1.0,5708.0,0.27154870357393135,-1.3314646110721795,1.4453398738612475
CUMMINSIND,2026-07-21,BEARISH_TO_BULLISH,29.8,WEAK,1.0,5588.0,,,
CYIENT,2025-07-30,BEARISH_TO_BULLISH,3.4,WEAK,1.0,1205.6,-1.9658261446582466,0.1990710019907176,-1.5428002654279953
CYIENT,2025-09-05,BULLISH_TO_BEARISH,30.3,WEAK,-1.0,1167.6,-1.1990407673860912,-5.65262076053443,-4.6676944158958555
CYIENT,2025-09-16,BEARISH_TO_BULLISH,42.0,MODERATE,1.0,1260.6,-0.9201967317150492,-5.2197366333491955,-6.346184356655561
CYIENT,2025-09-18,BULLISH_TO_BEARISH,7.6,WEAK,-1.0,1242.2,3.815810658509104,4.958943809370483,8.702302366768647
CYIENT,2025-10-17,BEARISH_TO_BULLISH,7.6,WEAK,1.0,1195.6,-0.3931080628972749,-0.8364001338240215,-0.6565741050518492
CYIENT,2025-11-14,BULLISH_TO_BEARISH,33.9,WEAK,-1.0,1134.2,0.555457591253743,-1.296067712925414,1.4195027332040324
CYIENT,2025-12-01,BEARISH_TO_BULLISH,22.6,WEAK,1.0,1177.9,0.2292214958824873,-0.7386025978436238,-3.930724170133303
CYIENT,2025-12-08,BULLISH_TO_BEARISH,38.0,MODERATE,-1.0,1131.6,-0.6539413220219239,-3.1901732060798995,-1.6083421703782297
CYIENT,2025-12-29,BEARISH_TO_BULLISH,1.5,WEAK,1.0,1092.8,,,
DABUR,2025-07-17,BEARISH_TO_BULLISH,35.0,MODERATE,1.0,522.6,-1.5403750478377474,-1.6743207041714503,-2.152698048220436
DABUR,2025-07-29,BULLISH_TO_BEARISH,7.1,WEAK,-1.0,522.0,-1.3409961685823755,-1.465517241379306,1.532567049808429
DABUR,2025-07-31,BEARISH_TO_BULLISH,18.3,WEAK,1.0,534.35,-0.8795733133713943,-3.8083653036399405,-5.071582296247782
DABUR,2025-08-04,BULLISH_TO_BEARISH,12.0,WEAK,-1.0,524.7,2.039260529826576,3.3257099294835233,4.1547550981513375
DABUR,2025-08-19,BEARISH_TO_BULLISH,14.5,WEAK,1.0,535.0,-3.60747663551401,-3.0654205607476595,-3.953271028037379
DABUR,2025-09-01,BULLISH_TO_BEARISH,5.9,WEAK,-1.0,544.6,0.20198310686742982,-0.385604113110544,0.06426735218509415
DABUR,2025-09-29,BEARISH_TO_BULLISH,26.7,WEAK,1.0,491.3,0.763281090983106,0.41726032973743366,-2.269489110523109
DABUR,2025-10-01,BULLISH_TO_BEARISH,47.8,MODERATE,-1.0,496.15,0.5643454600423168,3.224831200241862,1.3000100775974985
DABUR,2025-10-10,BEARISH_TO_BULLISH,13.8,WEAK,1.0,487.75,-0.08200922603792461,2.655048692977958,3.444387493593032
DABUR,2025-10-29,BULLISH_TO_BEARISH,16.8,WEAK,-1.0,501.55,2.7913468248429867,-3.0904196989332955,-3.409430764629641
DABUR,2025-11-06,BEARISH_TO_BULLISH,49.0,MODERATE,1.0,518.65,-0.6169864070182073,0.7037501205051533,1.2243324014267856
DABUR,2025-11-12,BULLISH_TO_BEARISH,23.9,WEAK,-1.0,522.2,-0.5361930294906079,0.2585216392186945,-0.5457679050172173
DABUR,2025-11-19,BEARISH_TO_BULLISH,7.1,WEAK,1.0,525.05,-1.7903056851728365,-2.028378249690501,-1.1237025045233744
DABUR,2025-11-26,BULLISH_TO_BEARISH,9.2,WEAK,-1.0,519.15,0.3370894731773091,2.157372628334776,2.1284792449195717
DABUR,2025-12-19,BEARISH_TO_BULLISH,7.2,WEAK,1.0,493.7,-0.11140368644926299,-1.1140368644926069,0.394976706501922
DABUR,2025-12-29,BULLISH_TO_BEARISH,4.6,WEAK,-1.0,495.65,-1.6039544033087956,-5.437304549581367,-4.983355190154352
DABUR,2026-01-20,BEARISH_TO_BULLISH,24.6,WEAK,1.0,516.2,1.7725687717938736,-0.5424254165052437,-1.162340178225505
DABUR,2026-01-29,BULLISH_TO_BEARISH,30.3,WEAK,-1.0,506.6,1.5001973943940035,1.0659297275957431,-0.33557046979865546
DABUR,2026-02-10,BEARISH_TO_BULLISH,37.5,MODERATE,1.0,522.35,-0.5360390542739674,-1.5506844070068007,-2.2494496027567723
DABUR,2026-02-18,BULLISH_TO_BEARISH,31.5,WEAK,-1.0,501.65,-1.6047044752317374,-3.2692116017143382,-4.545001495066295
DABUR,2026-02-20,BEARISH_TO_BULLISH,57.6,MODERATE,1.0,514.35,0.7193545251287901,1.9636434334597108,-1.3123359580052494
DABUR,2026-02-27,BULLISH_TO_BEARISH,10.4,WEAK,-1.0,507.6,3.9795114263199456,5.7131599684791174,5.260047281323886
DABUR,2026-04-22,BEARISH_TO_BULLISH,57.8,MODERATE,1.0,460.0,-1.9239130434782659,-2.141304347826092,-4.021739130434782
DABUR,2026-04-30,BULLISH_TO_BEARISH,46.7,MODERATE,-1.0,445.65,-3.3434309435655862,-5.463929092337041,-6.238079210142492
DABUR,2026-05-15,BEARISH_TO_BULLISH,25.3,WEAK,1.0,456.35,-0.7779116905883666,-2.0817355100251995,-2.005039991234805
DABUR,2026-05-19,BULLISH_TO_BEARISH,15.8,WEAK,-1.0,450.9,0.8982035928143611,0.8205810601020156,1.2086937236637811
DABUR,2026-05-21,BEARISH_TO_BULLISH,26.0,WEAK,1.0,451.05,-0.8535639064405326,-1.2415475002771361,-5.864094889701804
DABUR,2026-05-27,BULLISH_TO_BEARISH,37.9,MODERATE,-1.0,443.4,4.239963915200712,5.762291384754162,4.341452413170952
DABUR,2026-06-05,BEARISH_TO_BULLISH,7.9,WEAK,1.0,419.75,1.524717093508035,0.46456223942822844,2.239428231089929
DABUR,2026-06-09,BULLISH_TO_BEARISH,20.3,WEAK,-1.0,427.9,1.4489366674456623,-0.2921243281140453,-0.2570694087403652
DABUR,2026-06-24,BEARISH_TO_BULLISH,14.2,WEAK,1.0,423.9,0.5661712668082176,4.918612880396325,4.824251002594963
DABUR,2026-07-01,BULLISH_TO_BEARISH,40.0,MODERATE,-1.0,447.0,0.5928411633109569,-1.45413870246085,0.8612975391498933
DABUR,2026-07-17,BEARISH_TO_BULLISH,10.2,WEAK,1.0,426.5,-0.09378663540444954,,
DALBHARAT,2025-09-29,BEARISH_TO_BULLISH,6.9,WEAK,1.0,2227.1,0.10776345920704464,1.082124736204028,0.20205648601320103
DALBHARAT,2025-10-16,BULLISH_TO_BEARISH,0.6,WEAK,-1.0,2245.1,2.1914391341142854,4.955235846955593,6.7658456193488075
DALBHARAT,2025-11-18,BEARISH_TO_BULLISH,1.0,WEAK,1.0,2021.3,-0.4551526245485601,0.07173601147776408,0.26220749022905826
DALBHARAT,2026-01-06,BULLISH_TO_BEARISH,6.1,WEAK,-1.0,2121.2,2.5928719592683387,2.244012822930413,-2.644729398453723
DALBHARAT,2026-01-30,BEARISH_TO_BULLISH,9.5,WEAK,1.0,2063.4,2.2874866724823018,4.371425802074238,6.411747601046802
DALBHARAT,2026-03-05,BULLISH_TO_BEARISH,0.8,WEAK,-1.0,1899.8,3.137172333929883,2.3107695546899603,3.1529634698389235
DALBHARAT,2026-03-12,BEARISH_TO_BULLISH,16.8,WEAK,1.0,1839.9,0.7119952171313609,4.138811891950642,0.05978585792705631
DALBHARAT,2026-03-16,BULLISH_TO_BEARISH,23.2,WEAK,-1.0,1854.9,-3.296673675130727,0.7493665426707687,3.337107121677723
DELHIVERY,2025-07-08,BEARISH_TO_BULLISH,46.5,MODERATE,1.0,421.3,-1.4716354141941583,-3.548540232613337,-0.03560408260147973
DELHIVERY,2025-07-15,BULLISH_TO_BEARISH,4.2,WEAK,-1.0,421.15,-0.9853971269144092,-2.8374688353318405,-5.461237088923187
DELHIVERY,2025-07-22,BEARISH_TO_BULLISH,41.7,MODERATE,1.0,444.15,-1.4184397163120466,-3.4447821681864133,-7.880220646178094
DELHIVERY,2025-07-25,BULLISH_TO_BEARISH,41.2,MODERATE,-1.0,428.85,1.6089541797831488,0.83945435466947,-7.636702809840271
DELHIVERY,2025-08-25,BEARISH_TO_BULLISH,34.9,WEAK,1.0,478.5,-1.954022988505752,-0.9926854754440961,-0.10449320794148381
DELHIVERY,2025-09-03,BULLISH_TO_BEARISH,12.8,WEAK,-1.0,470.65,0.403697014766807,1.4235631573355974,0.0743652395623002
DELHIVERY,2025-09-26,BEARISH_TO_BULLISH,13.8,WEAK,1.0,439.9,2.307342577858612,-0.5910434189588466,6.603773584905663
DELHIVERY,2025-10-01,BULLISH_TO_BEARISH,47.8,MODERATE,-1.0,437.3,-5.7855019437457145,-6.860278984678709,-6.300022867596618
DELHIVERY,2025-10-20,BEARISH_TO_BULLISH,63.9,STRONG,1.0,476.55,-0.6085405518833352,-0.7449375721330419,1.6997167138810128
DELHIVERY,2025-10-30,BULLISH_TO_BEARISH,46.3,MODERATE,-1.0,465.95,-1.3520764030475398,5.021998068462277,8.230496834424288
DELHIVERY,2025-11-19,BEARISH_TO_BULLISH,60.2,STRONG,1.0,426.0,-1.7840375586854516,-3.6032863849765313,-0.17605633802816903
DELHIVERY,2025-12-04,BULLISH_TO_BEARISH,27.5,WEAK,-1.0,404.6,1.6312407315867579,-0.012357884330191431,-1.9031141868512083
DELHIVERY,2025-12-19,BEARISH_TO_BULLISH,23.8,WEAK,1.0,409.35,0.6717967509466226,-0.5130084279956083,-1.7222425796995264
DELHIVERY,2025-12-26,BULLISH_TO_BEARISH,10.7,WEAK,-1.0,405.2,0.7156959526159865,1.1352418558736344,-1.6658440276406714
DELHIVERY,2026-01-23,BEARISH_TO_BULLISH,1.9,WEAK,1.0,400.35,1.8483826651679722,5.645060571999492,10.715623829149488
DELHIVERY,2026-01-29,BULLISH_TO_BEARISH,7.8,WEAK,-1.0,422.95,-3.9957441777988025,-5.993616266698197,-3.1091145525475907
DELHIVERY,2026-02-03,BEARISH_TO_BULLISH,10.1,WEAK,1.0,448.3,-0.9368726299353086,-3.2121347312067887,-4.193620343519966
DELHIVERY,2026-02-06,BULLISH_TO_BEARISH,45.3,MODERATE,-1.0,433.9,-0.47245909195667474,1.0025351463470766,3.6413920258123884
DELHIVERY,2026-02-18,BEARISH_TO_BULLISH,6.3,WEAK,1.0,427.9,0.7127833605982733,2.079925216172011,3.376957232998375
DELHIVERY,2026-02-25,BULLISH_TO_BEARISH,38.6,MODERATE,-1.0,442.35,2.0232847292867744,5.7985757884028555,4.464790324403753
DELHIVERY,2026-03-23,BEARISH_TO_BULLISH,6.2,WEAK,1.0,418.9,2.7333492480305672,-0.5251850083552134,1.7545953688231137
DELHIVERY,2026-04-01,BULLISH_TO_BEARISH,26.0,WEAK,-1.0,426.25,-2.263929618768323,-7.882697947214082,-10.2991202346041
DELHIVERY,2026-04-21,BEARISH_TO_BULLISH,36.0,MODERATE,1.0,462.7,-2.8744326777609706,0.0,0.7780419278150039
DELHIVERY,2026-05-04,BULLISH_TO_BEARISH,5.4,WEAK,-1.0,459.5,-2.50272034820457,-4.265505984766055,-1.1316648531011946
DELHIVERY,2026-05-20,BEARISH_TO_BULLISH,41.8,MODERATE,1.0,452.75,-1.1154058531198259,2.374378796245168,-0.09939260077305105
DELHIVERY,2026-05-22,BULLISH_TO_BEARISH,7.6,WEAK,-1.0,455.45,-1.7674827094082801,0.6916236688988863,3.8423537161049515
DELHIVERY,2026-05-26,BEARISH_TO_BULLISH,53.9,MODERATE,1.0,459.75,-1.6204458945078821,-4.741707449700927,-4.654703643284389
DELHIVERY,2026-05-29,BULLISH_TO_BEARISH,35.3,MODERATE,-1.0,437.25,-0.16009148084619523,-0.2515723270440304,-0.4802744425385987
DELHIVERY,2026-06-30,BEARISH_TO_BULLISH,41.4,MODERATE,1.0,507.7,0.31514674020091055,2.353752215875515,-1.1621036044908366
DELHIVERY,2026-07-02,BULLISH_TO_BEARISH,31.5,WEAK,-1.0,507.45,-2.404177751502609,1.113410188195877,-2.5322691890826614
DELHIVERY,2026-07-07,BEARISH_TO_BULLISH,32.4,WEAK,1.0,501.8,2.760063770426458,2.092467118373843,-0.6875249103228355
DELHIVERY,2026-07-13,BULLISH_TO_BEARISH,49.9,MODERATE,-1.0,512.1,2.685022456551455,3.895723491505574,5.340753759031443
DIVISLAB,2025-07-29,BEARISH_TO_BULLISH,9.1,WEAK,1.0,6650.0,-0.8195488721804511,-2.4135338345864663,-7.766917293233083
DIVISLAB,2025-08-11,BULLISH_TO_BEARISH,1.2,WEAK,-1.0,5961.0,-2.340211373930549,-3.4138567354470726,-0.7381311860426103
DIVISLAB,2025-08-26,BEARISH_TO_BULLISH,3.7,WEAK,1.0,6132.0,-0.008153946510110893,-0.18754076973255054,0.02446183953033268
DIVISLAB,2025-09-10,BULLISH_TO_BEARISH,3.0,WEAK,-1.0,6015.5,-0.18286094256504032,-1.3963926523148533,-1.5875654559055774
DIVISLAB,2025-10-13,BEARISH_TO_BULLISH,30.9,WEAK,1.0,6561.0,0.18289894833104708,0.9221155311690291,0.39856729157140125
DIVISLAB,2025-10-27,BULLISH_TO_BEARISH,13.3,WEAK,-1.0,6438.45,-1.1415791067725929,-4.6540704672708575,-5.684598001071687
DIVISLAB,2025-12-23,BEARISH_TO_BULLISH,3.4,WEAK,1.0,6496.5,-1.0628800123143258,-2.0926652813053153,-2.3481874855691554
DIVISLAB,2026-01-01,BULLISH_TO_BEARISH,25.9,WEAK,-1.0,6392.45,0.45287800452095545,-3.9116457696188505,-3.504915955541306
DIVISLAB,2026-01-27,BEARISH_TO_BULLISH,5.9,WEAK,1.0,6188.1,-2.377143226515414,-3.806499571758701,-2.1589825633069983
DIVISLAB,2026-01-29,BULLISH_TO_BEARISH,35.5,MODERATE,-1.0,6051.0,1.627003801024621,-0.057841679061312185,0.43794414146422084
DIVISLAB,2026-02-18,BEARISH_TO_BULLISH,30.3,WEAK,1.0,6297.45,-0.1024224090703351,-0.666142645038862,2.801927764412577
DIVISLAB,2026-02-26,BULLISH_TO_BEARISH,0.0,WEAK,-1.0,6408.5,0.07802137785753296,0.6873683389248683,1.2210345634703907
DIVISLAB,2026-06-29,BEARISH_TO_BULLISH,1.4,WEAK,1.0,6579.0,-0.5091959264325885,2.705578355373157,2.9259765921872622
DIVISLAB,2026-07-20,BULLISH_TO_BEARISH,0.5,WEAK,-1.0,7330.0,-0.7708049113233288,,
DIVISLAB,2026-07-22,BEARISH_TO_BULLISH,25.4,WEAK,1.0,,,,
DIXON,2025-08-06,BULLISH_TO_BEARISH,14.0,WEAK,-1.0,16663.0,4.795054912080658,5.011102442537358,2.8326231770989616
DIXON,2025-08-14,BEARISH_TO_BULLISH,29.3,WEAK,1.0,16756.0,0.889233707328718,-0.18500835521604203,1.5636190021484844
DIXON,2025-08-26,BULLISH_TO_BEARISH,43.4,MODERATE,-1.0,16677.0,-0.07795166996462194,-5.252743299154524,-7.039635426035858
DIXON,2025-10-07,BEARISH_TO_BULLISH,27.5,WEAK,1.0,16858.8,1.4188435713099434,1.9953970626616455,-0.48550312003225937
DIXON,2025-10-14,BULLISH_TO_BEARISH,43.0,MODERATE,-1.0,16776.95,-0.3975692840474622,4.18371634891921,6.951203883900236
DIXON,2025-11-18,BEARISH_TO_BULLISH,22.5,WEAK,1.0,15539.6,-1.4591752683466754,-5.602139051198236,-4.596321655641072
DIXON,2025-12-04,BULLISH_TO_BEARISH,37.4,MODERATE,-1.0,13749.1,1.3531794808387536,10.171211206551707,2.6899942541693664
DIXON,2025-12-12,BEARISH_TO_BULLISH,21.8,WEAK,1.0,13737.0,-0.7931134891169885,-3.1884690980563444,-6.494139914100606
DIXON,2025-12-17,BULLISH_TO_BEARISH,41.2,MODERATE,-1.0,13299.0,0.23347620121813123,3.5115422212196408,7.301676817805845
DIXON,2025-12-31,BEARISH_TO_BULLISH,19.5,WEAK,1.0,12090.15,0.6224074970120305,-3.0065797363969846,-0.8535874244736328
DIXON,2026-01-06,BULLISH_TO_BEARISH,40.2,MODERATE,-1.0,11770.05,-1.8428129022391704,-0.612146932256032,5.668200220050039
DIXON,2026-01-27,BEARISH_TO_BULLISH,6.6,WEAK,1.0,10279.1,0.5642517341012345,0.5841951143582538,13.611113813466163
DIXON,2026-02-18,BULLISH_TO_BEARISH,9.2,WEAK,-1.0,11237.0,1.4732579870072018,6.336655691020729,9.974637358725642
DIXON,2026-04-07,BEARISH_TO_BULLISH,27.6,WEAK,1.0,10637.0,-0.10811318980915671,-1.2550531164802106,6.106044937482373
DIXON,2026-05-18,BULLISH_TO_BEARISH,33.5,WEAK,-1.0,11048.0,0.4616220130340333,-6.10065170166546,-5.657132512671977
DIXON,2026-05-22,BEARISH_TO_BULLISH,42.4,MODERATE,1.0,11824.0,-1.277063599458728,-2.537212449255751,-1.8690798376184032
DIXON,2026-06-19,BULLISH_TO_BEARISH,13.8,WEAK,-1.0,12336.0,3.27496757457847,2.6183527885862516,3.372243839169909
DIXON,2026-06-25,BEARISH_TO_BULLISH,0.8,WEAK,1.0,11805.0,0.9741634900465904,4.8115205421431595,12.698009318085557
DIXON,2026-07-22,BULLISH_TO_BEARISH,30.2,WEAK,-1.0,,,,
DLF,2025-07-21,BEARISH_TO_BULLISH,7.2,WEAK,1.0,845.5,-0.41986989946776515,-2.2708456534594967,-5.340035481963333
DLF,2025-07-24,BULLISH_TO_BEARISH,49.0,MODERATE,-1.0,826.3,4.731937552946861,4.538303279680504,5.9179474767033735
DLF,2025-07-30,BEARISH_TO_BULLISH,11.1,WEAK,1.0,784.25,-0.8734459674848611,-0.4207841887153273,-3.136754861332486
DLF,2025-08-04,BULLISH_TO_BEARISH,51.7,MODERATE,-1.0,780.95,2.1064088610026306,4.321659517254626,3.015557974262125
DLF,2025-08-19,BEARISH_TO_BULLISH,17.0,WEAK,1.0,770.5,0.35042180402336737,0.1946787800129786,-2.7319922128487937
DLF,2025-08-21,BULLISH_TO_BEARISH,23.4,WEAK,-1.0,762.55,-1.239262999147603,1.7179201363844876,1.8687299193495508
DLF,2025-08-25,BEARISH_TO_BULLISH,32.1,WEAK,1.0,754.6,-0.6824807845215979,-0.8348794063079867,1.2987012987012927
DLF,2025-09-05,BULLISH_TO_BEARISH,22.5,WEAK,-1.0,757.5,0.8448844884488419,0.15181518151814882,-2.4026402640264086
DLF,2025-09-17,BEARISH_TO_BULLISH,21.9,WEAK,1.0,783.1,-0.6895671050951317,-3.026433405695319,-7.9236368279913245
DLF,2025-09-19,BULLISH_TO_BEARISH,13.2,WEAK,-1.0,773.75,1.8546042003231047,6.810985460420039,6.668820678513734
DLF,2025-09-30,BEARISH_TO_BULLISH,10.0,WEAK,1.0,722.3,0.9552817388896706,2.055932438045137,0.9275924131247467
DLF,2025-10-03,BULLISH_TO_BEARISH,6.8,WEAK,-1.0,735.25,-0.2584155049302927,0.8500510030601837,-0.8092485549133009
DLF,2025-10-16,BEARISH_TO_BULLISH,36.4,MODERATE,1.0,767.95,0.7813008659417929,0.8268767497883858,1.5040041669379456
DLF,2025-10-30,BULLISH_TO_BEARISH,21.1,WEAK,-1.0,756.25,-2.7702479338843036,-0.27768595041322613,-0.49586776859504134
DLF,2025-12-29,BEARISH_TO_BULLISH,34.9,WEAK,1.0,680.65,0.9916991111437597,2.578417688973785,3.7684566223462834
DLF,2026-01-01,BULLISH_TO_BEARISH,26.2,WEAK,-1.0,698.2,-1.8834144944142046,-0.7232884560297843,3.9100544256660075
DLF,2026-02-04,BEARISH_TO_BULLISH,36.9,MODERATE,1.0,661.3,0.3704823831846432,1.5877816422198698,-1.4365643429608348
DLF,2026-02-06,BULLISH_TO_BEARISH,17.0,WEAK,-1.0,671.15,-0.09684869254264729,2.8831110780004505,4.07509498621769
DLF,2026-02-20,BEARISH_TO_BULLISH,54.4,MODERATE,1.0,626.3,-2.442918729043582,-2.4748523072010222,-5.764010857416559
DLF,2026-03-02,BULLISH_TO_BEARISH,41.1,MODERATE,-1.0,569.05,-2.82927686495036,-1.0368157455408298,-0.7292856515244867
DLF,2026-03-25,BEARISH_TO_BULLISH,26.1,WEAK,1.0,523.1,-3.6321926973809973,-0.16249283119862792,2.1028484037468935
DLF,2026-04-10,BULLISH_TO_BEARISH,5.4,WEAK,-1.0,568.4,-3.342716396903589,-5.867346938775515,-6.8877551020408125
DLF,2026-04-16,BEARISH_TO_BULLISH,31.6,WEAK,1.0,601.75,-0.8890735355213998,1.479019526381384,-2.442874948068142
DLF,2026-05-05,BULLISH_TO_BEARISH,26.0,WEAK,-1.0,609.6,-1.5173884514435696,3.1742125984252003,5.8152887139107685
DLF,2026-05-14,BEARISH_TO_BULLISH,12.6,WEAK,1.0,566.75,1.129245699161884,2.920158800176437,3.5200705778562056
DLF,2026-05-22,BULLISH_TO_BEARISH,24.9,WEAK,-1.0,592.3,0.4220834036805673,0.2870167145027743,0.0759750126624906
DLF,2026-05-26,BEARISH_TO_BULLISH,5.0,WEAK,1.0,593.95,-0.5640205404495365,-0.35356511490866616,-2.7190840979880613
DLF,2026-05-29,BULLISH_TO_BEARISH,5.6,WEAK,-1.0,580.05,-2.0343073872942106,0.38789759503491084,3.232479958624257
DLF,2026-06-15,BEARISH_TO_BULLISH,64.2,STRONG,1.0,629.4,-0.929456625357487,-0.7785192246584013,-2.7089291388624015
DLF,2026-07-02,BULLISH_TO_BEARISH,13.0,WEAK,-1.0,675.9,0.3846722888001217,6.199141884894212,-1.457316171031221
DLF,2026-07-06,BEARISH_TO_BULLISH,24.4,WEAK,1.0,651.1,-2.6263246813085583,5.321763170019963,3.1254799569958567
DLF,2026-07-08,BULLISH_TO_BEARISH,58.6,MODERATE,-1.0,659.6,-3.9645239539114576,-1.7965433596118894,1.7434808975136447
DLF,2026-07-10,BEARISH_TO_BULLISH,42.5,MODERATE,1.0,682.35,-1.597420678537404,-5.019418187147359,-2.0150948926503993
DLF,2026-07-14,BULLISH_TO_BEARISH,25.3,WEAK,-1.0,657.75,1.4671227670087386,-1.6495629038388482,0.9502090459901178
DMART,2025-07-25,BEARISH_TO_BULLISH,3.4,WEAK,1.0,3949.9,1.245601154459602,8.038178181726108,6.258386288260469
DMART,2025-09-05,BULLISH_TO_BEARISH,5.1,WEAK,-1.0,4714.2,-0.9672903143693599,2.638835857621646,1.3406304357048877
DMART,2025-09-15,BEARISH_TO_BULLISH,6.5,WEAK,1.0,4696.2,0.4492994335846081,1.6843405306418031,-1.3266044887355772
DMART,2025-09-19,BULLISH_TO_BEARISH,10.7,WEAK,-1.0,4671.2,0.7985100188388461,2.033738653879089,3.024918650453849
DMART,2025-09-30,BEARISH_TO_BULLISH,8.9,WEAK,1.0,4449.9,-0.7078810759792356,-3.3011977797253786,-3.2540057079934224
DMART,2025-10-13,BULLISH_TO_BEARISH,65.8,STRONG,-1.0,4205.2,-1.292447446019223,-2.313801959478745,-1.649148673071444
DMART,2025-10-16,BEARISH_TO_BULLISH,16.6,WEAK,1.0,4302.5,-0.6321905868680957,-0.8030214991284179,-1.0354445090063957
DMART,2025-10-20,BULLISH_TO_BEARISH,4.1,WEAK,-1.0,4274.55,0.15440221777731838,0.3883449719853637,1.0574212490203605
DMART,2025-10-28,BEARISH_TO_BULLISH,6.6,WEAK,1.0,4229.35,-1.6137231489472377,-1.734309054582864,-3.479258042015925
DMART,2025-11-06,BULLISH_TO_BEARISH,38.4,MODERATE,-1.0,4011.0,-0.19820493642482717,-1.1717776115681875,-1.0645724258289657
DMART,2025-11-20,BEARISH_TO_BULLISH,13.6,WEAK,1.0,4038.0,-1.2506191183754334,-0.46805349182763967,-1.0289747399702869
DMART,2025-12-16,BULLISH_TO_BEARISH,27.8,WEAK,-1.0,3826.2,1.803355809941979,0.1973237154356732,0.6795253776592964
DMART,2025-12-22,BEARISH_TO_BULLISH,1.0,WEAK,1.0,3828.15,-0.7301176808641321,-1.0488094771626004,-1.2029309196348152
DMART,2026-01-09,BULLISH_TO_BEARISH,7.9,WEAK,-1.0,3832.5,0.14611872146118482,1.4820613176777608,4.459230267449448
DMART,2026-01-23,BEARISH_TO_BULLISH,0.4,WEAK,1.0,3670.6,1.7735520078461262,0.5149021958262979,2.887811257015202
DMART,2026-03-13,BULLISH_TO_BEARISH,48.3,MODERATE,-1.0,3817.9,0.9560229445506693,0.26061447392546355,4.251028052070514
DMART,2026-03-25,BEARISH_TO_BULLISH,23.7,WEAK,1.0,3903.4,1.3705999897525234,11.756417482195012,14.41307578008915
DMART,2026-05-05,BULLISH_TO_BEARISH,24.5,WEAK,-1.0,4432.2,1.0310906547538428,0.9679166102612615,2.199810477866522
DMART,2026-05-26,BEARISH_TO_BULLISH,8.2,WEAK,1.0,4124.4,-1.6923673746484273,-1.6341770924255563,0.3612646688003236
DMART,2026-07-03,BULLISH_TO_BEARISH,27.2,WEAK,-1.0,4064.7,-0.15253278224715902,-0.3616503062956743,1.7369055526853128
DRREDDY,2025-08-06,BEARISH_TO_BULLISH,11.4,WEAK,1.0,1200.8,0.8827448367754944,1.6239173884077283,4.96335776149235
DRREDDY,2025-08-08,BULLISH_TO_BEARISH,1.1,WEAK,-1.0,1219.5,-0.06560065600655633,-3.3538335383353908,-2.0336203362033585
DRREDDY,2025-08-14,BEARISH_TO_BULLISH,30.6,WEAK,1.0,1262.7,-1.4571948998178577,1.1008157123623872,1.678941949790136
DRREDDY,2025-08-28,BULLISH_TO_BEARISH,10.5,WEAK,-1.0,1260.3,-1.5551852733476266,-0.1507577560898271,-0.6189002618424149
DRREDDY,2025-09-23,BEARISH_TO_BULLISH,10.4,WEAK,1.0,1298.1,-1.764116786071941,-4.891764887142747,-4.113704645250741
DRREDDY,2025-09-30,BULLISH_TO_BEARISH,35.4,MODERATE,-1.0,1244.7,-0.2731581907286787,-0.305294448461473,-0.11247690206474359
DRREDDY,2025-10-23,BEARISH_TO_BULLISH,9.0,WEAK,1.0,1283.6,0.05453412277968569,-2.5436272982237353,-6.699906512932379
DRREDDY,2025-10-30,BULLISH_TO_BEARISH,55.0,MODERATE,-1.0,1197.6,0.13360053440213002,-0.634602538410165,-0.091850367401481
DRREDDY,2025-11-12,BEARISH_TO_BULLISH,53.0,MODERATE,1.0,1234.9,0.8988582071422714,0.7207061300510051,1.1053526601344126
DRREDDY,2025-11-28,BULLISH_TO_BEARISH,0.4,WEAK,-1.0,1260.1,-1.1983175938417694,-1.3887786683596541,-0.5118641377668476
DRREDDY,2025-12-29,BEARISH_TO_BULLISH,2.9,WEAK,1.0,1265.8,0.442407963343351,-0.7663137936482892,-0.7584136514457188
DRREDDY,2025-12-31,BULLISH_TO_BEARISH,21.6,WEAK,-1.0,1253.4,-0.21541407371946847,-0.2233923727461269,3.709909047391096
DRREDDY,2026-01-23,BEARISH_TO_BULLISH,32.1,WEAK,1.0,1239.8,-1.3913534441038877,-1.7502823035973583,-0.35489595095982124
DRREDDY,2026-01-28,BULLISH_TO_BEARISH,29.4,WEAK,-1.0,1208.9,-0.7610224170733574,-2.192075440483084,-2.9779138059392833
DRREDDY,2026-02-12,BEARISH_TO_BULLISH,14.3,WEAK,1.0,1268.1,0.10251557448152213,0.9620692374418458,0.969955050863511
DRREDDY,2026-03-02,BULLISH_TO_BEARISH,6.7,WEAK,-1.0,1291.2,-1.7270755885997486,0.3252788104089255,-2.6564436183395252
DRREDDY,2026-03-19,BEARISH_TO_BULLISH,24.1,WEAK,1.0,1298.9,-3.510662868581117,0.14242820848409493,-3.387481715297559
DRREDDY,2026-04-01,BULLISH_TO_BEARISH,40.5,MODERATE,-1.0,1217.3,-0.041074509159615545,2.127659574468074,-1.2240203729565506
DRREDDY,2026-04-27,BEARISH_TO_BULLISH,49.3,MODERATE,1.0,1354.6,-1.8307987597814819,-4.975638564889994,-3.218662335744863
DRREDDY,2026-04-30,BULLISH_TO_BEARISH,6.8,WEAK,-1.0,1287.2,1.243008079552517,-1.5848353014294485,0.5671224362958324
DRREDDY,2026-05-13,BEARISH_TO_BULLISH,31.8,WEAK,1.0,1303.6,2.5391224301933213,2.424056459036525,1.142988646824186
DRREDDY,2026-05-19,BULLISH_TO_BEARISH,16.6,WEAK,-1.0,1321.9,0.2572055374839315,-0.7186625312050835,0.21938119373629555
DRREDDY,2026-05-21,BEARISH_TO_BULLISH,38.0,MODERATE,1.0,1307.2,1.8512851897184859,0.9026927784577689,-1.2851897184822487
DRREDDY,2026-05-27,BULLISH_TO_BEARISH,9.2,WEAK,-1.0,1303.5,1.004986574606821,3.084004602991948,1.9409282700421904
DRREDDY,2026-06-23,BEARISH_TO_BULLISH,30.8,WEAK,1.0,1328.4,1.6636555254441365,2.16049382716048,1.3023185787413394
DRREDDY,2026-07-02,BULLISH_TO_BEARISH,5.5,WEAK,-1.0,1374.1,0.4512044247143453,1.8266501710210257,9.446182956116727
EICHERMOT,2025-07-29,BEARISH_TO_BULLISH,11.1,WEAK,1.0,5481.0,-0.22806057288815912,2.554278416347382,3.41178617040686
EICHERMOT,2025-09-10,BULLISH_TO_BEARISH,6.2,WEAK,-1.0,6758.0,-1.7312814442142646,-2.5081385025155374,-2.4637466706126077
EICHERMOT,2025-10-17,BEARISH_TO_BULLISH,8.8,WEAK,1.0,7013.5,0.07271690311542545,-2.4752263491837225,-0.15755329008341315
EICHERMOT,2025-10-24,BULLISH_TO_BEARISH,5.2,WEAK,-1.0,6906.55,-1.3885369685298685,0.25410660894368653,-1.6925961587188918
EICHERMOT,2025-10-28,BEARISH_TO_BULLISH,10.8,WEAK,1.0,6952.05,-0.9069267338410998,1.0270351910587472,-2.0943462719629515
EICHERMOT,2025-11-14,BULLISH_TO_BEARISH,39.2,MODERATE,-1.0,6799.0,-0.22797470216208265,-4.802176790704515,-6.758346815708192
EICHERMOT,2025-11-18,BEARISH_TO_BULLISH,3.6,WEAK,1.0,6896.5,3.3205249039367795,5.249039367795259,4.37903284274632
EICHERMOT,2025-12-16,BULLISH_TO_BEARISH,6.4,WEAK,-1.0,7124.45,0.2519492732772329,-2.344742401167812,-2.6395019966453575
EICHERMOT,2025-12-22,BEARISH_TO_BULLISH,31.2,WEAK,1.0,7302.9,0.1314546276136927,-0.42380424215037615,0.1314546276136927
EICHERMOT,2025-12-30,BULLISH_TO_BEARISH,9.7,WEAK,-1.0,7312.5,-0.4854700854700854,-2.324786324786325,-3.693675213675219
EICHERMOT,2026-01-06,BEARISH_TO_BULLISH,6.4,WEAK,1.0,7582.6,-0.41674359718302906,-1.9333737768047945,-2.96270408566983
EICHERMOT,2026-01-13,BULLISH_TO_BEARISH,28.7,WEAK,-1.0,7357.95,0.5837223683226961,2.5068123594207603,4.199539273846656
EICHERMOT,2026-01-27,BEARISH_TO_BULLISH,55.0,MODERATE,1.0,7071.0,-0.20506293310705698,-1.2091641917691982,2.920379012869467
EICHERMOT,2026-03-02,BULLISH_TO_BEARISH,35.9,MODERATE,-1.0,7626.6,-1.68226994991214,4.7268769831904125,4.892088217554353
EICHERMOT,2026-04-20,BEARISH_TO_BULLISH,29.4,WEAK,1.0,7240.5,-0.145017609281127,-1.7816449140252746,-2.3340929493819487
EICHERMOT,2026-06-17,BULLISH_TO_BEARISH,7.1,WEAK,-1.0,7601.0,-0.13813971845809764,0.30259176424154716,0.03946849098802789
EICHERMOT,2026-07-02,BEARISH_TO_BULLISH,32.6,WEAK,1.0,7339.5,1.7984876353975066,1.0763675999727502,0.3542475645479938
ETERNAL,2025-07-09,BEARISH_TO_BULLISH,32.8,WEAK,1.0,262.85,0.1902225603956629,1.3696024348487599,-1.21742438653226
ETERNAL,2025-07-15,BULLISH_TO_BEARISH,44.3,MODERATE,-1.0,262.35,1.0291595197255747,-3.5448827901657918,-15.132456641890599
ETERNAL,2025-07-22,BEARISH_TO_BULLISH,55.0,MODERATE,1.0,302.05,3.6583347127958987,1.738122827346466,0.46349942062571664
ETERNAL,2025-07-28,BULLISH_TO_BEARISH,65.2,STRONG,-1.0,306.55,1.0112542815201508,0.5871799053987967,1.4353286576415052
ETERNAL,2025-08-06,BEARISH_TO_BULLISH,40.0,MODERATE,1.0,301.75,-0.28169014084507793,1.3753106876553363,5.517812758906373
ETERNAL,2025-08-08,BULLISH_TO_BEARISH,9.9,WEAK,-1.0,309.4,1.1312217194570138,-2.9088558500323205,-3.8946347769877225
ETERNAL,2025-08-14,BEARISH_TO_BULLISH,69.7,STRONG,1.0,314.9,2.080025404890445,2.1911718005716208,1.3813909177516746
ETERNAL,2025-08-21,BULLISH_TO_BEARISH,47.3,MODERATE,-1.0,319.1,-0.047007207771851224,1.1281729865246075,-0.6267627702914447
ETERNAL,2025-09-08,BEARISH_TO_BULLISH,34.6,WEAK,1.0,325.7,-0.39914031317163384,-1.3202333435677038,0.4912496162112443
ETERNAL,2025-09-15,BULLISH_TO_BEARISH,15.5,WEAK,-1.0,327.3,-0.2902535899786094,-2.8261533761075466,-3.3761075465933423
ETERNAL,2025-09-17,BEARISH_TO_BULLISH,35.6,MODERATE,1.0,337.85,-0.3847861476986862,0.14799467219180107,-1.657540328548179
ETERNAL,2025-09-26,BULLISH_TO_BEARISH,55.0,MODERATE,-1.0,324.85,-0.20009235031552322,-1.1082037863629262,-4.001847006310605
ETERNAL,2025-10-06,BEARISH_TO_BULLISH,70.1,STRONG,1.0,337.85,1.124759508657675,3.093088648808639,2.930294509397655
ETERNAL,2025-10-15,BULLISH_TO_BEARISH,40.0,MODERATE,-1.0,347.85,1.4948972258157383,2.8029322984044844,6.1089550093431075
ETERNAL,2025-10-27,BEARISH_TO_BULLISH,70.9,STRONG,1.0,334.6,-1.240286909742987,-5.035863717872092,-6.30603705917514
ETERNAL,2025-10-30,BULLISH_TO_BEARISH,31.1,WEAK,-1.0,317.75,-1.5263571990558686,3.8080251770259714,5.129819040125889
ETERNAL,2025-11-17,BEARISH_TO_BULLISH,49.5,MODERATE,1.0,306.15,0.1469867711906077,-1.3718765311121963,-1.2575534868528389
ETERNAL,2025-11-26,BULLISH_TO_BEARISH,42.2,MODERATE,-1.0,302.75,0.8753096614368217,0.7266721717588732,2.312138728323699
ETERNAL,2025-12-12,BEARISH_TO_BULLISH,52.2,MODERATE,1.0,298.45,-4.690902998827275,-4.5903836488524,-3.937007874015748
ETERNAL,2025-12-16,BULLISH_TO_BEARISH,75.0,STRONG,-1.0,284.45,-0.10546669010371292,-0.7910001757778168,-0.14062225347162388
ETERNAL,2025-12-19,BEARISH_TO_BULLISH,42.3,MODERATE,1.0,286.7,-0.819672131147529,-1.7265434251831142,-3.348447854900581
ETERNAL,2025-12-31,BULLISH_TO_BEARISH,26.5,WEAK,-1.0,283.8,-0.12332628611697177,1.6737138830162086,0.08809020436927413
ETERNAL,2026-01-14,BEARISH_TO_BULLISH,68.0,STRONG,1.0,287.7,-2.207160236357305,-1.4598540145985364,-10.07994438651373
ETERNAL,2026-01-19,BULLISH_TO_BEARISH,71.0,STRONG,-1.0,269.6,-5.155786350148359,4.043026706231466,1.2240356083086095
ETERNAL,2026-01-29,BEARISH_TO_BULLISH,75.0,STRONG,1.0,273.6,-0.3472222222222388,7.510964912280685,3.6366959064327444
ETERNAL,2026-02-02,BULLISH_TO_BEARISH,16.7,WEAK,-1.0,279.8,-5.128663330950667,-1.34024303073624,-8.577555396711936
ETERNAL,2026-02-04,BEARISH_TO_BULLISH,75.0,STRONG,1.0,286.85,-1.1504270524664497,5.909011678577649,3.887048980303286
ETERNAL,2026-02-06,BULLISH_TO_BEARISH,45.8,MODERATE,-1.0,288.85,-5.175696728405742,-3.1677341180543452,0.7962610351393496
ETERNAL,2026-02-10,BEARISH_TO_BULLISH,75.0,STRONG,1.0,300.7,-0.8979048885932785,-4.705686730961083,-7.765214499501153
ETERNAL,2026-02-12,BULLISH_TO_BEARISH,44.5,MODERATE,-1.0,285.2,-0.473352033660597,2.7524544179523023,5.557503506311349
ETERNAL,2026-03-10,BEARISH_TO_BULLISH,5.3,WEAK,1.0,223.8,-1.1840929401251141,-0.7819481680071492,8.378016085790884
ETERNAL,2026-03-20,BULLISH_TO_BEARISH,40.0,MODERATE,-1.0,226.95,-4.846882573254021,-2.731879268561365,-4.230006609385337
ETERNAL,2026-03-25,BEARISH_TO_BULLISH,68.9,STRONG,1.0,233.15,-1.779969976410039,-0.6219172206733935,-0.5061119450997241
ETERNAL,2026-03-30,BULLISH_TO_BEARISH,48.9,MODERATE,-1.0,236.55,2.0503064891143614,1.9361657154935583,-0.5664764320439547
ETERNAL,2026-04-16,BEARISH_TO_BULLISH,58.7,MODERATE,1.0,252.61,0.8986184236570135,4.109100985709194,1.654724674399274
ETERNAL,2026-04-29,BULLISH_TO_BEARISH,40.0,MODERATE,-1.0,247.02,-1.9755485385798701,-3.651526192211161,-3.793215124281425
ETERNAL,2026-05-07,BEARISH_TO_BULLISH,62.7,STRONG,1.0,256.39,-4.103124146807591,-7.242872186902763,-5.932368657123905
ETERNAL,2026-05-12,BULLISH_TO_BEARISH,72.0,STRONG,-1.0,237.82,-3.36388865528551,-1.5053401732402711,-2.321083172147006
ETERNAL,2026-05-14,BEARISH_TO_BULLISH,55.0,MODERATE,1.0,241.18,0.09121817729496594,0.8955966498051233,0.3192636205323749
ETERNAL,2026-05-18,BULLISH_TO_BEARISH,40.0,MODERATE,-1.0,247.21,1.5654706524816975,2.127745641357558,-1.1973625662392215
ETERNAL,2026-05-22,BEARISH_TO_BULLISH,60.0,STRONG,1.0,247.67,1.0094076795736262,1.178988169742002,1.2435902612347127
ETERNAL,2026-05-29,BULLISH_TO_BEARISH,51.5,MODERATE,-1.0,248.1,-1.0681176944780353,-2.5191455058444174,-0.08061265618702824
ETERNAL,2026-06-15,BEARISH_TO_BULLISH,55.0,MODERATE,1.0,253.6,1.8927444794952615,4.219242902208209,2.1096214511040987
ETERNAL,2026-06-23,BULLISH_TO_BEARISH,46.8,MODERATE,-1.0,256.35,0.4681100058513817,-3.218256290228203,-9.108640530524658
ETERNAL,2026-06-30,BEARISH_TO_BULLISH,70.0,STRONG,1.0,279.7,0.0,1.3228459063282048,2.502681444404719
ETERNAL,2026-07-02,BULLISH_TO_BEARISH,18.9,WEAK,-1.0,281.65,-0.6213385407420559,-1.7930055032842223,-2.840404757677969
ETERNAL,2026-07-07,BEARISH_TO_BULLISH,66.8,STRONG,1.0,286.7,2.005580746424834,-0.5231949773282176,2.8252528775723835
ETERNAL,2026-07-10,BULLISH_TO_BEARISH,44.8,MODERATE,-1.0,285.2,-0.3330995792426328,-0.438288920056101,-0.6136044880785414
EXIDEIND,2025-07-29,BEARISH_TO_BULLISH,45.4,MODERATE,1.0,391.05,-1.726121979286536,-0.06393044367727911,-2.4293568597366066
EXIDEIND,2025-08-04,BULLISH_TO_BEARISH,13.7,WEAK,-1.0,384.75,0.8317089018843374,2.365172189733599,2.157244964262511
EXIDEIND,2025-08-21,BEARISH_TO_BULLISH,13.3,WEAK,1.0,396.05,1.0604721626057287,-0.5176114127004194,4.090392627193533
EXIDEIND,2025-09-04,BULLISH_TO_BEARISH,38.1,MODERATE,-1.0,412.75,-3.537250151423385,-2.301635372501514,-1.405208964264085
EXIDEIND,2025-09-30,BEARISH_TO_BULLISH,22.6,WEAK,1.0,395.05,0.7593975446146057,1.9744336159979776,0.6454879129224178
EXIDEIND,2025-10-03,BULLISH_TO_BEARISH,4.7,WEAK,-1.0,399.95,-0.7250906363295497,0.5875734466808267,0.36254531816476776
EXIDEIND,2025-10-10,BEARISH_TO_BULLISH,19.0,WEAK,1.0,398.5,-1.3425345043914736,-0.1631116687578362,0.08782936010038211
EXIDEIND,2025-10-14,BULLISH_TO_BEARISH,44.5,MODERATE,-1.0,390.6,-1.8561187916026627,-2.1121351766513055,-0.3968253968253852
EXIDEIND,2025-10-17,BEARISH_TO_BULLISH,14.3,WEAK,1.0,398.85,0.12536041118214866,-2.5448163469976266,-4.550582925912005
EXIDEIND,2025-10-31,BULLISH_TO_BEARISH,60.7,STRONG,-1.0,383.3,0.9392121054004755,1.5523088964257732,1.6436211844508248
EXIDEIND,2025-12-01,BEARISH_TO_BULLISH,36.4,MODERATE,1.0,378.45,-1.532567049808432,0.44920068701281246,-1.3343902761263076
EXIDEIND,2025-12-03,BULLISH_TO_BEARISH,13.0,WEAK,-1.0,380.35,0.05258314710136597,1.827264361772064,1.48547390561326
EXIDEIND,2026-01-19,BEARISH_TO_BULLISH,7.9,WEAK,1.0,330.5,-1.3767019667170988,-1.6036308623298068,-2.8290468986384334
EXIDEIND,2026-01-28,BULLISH_TO_BEARISH,36.8,MODERATE,-1.0,320.85,-0.23375409069658717,-2.2284556646407907,-4.971170328814083
EXIDEIND,2026-02-18,BEARISH_TO_BULLISH,10.1,WEAK,1.0,333.2,0.9753901560624251,0.8253301320528211,1.9807923169267776
EXIDEIND,2026-02-26,BULLISH_TO_BEARISH,2.6,WEAK,-1.0,334.3,3.440023930601256,4.382291355070307,7.597965898893219
EXIDEIND,2026-03-25,BEARISH_TO_BULLISH,40.2,MODERATE,1.0,300.85,-4.304470666445087,-0.5318264916071207,-1.196609606116012
EXIDEIND,2026-03-30,BULLISH_TO_BEARISH,56.2,MODERATE,-1.0,299.85,0.20010005002502007,0.8671002167750618,-3.8019009504752295
EXIDEIND,2026-04-16,BEARISH_TO_BULLISH,28.7,WEAK,1.0,330.0,-0.09090909090909435,7.439393939393943,3.8787878787878824
EXIDEIND,2026-04-24,BULLISH_TO_BEARISH,33.6,WEAK,-1.0,352.35,-1.1068539804171922,-2.327231446005389,-2.4975166737618713
EXIDEIND,2026-04-28,BEARISH_TO_BULLISH,65.3,STRONG,1.0,363.45,-0.7979089283257607,-0.6328243224652667,0.2751410097675059
EXIDEIND,2026-04-30,BULLISH_TO_BEARISH,12.9,WEAK,-1.0,359.05,-0.584876758111674,-1.5039688065728944,1.7685559114329543
EXIDEIND,2026-05-20,BEARISH_TO_BULLISH,13.6,WEAK,1.0,340.8,-0.3080985915492991,7.4677230046948315,13.409624413145535
EXIDEIND,2026-05-29,BULLISH_TO_BEARISH,35.1,MODERATE,-1.0,392.25,-3.5691523263224987,-2.842574888463984,1.6188655194391393
EXIDEIND,2026-06-25,BEARISH_TO_BULLISH,28.4,WEAK,1.0,386.55,0.27163368257664244,8.485318846203599,7.5540033630836865
EXIDEIND,2026-07-07,BULLISH_TO_BEARISH,11.7,WEAK,-1.0,421.35,-0.9137296784146116,-0.48653138720777367,0.5102646256081723
EXIDEIND,2026-07-22,BEARISH_TO_BULLISH,46.2,MODERATE,1.0,,,,
FEDERALBNK,2025-07-15,BEARISH_TO_BULLISH,14.4,WEAK,1.0,214.69,-0.9781545484186475,-0.8896548511807706,-0.8756812147747894
FEDERALBNK,2025-07-18,BULLISH_TO_BEARISH,18.8,WEAK,-1.0,212.78,0.1785882131779281,0.056396277845664325,3.1863896982799145
FEDERALBNK,2025-08-07,BEARISH_TO_BULLISH,35.6,MODERATE,1.0,196.34,0.17826219822756154,-0.07639808495467337,-0.2750331058368096
FEDERALBNK,2025-08-11,BULLISH_TO_BEARISH,24.2,WEAK,-1.0,195.98,-0.10715379120318806,0.09184610674557526,-1.903255434227992
FEDERALBNK,2025-08-19,BEARISH_TO_BULLISH,50.9,MODERATE,1.0,199.71,-0.14020329477742785,-2.3534124480496805,-3.98077211957339
FEDERALBNK,2025-08-28,BULLISH_TO_BEARISH,61.8,STRONG,-1.0,191.71,-0.9754316415419146,-0.7928642220019726,0.6207292264357611
FEDERALBNK,2025-09-18,BEARISH_TO_BULLISH,9.4,WEAK,1.0,197.92,-1.4803961196442899,-2.1928051738075864,-3.0820533548908626
FEDERALBNK,2025-09-22,BULLISH_TO_BEARISH,47.4,MODERATE,-1.0,195.15,0.804509351780678,1.7063797079169933,1.1375864719446573
FEDERALBNK,2025-09-25,BEARISH_TO_BULLISH,4.7,WEAK,1.0,191.82,-0.9071004066312067,1.0113648211865278,0.9540193931811137
FEDERALBNK,2025-09-29,BULLISH_TO_BEARISH,11.9,WEAK,-1.0,192.93,-0.4302078474057866,-0.3731923495568335,-5.012180583631362
FEDERALBNK,2025-10-10,BEARISH_TO_BULLISH,42.5,MODERATE,1.0,213.0,1.1502347417840322,0.7042253521126761,6.619718309859151
FEDERALBNK,2025-10-14,BULLISH_TO_BEARISH,40.0,MODERATE,-1.0,216.35,0.8550959094060524,-4.968800554656807,-5.315461058470071
FEDERALBNK,2025-10-16,BEARISH_TO_BULLISH,23.6,WEAK,1.0,212.4,6.920903954802254,7.274011299435022,10.193032015065915
FEDERALBNK,2025-10-30,BULLISH_TO_BEARISH,21.9,WEAK,-1.0,236.6,-0.5494505494505543,0.3169907016060862,-0.7819103972950103
FEDERALBNK,2025-11-03,BEARISH_TO_BULLISH,45.5,MODERATE,1.0,237.85,-0.8408660920748372,0.25225982762244875,0.462476350641158
FEDERALBNK,2025-11-12,BULLISH_TO_BEARISH,40.0,MODERATE,-1.0,235.8,-0.19083969465648373,-3.68956743002544,-3.8804071246819243
FEDERALBNK,2025-11-19,BEARISH_TO_BULLISH,63.2,STRONG,1.0,244.95,0.04082465809349775,4.51112471933048,4.041641151255361
FEDERALBNK,2025-11-21,BULLISH_TO_BEARISH,7.1,WEAK,-1.0,248.15,-3.1634092282893387,-2.6999798508966304,-3.405198468668151
FEDERALBNK,2025-11-25,BEARISH_TO_BULLISH,75.0,STRONG,1.0,256.4,-0.6045241809672321,0.07800312012482273,0.7215288611544551
FEDERALBNK,2025-11-27,BULLISH_TO_BEARISH,37.4,MODERATE,-1.0,257.9,0.5040713454827277,-0.13571151609151716,-0.5040713454827497
FEDERALBNK,2025-12-12,BEARISH_TO_BULLISH,32.4,WEAK,1.0,265.25,-1.1310084825636193,0.056550424128172384,1.4703110273326963
FEDERALBNK,2025-12-17,BULLISH_TO_BEARISH,11.5,WEAK,-1.0,265.4,-0.9231348907309892,-0.018839487565942493,1.2810851544837896
FEDERALBNK,2025-12-19,BEARISH_TO_BULLISH,64.6,STRONG,1.0,269.15,-1.374698123722827,-2.6565112390860035,-0.5758870518298178
FEDERALBNK,2025-12-24,BULLISH_TO_BEARISH,47.0,MODERATE,-1.0,262.0,-0.3435114503816707,-1.9465648854961919,-1.8893129770992323
FEDERALBNK,2025-12-31,BEARISH_TO_BULLISH,18.8,WEAK,1.0,266.25,0.2629107981220615,-3.586854460093901,-3.943661971830986
FEDERALBNK,2026-01-06,BULLISH_TO_BEARISH,73.4,STRONG,-1.0,258.55,1.0829626764649047,2.1852639721523905,4.525236898085483
FEDERALBNK,2026-01-19,BEARISH_TO_BULLISH,75.0,STRONG,1.0,273.25,1.0430009149130917,1.9396157365050362,4.098810612991762
FEDERALBNK,2026-01-30,BULLISH_TO_BEARISH,12.5,WEAK,-1.0,281.3,-1.4930678990401665,-2.23960184856026,-1.9018841094916337
FEDERALBNK,2026-02-04,BEARISH_TO_BULLISH,52.9,MODERATE,1.0,287.6,-0.278164116828933,-1.860222531293471,-0.17385257301808066
FEDERALBNK,2026-02-09,BULLISH_TO_BEARISH,40.3,MODERATE,-1.0,282.25,-2.9229406554472983,-2.1434898139946896,-2.338352524357847
FEDERALBNK,2026-02-16,BEARISH_TO_BULLISH,32.3,WEAK,1.0,288.85,0.6924009001211701,1.298251687727194,2.3541630604119628
FEDERALBNK,2026-02-18,BULLISH_TO_BEARISH,40.0,MODERATE,-1.0,288.3,-1.4915019077350022,-2.5494276795005084,-3.8848421782865032
FEDERALBNK,2026-02-24,BEARISH_TO_BULLISH,36.6,MODERATE,1.0,299.1,0.1337345369441582,-1.3874958207957317,-3.142761618187908
FEDERALBNK,2026-03-04,BULLISH_TO_BEARISH,63.7,STRONG,-1.0,289.7,1.1045909561615426,4.729030031066617,6.713841905419396
FEDERALBNK,2026-03-18,BEARISH_TO_BULLISH,53.1,MODERATE,1.0,265.9,0.45129748025575234,-1.278676194057908,1.2786761940579294
FEDERALBNK,2026-03-23,BULLISH_TO_BEARISH,75.0,STRONG,-1.0,262.5,-3.2190476190476143,1.1809523809523896,-1.1619047619047662
FEDERALBNK,2026-03-25,BEARISH_TO_BULLISH,55.0,MODERATE,1.0,269.3,-3.6761975492016465,-1.3924990716672854,2.172298551800953
FEDERALBNK,2026-03-30,BULLISH_TO_BEARISH,55.0,MODERATE,-1.0,267.6,0.7660687593423061,-2.8213751868460215,-5.866965620328844
FEDERALBNK,2026-04-20,BEARISH_TO_BULLISH,43.8,MODERATE,1.0,295.75,0.23668639053254054,-0.9298393913778529,-1.7413355874894259
FEDERALBNK,2026-05-11,BULLISH_TO_BEARISH,48.1,MODERATE,-1.0,284.8,1.6678370786516854,1.2289325842696628,-0.6320224719101163
FEDERALBNK,2026-05-18,BEARISH_TO_BULLISH,16.4,WEAK,1.0,286.6,1.1514305652477161,0.2093510118632121,1.2561060711793322
FEDERALBNK,2026-06-04,BULLISH_TO_BEARISH,41.6,MODERATE,-1.0,304.15,-0.14795331251028948,-2.285056715436477,-3.797468354430384
FEDERALBNK,2026-06-09,BEARISH_TO_BULLISH,75.0,STRONG,1.0,311.1,-0.4339440694310584,1.9286403085824495,3.7287045965927237
FEDERALBNK,2026-06-11,BULLISH_TO_BEARISH,11.8,WEAK,-1.0,315.7,-0.44345898004435674,-2.2172949002217295,-2.6132404181184667
FEDERALBNK,2026-06-16,BEARISH_TO_BULLISH,65.5,STRONG,1.0,322.7,-0.6972420204524327,0.21691973969630884,0.7747133560582584
FEDERALBNK,2026-06-23,BULLISH_TO_BEARISH,41.1,MODERATE,-1.0,325.2,0.3536285362853559,-1.491389913899146,-1.7835178351783554
FEDERALBNK,2026-06-30,BEARISH_TO_BULLISH,38.1,MODERATE,1.0,331.4,-0.12070006035002333,-0.3319251659625727,-1.4634882317441056
FEDERALBNK,2026-07-08,BULLISH_TO_BEARISH,35.1,MODERATE,-1.0,327.75,-0.6407322654462312,0.07627765064836003,0.3508771929824492
FEDERALBNK,2026-07-20,BEARISH_TO_BULLISH,42.5,MODERATE,1.0,356.05,-0.7864064035950038,,
FINNIFTY,2025-07-31,BEARISH_TO_BULLISH,40.0,MODERATE,1.0,26492.5,-0.06001698593942231,-0.4580541662734681,-1.2273284891950609
FINNIFTY,2025-08-05,BULLISH_TO_BEARISH,4.1,WEAK,-1.0,26371.15,-0.12418874413895487,-0.13139358731036688,0.5033910163189698
FINNIFTY,2025-08-18,BEARISH_TO_BULLISH,7.5,WEAK,1.0,26592.3,-0.3929708975906559,-1.035074062792613,-2.4055835711841427
FINNIFTY,2025-09-25,BULLISH_TO_BEARISH,8.5,WEAK,-1.0,25985.25,-0.08370133056253067,-1.5275973869791544,-2.7969713587515965
FINNIFTY,2025-10-16,BEARISH_TO_BULLISH,10.0,WEAK,1.0,27538.6,-0.12019492639421955,0.06554436318477669,-0.07117282650533632
FINNIFTY,2025-12-17,BULLISH_TO_BEARISH,24.8,WEAK,-1.0,27267.1,-0.4089177066868131,-1.1642235514594539,-0.6001738358681394
FINNIFTY,2025-12-30,BEARISH_TO_BULLISH,23.5,WEAK,1.0,27613.3,0.1937472160154708,0.8624467195156009,0.8693274617666098
FINNIFTY,2026-01-05,BULLISH_TO_BEARISH,1.8,WEAK,-1.0,27945.1,0.3283223176871795,2.014664467115881,1.2850195562012607
FINNIFTY,2026-02-04,BEARISH_TO_BULLISH,23.3,WEAK,1.0,27689.35,0.4252537527966529,1.7945527793176854,2.513060075444177
FINNIFTY,2026-03-16,BULLISH_TO_BEARISH,0.6,WEAK,-1.0,25724.65,-0.7879601860472235,3.667688384487252,4.829803320939257
FINNIFTY,2026-04-21,BEARISH_TO_BULLISH,28.6,WEAK,1.0,26625.25,-1.4198927709598943,-1.7299368081050828,-2.671524211040269
FINNIFTY,2026-04-24,BULLISH_TO_BEARISH,23.3,WEAK,-1.0,26164.65,0.868156080818973,1.938875543911357,1.7112783851494289
FINNIFTY,2026-05-25,BEARISH_TO_BULLISH,18.0,WEAK,1.0,25932.25,-0.6943092095749474,-3.562359610137953,-3.765774277203094
FINNIFTY,2026-06-29,BULLISH_TO_BEARISH,9.5,WEAK,-1.0,26554.55,-0.91585057927926,-1.2069494681702382,-1.6211910953113498
FORTIS,2025-07-15,BEARISH_TO_BULLISH,16.0,WEAK,1.0,795.15,1.8990127648871309,0.8929132868012354,3.5905175124190487
FORTIS,2025-10-03,BULLISH_TO_BEARISH,29.7,WEAK,-1.0,1053.9,1.1481165195939023,-1.4185406585064821,-3.9140335895246223
FORTIS,2025-10-09,BEARISH_TO_BULLISH,37.5,MODERATE,1.0,1060.3,3.286805621050659,2.574742997264921,2.320098085447528
FORTIS,2025-10-15,BULLISH_TO_BEARISH,2.4,WEAK,-1.0,1095.25,0.9449897283725094,-0.23738872403560002,5.2910294453321205
FORTIS,2025-11-20,BEARISH_TO_BULLISH,23.5,WEAK,1.0,921.0,0.13029315960912544,1.2920738327904426,-0.20629750271443834
FORTIS,2025-11-28,BULLISH_TO_BEARISH,10.1,WEAK,-1.0,904.85,-1.2046195502016883,1.801403547549325,4.8682102005857395
FORTIS,2025-12-17,BEARISH_TO_BULLISH,4.6,WEAK,1.0,866.35,2.833727708201068,4.068794367172621,4.161135799619086
FORTIS,2026-01-02,BULLISH_TO_BEARISH,4.2,WEAK,-1.0,915.45,-3.2279206947402863,-0.1747774318641006,2.41957507236879
FORTIS,2026-01-19,BEARISH_TO_BULLISH,4.2,WEAK,1.0,856.45,-1.4244847918734362,-1.45367505400199,-0.8640317590052065
FORTIS,2026-01-21,BULLISH_TO_BEARISH,10.0,WEAK,-1.0,841.45,-0.30304830946579764,-0.9032028046823827,-1.1943668667181595
FORTIS,2026-02-19,BEARISH_TO_BULLISH,19.9,WEAK,1.0,920.95,-0.13572940984852597,1.0641185732124385,2.3562625549704035
FORTIS,2026-02-26,BULLISH_TO_BEARISH,14.1,WEAK,-1.0,942.65,1.0767517106030846,2.3020208985307304,6.810587174454986
FORTIS,2026-04-16,BEARISH_TO_BULLISH,20.6,WEAK,1.0,890.2,0.07863401482812085,3.6957986969220378,4.386654684340592
FORTIS,2026-04-20,BULLISH_TO_BEARISH,5.6,WEAK,-1.0,916.6,-0.7091424830896792,-1.3801003709360655,-3.818459524329042
FORTIS,2026-04-22,BEARISH_TO_BULLISH,6.9,WEAK,1.0,926.75,0.2697599136768276,2.681413541947669,-0.4100350687887731
FORTIS,2026-05-07,BULLISH_TO_BEARISH,7.2,WEAK,-1.0,952.35,-2.2838242242872893,-0.5407675749461833,-1.1865385625032765
FORTIS,2026-05-19,BEARISH_TO_BULLISH,1.0,WEAK,1.0,974.6,-0.7490252411245709,-0.4360763390108762,-1.405704904576241
FORTIS,2026-06-17,BULLISH_TO_BEARISH,19.8,WEAK,-1.0,958.75,-0.4380704041721038,-1.3924380704041746,0.4119947848761456
FORTIS,2026-06-23,BEARISH_TO_BULLISH,22.5,WEAK,1.0,975.4,-2.1119540701250794,-1.891531679311045,-0.04613491900757964
FORTIS,2026-07-09,BULLISH_TO_BEARISH,20.3,WEAK,-1.0,968.0,0.45971074380165755,-0.8419421487603282,1.6064049586776812
FORTIS,2026-07-22,BEARISH_TO_BULLISH,1.8,WEAK,1.0,,,,
GAIL,2025-07-07,BEARISH_TO_BULLISH,34.6,WEAK,1.0,192.63,-3.945387530498881,-5.575455536520796,-4.11150911073041
GAIL,2025-07-09,BULLISH_TO_BEARISH,55.0,MODERATE,-1.0,185.67,2.035870092098886,0.5170463725965312,0.20466418915279552
GAIL,2025-07-23,BEARISH_TO_BULLISH,19.9,WEAK,1.0,187.97,-2.372719050912384,-2.6546789381284297,-5.474277810288871
GAIL,2025-07-31,BULLISH_TO_BEARISH,68.0,STRONG,-1.0,174.39,-0.08601410631343867,2.568954641894598,1.8579046963701935
GAIL,2025-08-12,BEARISH_TO_BULLISH,11.0,WEAK,1.0,173.36,0.32879556991231723,0.8825565297646357,2.5438394093216408
GAIL,2025-08-28,BULLISH_TO_BEARISH,61.2,STRONG,-1.0,173.07,-1.6582885537643755,-2.8601144045761933,-0.5200208008320366
GAIL,2025-09-11,BEARISH_TO_BULLISH,54.7,MODERATE,1.0,178.55,0.772892747129653,1.7082049845981422,1.7362083450013968
GAIL,2025-09-18,BULLISH_TO_BEARISH,37.5,MODERATE,-1.0,181.65,0.3853564547206259,3.1709331131296556,5.301403798513622
GAIL,2025-09-29,BEARISH_TO_BULLISH,53.0,MODERATE,1.0,176.29,-0.9813375687787111,0.17584661637075402,0.6863690509955233
GAIL,2025-10-01,BULLISH_TO_BEARISH,64.9,STRONG,-1.0,177.36,0.42850699142987103,-0.07893549842128234,-1.0374379792512263
GAIL,2025-10-24,BEARISH_TO_BULLISH,22.8,WEAK,1.0,180.15,-0.9436580627255159,1.6375242853177843,1.942825423258396
GAIL,2025-10-30,BULLISH_TO_BEARISH,44.2,MODERATE,-1.0,182.75,-0.49247606019152157,2.0519835841313268,0.6839945280437756
GAIL,2025-11-13,BEARISH_TO_BULLISH,42.7,MODERATE,1.0,183.4,1.0359869138495124,0.3544165757906247,-0.21810250817884713
GAIL,2025-11-26,BULLISH_TO_BEARISH,40.0,MODERATE,-1.0,183.8,4.189336235038094,4.787812840043531,7.154515778019589
GAIL,2025-12-22,BEARISH_TO_BULLISH,61.0,STRONG,1.0,172.05,-0.6102877070619072,-0.9590235396687041,0.058122638767796754
GAIL,2026-01-01,BULLISH_TO_BEARISH,13.9,WEAK,-1.0,175.4,1.3397947548460627,3.9338654503990913,6.2998859749144875
GAIL,2026-01-20,BEARISH_TO_BULLISH,38.2,MODERATE,1.0,162.7,0.5224339274738923,-1.6594960049170184,2.888752304855573
GAIL,2026-02-02,BULLISH_TO_BEARISH,55.0,MODERATE,-1.0,162.8,-1.5970515970515935,-0.12285012285011586,-1.074938574938575
GAIL,2026-02-17,BEARISH_TO_BULLISH,42.9,MODERATE,1.0,167.3,-0.2689778840406557,-0.08965929468021858,1.6138673042438663
GAIL,2026-02-26,BULLISH_TO_BEARISH,7.1,WEAK,-1.0,169.55,2.6540843409023887,7.5493954585668,12.120318490120914
GAIL,2026-03-19,BEARISH_TO_BULLISH,25.7,WEAK,1.0,142.85,-5.215260763038144,-2.555127756387823,-3.605180259012955
GAIL,2026-03-23,BULLISH_TO_BEARISH,75.0,STRONG,-1.0,137.65,-1.1260443152923958,-0.036324010170710457,-2.9785688339992693
GAIL,2026-03-27,BEARISH_TO_BULLISH,40.0,MODERATE,1.0,137.7,2.1423384168482333,3.9506172839506157,11.328976034858405
GAIL,2026-04-01,BULLISH_TO_BEARISH,1.2,WEAK,-1.0,141.75,-0.9805996472663043,-8.148148148148156,-8.698412698412707
GAIL,2026-04-07,BEARISH_TO_BULLISH,57.1,MODERATE,1.0,153.3,-0.7045009784735893,0.2674494455316351,3.666014350945842
GAIL,2026-05-06,BULLISH_TO_BEARISH,32.5,WEAK,-1.0,167.27,0.4663119507383279,4.1430023315597575,2.785914987744363
GAIL,2026-05-21,BEARISH_TO_BULLISH,7.1,WEAK,1.0,160.78,4.9073267819380435,5.11257619106854,1.8410250031098445
GAIL,2026-06-01,BULLISH_TO_BEARISH,34.1,WEAK,-1.0,164.83,0.6066856761511861,-1.5591821877085439,-1.674452466177268
GAIL,2026-06-12,BEARISH_TO_BULLISH,21.4,WEAK,1.0,175.41,0.38766318909982717,0.5814947836497408,1.0774756285274583
GAIL,2026-06-16,BULLISH_TO_BEARISH,40.0,MODERATE,-1.0,175.03,-0.7998628806490349,-1.296920527909507,0.05713306290349901
GAIL,2026-06-24,BEARISH_TO_BULLISH,38.2,MODERATE,1.0,172.85,-0.3644778709864018,0.954584900202491,0.7520971940989363
GAIL,2026-07-06,BULLISH_TO_BEARISH,11.2,WEAK,-1.0,174.01,2.752715361186134,0.16091029251192526,1.4366990402850413
GLENMARK,2025-07-14,BEARISH_TO_BULLISH,37.6,MODERATE,1.0,2226.1,-0.9568303310722667,-0.031445128251193485,-3.0636539239027814
GLENMARK,2025-07-22,BULLISH_TO_BEARISH,32.5,WEAK,-1.0,2138.8,-0.2524780250607647,-0.2618290630259916,-0.6919768094258334
GLENMARK,2025-09-09,BEARISH_TO_BULLISH,26.2,WEAK,1.0,2130.9,-0.15017128912667288,-1.4735557745553565,-4.153174714909193
GLENMARK,2025-09-16,BULLISH_TO_BEARISH,31.4,WEAK,-1.0,2042.4,-3.231492361927144,1.2093615354484941,1.1652957305131306
GLENMARK,2025-11-20,BEARISH_TO_BULLISH,50.1,MODERATE,1.0,1844.2,-0.09760329682246799,4.180674547229145,5.5308534866066585
GLENMARK,2026-01-01,BULLISH_TO_BEARISH,4.0,WEAK,-1.0,2064.55,1.2278704802499398,-2.351602044028952,2.777845050979639
GLENMARK,2026-01-19,BEARISH_TO_BULLISH,2.1,WEAK,1.0,1935.0,0.3333333333333357,1.6925064599483202,3.0232558139534884
GLENMARK,2026-02-02,BULLISH_TO_BEARISH,41.9,MODERATE,-1.0,1954.2,-0.2609763586122152,0.9927335994268802,-0.19189438133251457
GLENMARK,2026-02-23,BEARISH_TO_BULLISH,28.4,WEAK,1.0,2058.65,1.2799650256235837,3.7913195540766873,-0.9205061569475164
GLENMARK,2026-05-22,BULLISH_TO_BEARISH,42.5,MODERATE,-1.0,2337.0,-0.6161745827984635,2.6572528883183533,6.521181001283701
GLENMARK,2026-06-29,BEARISH_TO_BULLISH,10.5,WEAK,1.0,2204.3,-1.9280497209998637,0.30395136778114673,2.7491720727668603
GLENMARK,2026-07-17,BULLISH_TO_BEARISH,13.2,WEAK,-1.0,2239.5,-0.11609734315695061,,
GMRAIRPORT,2025-07-07,BEARISH_TO_BULLISH,40.9,MODERATE,1.0,91.24,1.7097764138535758,-0.6904866286716304,0.701446733888646
GMRAIRPORT,2025-07-09,BULLISH_TO_BEARISH,40.0,MODERATE,-1.0,92.3,1.8309859154929553,0.45503791982665404,-2.57854821235104
GMRAIRPORT,2025-07-11,BEARISH_TO_BULLISH,40.0,MODERATE,1.0,91.66,0.2400174558149671,3.2947850752782135,1.9419594152302
GMRAIRPORT,2025-07-22,BULLISH_TO_BEARISH,48.1,MODERATE,-1.0,91.38,-0.49244911359159865,1.8931932589187894,1.685270299846785
GMRAIRPORT,2025-08-14,BEARISH_TO_BULLISH,72.0,STRONG,1.0,90.2,0.26607538802660186,-1.3747228381374823,-1.5077605321507754
GMRAIRPORT,2025-08-20,BULLISH_TO_BEARISH,11.7,WEAK,-1.0,88.96,-0.6632194244604355,0.2922661870503495,3.248651079136691
GMRAIRPORT,2025-10-16,BEARISH_TO_BULLISH,34.4,WEAK,1.0,90.15,2.0077648363837914,2.3960066555740394,2.429284525790347
GMRAIRPORT,2025-10-20,BULLISH_TO_BEARISH,40.0,MODERATE,-1.0,92.01,-0.3260515161395469,-0.3586566677535032,-1.0433648516465535
GMRAIRPORT,2025-10-28,BEARISH_TO_BULLISH,41.9,MODERATE,1.0,92.97,1.6134236850596968,0.570076368721094,1.591911369258905
GMRAIRPORT,2025-10-30,BULLISH_TO_BEARISH,40.0,MODERATE,-1.0,93.97,0.5001596254123645,-0.5108013195700798,-1.7878046184952718
GMRAIRPORT,2025-11-07,BEARISH_TO_BULLISH,46.4,MODERATE,1.0,95.65,-0.16727652901203427,-0.16727652901203427,2.122320961840043
GMRAIRPORT,2025-11-11,BULLISH_TO_BEARISH,40.8,MODERATE,-1.0,95.5,0.010471204188487033,-2.2827225130890123,-7.7696335078534045
GMRAIRPORT,2025-11-18,BEARISH_TO_BULLISH,75.0,STRONG,1.0,102.92,0.3400699572483427,0.816167897396039,3.7310532452390235
GMRAIRPORT,2025-11-20,BULLISH_TO_BEARISH,40.0,MODERATE,-1.0,104.05,0.2787121576165229,-2.6045170591062066,-4.132628543969243
GMRAIRPORT,2025-11-25,BEARISH_TO_BULLISH,42.2,MODERATE,1.0,106.76,-0.06556762832522235,0.8336455601348824,-1.320719370550778
GMRAIRPORT,2025-12-03,BULLISH_TO_BEARISH,46.1,MODERATE,-1.0,103.05,-0.4366812227074263,2.571567200388153,4.754973313925271
GMRAIRPORT,2025-12-30,BEARISH_TO_BULLISH,44.4,MODERATE,1.0,104.35,1.1020603737422192,1.3416387158600918,0.14374700527072898
GMRAIRPORT,2026-01-05,BULLISH_TO_BEARISH,40.0,MODERATE,-1.0,104.5,-0.0,4.401913875598081,5.023923444976076
GMRAIRPORT,2026-01-19,BEARISH_TO_BULLISH,27.9,WEAK,1.0,95.9,-2.1376433785193028,-4.900938477580816,-2.0855057351407713
GMRAIRPORT,2026-01-21,BULLISH_TO_BEARISH,70.7,STRONG,-1.0,95.1,4.100946372239739,1.2618296529968336,1.2618296529968336
GMRAIRPORT,2026-01-23,BEARISH_TO_BULLISH,26.7,WEAK,1.0,92.65,1.3491635186184565,1.3491635186184565,2.7738801942795392
GMRAIRPORT,2026-01-28,BULLISH_TO_BEARISH,24.9,WEAK,-1.0,94.2,0.3184713375796148,-1.0828025477706964,-3.418259023354563
GMRAIRPORT,2026-02-04,BEARISH_TO_BULLISH,55.0,MODERATE,1.0,97.42,0.09238349414904887,0.4003284746458638,-1.1188667624717752
GMRAIRPORT,2026-02-06,BULLISH_TO_BEARISH,40.0,MODERATE,-1.0,97.98,0.17350479689732773,1.6840171463564049,-2.5923657889365095
GMRAIRPORT,2026-02-19,BEARISH_TO_BULLISH,29.5,WEAK,1.0,99.75,1.0927318295739383,2.5263157894736805,0.8822055137844567
GMRAIRPORT,2026-02-26,BULLISH_TO_BEARISH,36.6,MODERATE,-1.0,100.63,4.104143893471127,2.6135347311934765,8.526284408228161
GMRAIRPORT,2026-03-05,BEARISH_TO_BULLISH,44.5,MODERATE,1.0,95.05,-3.156233561283535,-1.3150973172014728,-6.1020515518148315
GMRAIRPORT,2026-03-09,BULLISH_TO_BEARISH,75.0,STRONG,-1.0,95.55,1.8315018315018317,6.59340659340659,5.4945054945054945
GMRAIRPORT,2026-03-25,BEARISH_TO_BULLISH,28.5,WEAK,1.0,89.1,-4.882154882154876,-0.25813692480357997,2.053872053872068
GMRAIRPORT,2026-04-06,BULLISH_TO_BEARISH,27.9,WEAK,-1.0,90.93,-5.3777631144836535,-4.750907291322988,-9.116903112284165
GMRAIRPORT,2026-04-23,BEARISH_TO_BULLISH,52.1,MODERATE,1.0,94.49,1.3228913112498677,2.0531273150598075,4.667160546089545
GMRAIRPORT,2026-04-27,BULLISH_TO_BEARISH,9.2,WEAK,-1.0,97.86,1.4612712037604665,-1.0627426936439877,-1.3999591252810184
GMRAIRPORT,2026-05-07,BEARISH_TO_BULLISH,47.2,MODERATE,1.0,101.32,-3.1780497433872865,-4.392025266482421,-4.668377418081317
GMRAIRPORT,2026-05-12,BULLISH_TO_BEARISH,62.2,STRONG,-1.0,96.87,0.08258490760813285,1.8891297615360774,2.4465778878909923
GMRAIRPORT,2026-05-18,BEARISH_TO_BULLISH,24.3,WEAK,1.0,94.21,0.3078229487315638,1.7407918479991518,2.144146056681892
GMRAIRPORT,2026-05-29,BULLISH_TO_BEARISH,40.0,MODERATE,-1.0,97.06,-1.1024108798681158,-5.079332371728819,-3.3587471667010003
GMRAIRPORT,2026-06-05,BEARISH_TO_BULLISH,26.5,WEAK,1.0,100.32,2.282695374800644,-0.21929824561403394,6.31977671451356
GMRAIRPORT,2026-06-09,BULLISH_TO_BEARISH,9.1,WEAK,-1.0,100.92,0.8125247720967175,-5.687673404676967,-8.323424494649219
GMRAIRPORT,2026-06-15,BEARISH_TO_BULLISH,74.5,STRONG,1.0,107.51,1.6835643195981658,1.2277927634638575,-0.13022044460980425
GMRAIRPORT,2026-07-03,BULLISH_TO_BEARISH,35.0,MODERATE,-1.0,113.45,-1.3486117232260917,1.4279418245923354,-1.0841780520052922
GMRAIRPORT,2026-07-20,BEARISH_TO_BULLISH,64.5,STRONG,1.0,111.48,-1.4800861141011892,,
GODFRYPHLP,2026-05-18,BULLISH_TO_BEARISH,52.3,MODERATE,-1.0,2340.0,1.4786324786324747,1.0555555555555478,1.777777777777774
GODREJCP,2025-07-14,BULLISH_TO_BEARISH,30.0,WEAK,-1.0,1270.1,0.4172899771671486,1.4801984095740457,2.1809306353830262
GODREJCP,2025-07-31,BEARISH_TO_BULLISH,40.2,MODERATE,1.0,1266.5,-1.350177654954592,-5.045400710619825,-6.348203711014615
GODREJCP,2025-08-04,BULLISH_TO_BEARISH,9.2,WEAK,-1.0,1219.4,1.3777267508610942,2.7308512383139396,1.5499425947187215
GODREJCP,2025-08-21,BEARISH_TO_BULLISH,5.9,WEAK,1.0,1257.3,0.35790980672870437,-0.5328879344627413,-0.03976775630318938
GODREJCP,2025-09-03,BULLISH_TO_BEARISH,6.7,WEAK,-1.0,1245.3,1.1081667068176306,0.03212077411064511,-1.710431221392432
GODREJCP,2025-09-29,BEARISH_TO_BULLISH,18.4,WEAK,1.0,1166.9,-1.5682577770160406,-1.6539549233010695,-3.102236695518043
GODREJCP,2025-10-08,BULLISH_TO_BEARISH,38.9,MODERATE,-1.0,1128.85,-0.08415644239713385,2.4316782566328405,0.7751251273419852
GODREJCP,2025-10-20,BEARISH_TO_BULLISH,26.4,WEAK,1.0,1133.75,-0.12789415656009223,-0.7982359426681327,-2.377067254685781
GODREJCP,2025-10-30,BULLISH_TO_BEARISH,2.3,WEAK,-1.0,1118.6,-5.363847666726265,-2.4494904344716693,-0.724119435008058
GODREJCP,2025-12-15,BEARISH_TO_BULLISH,30.0,WEAK,1.0,1182.4,-0.2283491204330214,0.32138024357239126,1.1924898511501951
GODREJCP,2025-12-17,BULLISH_TO_BEARISH,3.3,WEAK,-1.0,1186.8,0.05055611729018445,-0.8173238961914431,-1.6262217728345092
GODREJCP,2025-12-26,BEARISH_TO_BULLISH,12.7,WEAK,1.0,1206.3,0.4890988974550353,3.075520185691796,3.1501284920832298
GODREJCP,2026-01-13,BULLISH_TO_BEARISH,1.6,WEAK,-1.0,1226.9,-0.8150623522699485,-0.6031461406797508,-1.5567690928355944
GODREJCP,2026-02-05,BEARISH_TO_BULLISH,28.4,WEAK,1.0,1181.8,1.3454053139279143,2.2677271958030083,1.1507869351836297
GODREJCP,2026-02-16,BULLISH_TO_BEARISH,1.0,WEAK,-1.0,1214.8,-0.2304906157392126,0.7326308857424978,-1.6298979255844546
GODREJCP,2026-05-13,BEARISH_TO_BULLISH,9.1,WEAK,1.0,1033.3,0.570986160843907,-1.0935836639891565,-1.5484370463563342
GODREJCP,2026-06-17,BULLISH_TO_BEARISH,40.3,MODERATE,-1.0,1009.2,0.8521601268331372,-1.1395164486722156,-2.516845025762967
GODREJCP,2026-06-22,BEARISH_TO_BULLISH,35.8,MODERATE,1.0,1020.7,-0.01959439600274767,0.11756637601645262,2.243558342314085
GODREJPROP,2025-07-17,BEARISH_TO_BULLISH,35.8,MODERATE,1.0,2365.1,1.6405225994672608,-1.733541922117458,-5.55156230180541
GODREJPROP,2025-07-23,BULLISH_TO_BEARISH,14.9,WEAK,-1.0,2312.6,3.407420219666165,6.810516301997752,9.067715990659856
GODREJPROP,2025-08-28,BEARISH_TO_BULLISH,3.3,WEAK,1.0,1947.7,0.2310417415413051,3.2961955126559555,0.7239307901627513
GODREJPROP,2025-09-05,BULLISH_TO_BEARISH,36.6,MODERATE,-1.0,1964.3,0.7432673216922012,-1.4610802830524894,-3.680700503996332
GODREJPROP,2025-09-16,BEARISH_TO_BULLISH,28.2,WEAK,1.0,2081.5,0.29305789094402634,1.0665385539274475,-2.997838097525827
GODREJPROP,2025-09-25,BULLISH_TO_BEARISH,42.3,MODERATE,-1.0,1957.6,-2.007560277891305,-3.718839395177778,-5.052104617899474
GODREJPROP,2025-10-16,BEARISH_TO_BULLISH,44.0,MODERATE,1.0,2236.2,2.4774170467757846,1.905017440300526,3.7608442894195675
GODREJPROP,2025-10-30,BULLISH_TO_BEARISH,3.6,WEAK,-1.0,2288.05,-0.8566246366993688,4.123598697580925,5.259937501365807
GODREJPROP,2025-11-13,BEARISH_TO_BULLISH,4.6,WEAK,1.0,2195.85,-0.5032219869298781,-2.980622537969343,-4.7817473871166065
GODREJPROP,2025-11-18,BULLISH_TO_BEARISH,33.8,WEAK,-1.0,2130.4,0.3098009763424666,3.9429215170859933,0.7533796470146537
GODREJPROP,2026-02-10,BEARISH_TO_BULLISH,29.9,WEAK,1.0,1852.15,-1.6548335717949458,-1.0474313635504733,1.5765461760656434
GODREJPROP,2026-03-09,BULLISH_TO_BEARISH,30.8,WEAK,-1.0,1676.65,1.5238720066799976,5.961291861748131,5.513971311842068
GODREJPROP,2026-06-25,BEARISH_TO_BULLISH,34.3,WEAK,1.0,1830.1,1.9944265340691765,7.573356647177758,11.819026282716802
GRANULES,2025-07-30,BEARISH_TO_BULLISH,6.2,WEAK,1.0,474.9,-4.874710465361124,-5.516950937039375,-5.253737628974519
GRANULES,2025-08-05,BULLISH_TO_BEARISH,37.1,MODERATE,-1.0,439.35,-2.4126550586093014,-0.27313076135199466,-4.779788323659952
GRASIM,2025-07-30,BEARISH_TO_BULLISH,6.4,WEAK,1.0,2746.4,-0.8811535100495294,1.8496941450626174,-0.09831051558404721
GRASIM,2025-08-04,BULLISH_TO_BEARISH,6.2,WEAK,-1.0,2797.2,1.1225511225511096,3.7752037752037717,2.030602030602021
GRASIM,2025-08-18,BEARISH_TO_BULLISH,41.7,MODERATE,1.0,2828.3,1.2940635717568825,-0.5126754587561433,-1.1349573949015437
GRASIM,2025-08-22,BULLISH_TO_BEARISH,18.1,WEAK,-1.0,2811.4,0.5406559009746131,1.273386924663875,1.1239951625524616
GRASIM,2025-08-26,BEARISH_TO_BULLISH,1.6,WEAK,1.0,2784.3,-0.3124663290593784,-0.1616205150307079,0.9517652551808354
GRASIM,2025-09-04,BULLISH_TO_BEARISH,0.6,WEAK,-1.0,2803.9,-0.007132922001491426,0.6455294411355579,0.06776275901423341
GRASIM,2025-09-19,BEARISH_TO_BULLISH,21.1,WEAK,1.0,2854.1,-1.4225149784520483,-2.645317262884973,-3.756000140149253
GRASIM,2025-10-20,BULLISH_TO_BEARISH,23.6,WEAK,-1.0,2870.7,0.21249172675653705,-1.853206534991475,-3.0654544187828754
GRASIM,2025-11-10,BEARISH_TO_BULLISH,16.6,WEAK,1.0,2775.8,-0.30441674472225205,0.2719936594855439,-0.49715397362923053
GRASIM,2025-11-18,BULLISH_TO_BEARISH,31.4,WEAK,-1.0,2744.7,-0.14209203191605974,2.0402958428972204,0.025503698036208625
GRASIM,2025-11-20,BEARISH_TO_BULLISH,4.9,WEAK,1.0,2734.8,-1.6856808541758213,0.3364048559309572,0.1682024279654786
GRASIM,2026-01-14,BULLISH_TO_BEARISH,1.5,WEAK,-1.0,2809.6,1.0535307517084251,2.6338268792710706,1.7991884965831337
GRASIM,2026-02-05,BEARISH_TO_BULLISH,24.4,WEAK,1.0,2836.75,3.1567815281572287,3.377104080373673,1.806644928174848
GRASIM,2026-02-25,BULLISH_TO_BEARISH,0.9,WEAK,-1.0,2863.45,2.2228430739143215,6.294854109553162,5.0655677591716195
GRASIM,2026-03-18,BEARISH_TO_BULLISH,34.3,WEAK,1.0,2607.9,0.32209823996319226,-2.2451014226005666,0.7784040799110291
GRASIM,2026-04-02,BULLISH_TO_BEARISH,34.2,WEAK,-1.0,2614.4,-0.2524479804161532,-4.823286413708687,-3.7714198286413674
GRASIM,2026-07-17,BEARISH_TO_BULLISH,13.6,WEAK,1.0,3143.8,1.1387492843056086,,
HAL,2025-07-30,BEARISH_TO_BULLISH,43.1,MODERATE,1.0,4533.9,-2.09532631950418,0.9770837468845847,0.36833631090232977
HAL,2025-08-06,BULLISH_TO_BEARISH,18.1,WEAK,-1.0,4550.6,2.419461169955618,3.105085043730501,-0.09888805871753174
HAL,2025-08-22,BEARISH_TO_BULLISH,14.7,WEAK,1.0,4457.6,-1.6600861450107678,-2.804199569274946,-0.13908829863605365
HAL,2025-09-08,BULLISH_TO_BEARISH,20.0,WEAK,-1.0,4454.0,-2.323753929052537,-6.546924113156721,-8.666367310282892
HAL,2025-09-30,BEARISH_TO_BULLISH,9.8,WEAK,1.0,4803.4,1.394845317899821,0.7140775284173749,0.8931173751925833
HAL,2025-10-03,BULLISH_TO_BEARISH,1.6,WEAK,-1.0,4845.05,0.15170122083364182,-0.025799527352658898,2.0567383205539786
HAL,2025-11-11,BEARISH_TO_BULLISH,32.2,WEAK,1.0,4748.45,0.052648759068748746,0.9866377449483592,-0.08950289041687289
HAL,2025-11-13,BULLISH_TO_BEARISH,32.4,WEAK,-1.0,4729.8,-1.3848365681424162,-0.30445261956107306,2.8500147997801215
HAL,2025-11-25,BEARISH_TO_BULLISH,14.6,WEAK,1.0,4517.8,-0.7658594891318864,0.2844304750099485,-1.8039753862499446
HAL,2025-12-02,BULLISH_TO_BEARISH,7.1,WEAK,-1.0,4436.3,-1.3626220048238356,3.365417126885021,3.204246782228446
HAL,2025-12-19,BEARISH_TO_BULLISH,16.2,WEAK,1.0,4386.1,0.4856250427486667,0.5278037436446874,-1.3793575157885136
HAL,2026-01-09,BULLISH_TO_BEARISH,10.7,WEAK,-1.0,4518.35,1.4607102150121172,1.984131375391471,3.611937986211797
HAL,2026-01-23,BEARISH_TO_BULLISH,4.5,WEAK,1.0,4348.65,6.3341496786359155,6.2249203775884645,2.8008692352799187
HAL,2026-01-29,BULLISH_TO_BEARISH,10.5,WEAK,-1.0,4619.35,6.076612510418148,8.707935099094028,11.946485977464368
HAL,2026-02-10,BEARISH_TO_BULLISH,6.7,WEAK,1.0,4132.95,0.627880811526871,2.2538380575618033,2.858732866354554
HAL,2026-02-12,BULLISH_TO_BEARISH,42.6,MODERATE,-1.0,4212.4,-0.32523027252874204,-0.9187161713037871,1.0029911689298263
HAL,2026-02-16,BEARISH_TO_BULLISH,4.7,WEAK,1.0,4247.6,0.08239947264337508,-1.8233826160655597,-6.9450984085130525
HAL,2026-05-14,BULLISH_TO_BEARISH,32.9,WEAK,-1.0,4386.2,1.3610870457343445,1.3610870457343445,0.4058182481419038
HAL,2026-05-22,BEARISH_TO_BULLISH,10.7,WEAK,1.0,4425.9,0.04066969429946863,-2.7610203574414203,-3.3303960776339196
HAL,2026-07-08,BULLISH_TO_BEARISH,26.6,WEAK,-1.0,4378.5,-2.9302272467740136,-1.4594039054470627,-1.2629896083133534
HAVELLS,2025-07-24,BULLISH_TO_BEARISH,8.8,WEAK,-1.0,1523.6,1.0370175899186107,-0.2887897085849364,2.697558414281958
HAVELLS,2025-07-30,BEARISH_TO_BULLISH,8.2,WEAK,1.0,1500.6,-1.206184192989465,0.1466080234572868,-0.393176062908161
HAVELLS,2025-08-07,BULLISH_TO_BEARISH,1.1,WEAK,-1.0,1491.5,1.1599061347636577,1.6962789138451193,-4.096547100234657
HAVELLS,2025-09-29,BEARISH_TO_BULLISH,11.4,WEAK,1.0,1502.0,-1.1185086551264949,-0.28628495339546967,0.09986684420772304
HAVELLS,2025-10-03,BULLISH_TO_BEARISH,7.6,WEAK,-1.0,1497.7,-0.30713761100353265,0.7945516458569868,1.6425185284102382
HAVELLS,2025-10-24,BEARISH_TO_BULLISH,2.2,WEAK,1.0,1492.6,-0.8039662334181965,0.9178614498191107,0.31488677475546334
HAVELLS,2025-11-06,BULLISH_TO_BEARISH,42.2,MODERATE,-1.0,1448.5,-0.6351397997928924,-0.6558508802209182,-1.4428719364860263
HAVELLS,2025-11-21,BEARISH_TO_BULLISH,1.4,WEAK,1.0,1424.6,-0.3650147409799115,0.7019514249613927,0.7510880247086934
HAVELLS,2025-12-01,BULLISH_TO_BEARISH,3.6,WEAK,-1.0,1422.5,0.1335676625659115,-0.984182776801406,0.18980667838313148
HAVELLS,2026-01-22,BEARISH_TO_BULLISH,9.3,WEAK,1.0,1286.95,0.15152103811337234,-1.0140254089125418,-0.656591165157935
HAVELLS,2026-02-05,BULLISH_TO_BEARISH,2.3,WEAK,-1.0,1355.0,-1.24723247232473,-2.125461254612543,-3.616236162361624
HAVELLS,2026-02-17,BEARISH_TO_BULLISH,32.8,WEAK,1.0,1434.8,-2.6972400334541433,-1.533314747700028,-1.1987733482018432
HAVELLS,2026-02-25,BULLISH_TO_BEARISH,0.8,WEAK,-1.0,1413.7,1.174223668387928,6.719954728726038,4.562495578977152
HAVELLS,2026-04-07,BEARISH_TO_BULLISH,35.7,MODERATE,1.0,1246.4,0.8504492939666165,2.206354300385109,3.586328626444144
HAVELLS,2026-04-23,BULLISH_TO_BEARISH,75.0,STRONG,-1.0,1238.6,-2.8661391894073955,-1.1222347812045932,-1.4532536735023414
HAVELLS,2026-04-27,BEARISH_TO_BULLISH,50.4,MODERATE,1.0,1272.2,-1.548498663732121,-1.2262222920924488,-1.1711994969344515
HAVELLS,2026-04-30,BULLISH_TO_BEARISH,32.6,WEAK,-1.0,1256.6,1.3528569154862329,-0.978831768263583,2.1168231736431573
HAVELLS,2026-05-14,BEARISH_TO_BULLISH,8.8,WEAK,1.0,1209.6,-1.22354497354497,-0.14880952380952006,-0.7192460317460168
HAVELLS,2026-05-29,BULLISH_TO_BEARISH,41.2,MODERATE,-1.0,1143.2,-2.7466759972008274,-2.0293911826452105,0.25367389783065875
HAVELLS,2026-06-24,BEARISH_TO_BULLISH,14.0,WEAK,1.0,1178.3,-1.8840702707290202,0.891114317236697,0.23763048459644864
HAVELLS,2026-07-09,BULLISH_TO_BEARISH,14.4,WEAK,-1.0,1188.4,0.8078088185796143,0.9256142712891281,0.0925614271289243
HAVELLS,2026-07-17,BEARISH_TO_BULLISH,14.7,WEAK,1.0,1200.3,1.4413063400816426,,
HCLTECH,2025-07-25,BEARISH_TO_BULLISH,4.5,WEAK,1.0,1466.1,0.4297114794352488,0.12277470841007994,0.5661278221131016
HCLTECH,2025-08-04,BULLISH_TO_BEARISH,26.5,WEAK,-1.0,1482.7,1.3151682740945572,0.4721116881365077,-1.1060902407769517
HCLTECH,2025-09-10,BEARISH_TO_BULLISH,36.7,MODERATE,1.0,1467.7,-0.03406690740614567,1.0492607481092773,1.7782925666007976
HCLTECH,2025-09-22,BULLISH_TO_BEARISH,38.1,MODERATE,-1.0,1429.8,-0.8742481465939292,2.412924884599245,3.1263113722198943
HCLTECH,2025-10-16,BEARISH_TO_BULLISH,66.5,STRONG,1.0,1486.45,0.6021056880487097,2.519425476807161,3.165259510915265
HCLTECH,2025-10-20,BULLISH_TO_BEARISH,3.2,WEAK,-1.0,1486.15,-2.5401204454462873,-3.1860848501160652,-4.78753827002657
HCLTECH,2025-10-28,BEARISH_TO_BULLISH,2.0,WEAK,1.0,1557.3,-0.48160277403197843,-0.8797277338984169,-1.9842034290117425
HCLTECH,2025-11-04,BULLISH_TO_BEARISH,8.7,WEAK,-1.0,1526.4,0.9171907756813418,-2.8563941299790296,-4.723532494758904
HCLTECH,2025-11-13,BEARISH_TO_BULLISH,26.2,WEAK,1.0,1594.6,0.7399974915339385,4.264392324093817,0.8403361344537872
HCLTECH,2025-11-17,BULLISH_TO_BEARISH,1.0,WEAK,-1.0,1595.2,-4.22517552657973,-0.802407221664992,-0.36985957873620007
HCLTECH,2025-11-26,BEARISH_TO_BULLISH,32.4,WEAK,1.0,1629.0,-0.27931246163290085,0.3990178023327195,1.5745856353591214
HCLTECH,2025-12-08,BULLISH_TO_BEARISH,5.2,WEAK,-1.0,1657.6,-0.5067567567567622,-0.9411196911196995,0.35593629343628524
HCLTECH,2025-12-23,BEARISH_TO_BULLISH,36.9,MODERATE,1.0,1674.7,-0.8240281841523829,-3.5528751418164446,-2.3944587090225196
HCLTECH,2026-01-01,BULLISH_TO_BEARISH,11.4,WEAK,-1.0,1640.2,1.9875624923789865,-0.45726130959639066,-1.2925253017924672
HCLTECH,2026-01-16,BEARISH_TO_BULLISH,48.9,MODERATE,1.0,1716.8,-1.7066635601118332,-0.7979962721342059,0.19804287045666885
HCLTECH,2026-01-30,BULLISH_TO_BEARISH,13.6,WEAK,-1.0,1676.8,-1.1003101145038194,3.986760496183201,4.460877862595417
HCLTECH,2026-02-23,BEARISH_TO_BULLISH,10.3,WEAK,1.0,1339.2,2.9084528076463596,3.7261051373954497,1.8518518518518483
HCLTECH,2026-03-02,BULLISH_TO_BEARISH,31.2,WEAK,-1.0,1364.0,0.7258064516129099,0.3958944281524993,1.0043988269794755
HCLTECH,2026-04-07,BEARISH_TO_BULLISH,17.7,WEAK,1.0,1461.0,0.2669404517453861,-2.162902121834354,-0.7392197125256642
HCLTECH,2026-04-16,BULLISH_TO_BEARISH,11.7,WEAK,-1.0,1442.3,0.9706718435831658,10.885391388754073,16.577688414338205
HCLTECH,2026-04-28,BEARISH_TO_BULLISH,36.0,MODERATE,1.0,1200.2,-0.09165139143477224,0.0,-1.3997667055490712
HCLTECH,2026-05-07,BULLISH_TO_BEARISH,48.3,MODERATE,-1.0,1198.4,0.29205607476635514,4.606141522029375,5.490654205607491
HCLTECH,2026-05-19,BEARISH_TO_BULLISH,54.3,MODERATE,1.0,1169.8,-0.13677551718241657,-0.3504872627799546,-0.39322961189946226
HCLTECH,2026-06-03,BULLISH_TO_BEARISH,48.8,MODERATE,-1.0,1168.3,1.16408456732003,1.88307797654712,4.9730377471539775
HCLTECH,2026-06-18,BEARISH_TO_BULLISH,20.3,WEAK,1.0,1131.7,-0.10603516833083373,-1.5728549969073036,-2.589025360077755
HCLTECH,2026-06-22,BULLISH_TO_BEARISH,38.9,MODERATE,-1.0,1109.5,-0.39657503379901676,0.6399278954483919,6.77782785038306
HCLTECH,2026-07-08,BEARISH_TO_BULLISH,28.6,WEAK,1.0,1150.3,1.1996870381639535,1.4257150308615223,3.2252455881074624
HCLTECH,2026-07-14,BULLISH_TO_BEARISH,75.0,STRONG,-1.0,1168.0,-1.660958904109597,-4.563356164383558,-5.9332191780821875
HCLTECH,2026-07-16,BEARISH_TO_BULLISH,68.3,STRONG,1.0,1203.9,1.4453027660104545,2.7743168037212276,
HDFCAMC,2025-07-21,BEARISH_TO_BULLISH,24.8,WEAK,1.0,5592.5,0.11622708985248101,-0.7331247206079571,0.6258381761287439
HDFCAMC,2025-08-12,BULLISH_TO_BEARISH,4.8,WEAK,-1.0,5481.5,-0.17331022530329288,-4.332755632582322,-5.700994253397792
HDFCAMC,2025-10-24,BEARISH_TO_BULLISH,11.6,WEAK,1.0,5559.0,1.5749235474006151,-3.498830724950531,-2.781075733045518
HDFCAMC,2025-10-30,BULLISH_TO_BEARISH,5.0,WEAK,-1.0,5379.0,-0.47220672987543477,-0.17661275329986986,-2.1760550288157687
HDFCAMC,2025-11-24,BEARISH_TO_BULLISH,1.7,WEAK,1.0,5336.7,-49.80043847321378,-49.91380441096558,-51.29949219555156
HDFCAMC,2025-12-16,BULLISH_TO_BEARISH,8.0,WEAK,-1.0,2541.2,-7.150165276247454,-4.785140878325215,-4.521485912167484
HDFCAMC,2025-12-30,BEARISH_TO_BULLISH,1.7,WEAK,1.0,2672.2,-0.8981363670383954,-0.4303570092058978,-1.7813037946261476
HDFCAMC,2026-01-01,BULLISH_TO_BEARISH,25.9,WEAK,-1.0,2657.2,-0.13171759747102216,1.2268553364443742,5.033493903356918
HDFCAMC,2026-01-23,BEARISH_TO_BULLISH,6.4,WEAK,1.0,2436.8,1.6743269862114136,3.2399047931713643,9.62122455679579
HDFCAMC,2026-02-19,BULLISH_TO_BEARISH,38.9,MODERATE,-1.0,2715.7,-0.40873439628826325,-1.0384063040836717,0.6241484700077261
HDFCAMC,2026-04-08,BEARISH_TO_BULLISH,40.2,MODERATE,1.0,2515.0,4.147117296222672,5.912524850894625,11.02982107355865
HDFCAMC,2026-05-05,BULLISH_TO_BEARISH,5.3,WEAK,-1.0,2815.9,-0.6640860826023587,2.4397173195070945,5.809865407152239
HDFCAMC,2026-05-08,BEARISH_TO_BULLISH,25.0,WEAK,1.0,2747.2,-4.164239953407092,-2.0202387885847406,-4.444525334886427
HDFCAMC,2026-05-12,BULLISH_TO_BEARISH,40.5,MODERATE,-1.0,2652.3,-1.4855031482109728,1.0255250160238385,-1.244203144440674
HDFCAMC,2026-06-17,BEARISH_TO_BULLISH,32.8,WEAK,1.0,2728.1,-0.3372310399178849,-1.7667974047872081,-2.8737949488655143
HDFCAMC,2026-06-22,BULLISH_TO_BEARISH,8.3,WEAK,-1.0,2679.9,2.0448524198664195,2.735176685697234,-2.459046979364905
HDFCBANK,2025-07-09,BEARISH_TO_BULLISH,31.3,WEAK,1.0,2006.2,-1.1215232778386999,-0.5383311733625737,-0.962017744990527
HDFCBANK,2025-07-11,BULLISH_TO_BEARISH,65.6,STRONG,-1.0,1983.0,-0.6253151790216889,-0.19667170953101817,-0.8825012607160867
HDFCBANK,2025-07-15,BEARISH_TO_BULLISH,19.0,WEAK,1.0,1996.3,-0.47087111155637246,0.21038922005710792,1.4025948003807043
HDFCBANK,2025-07-17,BULLISH_TO_BEARISH,21.1,WEAK,-1.0,1957.4,-2.20190048022887,-3.417799121283328,-2.4113620108306844
HDFCBANK,2025-07-21,BEARISH_TO_BULLISH,38.5,MODERATE,1.0,2007.0,0.8619830592924741,-0.11958146487294924,0.7374190333831566
HDFCBANK,2025-08-01,BULLISH_TO_BEARISH,41.5,MODERATE,-1.0,1992.0,0.732931726907626,-0.17068273092369934,-0.18072289156626048
HDFCBANK,2025-08-07,BEARISH_TO_BULLISH,33.6,WEAK,1.0,1973.9,1.0993464714524452,0.3191651046152264,1.504635493186069
HDFCBANK,2025-08-13,BULLISH_TO_BEARISH,21.0,WEAK,-1.0,1991.1,-0.6277936818843856,0.1456481341971706,1.3309226055948973
HDFCBANK,2025-08-18,BEARISH_TO_BULLISH,26.4,WEAK,1.0,1991.2,-0.1506629168340699,-1.3358778625954266,-51.11490558457212
HDFCBANK,2025-08-20,BULLISH_TO_BEARISH,27.8,WEAK,-1.0,1991.1,1.3309226055948973,51.112450404299125,52.2073225855055
HDFCBANK,2025-09-04,BEARISH_TO_BULLISH,43.6,MODERATE,1.0,963.4,0.26987751712684477,0.2594976126219639,0.4048162756902613
HDFCBANK,2025-09-10,BULLISH_TO_BEARISH,38.7,MODERATE,-1.0,967.85,0.056826987653052455,0.10332179573280985,-0.9350622513819243
HDFCBANK,2025-09-26,BEARISH_TO_BULLISH,40.0,MODERATE,1.0,950.3,0.07366094917394986,1.5626644217615515,3.3884036620014784
HDFCBANK,2025-10-09,BULLISH_TO_BEARISH,38.7,MODERATE,-1.0,980.9,0.3975940462840226,0.27016005709042484,-2.20715669283311
HDFCBANK,2025-10-17,BEARISH_TO_BULLISH,32.5,WEAK,1.0,1002.95,0.4736028715289895,-0.8175881150605758,0.059823520614179074
HDFCBANK,2025-10-31,BULLISH_TO_BEARISH,52.4,MODERATE,-1.0,992.65,0.7454792726540047,1.0426635772931065,0.09570342013800753
HDFCBANK,2025-11-27,BEARISH_TO_BULLISH,26.1,WEAK,1.0,1007.6,-0.5458515283842794,-0.7046447002778903,-0.4267566494640798
HDFCBANK,2025-12-01,BULLISH_TO_BEARISH,42.7,MODERATE,-1.0,989.8,-1.0810264699939427,-1.3639119013942211,-0.7375227318650301
HDFCBANK,2025-12-08,BEARISH_TO_BULLISH,40.0,MODERATE,1.0,997.1,-0.7321231571557585,0.431250626817767,-0.28081436164878826
HDFCBANK,2025-12-10,BULLISH_TO_BEARISH,54.4,MODERATE,-1.0,1000.25,-0.1149712571857013,0.59485128717821,2.054486378405394
HDFCBANK,2025-12-12,BEARISH_TO_BULLISH,14.7,WEAK,1.0,996.1,-0.18070474851923182,-1.6464210420640475,-0.8432888264230476
HDFCBANK,2025-12-18,BULLISH_TO_BEARISH,62.2,STRONG,-1.0,985.5,-0.22323693556570728,-1.1872146118721507,-0.629122272957894
HDFCBANK,2025-12-30,BEARISH_TO_BULLISH,40.0,MODERATE,1.0,991.2,-0.015133171912842105,-1.3821630347054121,-4.252421307506062
HDFCBANK,2026-01-01,BULLISH_TO_BEARISH,39.4,MODERATE,-1.0,1001.6,2.4061501597444113,5.246605431309911,6.250000000000003
HDFCBANK,2026-01-23,BEARISH_TO_BULLISH,40.0,MODERATE,1.0,926.4,0.68005181347151,0.3076424870466346,2.407167530224532
HDFCBANK,2026-02-02,BULLISH_TO_BEARISH,19.9,WEAK,-1.0,948.7,-0.46379255823758586,0.8010962369558366,1.7181406134710728
HDFCBANK,2026-02-04,BEARISH_TO_BULLISH,42.3,MODERATE,1.0,949.7,-0.9055491207749838,-1.8216278824892143,-3.0641255133199983
HDFCBANK,2026-02-06,BULLISH_TO_BEARISH,64.5,STRONG,-1.0,937.25,0.5174713256868522,1.7764737263270183,1.2216591090957638
HDFCBANK,2026-02-23,BEARISH_TO_BULLISH,46.4,MODERATE,1.0,910.5,-0.3185063152114198,-2.498627127951675,-4.5963756177924235
HDFCBANK,2026-02-26,BULLISH_TO_BEARISH,45.0,MODERATE,-1.0,887.75,0.9405801182765443,1.1208110391439083,5.316812165587163
HDFCBANK,2026-03-17,BEARISH_TO_BULLISH,42.8,MODERATE,1.0,843.05,-5.308107466935532,-11.731214044244112,-7.211909139434192
HDFCBANK,2026-03-19,BULLISH_TO_BEARISH,55.0,MODERATE,-1.0,780.45,4.651162790697683,-0.23063617143954826,6.265615990774565
HDFCBANK,2026-03-25,BEARISH_TO_BULLISH,51.3,MODERATE,1.0,756.2,-3.2597196508860207,-0.7008727849775281,2.089394340121655
HDFCBANK,2026-03-30,BULLISH_TO_BEARISH,75.0,STRONG,-1.0,742.25,-1.1653755473223277,-4.008083529808016,-7.463792522734924
HDFCBANK,2026-04-06,BEARISH_TO_BULLISH,73.4,STRONG,1.0,772.0,5.712435233160624,4.9611398963730515,4.909326424870463
HDFCBANK,2026-04-15,BULLISH_TO_BEARISH,40.0,MODERATE,-1.0,795.45,-0.5594317681815238,-2.0491545665975175,1.3891507951474094
HDFCBANK,2026-04-28,BEARISH_TO_BULLISH,33.8,WEAK,1.0,779.0,-0.9435173299101441,-0.8600770218228556,2.188703465982022
HDFCBANK,2026-04-30,BULLISH_TO_BEARISH,64.7,STRONG,-1.0,779.4,0.9109571465229693,-2.1362586605080804,2.0143700282268324
HDFCBANK,2026-05-15,BEARISH_TO_BULLISH,32.8,WEAK,1.0,768.65,-0.8066089897872806,-1.2359331295127822,2.367787679698178
HDFCBANK,2026-05-20,BULLISH_TO_BEARISH,8.2,WEAK,-1.0,759.15,-1.007705986959096,-2.601593887900942,1.9232035829546232
HDFCBANK,2026-05-22,BEARISH_TO_BULLISH,45.0,MODERATE,1.0,786.85,-1.0103577556078092,-5.375865793988697,-4.90563639829701
HDFCBANK,2026-05-27,BULLISH_TO_BEARISH,53.0,MODERATE,-1.0,744.55,0.24847223154924572,-1.2222147605936504,-0.3357732858773756
HDFCBANK,2026-06-17,BEARISH_TO_BULLISH,41.0,MODERATE,1.0,798.95,-2.3968959259027587,-3.0414919581951394,-0.3379435509105758
HDFCBANK,2026-07-02,BULLISH_TO_BEARISH,40.1,MODERATE,-1.0,801.05,-3.595281193433627,-1.1547344110854503,-2.9835840459397156
HDFCLIFE,2025-07-22,BEARISH_TO_BULLISH,47.3,MODERATE,1.0,762.5,-0.68196721311476,-0.17049180327868257,-0.6622950819672071
HDFCLIFE,2025-08-04,BULLISH_TO_BEARISH,36.4,MODERATE,-1.0,738.5,-1.902505077860522,-3.1211916046039208,-3.7508463100880225
HDFCLIFE,2025-08-12,BEARISH_TO_BULLISH,22.7,WEAK,1.0,776.6,1.5645119752768448,2.2083440638681404,2.4272469739891864
HDFCLIFE,2025-08-20,BULLISH_TO_BEARISH,7.4,WEAK,-1.0,795.45,0.8422905273744478,2.369727827016157,2.9417310956062717
HDFCLIFE,2025-08-25,BEARISH_TO_BULLISH,20.3,WEAK,1.0,776.6,-0.16095802214782384,0.6695853721349384,-0.019314962657735933
HDFCLIFE,2025-09-01,BULLISH_TO_BEARISH,26.0,WEAK,-1.0,782.75,0.8048546790162829,2.963909294155228,2.7658894921750212
HDFCLIFE,2025-09-10,BEARISH_TO_BULLISH,50.8,MODERATE,1.0,774.25,0.6974491443332228,0.012915724895062672,1.3367775266386857
HDFCLIFE,2025-09-17,BULLISH_TO_BEARISH,29.5,WEAK,-1.0,784.6,0.3058883507519726,1.2171807290339114,2.4917155238338093
HDFCLIFE,2025-09-29,BEARISH_TO_BULLISH,7.0,WEAK,1.0,756.45,0.9980831515632168,0.8724965298433353,-1.2095974618282888
HDFCLIFE,2025-10-06,BULLISH_TO_BEARISH,11.7,WEAK,-1.0,755.6,1.0984647961884686,1.0984647961884686,1.5947591318157843
HDFCLIFE,2025-10-23,BEARISH_TO_BULLISH,16.3,WEAK,1.0,734.95,0.312946458942779,3.5852779100618966,-0.4217974011837571
HDFCLIFE,2025-10-29,BULLISH_TO_BEARISH,3.6,WEAK,-1.0,746.6,1.975622823466381,0.5558532011786737,-0.354942405571923
HDFCLIFE,2025-11-12,BEARISH_TO_BULLISH,52.6,MODERATE,1.0,782.2,-1.0866785988238303,-2.6080286371772043,-2.5568908207619536
HDFCLIFE,2025-11-17,BULLISH_TO_BEARISH,10.5,WEAK,-1.0,761.8,0.09188763454974164,-0.2887897085849364,-0.6235232344447361
HDFCLIFE,2025-11-26,BEARISH_TO_BULLISH,44.3,MODERATE,1.0,777.8,-1.7356646952944204,-2.4170737978914834,-2.1856518385188997
HDFCLIFE,2025-11-28,BULLISH_TO_BEARISH,45.0,MODERATE,-1.0,766.75,1.0107597000326052,0.776002608412135,0.35213563743072
HDFCLIFE,2025-12-05,BEARISH_TO_BULLISH,37.5,MODERATE,1.0,764.05,-0.15051370983574078,1.4593285779726577,1.1321248609384322
HDFCLIFE,2025-12-09,BULLISH_TO_BEARISH,40.6,MODERATE,-1.0,771.05,-0.5382270929252437,-0.2139939044160678,2.276116983334408
HDFCLIFE,2025-12-18,BEARISH_TO_BULLISH,24.2,WEAK,1.0,766.45,-0.6066931959032019,-1.4482353708656823,-2.609433100658882
HDFCLIFE,2026-01-01,BULLISH_TO_BEARISH,18.6,WEAK,-1.0,754.85,-0.5895210969066611,-2.285222229582036,0.6557594224018076
HDFCLIFE,2026-02-17,BEARISH_TO_BULLISH,35.3,MODERATE,1.0,729.6,0.48656798245613414,1.7612390350877225,0.7743969298245582
HDFCLIFE,2026-02-26,BULLISH_TO_BEARISH,60.9,STRONG,-1.0,715.3,1.118411855165665,4.312875716482583,8.604781210680827
HDFCLIFE,2026-03-25,BEARISH_TO_BULLISH,30.9,WEAK,1.0,610.2,-3.2120616191412688,-7.22713864306785,-4.6705998033431655
HDFCLIFE,2026-04-01,BULLISH_TO_BEARISH,65.2,STRONG,-1.0,566.1,-2.52605546723193,-5.688040982158617,-6.7214273096625945
HDFCLIFE,2026-04-10,BEARISH_TO_BULLISH,31.6,WEAK,1.0,619.1,3.440478113390398,-0.42804070424809837,-0.7914714908738454
HDFCLIFE,2026-04-17,BULLISH_TO_BEARISH,51.9,MODERATE,-1.0,609.8,-0.72154804854052,1.8284683502787762,2.049852410626435
HDFCLIFE,2026-04-28,BEARISH_TO_BULLISH,7.0,WEAK,1.0,594.4,-1.2617765814266486,-0.05047106325705831,5.215343203230148
HDFCLIFE,2026-04-30,BULLISH_TO_BEARISH,40.9,MODERATE,-1.0,588.35,-0.9773094246621908,-6.297272031953762,-5.8383615195037
HDFCLIFE,2026-05-08,BEARISH_TO_BULLISH,24.7,WEAK,1.0,622.7,-3.3804400192709276,-1.6299983940902665,-2.850489802473101
HDFCLIFE,2026-05-12,BULLISH_TO_BEARISH,75.0,STRONG,-1.0,602.8,-1.6174518911745188,-0.3566688785667039,-0.3815527538155389
HDFCLIFE,2026-05-20,BEARISH_TO_BULLISH,23.9,WEAK,1.0,614.35,0.3662407422479043,0.7324814844958086,-3.1822251159762462
HDFCLIFE,2026-06-02,BULLISH_TO_BEARISH,52.3,MODERATE,-1.0,574.4,0.11316155988857543,1.714832869080784,4.326253481894154
HDFCLIFE,2026-06-12,BEARISH_TO_BULLISH,21.3,WEAK,1.0,581.2,-1.1699931176875547,1.737783895388835,2.9163799036476137
HDFCLIFE,2026-07-02,BULLISH_TO_BEARISH,25.2,WEAK,-1.0,567.7,0.6165228113440197,2.113792496036639,0.061652281134405976
HEROMOTOCO,2025-07-01,BULLISH_TO_BEARISH,4.6,WEAK,-1.0,4243.7,-1.5788109432806279,-1.4916228762636423,-2.106652213869985
HEROMOTOCO,2025-07-10,BEARISH_TO_BULLISH,4.0,WEAK,1.0,4218.5,0.7846390897238441,4.8808818300343635,4.224250325945237
HEROMOTOCO,2025-07-14,BULLISH_TO_BEARISH,1.0,WEAK,-1.0,4454.1,0.6668013740149688,1.288700298601301,2.507801800588238
HEROMOTOCO,2025-07-29,BEARISH_TO_BULLISH,16.6,WEAK,1.0,4251.4,0.21875147010397006,6.6895610857599985,5.25709178153079
HEROMOTOCO,2025-08-11,BULLISH_TO_BEARISH,27.3,WEAK,-1.0,4645.2,-2.658658400068888,-7.293550331525019,-10.565745285455959
HEROMOTOCO,2025-08-13,BEARISH_TO_BULLISH,51.0,MODERATE,1.0,4708.1,5.8601134215500865,9.088592001019512,6.155349291646296
HEROMOTOCO,2025-08-21,BULLISH_TO_BEARISH,4.7,WEAK,-1.0,4997.9,-1.3185537925929,-1.8767882510654512,-4.9240681086056215
HEROMOTOCO,2025-09-08,BEARISH_TO_BULLISH,11.6,WEAK,1.0,5423.5,-1.345994284133862,-2.2494698995113858,-1.991334009403522
HEROMOTOCO,2025-09-10,BULLISH_TO_BEARISH,20.6,WEAK,-1.0,5302.0,0.00943040362127499,-0.25462089777442476,-1.2825348924933988
HEROMOTOCO,2025-09-17,BEARISH_TO_BULLISH,25.5,WEAK,1.0,5370.0,0.707635009310987,0.009310986964618248,-0.2886405959031657
HEROMOTOCO,2025-09-19,BULLISH_TO_BEARISH,3.4,WEAK,-1.0,5429.5,1.0866562298554194,1.3813426650704486,2.3759093839211713
HEROMOTOCO,2025-09-26,BEARISH_TO_BULLISH,5.8,WEAK,1.0,5300.5,3.2449768889727384,4.716536175832468,5.933402509197245
HEROMOTOCO,2025-10-24,BULLISH_TO_BEARISH,28.5,WEAK,-1.0,5646.55,0.6570383685613403,2.3297411693866197,1.905588368118592
HEROMOTOCO,2025-11-20,BEARISH_TO_BULLISH,16.5,WEAK,1.0,6002.3,-0.33820368858604505,2.2349765923062765,2.868900254902284
HEROMOTOCO,2025-12-09,BULLISH_TO_BEARISH,21.5,WEAK,-1.0,5945.5,-0.5718610713985367,-0.2354722058699857,2.1621394331847643
HEROMOTOCO,2025-12-23,BEARISH_TO_BULLISH,13.6,WEAK,1.0,5698.5,-1.0801088005615544,0.21935597086952707,2.511187154514352
HEROMOTOCO,2026-01-09,BULLISH_TO_BEARISH,11.4,WEAK,-1.0,5726.5,-0.14057452195931516,1.3097005151488694,2.547804068802927
HEROMOTOCO,2026-01-23,BEARISH_TO_BULLISH,10.7,WEAK,1.0,5380.0,2.4433085501858702,2.862453531598513,7.118959107806691
HEROMOTOCO,2026-02-06,BULLISH_TO_BEARISH,14.5,WEAK,-1.0,5756.45,0.05211545310043516,0.406500534183388,4.593977190803357
HEROMOTOCO,2026-02-11,BEARISH_TO_BULLISH,6.2,WEAK,1.0,5733.05,-2.603326327173145,-2.721936839901975,-5.55725137579474
HEROMOTOCO,2026-02-13,BULLISH_TO_BEARISH,53.3,MODERATE,-1.0,5492.0,-1.5477057538237435,1.4120538965768423,0.06372906045156591
HEROMOTOCO,2026-02-18,BEARISH_TO_BULLISH,4.7,WEAK,1.0,5414.45,0.93361283232831,1.7831912751987768,6.880661932421579
HEROMOTOCO,2026-03-06,BULLISH_TO_BEARISH,10.1,WEAK,-1.0,5480.05,-4.222589209952457,1.5602047426574575,3.6778861506738108
HEROMOTOCO,2026-03-10,BEARISH_TO_BULLISH,23.5,WEAK,1.0,5574.95,-3.2359034610175814,-5.317536480147801,-2.671772841012024
HEROMOTOCO,2026-03-12,BULLISH_TO_BEARISH,40.4,MODERATE,-1.0,5205.95,-1.3935977103122423,-4.226894226798186,-1.3359713404854097
HEROMOTOCO,2026-03-25,BEARISH_TO_BULLISH,5.1,WEAK,1.0,5143.05,-1.5574415959401593,-2.556848562623346,-1.7897939938363459
HEROMOTOCO,2026-04-15,BULLISH_TO_BEARISH,1.2,WEAK,-1.0,5160.0,-1.3662790697674418,-1.9186046511627908,2.4806201550387597
HEROMOTOCO,2026-04-20,BEARISH_TO_BULLISH,31.1,WEAK,1.0,5259.0,-1.3310515307092603,-5.656969005514356,-3.631869176649553
HEROMOTOCO,2026-04-22,BULLISH_TO_BEARISH,13.9,WEAK,-1.0,5032.0,1.401033386327504,-0.7154213036565978,-1.3314785373608904
HEROMOTOCO,2026-04-27,BEARISH_TO_BULLISH,34.3,WEAK,1.0,5068.0,0.9175217048145226,-0.029597474348855568,2.0126282557221784
HEROMOTOCO,2026-05-05,BULLISH_TO_BEARISH,6.8,WEAK,-1.0,5170.0,-3.3462282398452614,-1.1315280464216635,3.3849129593810443
HEROMOTOCO,2026-07-07,BEARISH_TO_BULLISH,19.0,WEAK,1.0,4892.8,0.11649771092216764,1.2119849574885582,-0.33927403531720823
HEROMOTOCO,2026-07-14,BULLISH_TO_BEARISH,34.5,WEAK,-1.0,4876.2,-0.44706943931750504,-2.0815389032443297,-2.2743119642344563
HEROMOTOCO,2026-07-21,BEARISH_TO_BULLISH,14.7,WEAK,1.0,4987.1,,,
HFCL,2025-07-29,BEARISH_TO_BULLISH,43.8,MODERATE,1.0,77.0,-1.8441558441558463,-2.5844155844155776,-5.376623376623377
HFCL,2025-07-31,BULLISH_TO_BEARISH,69.2,STRONG,-1.0,73.26,-2.3887523887523887,0.5460005460005537,0.4231504231504262
HFCL,2025-08-20,BEARISH_TO_BULLISH,33.0,WEAK,1.0,72.8,1.1263736263736366,-1.3461538461538516,-3.51648351648352
HFCL,2025-08-29,BULLISH_TO_BEARISH,40.0,MODERATE,-1.0,71.33,1.4720314033366007,1.8785924575914812,0.5046964811439779
HFCL,2025-09-16,BEARISH_TO_BULLISH,75.0,STRONG,1.0,75.12,3.3546325878594194,-0.35942492012780913,0.7321618743343945
HFCL,2025-10-01,BULLISH_TO_BEARISH,53.6,MODERATE,-1.0,75.87,1.8848029524186196,3.492816660076454,-0.22406748385396294
HFCL,2025-10-24,BEARISH_TO_BULLISH,41.9,MODERATE,1.0,76.85,-1.5484710474951173,-2.836694860117102,0.871828236824986
HFCL,2025-10-28,BULLISH_TO_BEARISH,47.7,MODERATE,-1.0,77.15,3.2145171743357146,-0.47958522359039574,3.1885936487362385
HFCL,2025-11-12,BEARISH_TO_BULLISH,24.2,WEAK,1.0,75.69,0.22460034350640998,-1.8100145329634096,-3.025498744880423
HFCL,2025-11-19,BULLISH_TO_BEARISH,63.6,STRONG,-1.0,73.4,2.3841961852861036,3.664850136239798,2.6702997275204465
HFCL,2025-12-17,BEARISH_TO_BULLISH,11.8,WEAK,1.0,64.62,-0.773754255648406,2.5379139585267727,-4.874651810584966
HINDALCO,2025-07-24,BEARISH_TO_BULLISH,32.4,WEAK,1.0,693.45,-0.5912466652246049,-0.6705602422669393,-3.0283365779796667
HINDALCO,2025-08-04,BULLISH_TO_BEARISH,13.8,WEAK,-1.0,687.1,0.3274632513462378,2.088487847474898,2.9180614175520403
HINDALCO,2025-09-04,BEARISH_TO_BULLISH,29.3,WEAK,1.0,743.8,-0.6789459532132233,-0.08738908308684826,1.9158375907502017
HINDALCO,2025-09-09,BULLISH_TO_BEARISH,11.3,WEAK,-1.0,743.15,0.0672811680010765,-1.4129045280226065,-0.9352082352149694
HINDALCO,2025-09-23,BEARISH_TO_BULLISH,28.5,WEAK,1.0,741.05,0.6207408406990113,1.7205316780244249,3.3600971594359477
HINDALCO,2025-09-25,BULLISH_TO_BEARISH,23.0,WEAK,-1.0,743.85,-1.3376352759292776,-2.971029105330379,-4.4162129461585025
HINDALCO,2025-09-29,BEARISH_TO_BULLISH,22.6,WEAK,1.0,761.95,0.5249688299757201,1.935822560535468,0.8202637968370627
HINDALCO,2025-10-06,BULLISH_TO_BEARISH,19.5,WEAK,-1.0,767.8,-0.0520969002344479,-0.8009898411044661,1.0028653295128853
HINDALCO,2025-10-16,BEARISH_TO_BULLISH,70.4,STRONG,1.0,772.8,1.7533643892339634,2.536231884057974,8.80564182194618
HINDALCO,2025-10-31,BULLISH_TO_BEARISH,20.2,WEAK,-1.0,847.15,1.859174880481615,6.698931712211532,6.30348816620433
HINDALCO,2025-11-12,BEARISH_TO_BULLISH,24.2,WEAK,1.0,811.95,-1.0222304329084386,-1.8227723381981733,-1.4963975614262073
HINDALCO,2025-11-19,BULLISH_TO_BEARISH,37.9,MODERATE,-1.0,799.8,2.769442360590145,1.3065766441610318,-0.9689922480620154
HINDALCO,2025-12-02,BEARISH_TO_BULLISH,28.3,WEAK,1.0,816.3,-0.6737718975866716,0.3858875413451049,0.6676466985177074
HINDALCO,2025-12-16,BULLISH_TO_BEARISH,25.5,WEAK,-1.0,848.8,-0.930725730442989,-1.8555607917059378,-1.843779453345911
HINDALCO,2025-12-31,BEARISH_TO_BULLISH,17.7,WEAK,1.0,894.95,3.435946142242583,5.2852114643276105,1.0056427733392925
HINDALCO,2026-01-07,BULLISH_TO_BEARISH,25.8,WEAK,-1.0,903.95,0.3318767630953039,-3.5787377620443506,-3.396205542341936
HINDALCO,2026-01-14,BEARISH_TO_BULLISH,50.2,MODERATE,1.0,934.65,0.5670571871823751,0.48681324559996453,1.6744235810196306
HINDALCO,2026-02-06,BULLISH_TO_BEARISH,10.6,WEAK,-1.0,964.25,-0.48224008296603343,-0.01555613170857944,5.890588540316304
HINDALCO,2026-02-19,BEARISH_TO_BULLISH,43.4,MODERATE,1.0,935.7,-2.0840012824623275,0.18168216308645202,-1.175590467030031
HINDALCO,2026-03-16,BULLISH_TO_BEARISH,16.0,WEAK,-1.0,936.65,0.3843484759515318,6.662040249826508,8.754604174451503
HINDALCO,2026-04-16,BEARISH_TO_BULLISH,74.1,STRONG,1.0,1039.0,-2.285851780558229,0.08662175168432058,0.8999037536092309
HINDALCO,2026-04-20,BULLISH_TO_BEARISH,49.6,MODERATE,-1.0,1021.65,-1.7863260412078614,-2.613419468506821,-5.153428277785933
HINDALCO,2026-04-22,BEARISH_TO_BULLISH,32.0,WEAK,1.0,1041.35,0.6722043501224373,3.164161905219191,-0.3216977961300148
HINDALCO,2026-05-04,BULLISH_TO_BEARISH,4.2,WEAK,-1.0,1054.7,0.8438418507632588,0.976581018299038,1.2610220915900212
HINDALCO,2026-05-20,BEARISH_TO_BULLISH,19.4,WEAK,1.0,1099.3,0.9005730919676241,0.40935140543982534,2.4924952242336116
HINDALCO,2026-05-26,BULLISH_TO_BEARISH,4.4,WEAK,-1.0,1149.7,2.0005218752718097,0.2957293206923624,2.096199008436995
HINDALCO,2026-06-30,BEARISH_TO_BULLISH,19.6,WEAK,1.0,939.7,1.0109609449824413,4.331169522187925,3.400021283388308
HINDALCO,2026-07-02,BULLISH_TO_BEARISH,14.8,WEAK,-1.0,953.2,-2.8535459504825775,-1.935585396558952,-1.4949643306756188
HINDALCO,2026-07-21,BEARISH_TO_BULLISH,16.2,WEAK,1.0,950.0,,,
HINDCOPPER,2025-07-03,BEARISH_TO_BULLISH,2.6,WEAK,1.0,277.15,-0.9381201515424739,-4.474111491971849,-5.177701605628709
HINDCOPPER,2025-07-23,BULLISH_TO_BEARISH,8.0,WEAK,-1.0,273.75,5.3881278538812785,5.607305936073067,11.105022831050231
HINDCOPPER,2025-07-30,BEARISH_TO_BULLISH,28.4,WEAK,1.0,243.35,,,
HINDPETRO,2025-07-11,BULLISH_TO_BEARISH,61.9,STRONG,-1.0,429.9,-0.8257734356827195,-2.349383577576186,-0.4187020237264507
HINDPETRO,2025-07-31,BEARISH_TO_BULLISH,8.2,WEAK,1.0,403.8,1.2010896483407543,-0.594353640416056,1.41158989598811
HINDPETRO,2025-08-04,BULLISH_TO_BEARISH,26.6,WEAK,-1.0,402.45,0.2609019754006737,-1.7517704062616504,-1.391477202136917
HINDPETRO,2025-08-20,BEARISH_TO_BULLISH,9.8,WEAK,1.0,393.15,-0.6104540251812227,-2.594429607020219,-4.38763830599008
HINDPETRO,2025-09-02,BULLISH_TO_BEARISH,28.2,WEAK,-1.0,387.25,0.6843124596513821,-1.7172369270497039,-1.342801807617815
HINDPETRO,2025-09-11,BEARISH_TO_BULLISH,32.0,WEAK,1.0,398.75,0.27586206896552296,1.730407523510966,3.586206896551727
HINDPETRO,2025-09-17,BULLISH_TO_BEARISH,11.8,WEAK,-1.0,408.6,-1.0890846793930467,-3.8423886441507555,-3.646598139990205
HINDPETRO,2025-09-26,BEARISH_TO_BULLISH,10.4,WEAK,1.0,441.75,0.37351443123938366,1.0299943406904384,2.829654782116582
HINDPETRO,2025-09-30,BULLISH_TO_BEARISH,13.7,WEAK,-1.0,434.4,-2.7394106813996397,-4.569521178637206,-5.4327808471454935
HINDPETRO,2025-10-16,BEARISH_TO_BULLISH,18.6,WEAK,1.0,448.6,0.9696834596522439,-1.7610343290236368,1.14801604993312
HINDPETRO,2025-11-06,BULLISH_TO_BEARISH,37.1,MODERATE,-1.0,479.55,-0.5108956313210278,-1.115629235741834,-0.35449900948805935
HINDPETRO,2025-11-20,BEARISH_TO_BULLISH,14.3,WEAK,1.0,471.9,-1.8753973299427775,-1.1972875609239197,-3.051493960584865
HINDPETRO,2025-11-25,BULLISH_TO_BEARISH,42.8,MODERATE,-1.0,466.25,0.6112600536193078,3.0670241286863296,3.3351206434316376
HINDPETRO,2025-12-18,BEARISH_TO_BULLISH,27.1,WEAK,1.0,469.75,1.2346993081426314,0.20223523150611783,0.9366684406599206
HINDPETRO,2026-01-02,BULLISH_TO_BEARISH,42.8,MODERATE,-1.0,492.4,2.0511779041429663,8.164094232331436,8.397644191714047
HINDPETRO,2026-02-19,BEARISH_TO_BULLISH,40.0,MODERATE,1.0,430.9,1.7637502900905135,1.3460199582269694,1.8217683917382277
HINDPETRO,2026-02-27,BULLISH_TO_BEARISH,27.3,WEAK,-1.0,424.5,5.429917550058896,4.605418138987046,8.751472320376909
HINDPETRO,2026-03-20,BEARISH_TO_BULLISH,51.9,MODERATE,1.0,319.15,5.530314898950349,6.814977283409056,5.138649537834885
HINDPETRO,2026-04-01,BULLISH_TO_BEARISH,40.8,MODERATE,-1.0,326.0,-0.6288343558282243,-11.733128834355828,-10.613496932515345
HINDPETRO,2026-04-08,BEARISH_TO_BULLISH,47.8,MODERATE,1.0,358.0,0.7262569832402298,2.4162011173184292,3.5893854748603418
HINDPETRO,2026-04-30,BULLISH_TO_BEARISH,41.5,MODERATE,-1.0,373.85,-0.013374348000522809,-6.058579644242337,-1.0565734920422598
HINDPETRO,2026-05-12,BEARISH_TO_BULLISH,8.8,WEAK,1.0,390.1,-3.2171238144065653,-7.997949243783656,-1.8841322737759607
HINDPETRO,2026-05-14,BULLISH_TO_BEARISH,55.0,MODERATE,-1.0,366.4,2.0469432314410483,-4.462336244541492,-6.345524017467249
HINDPETRO,2026-05-20,BEARISH_TO_BULLISH,23.3,WEAK,1.0,388.8,0.21862139917694598,2.3662551440329187,1.2988683127572045
HINDPETRO,2026-05-29,BULLISH_TO_BEARISH,62.5,STRONG,-1.0,388.6,1.2480699948533254,0.41173443129182263,4.078744209984565
HINDPETRO,2026-06-24,BEARISH_TO_BULLISH,75.0,STRONG,1.0,409.25,-4.801466096518015,-4.190592547342694,-2.443494196701283
HINDPETRO,2026-07-02,BULLISH_TO_BEARISH,5.4,WEAK,-1.0,399.25,-0.2755165936130301,3.105823418910451,0.9893550407013121
HINDPETRO,2026-07-22,BEARISH_TO_BULLISH,11.5,WEAK,1.0,,,,
HINDUNILVR,2025-07-14,BEARISH_TO_BULLISH,0.5,WEAK,1.0,2526.9,-0.3680398907752654,-1.4761169812814192,-1.8679013811389558
HINDUNILVR,2025-07-21,BULLISH_TO_BEARISH,17.9,WEAK,-1.0,2479.7,1.181594547727537,2.5930556115659047,1.0525466790337505
HINDUNILVR,2025-07-28,BEARISH_TO_BULLISH,8.9,WEAK,1.0,2453.6,-0.6602543201825815,4.075643951744376,3.305347244864685
HINDUNILVR,2025-08-04,BULLISH_TO_BEARISH,8.0,WEAK,-1.0,2534.7,-0.03156192054287221,1.4242316644967812,2.0081271945397736
HINDUNILVR,2025-08-06,BEARISH_TO_BULLISH,22.0,WEAK,1.0,2517.5,-0.7507447864945419,-1.3386295928500425,-1.465739821251245
HINDUNILVR,2025-08-08,BULLISH_TO_BEARISH,8.8,WEAK,-1.0,2518.4,1.3738881829733127,1.5009529860228787,-3.430749682337996
HINDUNILVR,2025-08-19,BEARISH_TO_BULLISH,16.3,WEAK,1.0,2669.8,-0.8165405648363241,-1.4345643868454632,-0.5768222338752
HINDUNILVR,2025-08-29,BULLISH_TO_BEARISH,34.2,WEAK,-1.0,2649.4,-1.0417453008228243,-0.6567524722578731,0.9624820714123952
HINDUNILVR,2025-09-30,BEARISH_TO_BULLISH,20.3,WEAK,1.0,2536.1,0.346989472023981,-0.7610110011434773,-0.7314380347777977
HINDUNILVR,2025-10-03,BULLISH_TO_BEARISH,2.4,WEAK,-1.0,2541.8,0.9835549610512235,0.9540483122196868,1.9297348335825075
HINDUNILVR,2025-10-15,BEARISH_TO_BULLISH,10.4,WEAK,1.0,2561.45,1.649456362607117,1.1848757539674937,-1.7568174276288822
HINDUNILVR,2025-10-20,BULLISH_TO_BEARISH,32.6,WEAK,-1.0,2591.8,-0.3703989505363033,3.0866579211358895,3.9972220078709917
HINDUNILVR,2025-10-28,BEARISH_TO_BULLISH,7.6,WEAK,1.0,2488.2,-0.7475283337352266,-1.1333494092114709,-2.095892613133978
HINDUNILVR,2025-10-30,BULLISH_TO_BEARISH,38.1,MODERATE,-1.0,2465.55,0.22510190424044055,1.196487599115816,2.30171766948551
HINDUNILVR,2025-11-21,BEARISH_TO_BULLISH,10.0,WEAK,1.0,2424.2,-0.4166322910650899,1.1261447075323894,1.662404092071619
HINDUNILVR,2025-11-27,BULLISH_TO_BEARISH,9.8,WEAK,-1.0,2466.6,0.08513743614691921,0.74596610719209,5.189329441336253
HINDUNILVR,2025-12-05,BEARISH_TO_BULLISH,27.4,WEAK,1.0,2314.0,-0.324114088159032,-0.378133102852204,-0.8859118409680208
HINDUNILVR,2025-12-09,BULLISH_TO_BEARISH,15.4,WEAK,-1.0,2301.7,-0.1542338271712292,0.35625841769126376,1.1339444758222146
HINDUNILVR,2025-12-23,BEARISH_TO_BULLISH,7.2,WEAK,1.0,2282.35,0.13363419282757605,0.3439437421955401,1.781058996210051
HINDUNILVR,2026-01-01,BULLISH_TO_BEARISH,10.7,WEAK,-1.0,2348.0,-1.5374787052810863,-2.1869676320272537,-1.049829642248726
HINDUNILVR,2026-01-19,BEARISH_TO_BULLISH,24.0,WEAK,1.0,2379.05,-0.4644711124188302,1.282024337445619,-0.027321830142287503
HINDUNILVR,2026-01-21,BULLISH_TO_BEARISH,26.4,WEAK,-1.0,2390.6,-0.7926880281101093,0.5103321341922454,0.7362168493265251
HINDUNILVR,2026-01-23,BEARISH_TO_BULLISH,17.4,WEAK,1.0,2400.9,-0.9371485692865176,-1.1620642259152856,-1.3453288350202084
HINDUNILVR,2026-02-02,BULLISH_TO_BEARISH,24.7,WEAK,-1.0,2368.6,-0.1013256776154729,-2.3473781980916963,-3.5886177488811954
HINDUNILVR,2026-02-17,BEARISH_TO_BULLISH,6.2,WEAK,1.0,2323.5,-1.9023025607919009,0.9425435765009723,2.212179901011409
HINDUNILVR,2026-02-25,BULLISH_TO_BEARISH,38.7,MODERATE,-1.0,2383.3,1.8965300213989118,5.118952712625351,6.61267989762096
HINDUNILVR,2026-03-24,BEARISH_TO_BULLISH,17.1,WEAK,1.0,2135.0,-2.8384074941451947,-3.292740046838416,-2.3512880562060805
HINDUNILVR,2026-04-02,BULLISH_TO_BEARISH,24.2,WEAK,-1.0,2084.8,-1.2375287797390504,-2.3215656178050477,-2.0337682271680557
HINDUNILVR,2026-06-29,BEARISH_TO_BULLISH,10.3,WEAK,1.0,2118.2,3.011991313379293,3.9184213011047118,4.2772165045793775
HINDUNILVR,2026-07-09,BULLISH_TO_BEARISH,20.5,WEAK,-1.0,2150.5,0.9253661939083977,2.2273889793071424,0.31155545222040537
HINDZINC,2025-07-15,BEARISH_TO_BULLISH,16.1,WEAK,1.0,435.2,0.436580882352949,2.171415441176468,2.6769301470588314
HINDZINC,2025-08-04,BULLISH_TO_BEARISH,21.9,WEAK,-1.0,421.2,0.29677113010446343,0.11870845204178537,-0.5341880341880342
HINDZINC,2025-08-18,BEARISH_TO_BULLISH,26.1,WEAK,1.0,428.65,0.3149422605855646,-0.8748396127376648,0.3499358450950659
HINDZINC,2025-08-26,BULLISH_TO_BEARISH,18.6,WEAK,-1.0,421.7,0.580981740573865,-4.552999762864593,-3.7704529286222512
HINDZINC,2025-09-03,BEARISH_TO_BULLISH,30.8,WEAK,1.0,437.6,0.5712979890310786,-0.9483546617915983,1.9766910420475268
HINDZINC,2025-09-09,BULLISH_TO_BEARISH,36.5,MODERATE,-1.0,432.85,-3.095760656116432,-6.307034769550642,-6.145315929305756
HINDZINC,2025-09-30,BEARISH_TO_BULLISH,63.6,STRONG,1.0,481.35,2.108652747481038,1.7762542848239231,6.419445310065436
HINDZINC,2025-10-06,BULLISH_TO_BEARISH,45.0,MODERATE,-1.0,489.9,-0.1122678097570956,-1.7146356399265226,-3.2149418248622172
HINDZINC,2025-10-27,BEARISH_TO_BULLISH,18.6,WEAK,1.0,471.2,2.6315789473684283,1.1141765704584041,0.4562818336163061
HINDZINC,2025-10-31,BULLISH_TO_BEARISH,27.1,WEAK,-1.0,480.65,1.51877665661083,1.2795173202954286,-1.4251534380526418
HINDZINC,2025-11-20,BEARISH_TO_BULLISH,28.7,WEAK,1.0,458.25,-0.9274413529732678,2.618657937806874,5.881069285324602
HINDZINC,2025-11-28,BULLISH_TO_BEARISH,15.4,WEAK,-1.0,499.85,0.8402520756226958,0.6201860558167496,1.8905671701510542
HINDZINC,2025-12-10,BEARISH_TO_BULLISH,48.2,MODERATE,1.0,522.65,7.461972639433656,8.619535061704788,13.297617908734335
HINDZINC,2026-01-06,BULLISH_TO_BEARISH,3.0,WEAK,-1.0,630.0,6.23015873015873,0.28571428571427854,-3.841269841269848
HINDZINC,2026-01-27,BEARISH_TO_BULLISH,75.0,STRONG,1.0,708.2,0.9884213499011578,-13.859079356114105,-9.735950296526411
HINDZINC,2026-01-30,BULLISH_TO_BEARISH,75.0,STRONG,-1.0,610.05,-2.9833620195066057,-0.12294074256208509,-3.1226948610769725
HINDZINC,2026-02-03,BEARISH_TO_BULLISH,47.6,MODERATE,1.0,639.25,-4.45052796245601,-1.5877982010168128,-1.6660148611654249
HINDZINC,2026-02-06,BULLISH_TO_BEARISH,32.4,WEAK,-1.0,629.1,1.812112541726272,0.8583690987124427,5.563503417580671
HINDZINC,2026-02-17,BEARISH_TO_BULLISH,11.3,WEAK,1.0,585.25,-0.1964972234087958,0.9568560444254631,5.775309696710799
HINDZINC,2026-03-05,BULLISH_TO_BEARISH,35.2,MODERATE,-1.0,586.85,2.019255346340636,-0.12780097128738177,5.947005197239495
HINDZINC,2026-03-27,BEARISH_TO_BULLISH,29.9,WEAK,1.0,502.15,4.4409041123170505,4.759534003783726,11.391018619934293
HINDZINC,2026-04-20,BULLISH_TO_BEARISH,27.9,WEAK,-1.0,588.5,-2.76125743415463,-0.0,-4.689889549702637
HINDZINC,2026-05-06,BEARISH_TO_BULLISH,61.4,STRONG,1.0,636.55,-0.22779043280181163,0.840468148613624,5.137067001806622
HINDZINC,2026-05-11,BULLISH_TO_BEARISH,20.9,WEAK,-1.0,641.9,-3.9258451472192,0.6387287739523325,1.4488238043308856
HINDZINC,2026-05-13,BEARISH_TO_BULLISH,71.6,STRONG,1.0,669.25,-4.699290250280171,-5.476279417258121,-6.156144938363847
HINDZINC,2026-05-18,BULLISH_TO_BEARISH,35.1,MODERATE,-1.0,632.6,0.33986721466961384,0.05532722099273202,-2.33955105912108
HINDZINC,2026-05-21,BEARISH_TO_BULLISH,28.8,WEAK,1.0,632.25,0.3558718861209964,2.625543693159355,-0.9489916963226572
HINDZINC,2026-06-01,BULLISH_TO_BEARISH,45.3,MODERATE,-1.0,625.1,2.327627579587277,9.32650775875861,9.830427131658942
HINDZINC,2026-06-22,BEARISH_TO_BULLISH,15.8,WEAK,1.0,546.8,-0.8869787856620172,-3.8953913679590264,-4.096561814191657
HINDZINC,2026-07-02,BULLISH_TO_BEARISH,53.1,MODERATE,-1.0,536.55,-0.7082284968782161,1.1648495014444136,-0.07455036809245942
HINDZINC,2026-07-21,BEARISH_TO_BULLISH,40.9,MODERATE,1.0,535.4,,,
HUDCO,2025-07-03,BEARISH_TO_BULLISH,5.8,WEAK,1.0,231.4,-1.7588591184096773,-0.6222990492653404,-0.29818496110630843
HUDCO,2025-07-10,BULLISH_TO_BEARISH,24.2,WEAK,-1.0,230.71,-0.312080100559143,-0.8018724806033525,1.976507303541243
HUDCO,2025-07-30,BEARISH_TO_BULLISH,20.0,WEAK,1.0,212.27,-0.8715315400197968,3.0480048994205484,-0.7537570075846906
HUDCO,2025-08-01,BULLISH_TO_BEARISH,12.4,WEAK,-1.0,218.9,0.07309273640931777,3.759707629054371,3.915029693924163
HUDCO,2025-08-14,BEARISH_TO_BULLISH,16.8,WEAK,1.0,210.94,1.5596852185455543,0.9007300654214496,1.028728548402397
HUDCO,2025-08-21,BULLISH_TO_BEARISH,25.6,WEAK,-1.0,211.84,-0.5995090634441136,3.2902190332326278,0.23130664652568403
HUDCO,2025-08-25,BEARISH_TO_BULLISH,24.7,WEAK,1.0,207.89,-1.4526913271441542,1.6643417191784156,4.11275193612007
HUDCO,2025-09-03,BULLISH_TO_BEARISH,28.2,WEAK,-1.0,214.19,-0.5509127410243274,-0.7750128390681155,-1.0691442177505914
HUDCO,2025-09-22,BEARISH_TO_BULLISH,55.0,MODERATE,1.0,235.23,-1.1478127789822679,-6.457509671385451,-4.931343791183095
HUDCO,2025-09-24,BULLISH_TO_BEARISH,42.5,MODERATE,-1.0,228.45,3.6813307069380596,2.1098708688990997,-2.337491792514775
HUDCO,2025-09-30,BEARISH_TO_BULLISH,35.6,MODERATE,1.0,232.47,0.5678152019615406,-0.4387662924248334,-1.2990923560029295
HUDCO,2025-10-13,BULLISH_TO_BEARISH,20.9,WEAK,-1.0,224.95,-1.6892642809513276,0.17781729273170804,-1.44476550344521
HUDCO,2025-10-21,BEARISH_TO_BULLISH,1.6,WEAK,1.0,228.75,-0.8306010928961773,-1.2459016393442597,4.808743169398907
HUDCO,2025-10-30,BULLISH_TO_BEARISH,35.8,MODERATE,-1.0,237.0,-0.14767932489451238,4.008438818565401,1.35021097046413
HUDCO,2025-11-25,BEARISH_TO_BULLISH,45.6,MODERATE,1.0,239.15,0.1672590424419844,-0.27179594396822315,-5.749529583943132
HUDCO,2025-12-03,BULLISH_TO_BEARISH,75.0,STRONG,-1.0,222.35,-1.281762986282885,3.9802113784573843,4.407465707218342
HUDCO,2025-12-22,BEARISH_TO_BULLISH,30.6,WEAK,1.0,216.05,0.09257116408238307,4.95255727840777,5.600555426984491
HUDCO,2026-01-05,BULLISH_TO_BEARISH,57.6,MODERATE,-1.0,224.85,-0.8672448298865987,4.425172337113626,4.358461196353117
HUDCO,2026-02-04,BEARISH_TO_BULLISH,64.9,STRONG,1.0,194.75,-1.3350449293966595,-0.436456996148906,3.5686777920410724
HUDCO,2026-02-06,BULLISH_TO_BEARISH,35.2,MODERATE,-1.0,194.85,0.4875545291249621,-3.515524762637924,-0.9494482935591452
HUDCO,2026-02-20,BEARISH_TO_BULLISH,41.5,MODERATE,1.0,194.1,-2.0865533230293574,-2.0092735703245777,-6.362699639361151
HUDCO,2026-03-02,BULLISH_TO_BEARISH,52.5,MODERATE,-1.0,176.15,-1.192165767811521,1.1353959693443088,-0.7947771785410195
HUDCO,2026-04-02,BEARISH_TO_BULLISH,26.0,WEAK,1.0,169.52,1.5691363850873032,7.320670127418591,10.895469561113732
HUDCO,2026-04-13,BULLISH_TO_BEARISH,1.6,WEAK,-1.0,189.29,-2.3139098737387056,-5.351576945427648,-5.599873210417875
HUDCO,2026-04-20,BEARISH_TO_BULLISH,23.6,WEAK,1.0,198.65,0.6242134407248833,6.4032217467908366,8.255726151522781
HUDCO,2026-04-22,BULLISH_TO_BEARISH,13.7,WEAK,-1.0,204.48,-3.369522691705798,-5.169209702660417,
HUDCO,2026-04-28,BEARISH_TO_BULLISH,40.0,MODERATE,1.0,,,,
ICICIBANK,2025-07-21,BEARISH_TO_BULLISH,54.0,MODERATE,1.0,1473.6,1.017915309446254,0.23751357220412597,0.8550488599348627
ICICIBANK,2025-07-25,BULLISH_TO_BEARISH,42.1,MODERATE,-1.0,1488.4,0.1478097285675924,0.47030368180596616,1.693093254501481
ICICIBANK,2025-10-01,BEARISH_TO_BULLISH,36.2,MODERATE,1.0,1365.2,-0.13184881336067641,0.3735716378552526,1.1060650454145846
ICICIBANK,2025-10-06,BULLISH_TO_BEARISH,60.7,STRONG,-1.0,1375.9,0.4070063231339586,-0.31979068246237835,-0.595973544588983
ICICIBANK,2025-10-15,BEARISH_TO_BULLISH,45.2,MODERATE,1.0,1417.3,1.3617441614337087,-2.4906512382699466,-2.801100684399919
ICICIBANK,2025-10-20,BULLISH_TO_BEARISH,55.0,MODERATE,-1.0,1382.0,1.327785817655565,0.31837916063676486,0.8393632416787198
ICICIBANK,2025-10-27,BEARISH_TO_BULLISH,40.0,MODERATE,1.0,1363.1,0.5355439806323955,-1.3058469664734764,-1.9220893551463443
ICICIBANK,2025-10-29,BULLISH_TO_BEARISH,48.2,MODERATE,-1.0,1362.4,1.2551379917792231,1.8716970052847912,1.4239577216676518
ICICIBANK,2025-11-10,BEARISH_TO_BULLISH,23.5,WEAK,1.0,1358.3,0.04417286313775576,1.0822351468747733,1.1116837222999438
ICICIBANK,2025-11-17,BULLISH_TO_BEARISH,8.9,WEAK,-1.0,1373.4,-0.7062763943497755,0.2694043978447681,1.1358671909130722
ICICIBANK,2025-11-24,BEARISH_TO_BULLISH,40.0,MODERATE,1.0,1357.8,1.2667550449256184,2.2831050228310503,1.1194579466784538
ICICIBANK,2025-11-28,BULLISH_TO_BEARISH,55.6,MODERATE,-1.0,1390.1,1.2301273289691323,0.2481835839148132,0.035968635349974826
ICICIBANK,2025-12-26,BEARISH_TO_BULLISH,4.8,WEAK,1.0,1343.3,-0.05955482766321407,-0.40199508672670764,2.0993076751284185
ICICIBANK,2026-01-01,BULLISH_TO_BEARISH,52.5,MODERATE,-1.0,1355.4,-1.1878412276818584,-5.356352368304552,-3.6077910579902506
ICICIBANK,2026-01-27,BEARISH_TO_BULLISH,46.7,MODERATE,1.0,1367.7,1.166191416246256,-1.0894201944871018,2.9757987862835447
ICICIBANK,2026-02-02,BULLISH_TO_BEARISH,60.8,STRONG,-1.0,1389.7,-1.3456141613297867,-1.1801108152838644,-1.2088940059005508
ICICIBANK,2026-02-04,BEARISH_TO_BULLISH,36.1,MODERATE,1.0,1396.4,0.6946433686622613,0.7232884560297843,2.4097679747923135
ICICIBANK,2026-02-06,BULLISH_TO_BEARISH,40.0,MODERATE,-1.0,1396.3,-0.7305020411086476,-2.4171023419036026,-1.0778485998710845
ICICIBANK,2026-02-11,BEARISH_TO_BULLISH,7.8,WEAK,1.0,1430.05,-1.0803818048320022,-1.576867941680358,-2.877521764973243
ICICIBANK,2026-02-16,BULLISH_TO_BEARISH,2.5,WEAK,-1.0,1407.5,-0.046181172291303085,0.9236234458259326,1.612788632326824
ICICIBANK,2026-02-23,BEARISH_TO_BULLISH,21.0,WEAK,1.0,1384.8,1.1265164644714138,-0.42605430387058524,-1.4009243212016078
ICICIBANK,2026-02-25,BULLISH_TO_BEARISH,18.7,WEAK,-1.0,1404.9,1.8506655277955724,2.8115880133817353,6.512919068972881
ICICIBANK,2026-03-11,BEARISH_TO_BULLISH,25.7,WEAK,1.0,1266.45,-0.9198941924276594,1.7568794662244858,-1.2870622606498443
ICICIBANK,2026-03-13,BULLISH_TO_BEARISH,56.7,MODERATE,-1.0,1272.9,-1.2412601146987157,1.7872574436326498,3.943750491004795
ICICIBANK,2026-03-25,BEARISH_TO_BULLISH,38.0,MODERATE,1.0,1233.8,-2.2613065326633057,-1.4548549197600946,0.9482898362781687
ICICIBANK,2026-04-20,BULLISH_TO_BEARISH,40.0,MODERATE,-1.0,1388.4,1.498127340823983,4.479976951887068,6.943244021895713
ICICIBANK,2026-05-15,BEARISH_TO_BULLISH,20.0,WEAK,1.0,1251.1,-0.8232755175445573,-0.6634161937494968,3.2531372392294817
ICICIBANK,2026-05-20,BULLISH_TO_BEARISH,44.8,MODERATE,-1.0,1242.8,-1.729964596073383,-2.920823945928545,-1.0943031863534065
ICICIBANK,2026-05-25,BEARISH_TO_BULLISH,50.9,MODERATE,1.0,1279.1,-0.5003518098663017,-3.0802908294894746,-2.900476897818772
ICICIBANK,2026-05-29,BULLISH_TO_BEARISH,53.5,MODERATE,-1.0,1239.7,1.056707267887403,-0.9679761232556263,-0.846979107848673
ICICIBANK,2026-06-10,BEARISH_TO_BULLISH,47.2,MODERATE,1.0,1317.0,1.8071374335611203,1.3135914958238386,1.9210326499620314
ICICIBANK,2026-06-23,BULLISH_TO_BEARISH,49.8,MODERATE,-1.0,1373.6,-1.0192195690157253,-0.11648223645894995,-1.921956901572517
ICICIBANK,2026-06-25,BEARISH_TO_BULLISH,12.0,WEAK,1.0,1387.6,-0.893629287979235,0.8936292879792513,2.8250216200634224
ICICIBANK,2026-06-30,BULLISH_TO_BEARISH,64.5,STRONG,-1.0,1379.8,-1.4639802869981189,-3.406290766777794,-0.05797941730685277
ICICIBANK,2026-07-02,BEARISH_TO_BULLISH,21.2,WEAK,1.0,1411.1,1.1126071858833566,-2.161434342002693,-0.7015803274041432
ICICIBANK,2026-07-08,BULLISH_TO_BEARISH,60.9,STRONG,-1.0,1380.9,-1.4700557607357487,-1.94076327033094,-2.701136939677019
ICICIBANK,2026-07-17,BEARISH_TO_BULLISH,46.7,MODERATE,1.0,1460.2,0.19860293110531868,,
ICICIGI,2025-07-22,BEARISH_TO_BULLISH,8.3,WEAK,1.0,1936.8,-1.5437835605121781,-1.6883519206939306,-0.8467575382073452
ICICIGI,2025-08-22,BULLISH_TO_BEARISH,25.9,WEAK,-1.0,1919.0,2.4127149557060945,4.137571651902037,5.018238665971858
ICICIGI,2025-08-26,BEARISH_TO_BULLISH,6.6,WEAK,1.0,1860.3,-1.1127237542331907,-2.021179379669941,0.6020534322421139
ICICIGI,2025-10-03,BULLISH_TO_BEARISH,0.9,WEAK,-1.0,1925.8,1.0281441478865903,2.238030948177376,4.792813376259215
ICICIGI,2025-10-16,BEARISH_TO_BULLISH,7.9,WEAK,1.0,2001.0,0.5047476261869019,-1.0894552723638158,-0.729635182408791
ICICIGI,2025-10-20,BULLISH_TO_BEARISH,9.5,WEAK,-1.0,2007.0,1.3851519681116071,1.026407573492771,-1.1410064773293518
ICICIGI,2026-02-10,BEARISH_TO_BULLISH,11.7,WEAK,1.0,1931.7,-0.608272506082725,-0.5021483667236136,1.4495004400269194
ICICIGI,2026-04-10,BULLISH_TO_BEARISH,1.6,WEAK,-1.0,1782.2,-4.25317023903041,-6.138480529682408,-3.243182583323979
ICICIGI,2026-05-18,BEARISH_TO_BULLISH,2.4,WEAK,1.0,1822.8,-2.0847048496818084,0.18104015799868084,2.057274522712311
ICICIGI,2026-05-21,BULLISH_TO_BEARISH,2.4,WEAK,-1.0,1826.1,-1.5442746837522614,-1.3416570834017851,4.282350364164056
ICICIGI,2026-05-25,BEARISH_TO_BULLISH,10.1,WEAK,1.0,1860.3,-0.5214212761382597,-6.0420362307154685,-6.4236951029403855
ICICIGI,2026-06-05,BULLISH_TO_BEARISH,0.2,WEAK,-1.0,1738.4,-2.260699493787388,1.495628163828808,0.24735388863323643
ICICIGI,2026-06-16,BEARISH_TO_BULLISH,20.7,WEAK,1.0,1790.5,2.708740575258308,3.892767383412457,1.742530019547615
ICICIGI,2026-07-06,BULLISH_TO_BEARISH,20.9,WEAK,-1.0,1794.3,-0.5517471994649775,-1.7778520871649162,0.34553865016998525
ICICIGI,2026-07-21,BEARISH_TO_BULLISH,26.8,WEAK,1.0,1583.8,,,
ICICIPRULI,2025-07-16,BULLISH_TO_BEARISH,54.2,MODERATE,-1.0,642.9,1.4154611914761275,2.7687043086016416,3.1186809768237604
ICICIPRULI,2025-07-30,BEARISH_TO_BULLISH,7.2,WEAK,1.0,615.95,-2.4190275184674226,-0.1948210081987248,0.4464648104553941
ICICIPRULI,2025-08-22,BULLISH_TO_BEARISH,3.8,WEAK,-1.0,629.65,2.1202255221154647,4.732788056856977,3.0175494322242518
ICICIPRULI,2025-09-23,BEARISH_TO_BULLISH,10.5,WEAK,1.0,596.65,-0.2765440375429443,-1.257018352467946,-0.008380122349778685
ICICIPRULI,2025-10-10,BULLISH_TO_BEARISH,6.5,WEAK,-1.0,593.6,-0.7496630727762689,1.1118598382749363,-0.5306603773584867
ICICIPRULI,2025-11-12,BEARISH_TO_BULLISH,33.8,WEAK,1.0,630.1,-0.10315822885255947,-0.5237263926361003,-1.8568481193461426
ICICIPRULI,2025-11-21,BULLISH_TO_BEARISH,17.6,WEAK,-1.0,607.4,-0.7984853473822889,-2.938755350675012,-2.3296015805070756
ICICIPRULI,2025-12-19,BEARISH_TO_BULLISH,28.9,WEAK,1.0,650.5,0.061491160645653686,-0.08455034588777163,0.6687163720215255
ICICIPRULI,2026-01-14,BULLISH_TO_BEARISH,54.0,MODERATE,-1.0,678.0,2.514749262536866,4.557522123893802,5.796460176991144
ICICIPRULI,2026-01-21,BEARISH_TO_BULLISH,6.1,WEAK,1.0,653.15,-2.212355507923131,-1.645870014544898,-2.495598254612257
ICICIPRULI,2026-02-10,BULLISH_TO_BEARISH,33.7,WEAK,-1.0,640.95,0.44465246899134453,0.01560184101724358,-1.2325454403619591
ICICIPRULI,2026-02-23,BEARISH_TO_BULLISH,20.8,WEAK,1.0,661.4,1.0356818869065654,-1.0432416087087961,-5.390081644995461
ICICIPRULI,2026-03-04,BULLISH_TO_BEARISH,42.2,MODERATE,-1.0,627.45,2.1356283369192908,4.111881424814737,5.498446091322017
ICICIPRULI,2026-04-17,BEARISH_TO_BULLISH,10.4,WEAK,1.0,557.9,-1.398100017924351,-4.050905180139814,-6.865029575192678
ICICIPRULI,2026-04-21,BULLISH_TO_BEARISH,15.3,WEAK,-1.0,540.05,0.8795481899824091,3.786686417924254,2.907138227941845
ICICIPRULI,2026-05-07,BEARISH_TO_BULLISH,29.1,WEAK,1.0,567.25,-0.2908770383428783,-4.363155575143235,-5.57955046275892
ICICIPRULI,2026-05-19,BULLISH_TO_BEARISH,4.2,WEAK,-1.0,509.25,-0.16691212567501673,-3.4266077565046724,-2.2091310751104567
ICICIPRULI,2026-05-26,BEARISH_TO_BULLISH,0.2,WEAK,1.0,520.5,-3.179634966378484,-7.310278578290108,-8.338136407300668
ICICIPRULI,2026-05-29,BULLISH_TO_BEARISH,46.4,MODERATE,-1.0,488.6,1.2586983217355778,2.3536635284486285,2.7015963978714788
ICICIPRULI,2026-06-16,BEARISH_TO_BULLISH,11.4,WEAK,1.0,503.7,3.6529680365296873,0.5161802660313723,-1.4592019058963601
ICICIPRULI,2026-07-03,BULLISH_TO_BEARISH,34.7,WEAK,-1.0,485.1,-0.5668934240362812,-1.1544011544011472,-7.132549989692852
ICICIPRULI,2026-07-10,BEARISH_TO_BULLISH,50.6,MODERATE,1.0,519.7,-3.030594573792583,-2.0877429286126654,-4.098518375986158
ICICIPRULI,2026-07-16,BULLISH_TO_BEARISH,22.3,WEAK,-1.0,497.15,-0.25143316906366286,-0.4726943578396908,
IDEA,2025-07-10,BEARISH_TO_BULLISH,56.3,MODERATE,1.0,7.17,7.531380753138076,9.205020920502093,7.670850767085074
IDEA,2025-07-18,BULLISH_TO_BEARISH,42.6,MODERATE,-1.0,7.63,3.407601572739185,3.407601572739185,6.553079947575361
IDEA,2025-08-20,BEARISH_TO_BULLISH,55.0,MODERATE,1.0,6.55,7.938931297709931,2.4427480916030557,-0.9160305343511391
IDEA,2025-08-28,BULLISH_TO_BEARISH,70.4,STRONG,-1.0,6.49,-0.77041602465331,-1.2326656394453015,-11.402157164869033
IDEA,2025-09-05,BEARISH_TO_BULLISH,75.0,STRONG,1.0,7.29,-0.274348422496577,1.6460905349794255,11.65980795610426
IDEA,2025-09-09,BULLISH_TO_BEARISH,41.4,MODERATE,-1.0,7.32,-1.2295081967213095,-11.20218579234973,-6.1475409836065475
IDEA,2025-09-12,BEARISH_TO_BULLISH,75.0,STRONG,1.0,8.14,-2.457002457002459,-3.6855036855036936,3.071253071253071
IDEA,2025-09-26,BULLISH_TO_BEARISH,55.0,MODERATE,-1.0,8.24,1.3349514563106726,-7.0388349514563116,-11.407766990291256
IDEA,2025-10-23,BEARISH_TO_BULLISH,75.0,STRONG,1.0,9.62,3.638253638253653,-2.702702702702701,-9.25155925155924
IDEA,2025-10-29,BULLISH_TO_BEARISH,64.2,STRONG,-1.0,8.73,-0.0,-7.789232531500569,-10.080183276059552
IDEA,2025-11-12,BEARISH_TO_BULLISH,66.3,STRONG,1.0,10.47,4.489016236867228,2.5787965616045803,-2.8653295128939895
IDEA,2025-11-19,BULLISH_TO_BEARISH,62.3,STRONG,-1.0,10.17,1.9665683382497472,1.179941002949845,0.5899705014749312
IDEA,2025-12-10,BEARISH_TO_BULLISH,60.0,STRONG,1.0,11.25,3.466666666666672,0.0,0.44444444444445075
IDEA,2025-12-23,BULLISH_TO_BEARISH,40.0,MODERATE,-1.0,12.02,0.6655574043261238,-0.33277870216306926,3.494176372712146
IDEA,2026-01-02,BEARISH_TO_BULLISH,47.8,MODERATE,1.0,11.43,1.3998250218722672,0.6124234470691189,-1.5748031496062969
IDEA,2026-01-08,BULLISH_TO_BEARISH,60.0,STRONG,-1.0,11.26,0.08880994671403007,1.598579040852573,5.950266429840142
IDEA,2026-01-16,BEARISH_TO_BULLISH,29.5,WEAK,1.0,10.59,-4.343720491029264,-3.8715769593956577,-7.176581680830971
IDEA,2026-01-28,BULLISH_TO_BEARISH,40.0,MODERATE,-1.0,10.05,-11.144278606965166,-13.532338308457707,-11.840796019900491
IDEA,2026-02-17,BEARISH_TO_BULLISH,40.0,MODERATE,1.0,11.56,-2.5951557093425666,-5.017301038062285,-7.179930795847751
IDEA,2026-02-20,BULLISH_TO_BEARISH,10.0,WEAK,-1.0,10.98,0.6375227686703122,1.1839708561020108,6.284153005464492
IDEA,2026-03-18,BEARISH_TO_BULLISH,50.3,MODERATE,1.0,8.94,4.474272930648774,-0.6711409395973011,-0.5592841163310843
IDEA,2026-04-01,BULLISH_TO_BEARISH,60.0,STRONG,-1.0,8.58,-2.0979020979020944,-7.226107226107217,-7.808857808857808
IDEA,2026-05-06,BEARISH_TO_BULLISH,75.0,STRONG,1.0,11.23,0.08904719501335517,5.877114870881568,15.494211932324134
IDEA,2026-05-08,BULLISH_TO_BEARISH,40.0,MODERATE,-1.0,12.18,2.380952380952374,-6.486042692939252,-5.582922824302132
IDEA,2026-05-22,BEARISH_TO_BULLISH,44.0,MODERATE,1.0,14.04,0.7122507122507225,-0.35612535612534857,0.8547008547008619
IDEA,2026-05-29,BULLISH_TO_BEARISH,46.7,MODERATE,-1.0,13.95,-1.5053763440860277,-7.02508960573477,-3.2258064516129106
IDEA,2026-06-03,BEARISH_TO_BULLISH,75.0,STRONG,1.0,14.93,0.1339584728734064,-5.29135967849966,-5.09042196918955
IDEA,2026-06-09,BULLISH_TO_BEARISH,49.0,MODERATE,-1.0,13.88,-2.089337175792501,-7.708933717579239,-7.492795389048985
IDEA,2026-06-12,BEARISH_TO_BULLISH,55.0,MODERATE,1.0,14.95,-2.2073578595317733,0.4013377926421438,-0.8695652173912978
IDEA,2026-06-16,BULLISH_TO_BEARISH,51.0,MODERATE,-1.0,14.92,-0.6032171581769428,0.6702412868632683,4.0884718498659485
IDEA,2026-06-18,BEARISH_TO_BULLISH,43.0,MODERATE,1.0,14.92,-0.6702412868632683,-4.0884718498659485,-3.2841823056300283
IDEA,2026-06-22,BULLISH_TO_BEARISH,63.4,STRONG,-1.0,14.45,0.968858131487881,0.13840830449826694,-1.3148788927335728
IDEA,2026-06-30,BEARISH_TO_BULLISH,41.0,MODERATE,1.0,14.64,-1.0928961748633887,-3.756830601092901,-4.84972677595629
IDEA,2026-07-02,BULLISH_TO_BEARISH,65.5,STRONG,-1.0,14.25,1.1228070175438607,2.2456140350877214,0.42105263157895084
IDEA,2026-07-20,BEARISH_TO_BULLISH,40.0,MODERATE,1.0,13.49,0.37064492216455847,,
IDFCFIRSTB,2025-07-02,BEARISH_TO_BULLISH,25.2,WEAK,1.0,77.66,0.28328611898016853,0.25753283543652183,-1.3262941024980701
IDFCFIRSTB,2025-07-11,BULLISH_TO_BEARISH,49.1,MODERATE,-1.0,74.27,1.8042278174229018,1.0636865490776788,0.37700282752120795
IDFCFIRSTB,2025-08-19,BEARISH_TO_BULLISH,69.9,STRONG,1.0,71.25,-1.6421052631578972,-1.361403508771928,-4.491228070175443
IDFCFIRSTB,2025-08-21,BULLISH_TO_BEARISH,48.2,MODERATE,-1.0,69.68,-0.8610792192881663,2.339265212399554,1.0619977037887616
IDFCFIRSTB,2025-08-25,BEARISH_TO_BULLISH,44.3,MODERATE,1.0,68.76,-1.03257707969751,0.2617801047120311,2.6614310645724233
IDFCFIRSTB,2025-08-28,BULLISH_TO_BEARISH,65.2,STRONG,-1.0,67.99,-1.3972643035740593,-3.8240917782026895,-6.780408883659361
IDFCFIRSTB,2025-09-05,BEARISH_TO_BULLISH,62.5,STRONG,1.0,72.27,1.7434620174346276,0.2352290023522924,-0.8994050089940383
IDFCFIRSTB,2025-09-09,BULLISH_TO_BEARISH,40.0,MODERATE,-1.0,72.69,0.3439262622093823,1.472004402256147,1.1693492915118922
IDFCFIRSTB,2025-09-30,BEARISH_TO_BULLISH,41.9,MODERATE,1.0,69.02,0.028977108084627983,4.303100550565052,6.418429440741824
IDFCFIRSTB,2025-10-03,BULLISH_TO_BEARISH,60.0,STRONG,-1.0,71.09,-1.2660008440005506,-3.3197355464903633,-3.6432690955127347
IDFCFIRSTB,2025-10-07,BEARISH_TO_BULLISH,66.3,STRONG,1.0,71.99,2.0280594527017755,2.3475482705931547,1.3613001805806417
IDFCFIRSTB,2025-10-13,BULLISH_TO_BEARISH,45.0,MODERATE,-1.0,72.8,-0.23351648351648585,1.2637362637362661,-5.453296703296702
IDFCFIRSTB,2025-10-20,BEARISH_TO_BULLISH,75.0,STRONG,1.0,76.77,2.8526768268854994,1.641266119577967,3.3606877686596306
IDFCFIRSTB,2025-10-30,BULLISH_TO_BEARISH,62.6,STRONG,-1.0,81.77,-0.2690473278708559,1.7121193591781725,0.6848477436712759
IDFCFIRSTB,2025-11-21,BEARISH_TO_BULLISH,40.0,MODERATE,1.0,77.97,1.7699115044247729,3.2448377581120957,3.514172117481076
IDFCFIRSTB,2025-11-28,BULLISH_TO_BEARISH,42.3,MODERATE,-1.0,80.71,-1.5735348779581344,1.0283731879568805,1.9700161070499187
IDFCFIRSTB,2025-12-02,BEARISH_TO_BULLISH,67.9,STRONG,1.0,80.58,-0.868701911144208,-1.8118639861007617,-0.32266070985356804
IDFCFIRSTB,2025-12-04,BULLISH_TO_BEARISH,44.3,MODERATE,-1.0,80.87,2.1639668603932236,0.6801038704093129,-1.7559045381476464
IDFCFIRSTB,2025-12-15,BEARISH_TO_BULLISH,69.6,STRONG,1.0,83.46,0.5871075964534017,1.4617780972921317,1.845195303139236
IDFCFIRSTB,2025-12-17,BULLISH_TO_BEARISH,6.2,WEAK,-1.0,83.79,-1.06217925766798,-1.444086406492414,-1.5873015873015852
IDFCFIRSTB,2026-01-22,BEARISH_TO_BULLISH,55.0,MODERATE,1.0,82.99,0.6145318713098026,0.5783829377033426,-2.1448367273165454
IDFCFIRSTB,2026-01-30,BULLISH_TO_BEARISH,38.6,MODERATE,-1.0,81.21,-4.482206624799902,-5.257973156015281,-4.371382834626292
IDFCFIRSTB,2026-02-17,BEARISH_TO_BULLISH,42.7,MODERATE,1.0,84.61,-1.9264862309419637,-17.22018673915612,-17.00744592837726
IDFCFIRSTB,2026-02-24,BULLISH_TO_BEARISH,40.0,MODERATE,-1.0,70.22,-3.6884078610082645,-2.221589290800345,-0.2563372258615876
IDFCFIRSTB,2026-03-18,BEARISH_TO_BULLISH,52.6,MODERATE,1.0,62.61,0.5430442421338498,-0.8305382526752851,-1.1819198211148412
IDFCFIRSTB,2026-04-01,BULLISH_TO_BEARISH,40.0,MODERATE,-1.0,60.22,-1.4280969777482555,-9.382265028229833,-9.946861507804709
IDFCFIRSTB,2026-04-08,BEARISH_TO_BULLISH,75.0,STRONG,1.0,65.28,1.424632352941165,2.450980392156854,4.978553921568627
IDFCFIRSTB,2026-04-29,BULLISH_TO_BEARISH,32.3,WEAK,-1.0,69.64,0.07179781734634859,0.07179781734634859,-2.3406088454910905
IDFCFIRSTB,2026-05-08,BEARISH_TO_BULLISH,58.7,MODERATE,1.0,69.22,-2.2247905229702285,-0.9823750361167185,-2.354810748338624
IDFCFIRSTB,2026-05-12,BULLISH_TO_BEARISH,71.1,STRONG,-1.0,68.31,-0.3367003367003425,1.0540184453227914,0.1463914507392893
IDFCFIRSTB,2026-05-25,BEARISH_TO_BULLISH,44.2,MODERATE,1.0,70.22,1.7801196240387354,1.4668185702079195,2.221589290800345
IDFCFIRSTB,2026-05-27,BULLISH_TO_BEARISH,34.3,WEAK,-1.0,71.32,0.09814918676387153,-0.6449803701626584,-1.444195176668538
IDFCFIRSTB,2026-06-05,BEARISH_TO_BULLISH,61.3,STRONG,1.0,71.43,3.1639367212655616,2.127957440851177,9.65980680386391
IDFCFIRSTB,2026-06-11,BULLISH_TO_BEARISH,40.3,MODERATE,-1.0,76.5,-2.3921568627450958,-1.150326797385615,-2.849673202614388
IDFCFIRSTB,2026-06-30,BEARISH_TO_BULLISH,48.2,MODERATE,1.0,78.93,0.7474977828455456,2.7999493221842053,-1.4063093880653914
IDFCFIRSTB,2026-07-14,BULLISH_TO_BEARISH,68.1,STRONG,-1.0,79.47,0.23908393104315806,-2.90675726689317,-1.5729205989681643
IDFCFIRSTB,2026-07-20,BEARISH_TO_BULLISH,68.9,STRONG,1.0,81.66,-1.1511143766838083,,
IEX,2025-07-09,BULLISH_TO_BEARISH,40.0,MODERATE,-1.0,206.38,-0.024227153793977795,-1.259811997286556,0.3052621378040486
IEX,2025-07-14,BEARISH_TO_BULLISH,36.9,MODERATE,1.0,208.98,-0.3206048425686609,-2.7945257919418145,-7.857211216384337
IEX,2025-07-25,BULLISH_TO_BEARISH,60.0,STRONG,-1.0,139.11,3.2060958953346326,2.7388397670907927,3.6877291352167516
IEX,2025-08-18,BEARISH_TO_BULLISH,34.8,WEAK,1.0,141.59,1.094710078395355,1.6455964404265726,-0.23306730701321599
IEX,2025-09-01,BULLISH_TO_BEARISH,16.5,WEAK,-1.0,141.19,-0.6232736029463811,-0.5241164388412841,-1.1828033146823542
IEX,2025-09-19,BEARISH_TO_BULLISH,19.7,WEAK,1.0,146.09,-1.4922308166198965,-4.291874871654466,-4.360325826545283
IEX,2025-09-23,BULLISH_TO_BEARISH,43.8,MODERATE,-1.0,140.41,0.4201979915960426,0.49141799017163856,-0.5483939890321275
IEX,2025-09-29,BEARISH_TO_BULLISH,39.5,MODERATE,1.0,139.19,1.4297004095121841,2.413966520583385,0.007184424168396368
IEX,2025-10-01,BULLISH_TO_BEARISH,14.7,WEAK,-1.0,143.59,0.7242844209206714,3.057315969078637,2.6046382060032096
IEX,2025-10-20,BEARISH_TO_BULLISH,33.1,WEAK,1.0,139.15,3.8447718289615485,5.749191519942507,6.827164929931728
IEX,2025-10-30,BULLISH_TO_BEARISH,75.0,STRONG,-1.0,139.05,-0.683207479323976,0.6472491909385153,-0.3955411722401891
IEX,2025-11-20,BEARISH_TO_BULLISH,75.0,STRONG,1.0,141.1,-0.5669737774627803,0.46066619418852284,-1.2756909992912706
IEX,2025-12-01,BULLISH_TO_BEARISH,6.6,WEAK,-1.0,148.55,-0.23561090541904697,2.1878155503197574,4.947829013800082
IEX,2025-12-11,BEARISH_TO_BULLISH,36.7,MODERATE,1.0,143.2,-0.628491620111716,-2.0949720670391065,-1.256983240223452
IEX,2025-12-29,BULLISH_TO_BEARISH,65.9,STRONG,-1.0,132.0,-1.666666666666658,-1.780303030303026,-12.613636363636369
IEX,2026-01-08,BEARISH_TO_BULLISH,23.9,WEAK,1.0,138.35,2.6382363570654177,0.7228044813877846,-0.9757860498735051
IEX,2026-01-16,BULLISH_TO_BEARISH,24.4,WEAK,-1.0,137.0,4.890510948905101,4.343065693430648,6.897810218978104
IEX,2026-01-23,BEARISH_TO_BULLISH,40.0,MODERATE,1.0,127.55,0.9016072128576962,-0.5880047040376323,-1.019208153665227
IEX,2026-01-29,BULLISH_TO_BEARISH,64.3,STRONG,-1.0,126.8,3.3123028391167217,-0.70977917981073,4.613564668769712
IEX,2026-02-10,BEARISH_TO_BULLISH,43.2,MODERATE,1.0,127.15,-0.9830908375933936,-1.730239874164375,-0.7864726700747149
IEX,2026-02-12,BULLISH_TO_BEARISH,31.8,WEAK,-1.0,123.95,-0.8067769261799113,-1.774909237595807,-1.1698265429608734
IEX,2026-02-20,BEARISH_TO_BULLISH,36.8,MODERATE,1.0,125.7,-0.039777247414476656,1.4319809069212386,-3.341288782816231
IEX,2026-02-26,BULLISH_TO_BEARISH,60.8,STRONG,-1.0,125.6,3.2643312101910786,3.144904458598717,4.259554140127384
IEX,2026-03-24,BEARISH_TO_BULLISH,55.0,MODERATE,1.0,121.7,-2.3418241577650027,-1.437962202136401,3.66474938373048
IEX,2026-04-02,BULLISH_TO_BEARISH,38.9,MODERATE,-1.0,126.16,-0.6341154090044366,-2.790107799619539,-2.3620798985415266
IEX,2026-04-13,BEARISH_TO_BULLISH,33.7,WEAK,1.0,132.8,1.2048192771084292,-5.881024096385555,-5.28614457831326
IEX,2026-04-21,BULLISH_TO_BEARISH,37.3,MODERATE,-1.0,125.78,-0.9063444108761334,-0.5326761011289567,-0.21466051836539674
IEX,2026-05-07,BEARISH_TO_BULLISH,50.4,MODERATE,1.0,134.12,-2.542499254399043,-4.906054279749476,-6.598568446167617
IEX,2026-05-11,BULLISH_TO_BEARISH,52.7,MODERATE,-1.0,127.21,-0.259413568115724,1.5250373398317725,1.3599559783035846
IEX,2026-05-20,BEARISH_TO_BULLISH,12.5,WEAK,1.0,127.05,0.015741833923648973,0.33057851239669556,0.9917355371900867
IEX,2026-05-29,BULLISH_TO_BEARISH,38.5,MODERATE,-1.0,125.39,0.11165164686179167,1.0527155275540374,5.128000638009416
IEX,2026-06-15,BEARISH_TO_BULLISH,20.1,WEAK,1.0,123.57,0.49364732540261685,-0.6393137492918929,0.9953872299101756
IEX,2026-06-18,BULLISH_TO_BEARISH,61.2,STRONG,-1.0,122.78,-2.361948200032583,-1.9791496986479824,-1.6533637400228058
IEX,2026-06-23,BEARISH_TO_BULLISH,20.5,WEAK,1.0,125.21,-0.16771823336793687,-0.06389266033064316,-1.3657056145675215
IEX,2026-07-02,BULLISH_TO_BEARISH,33.3,WEAK,-1.0,123.94,0.20171050508310473,5.744715184766826,3.469420687429399
IEX,2026-07-17,BEARISH_TO_BULLISH,21.2,WEAK,1.0,125.7,-1.0103420843277613,,
IGL,2025-07-22,BEARISH_TO_BULLISH,34.4,WEAK,1.0,210.39,-1.5019725272113678,-3.037216597747035,-3.4269689624031465
IGL,2025-07-24,BULLISH_TO_BEARISH,60.3,STRONG,-1.0,201.02,-1.482439558252905,-1.0745199482638526,-0.25868072828573363
IGL,2025-07-29,BEARISH_TO_BULLISH,28.5,WEAK,1.0,203.18,0.9154444335072277,1.4814450241165424,0.4429569839551165
IGL,2025-08-01,BULLISH_TO_BEARISH,13.9,WEAK,-1.0,206.19,-0.3297929094524501,0.3540423880886511,1.726562878898105
IGL,2025-08-07,BEARISH_TO_BULLISH,23.3,WEAK,1.0,202.17,0.2275312855517673,2.0477815699658777,1.3998120393728113
IGL,2025-08-11,BULLISH_TO_BEARISH,24.9,WEAK,-1.0,206.03,-0.1359025384652726,0.4999271950686799,0.3882929670436399
IGL,2025-09-03,BEARISH_TO_BULLISH,36.2,MODERATE,1.0,217.2,-1.9198895027624254,-3.646408839779,-1.284530386740328
IGL,2025-09-08,BULLISH_TO_BEARISH,2.2,WEAK,-1.0,209.28,-0.9795489296636141,-2.6328363914373045,-3.0724388379204925
IGL,2025-09-26,BEARISH_TO_BULLISH,7.7,WEAK,1.0,206.73,0.875538141537272,1.11256227930151,6.467372901852661
IGL,2025-10-07,BULLISH_TO_BEARISH,40.0,MODERATE,-1.0,217.3,-0.5522319374137086,0.43718361711919784,2.4620340543028174
IGL,2025-10-10,BEARISH_TO_BULLISH,6.7,WEAK,1.0,216.35,-2.149295123642249,-1.2479778137277509,-4.229258146521842
IGL,2025-10-14,BULLISH_TO_BEARISH,33.0,WEAK,-1.0,211.95,-0.8020759613116382,2.2410945977824963,-1.321066289219161
IGL,2025-10-27,BEARISH_TO_BULLISH,21.8,WEAK,1.0,210.35,0.9270263845971082,0.7606370335155666,2.1392916567625386
IGL,2025-10-30,BULLISH_TO_BEARISH,17.6,WEAK,-1.0,211.95,-1.5097900448219002,0.4246284501061464,1.3918376975701763
IGL,2025-11-13,BEARISH_TO_BULLISH,66.2,STRONG,1.0,212.65,-0.5643075476134574,-2.8685633670350312,-5.290383258876087
IGL,2025-11-17,BULLISH_TO_BEARISH,17.9,WEAK,-1.0,208.6,0.9827420901246322,3.4515819750719023,6.59156279961649
IIFL,2025-07-21,BEARISH_TO_BULLISH,13.0,WEAK,1.0,529.8,0.7644394110985407,-2.4443186107965142,-2.812382030955073
IIFL,2025-07-31,BULLISH_TO_BEARISH,54.1,MODERATE,-1.0,427.2,-5.2434456928839035,-5.863764044943823,-5.079588014981271
IIFL,2025-08-13,BEARISH_TO_BULLISH,20.8,WEAK,1.0,441.7,1.652705456191988,6.746660629386464,2.128141272356811
IIFL,2025-09-19,BULLISH_TO_BEARISH,2.9,WEAK,-1.0,450.1,-0.1888469229060133,3.0993112641635294,2.5105532103976915
IIFL,2025-09-30,BEARISH_TO_BULLISH,51.6,MODERATE,1.0,452.2,1.105705440070765,5.152587350729768,9.49800973020787
IIFL,2025-10-03,BULLISH_TO_BEARISH,23.0,WEAK,-1.0,469.5,-1.2779552715654952,-5.463258785942488,-4.63258785942492
IIFL,2025-10-09,BEARISH_TO_BULLISH,30.9,WEAK,1.0,490.0,0.25510204081632654,3.316326530612245,1.7448979591836757
IIFL,2025-11-14,BULLISH_TO_BEARISH,40.0,MODERATE,-1.0,561.6,-0.632122507122499,3.000356125356129,4.424857549857554
IIFL,2025-11-18,BEARISH_TO_BULLISH,27.6,WEAK,1.0,557.55,-2.2957582279616098,-3.730607120437621,2.3675006725854266
IIFL,2025-12-04,BULLISH_TO_BEARISH,29.2,WEAK,-1.0,569.35,2.5818916308070685,1.0889610959866594,-2.046193027136204
IIFL,2025-12-10,BEARISH_TO_BULLISH,2.0,WEAK,1.0,568.2,2.2527279127067854,-0.2551918338613244,-1.3551566349876885
IIFL,2025-12-16,BULLISH_TO_BEARISH,32.3,WEAK,-1.0,563.1,0.4617297105309932,-1.1188066062866195,-6.9348250754750405
IIFL,2025-12-19,BEARISH_TO_BULLISH,27.2,WEAK,1.0,569.4,0.5883386020372362,5.242360379346684,5.927291886195996
IIFL,2026-01-07,BULLISH_TO_BEARISH,50.1,MODERATE,-1.0,647.55,-0.2702494015906108,1.5442822948034902,2.146552389776848
INDHOTEL,2025-07-29,BEARISH_TO_BULLISH,17.5,WEAK,1.0,744.9,-0.5571217613102399,0.5235602094240808,0.2282185528258888
INDHOTEL,2025-08-04,BULLISH_TO_BEARISH,9.4,WEAK,-1.0,751.05,0.5925038279741605,2.043805339191786,0.47932893948470934
INDHOTEL,2025-09-30,BEARISH_TO_BULLISH,12.1,WEAK,1.0,723.25,0.1659177324576627,1.38264777048047,1.2305565157276153
INDHOTEL,2025-10-09,BULLISH_TO_BEARISH,9.6,WEAK,-1.0,735.55,1.2915505404119367,1.0604309700224261,0.020392903269659066
INDHOTEL,2025-10-16,BEARISH_TO_BULLISH,41.9,MODERATE,1.0,735.4,1.033451183029647,0.29235790046233034,1.51618166983954
INDHOTEL,2025-10-31,BULLISH_TO_BEARISH,37.9,MODERATE,-1.0,747.15,0.5219835374422777,7.475071940038817,6.611791474268886
INDHOTEL,2025-11-13,BEARISH_TO_BULLISH,41.8,MODERATE,1.0,720.8,0.20810210876803553,-0.17341842397336293,1.7203107658157728
INDHOTEL,2025-11-18,BULLISH_TO_BEARISH,29.2,WEAK,-1.0,719.55,-1.9178653324994885,-0.22236119797095724,-1.646862622472382
INDHOTEL,2025-11-20,BEARISH_TO_BULLISH,19.4,WEAK,1.0,733.2,-1.6434806328423441,-0.2454991816694037,1.5139116202945866
INDHOTEL,2025-11-27,BULLISH_TO_BEARISH,0.4,WEAK,-1.0,744.3,-0.6381835281472524,1.3032379416901696,1.8003493215101407
INDHOTEL,2025-12-12,BEARISH_TO_BULLISH,9.5,WEAK,1.0,731.15,-0.8069479586952031,-1.2514531901798507,1.2309375641113314
INDHOTEL,2025-12-16,BULLISH_TO_BEARISH,19.8,WEAK,-1.0,713.2,-1.2338754907459273,-3.7787436904094127,-3.7717330342119983
INDHOTEL,2025-12-19,BEARISH_TO_BULLISH,20.5,WEAK,1.0,740.15,-0.24994933459434207,-0.07430926163614869,-1.4321421333513507
INDHOTEL,2025-12-24,BULLISH_TO_BEARISH,4.6,WEAK,-1.0,739.6,-0.34478096268252495,0.10140616549486209,-1.2236343969713297
INDHOTEL,2025-12-29,BEARISH_TO_BULLISH,13.4,WEAK,1.0,729.55,1.2747584127201794,2.618052223973686,-0.4317730107600544
INDHOTEL,2025-12-31,BULLISH_TO_BEARISH,6.1,WEAK,-1.0,738.75,-1.3401015228426365,1.6717428087986497,4.656514382402705
INDHOTEL,2026-01-22,BEARISH_TO_BULLISH,25.4,WEAK,1.0,645.8,0.7277794982966934,2.911117993186756,2.8027253019510723
INDHOTEL,2026-02-12,BULLISH_TO_BEARISH,22.4,WEAK,-1.0,699.9,1.2716102300328587,0.6858122588941213,3.564794970710092
INDHOTEL,2026-02-18,BEARISH_TO_BULLISH,14.5,WEAK,1.0,672.1,0.424044041065321,0.6025889004612341,1.316768338044937
INDHOTEL,2026-02-20,BULLISH_TO_BEARISH,4.4,WEAK,-1.0,675.1,-0.15553251370166707,-0.8665382906236146,3.569841504962231
INDHOTEL,2026-02-24,BEARISH_TO_BULLISH,13.7,WEAK,1.0,676.7,0.6280478794148071,-3.797842470814252,-6.945470666469632
INDHOTEL,2026-03-04,BULLISH_TO_BEARISH,45.5,MODERATE,-1.0,629.7,0.9290138161029096,0.04764173415913422,0.7543274575194537
INDHOTEL,2026-03-25,BEARISH_TO_BULLISH,18.9,WEAK,1.0,590.9,-3.376205787781339,-1.3792519884921268,1.607717041800643
INDHOTEL,2026-03-30,BULLISH_TO_BEARISH,40.3,MODERATE,-1.0,585.2,0.41866028708134745,-2.5974025974025854,-7.501708817498287
INDHOTEL,2026-04-28,BEARISH_TO_BULLISH,7.4,WEAK,1.0,644.65,-1.3650818273481664,0.4886372450166722,3.7927557589389664
INDHOTEL,2026-05-05,BULLISH_TO_BEARISH,11.9,WEAK,-1.0,666.15,-0.4428432034827059,0.735570066801768,4.315844779704271
INDHOTEL,2026-05-14,BEARISH_TO_BULLISH,16.3,WEAK,1.0,656.25,-1.1733333333333402,0.510476190476194,-0.9142857142857144
INDHOTEL,2026-06-02,BULLISH_TO_BEARISH,1.6,WEAK,-1.0,656.3,-0.7999390522626848,0.6170958403169213,-1.455127228401656
INDHOTEL,2026-06-17,BEARISH_TO_BULLISH,8.4,WEAK,1.0,710.4,2.019988738738742,1.9214527027026997,1.4428490990990992
INDHOTEL,2026-07-01,BULLISH_TO_BEARISH,6.4,WEAK,-1.0,720.7,-1.0961565144997887,-3.503538226724018,-1.49160538365478
INDHOTEL,2026-07-15,BEARISH_TO_BULLISH,9.6,WEAK,1.0,731.45,-0.4853373436325201,0.027342948937033533,
INDHOTEL,2026-07-17,BULLISH_TO_BEARISH,11.1,WEAK,-1.0,725.05,-0.9102820495138297,,
INDIANB,2025-09-02,BULLISH_TO_BEARISH,6.1,WEAK,-1.0,670.5,0.9395973154362348,0.007457121551074501,-3.2587621178225237
INDIANB,2025-09-30,BEARISH_TO_BULLISH,51.8,MODERATE,1.0,737.05,3.9210365646835483,2.8017095176718123,3.954955566108146
INDIANB,2025-10-15,BULLISH_TO_BEARISH,1.1,WEAK,-1.0,771.05,-1.4655340120614835,-5.479540885805071,-6.354970494779846
INDIANB,2025-10-20,BEARISH_TO_BULLISH,70.0,STRONG,1.0,813.3,1.5922783720644347,1.5492438214680957,5.059633591540648
INDIANB,2025-11-17,BULLISH_TO_BEARISH,17.4,WEAK,-1.0,886.9,0.15221558236554547,3.9576051415041182,1.5559815086255446
INDIANB,2025-11-20,BEARISH_TO_BULLISH,6.2,WEAK,1.0,851.8,0.34632542850434905,4.103075839398925,2.1660014087814092
INDIANB,2025-11-27,BULLISH_TO_BEARISH,37.3,MODERATE,-1.0,870.25,-1.9649525998276383,6.601551278368291,7.043952887101403
INDIANB,2025-12-23,BEARISH_TO_BULLISH,2.0,WEAK,1.0,777.2,0.16083376222336593,4.091610910962423,7.1281523417395745
INDIANB,2026-01-02,BULLISH_TO_BEARISH,6.3,WEAK,-1.0,858.2,-0.3845257515730546,3.5189932416686136,3.676299230948504
INDIANB,2026-01-16,BEARISH_TO_BULLISH,13.6,WEAK,1.0,858.7,-1.4149295446605439,4.431116804471871,2.096191918015605
INDIANB,2026-01-21,BULLISH_TO_BEARISH,4.8,WEAK,-1.0,896.75,2.2637301366043996,-0.17842207973236943,-1.6671313074993082
INDIANB,2026-01-27,BEARISH_TO_BULLISH,5.5,WEAK,1.0,898.35,1.2411643568764932,-7.074080258251246,-2.1261201090888875
INDIANB,2026-02-06,BULLISH_TO_BEARISH,29.6,WEAK,-1.0,902.5,-0.3933518005540116,2.4155124653739564,1.5069252077562352
INDIANB,2026-02-10,BEARISH_TO_BULLISH,6.3,WEAK,1.0,897.3,-1.8499944277276172,-0.9361417586091584,4.5525465284743145
INDIANB,2026-02-13,BULLISH_TO_BEARISH,33.7,WEAK,-1.0,888.9,-3.5099561255484355,-4.31994600067499,-10.557993025087189
INDIANB,2026-02-17,BEARISH_TO_BULLISH,39.4,MODERATE,1.0,938.15,-1.1565314715130868,4.7540372008740635,4.844641048872787
INDIANB,2026-03-12,BULLISH_TO_BEARISH,35.7,MODERATE,-1.0,870.3,-0.8215557853613801,-2.1371940710099993,-0.9594392738136303
INDIANB,2026-03-25,BEARISH_TO_BULLISH,47.3,MODERATE,1.0,871.75,-2.988242041869797,-0.26383710926297155,3.8371092629767762
INDIANB,2026-04-16,BULLISH_TO_BEARISH,28.2,WEAK,-1.0,939.45,1.1868646548512523,1.5008781733993317,3.1454574485071123
INDIANB,2026-04-23,BEARISH_TO_BULLISH,24.0,WEAK,1.0,909.9,0.3022310143971865,-3.775140125288496,-8.7427189801077
INDIANB,2026-04-30,BULLISH_TO_BEARISH,52.5,MODERATE,-1.0,830.35,-2.215933040284215,-3.6611067622087043,-1.120009634491474
INDIANB,2026-05-14,BEARISH_TO_BULLISH,18.6,WEAK,1.0,820.6,-1.291737752863761,-1.2673653424323637,0.6519619790397297
INDIANB,2026-06-22,BULLISH_TO_BEARISH,31.3,WEAK,-1.0,846.4,0.3249054820415879,3.745274102079387,3.0068525519848692
INDIANB,2026-07-20,BEARISH_TO_BULLISH,58.9,MODERATE,1.0,855.35,-3.2501315251066893,,
INDIGO,2025-07-03,BULLISH_TO_BEARISH,22.8,WEAK,-1.0,5753.0,0.08691117677733357,-1.7208413001912046,-2.8593777159742744
INDIGO,2025-07-31,BEARISH_TO_BULLISH,23.4,WEAK,1.0,5788.5,-0.13820506176038697,1.813941435605079,-0.32823702168091906
INDIGO,2025-08-07,BULLISH_TO_BEARISH,5.3,WEAK,-1.0,5769.5,-1.8892451685588008,-3.466504896438166,-5.667735505676402
INDIGO,2025-08-18,BEARISH_TO_BULLISH,13.5,WEAK,1.0,6055.5,1.651391297167864,0.5119313021220379,-0.09082652134423251
INDIGO,2025-08-28,BULLISH_TO_BEARISH,51.8,MODERATE,-1.0,5645.5,-0.4339739615623063,-1.6738995660260385,-0.4339739615623063
INDIGO,2025-09-15,BEARISH_TO_BULLISH,0.5,WEAK,1.0,5727.5,0.33173286774334354,-0.8467917939764295,0.0785683107813182
INDIGO,2025-09-19,BULLISH_TO_BEARISH,8.9,WEAK,-1.0,5747.5,0.2696824706394084,1.2701174423662462,0.704654197477164
INDIGO,2025-09-29,BEARISH_TO_BULLISH,56.5,MODERATE,1.0,5594.5,0.20555903119134863,1.7892573062829629,0.72303154884261
INDIGO,2025-10-14,BULLISH_TO_BEARISH,3.7,WEAK,-1.0,5860.5,-0.3480931661121003,-1.254159201433325,1.2208855899667295
INDIGO,2025-11-20,BEARISH_TO_BULLISH,7.3,WEAK,1.0,5843.4,-0.6494506622856525,1.1893760481911217,0.9942841496389151
INDIGO,2025-12-03,BULLISH_TO_BEARISH,13.6,WEAK,-1.0,5436.55,1.214005205507169,8.630473370060052,11.359225979711402
INDIGO,2025-12-19,BEARISH_TO_BULLISH,35.8,MODERATE,1.0,5145.45,0.22447016295951147,-1.3895771992731443,-2.476945651012056
INDIGO,2026-01-01,BULLISH_TO_BEARISH,4.1,WEAK,-1.0,5106.0,0.06854680767724246,3.0356443399921664,5.131218174696436
INDIGO,2026-02-04,BEARISH_TO_BULLISH,27.3,WEAK,1.0,4932.25,-0.4622636727659827,0.5707334380860588,1.025900957980645
INDIGO,2026-02-06,BULLISH_TO_BEARISH,4.2,WEAK,-1.0,4964.1,0.0745351624665242,-0.3777119719586632,0.46836284522874233
INDIGO,2026-03-18,BEARISH_TO_BULLISH,38.6,MODERATE,1.0,4154.35,-0.1263735602440815,-0.08545259787933568,-1.3203028151215077
INDIGO,2026-03-20,BULLISH_TO_BEARISH,24.8,WEAK,-1.0,3945.3,-5.208729374192076,-3.9084480267660204,-5.969127822979241
INDIGO,2026-03-25,BEARISH_TO_BULLISH,69.3,STRONG,1.0,4099.5,-3.8053421148920603,2.294182217343583,4.129771923405298
INDIGO,2026-03-30,BULLISH_TO_BEARISH,59.1,MODERATE,-1.0,4180.8,-0.30496555683122845,-2.1048603138155375,-6.417432070417149
INDIGO,2026-05-21,BEARISH_TO_BULLISH,21.4,WEAK,1.0,4438.6,1.4261253548416002,2.9581399540395457,0.3311855089442576
INDIGO,2026-06-02,BULLISH_TO_BEARISH,11.8,WEAK,-1.0,4512.1,0.07535293987279859,3.3753684537133526,-0.2836816559916507
INDIGO,2026-06-15,BEARISH_TO_BULLISH,32.1,WEAK,1.0,4840.0,0.7933884297520587,3.75,2.5103305785123964
INDIGO,2026-07-02,BULLISH_TO_BEARISH,0.7,WEAK,-1.0,5426.5,0.331705519211278,5.574495531189533,2.1100156638717404
INDUSINDBK,2025-07-15,BEARISH_TO_BULLISH,14.5,WEAK,1.0,879.75,-1.6652458084683124,-2.3813583404376297,-3.250923557828931
INDUSINDBK,2025-07-18,BULLISH_TO_BEARISH,37.9,MODERATE,-1.0,858.8,1.8164881229622625,1.2750349324638952,6.608057755006986
INDUSINDBK,2025-08-01,BEARISH_TO_BULLISH,12.4,WEAK,1.0,804.05,1.8779926621478795,0.41042223742305434,-2.58690379951495
INDUSINDBK,2025-08-05,BULLISH_TO_BEARISH,40.0,MODERATE,-1.0,803.35,-0.49791498101699133,2.502022779610384,3.7219144831020077
INDUSINDBK,2025-08-25,BEARISH_TO_BULLISH,33.0,WEAK,1.0,756.4,-1.2956107879428813,-0.4693283976731828,1.5468006345848817
INDUSINDBK,2025-09-09,BULLISH_TO_BEARISH,14.3,WEAK,-1.0,751.25,0.3527454242928422,1.5108153078203024,1.6239600665557463
INDUSINDBK,2025-09-30,BEARISH_TO_BULLISH,37.9,MODERATE,1.0,743.15,0.5718899280091503,0.7871896656125982,0.807374016012918
INDUSINDBK,2025-10-03,BULLISH_TO_BEARISH,12.6,WEAK,-1.0,739.3,-1.3120519410253004,-1.332341404030843,-2.786419586094958
INDUSINDBK,2025-10-28,BEARISH_TO_BULLISH,55.0,MODERATE,1.0,807.65,-0.8233764625766085,-1.3310221011576797,-2.6558534018448503
INDUSINDBK,2025-10-31,BULLISH_TO_BEARISH,17.1,WEAK,-1.0,796.9,0.8407579370058893,-0.04392019073911692,-3.6641987702346652
INDUSINDBK,2025-11-12,BEARISH_TO_BULLISH,75.0,STRONG,1.0,863.45,-1.7603798714459489,-1.7951242110139556,-3.943482540969375
INDUSINDBK,2025-11-17,BULLISH_TO_BEARISH,8.4,WEAK,-1.0,847.95,0.9847278731057282,0.16510407453270723,0.9493484285630129
INDUSINDBK,2025-11-24,BEARISH_TO_BULLISH,8.2,WEAK,1.0,839.9,1.2858673651625276,2.2205024407667553,1.2382426479342752
INDUSINDBK,2025-11-27,BULLISH_TO_BEARISH,16.1,WEAK,-1.0,858.55,1.3278201619008767,1.3569390251004576,-1.345291479820636
INDUSINDBK,2025-12-12,BEARISH_TO_BULLISH,9.1,WEAK,1.0,851.25,-0.7283406754772447,-1.9207048458149807,0.6049926578560914
INDUSINDBK,2025-12-22,BULLISH_TO_BEARISH,2.9,WEAK,-1.0,849.85,0.2118020827204881,1.2060951932694004,-1.6885332705771632
INDUSINDBK,2026-01-13,BEARISH_TO_BULLISH,27.5,WEAK,1.0,944.5,0.9899417681312889,-4.1662255161461115,-4.452091053467439
INDUSINDBK,2026-01-20,BULLISH_TO_BEARISH,45.1,MODERATE,-1.0,907.15,0.5181061566444284,1.3669183707214878,0.9645593341784711
INDUSINDBK,2026-02-24,BEARISH_TO_BULLISH,23.8,WEAK,1.0,937.35,2.9071318077559076,0.5494212407318481,-0.01600256040966312
INDUSINDBK,2026-02-27,BULLISH_TO_BEARISH,10.2,WEAK,-1.0,942.5,1.586206896551729,2.6153846153846128,4.647214854111401
INDUSINDBK,2026-04-02,BEARISH_TO_BULLISH,3.1,WEAK,1.0,786.2,-0.1780717374713929,3.6059526837954605,4.159247010938683
INDUSINDBK,2026-04-13,BULLISH_TO_BEARISH,13.0,WEAK,-1.0,840.1,-0.9284608975121955,-1.410546363528154,-3.5710034519700034
INDUSINDBK,2026-04-27,BEARISH_TO_BULLISH,26.2,WEAK,1.0,885.55,3.1844616340127656,3.2014002597255966,6.910959290836209
INDUSINDBK,2026-05-05,BULLISH_TO_BEARISH,11.6,WEAK,-1.0,946.75,-0.021124900977031475,2.582519144441515,5.730129390018484
INDUSINDBK,2026-05-25,BEARISH_TO_BULLISH,15.6,WEAK,1.0,932.3,0.0,-3.351925345918696,-3.4752761986485012
INDUSINDBK,2026-06-16,BULLISH_TO_BEARISH,31.9,WEAK,-1.0,935.45,-0.3527713934469992,1.534021059383187,0.8391683147148455
INDUSINDBK,2026-06-19,BEARISH_TO_BULLISH,7.8,WEAK,1.0,921.1,-1.6990554771468869,-0.23341656714797276,0.33655412007382723
INDUSTOWER,2025-07-23,BEARISH_TO_BULLISH,54.3,MODERATE,1.0,401.55,-1.9922799153281034,-2.7393848835761423,-9.600298841987302
INDUSTOWER,2025-08-01,BULLISH_TO_BEARISH,75.0,STRONG,-1.0,345.8,0.8530942741469025,3.224407171775603,2.42914979757086
INDUSTOWER,2025-09-08,BEARISH_TO_BULLISH,64.6,STRONG,1.0,346.9,0.6918420294032961,4.309599308157984,3.0844623810896645
INDUSTOWER,2025-09-16,BULLISH_TO_BEARISH,28.0,WEAK,-1.0,354.25,-0.014114326040934756,-0.4940014114326041,-1.1009174311926542
INDUSTOWER,2025-09-29,BEARISH_TO_BULLISH,28.3,WEAK,1.0,342.9,2.668416447944017,3.1350247885680957,3.455818022747163
INDUSTOWER,2025-10-01,BULLISH_TO_BEARISH,38.3,MODERATE,-1.0,353.1,-0.15576323987537652,-0.4672897196261618,-0.1982441234777651
INDUSTOWER,2025-10-14,BEARISH_TO_BULLISH,9.0,WEAK,1.0,344.8,-0.2465197215777328,2.784222737819016,4.045823665893268
INDUSTOWER,2025-10-20,BULLISH_TO_BEARISH,20.2,WEAK,-1.0,360.3,0.4301970580072194,-3.0530113794060503,-5.7590896475159585
INDUSTOWER,2025-10-23,BEARISH_TO_BULLISH,7.7,WEAK,1.0,361.55,2.69672244502835,5.3934448900567,0.5670031807495537
INDUSTOWER,2025-10-27,BULLISH_TO_BEARISH,7.3,WEAK,-1.0,385.9,1.2568022803835102,5.778699144856169,-1.723244363824834
INDUSTOWER,2025-11-06,BEARISH_TO_BULLISH,65.4,STRONG,1.0,400.8,-0.5114770459081864,1.5219560878243428,2.8817365269461104
INDUSTOWER,2025-11-17,BULLISH_TO_BEARISH,29.3,WEAK,-1.0,402.2,-0.26106414719045534,1.2928891098955715,-0.3480855295872785
INDUSTOWER,2025-11-21,BEARISH_TO_BULLISH,20.5,WEAK,1.0,400.1,0.8747813046738315,1.0372406898275373,-0.8747813046738315
INDUSTOWER,2025-12-03,BULLISH_TO_BEARISH,60.0,STRONG,-1.0,402.0,-3.4079601990049726,-0.2611940298507491,-2.0771144278607023
INDUSTOWER,2025-12-10,BEARISH_TO_BULLISH,6.3,WEAK,1.0,410.35,1.1819178749847608,-0.5361276958693909,-0.3899110515413726
INDUSTOWER,2026-01-05,BULLISH_TO_BEARISH,48.9,MODERATE,-1.0,432.25,0.7518796992481203,-0.26604973973394497,1.0063620589936433
INDUSTOWER,2026-01-23,BEARISH_TO_BULLISH,40.0,MODERATE,1.0,422.55,0.6508105549639096,5.147319843805467,3.786534137971838
INDUSTOWER,2026-01-29,BULLISH_TO_BEARISH,40.1,MODERATE,-1.0,444.3,2.8134143596668917,-0.18005851901868364,0.21381949133468123
INDUSTOWER,2026-02-11,BEARISH_TO_BULLISH,54.2,MODERATE,1.0,474.0,-1.5611814345991513,-0.27426160337552985,-0.232067510548528
INDUSTOWER,2026-02-16,BULLISH_TO_BEARISH,3.9,WEAK,-1.0,472.7,-1.068330865242228,-0.3490585995345958,0.59234186587688
INDUSTOWER,2026-02-19,BEARISH_TO_BULLISH,40.0,MODERATE,1.0,474.35,-0.45325181827765026,-2.7195109096658654,-4.08980710445874
INDUSTOWER,2026-02-26,BULLISH_TO_BEARISH,32.9,WEAK,-1.0,454.95,1.4067479942850813,0.7803055280800113,3.6157819540608838
INDUSTOWER,2026-03-16,BEARISH_TO_BULLISH,25.4,WEAK,1.0,436.15,1.1005388054568408,-0.3668462684856049,-1.5705605869540218
INDUSTOWER,2026-03-27,BULLISH_TO_BEARISH,38.1,MODERATE,-1.0,418.15,-1.2196580174578555,-1.7577424369245542,-5.452588783929215
INDUSTOWER,2026-04-08,BEARISH_TO_BULLISH,40.3,MODERATE,1.0,438.45,-0.13684570646595187,-4.139582620595274,-5.975595849013568
INDUSTOWER,2026-04-10,BULLISH_TO_BEARISH,6.4,WEAK,-1.0,438.45,4.139582620595274,5.975595849013568,5.405405405405403
INDUSTOWER,2026-05-14,BEARISH_TO_BULLISH,51.1,MODERATE,1.0,430.15,0.17435778216901082,-0.5346971986516226,0.4417063814948353
INDUSTOWER,2026-06-02,BULLISH_TO_BEARISH,30.0,WEAK,-1.0,429.15,-0.3029243854130284,0.6990562740300594,3.7283001281603174
INDUSTOWER,2026-06-25,BEARISH_TO_BULLISH,12.8,WEAK,1.0,394.65,-0.7474977828455566,-2.7619409603446035,-2.0524515393386458
INDUSTOWER,2026-07-01,BULLISH_TO_BEARISH,52.8,MODERATE,-1.0,383.75,0.11726384364820551,0.24755700325732605,-3.752442996742665
INFY,2025-07-09,BEARISH_TO_BULLISH,27.8,WEAK,1.0,1615.9,-1.2995853703818305,-1.8813045361717982,-2.0050745714462583
INFY,2025-07-11,BULLISH_TO_BEARISH,36.3,MODERATE,-1.0,1570.3,-0.9679679042221261,-0.8406037062981625,-0.891549385467745
INFY,2025-07-31,BEARISH_TO_BULLISH,4.9,WEAK,1.0,1469.6,0.7416984213391461,-2.238704409363083,-3.1641262928688083
INFY,2025-08-04,BULLISH_TO_BEARISH,45.9,MODERATE,-1.0,1460.3,1.616106279531597,2.547421762651513,2.4789426830103434
INFY,2025-08-21,BEARISH_TO_BULLISH,29.3,WEAK,1.0,1487.5,2.9983193277310862,0.8470588235294056,0.800000000000006
INFY,2025-09-01,BULLISH_TO_BEARISH,8.3,WEAK,-1.0,1498.7,1.3078000934143015,3.609795155801704,-0.37365716954693456
INFY,2025-09-10,BEARISH_TO_BULLISH,49.7,MODERATE,1.0,1509.7,1.0531893753725814,0.10598132079220435,2.0467642577995537
INFY,2025-09-12,BULLISH_TO_BEARISH,40.0,MODERATE,-1.0,1508.4,-0.19225669583663904,-2.1347122779103564,0.5900291699814433
INFY,2025-09-18,BEARISH_TO_BULLISH,46.0,MODERATE,1.0,1540.2,-2.6425139592260773,-2.9606544604596894,-5.927801584209839
INFY,2025-09-22,BULLISH_TO_BEARISH,53.2,MODERATE,-1.0,1497.5,0.19365609348915463,3.245409015025036,3.719532554257098
INFY,2025-09-25,BEARISH_TO_BULLISH,29.4,WEAK,1.0,1448.9,-0.49002691697150497,-0.21395541445235255,1.8703844295672516
INFY,2025-10-03,BULLISH_TO_BEARISH,29.1,WEAK,-1.0,1476.0,1.2025745257452574,-2.2560975609756064,-1.1653116531165342
INFY,2025-10-09,BEARISH_TO_BULLISH,24.1,WEAK,1.0,1514.85,-1.4291844076971227,-2.6735320328745424,-4.868468825296234
INFY,2025-10-13,BULLISH_TO_BEARISH,47.1,MODERATE,-1.0,1489.9,1.043694207664956,3.2753876099067174,1.17793140479228
INFY,2025-10-21,BEARISH_TO_BULLISH,62.7,STRONG,1.0,1528.55,-0.20607765529422417,-1.854698897648092,-2.276667429917239
INFY,2025-10-30,BULLISH_TO_BEARISH,37.3,MODERATE,-1.0,1482.3,-0.21588072589894391,1.0591648114416814,-2.1082102138568444
INFY,2025-11-11,BEARISH_TO_BULLISH,65.5,STRONG,1.0,1551.7,-0.6347876522523771,-2.842044209576602,-0.683121737449258
INFY,2025-11-17,BULLISH_TO_BEARISH,6.3,WEAK,-1.0,1486.4,-3.680032292787932,-3.9424111948331473,-2.9736275565123664
INFY,2025-12-05,BEARISH_TO_BULLISH,38.4,MODERATE,1.0,1610.8,-0.7325552520486687,-0.7977402532902849,-0.24832381425378697
INFY,2025-12-09,BULLISH_TO_BEARISH,14.7,WEAK,-1.0,1584.8,-0.8297576981322621,-1.3881877839475012,-1.0853104492680494
INFY,2025-12-29,BEARISH_TO_BULLISH,4.7,WEAK,1.0,1621.6,-0.3792550567340814,1.159348791317229,-0.5796743956586003
INFY,2025-12-31,BULLISH_TO_BEARISH,41.9,MODERATE,-1.0,1629.75,-0.6534744592729002,1.076852277956739,1.0124252185918086
INFY,2026-01-27,BEARISH_TO_BULLISH,43.6,MODERATE,1.0,1666.5,-0.435043504350435,-2.226222622262221,-7.842784278427846
INFY,2026-01-29,BULLISH_TO_BEARISH,11.5,WEAK,-1.0,1641.0,0.7068860450944491,6.410725167580746,8.159658744667892
INFY,2026-02-20,BEARISH_TO_BULLISH,30.8,WEAK,1.0,1327.55,-3.9169899438815867,-2.896312756581677,-2.911378102519669
INFY,2026-02-24,BULLISH_TO_BEARISH,75.0,STRONG,-1.0,1290.1,0.07751337105650725,0.0930160452677946,-1.2169599255871675
INFY,2026-03-16,BEARISH_TO_BULLISH,6.2,WEAK,1.0,1232.9,2.7739476032119246,1.8655203179495496,3.682374888474318
INFY,2026-04-09,BULLISH_TO_BEARISH,29.6,WEAK,-1.0,1292.5,1.2147001934236012,-2.065764023210835,-1.5551257253384843
INFY,2026-04-15,BEARISH_TO_BULLISH,27.2,WEAK,1.0,1319.2,-0.037901758641600974,-0.4548211036992116,-5.927835051546395
INFY,2026-04-17,BULLISH_TO_BEARISH,16.3,WEAK,-1.0,1312.6,-0.04571080298644952,5.454822489715063,10.841078774950477
INFY,2026-04-28,BEARISH_TO_BULLISH,7.9,WEAK,1.0,1167.5,1.2248394004282617,0.9079229122055597,-0.41113490364025307
INFY,2026-05-05,BULLISH_TO_BEARISH,31.0,WEAK,-1.0,1167.2,0.3855380397532556,-0.8396161754626418,3.778272789581917
INFY,2026-05-11,BEARISH_TO_BULLISH,30.6,WEAK,1.0,1140.3,-1.5083749890379765,-1.8679294922388807,4.963606068578456
INFY,2026-05-13,BULLISH_TO_BEARISH,67.5,STRONG,-1.0,1095.1,-2.182449091407186,-9.295954707332681,-7.862295680759761
INFY,2026-05-18,BEARISH_TO_BULLISH,40.0,MODERATE,1.0,1196.9,-0.22558275545158704,-1.8715013785612906,-2.439635725624534
INFY,2026-05-29,BULLISH_TO_BEARISH,56.1,MODERATE,-1.0,1202.5,-5.679833679833676,0.09979209979210357,1.2390852390852465
INFY,2026-07-13,BEARISH_TO_BULLISH,21.3,WEAK,1.0,1092.9,-1.5188946838686188,0.3293988471040268,-1.775093787171753
INFY,2026-07-21,BULLISH_TO_BEARISH,53.8,MODERATE,-1.0,1052.1,,,
INOXWIND,2025-07-22,BEARISH_TO_BULLISH,34.2,WEAK,1.0,165.73,-2.3894285886683035,-5.122790080251,-5.780486333192533
INOXWIND,2025-07-25,BULLISH_TO_BEARISH,49.1,MODERATE,-1.0,157.24,0.591452556601378,4.140167896209628,2.4993640295090347
INOXWIND,2025-08-12,BEARISH_TO_BULLISH,20.1,WEAK,1.0,137.96,-0.674108437228187,4.726007538416919,3.4212815308785145
INOXWIND,2025-08-14,BULLISH_TO_BEARISH,63.2,STRONG,-1.0,139.99,-3.2073719551396387,-1.921565826130436,-1.9072790913636597
INOXWIND,2025-08-21,BEARISH_TO_BULLISH,52.9,MODERATE,1.0,144.05,-0.9649427282193784,-4.908018049288456,-2.2145088510933686
INOXWIND,2025-08-29,BULLISH_TO_BEARISH,30.8,WEAK,-1.0,140.86,-1.7606133749822444,-2.406644895641052,-4.600312366889102
INOXWIND,2025-09-08,BEARISH_TO_BULLISH,36.3,MODERATE,1.0,146.75,1.6831345826235085,1.478705281090281,3.107325383304942
INOXWIND,2025-09-18,BULLISH_TO_BEARISH,38.0,MODERATE,-1.0,151.34,-0.7202325888727391,4.638562177877633,9.171402140874848
INOXWIND,2025-09-30,BEARISH_TO_BULLISH,11.0,WEAK,1.0,142.15,-0.5416813225466128,-1.934576151952163,3.4118888498065383
INOXWIND,2025-10-03,BULLISH_TO_BEARISH,20.6,WEAK,-1.0,139.4,-0.0,-5.451936872309895,-7.496413199426104
INOXWIND,2025-10-20,BEARISH_TO_BULLISH,47.7,MODERATE,1.0,149.15,2.044921220248061,2.648340596714709,4.726785115655368
INOXWIND,2025-10-30,BULLISH_TO_BEARISH,15.4,WEAK,-1.0,155.15,-1.3535288430551042,3.2871414759909725,2.2881082823074514
INOXWIND,2025-11-25,BEARISH_TO_BULLISH,40.0,MODERATE,1.0,136.75,-1.9744058500913992,-2.70566727605118,-4.862888482632545
INOXWIND,2025-11-28,BULLISH_TO_BEARISH,50.5,MODERATE,-1.0,133.05,-0.18789928598271327,2.4051108605787426,6.4261555806088015
INOXWIND,2025-12-12,BEARISH_TO_BULLISH,45.5,MODERATE,1.0,126.0,0.7142857142857187,-1.4285714285714262,0.4365079365079343
INOXWIND,2025-12-17,BULLISH_TO_BEARISH,16.9,WEAK,-1.0,124.2,-2.133655394524953,-2.3349436392914584,-1.8115942028985508
INOXWIND,2025-12-29,BEARISH_TO_BULLISH,40.0,MODERATE,1.0,121.75,1.4784394250513322,5.174537987679681,0.657084188911702
INOXWIND,2026-01-01,BULLISH_TO_BEARISH,38.0,MODERATE,-1.0,128.05,1.757126122608367,3.982819211245613,11.128465443186265
INOXWIND,2026-01-23,BEARISH_TO_BULLISH,29.6,WEAK,1.0,104.7,4.345749761222538,3.1041069723018144,1.4326647564469912
INOXWIND,2026-01-28,BULLISH_TO_BEARISH,9.3,WEAK,-1.0,106.9,-0.9822263797941975,0.6548175865294694,-0.14031805425630633
INOXWIND,2026-02-24,BEARISH_TO_BULLISH,40.0,MODERATE,1.0,95.15,-0.7356805044666346,-6.263794009458758,-9.280084077771953
INOXWIND,2026-02-27,BULLISH_TO_BEARISH,61.7,STRONG,-1.0,89.19,3.7448144410808424,5.9760062787307975,7.018724072205394
INOXWIND,2026-03-19,BEARISH_TO_BULLISH,5.1,WEAK,1.0,81.84,-6.952590420332353,0.09775171065493438,-7.759042033235591
INOXWIND,2026-03-23,BULLISH_TO_BEARISH,75.0,STRONG,-1.0,77.91,-5.1469644461558275,3.106148119625211,-2.1049929405724566
INOXWIND,2026-03-25,BEARISH_TO_BULLISH,75.0,STRONG,1.0,79.27,-4.768512678188472,0.3532231613472955,2.220259871325855
INOXWIND,2026-04-02,BULLISH_TO_BEARISH,22.2,WEAK,-1.0,80.95,-0.09882643607164705,-5.484867201976526,-8.153180975911049
INOXWIND,2026-04-08,BEARISH_TO_BULLISH,72.8,STRONG,1.0,85.39,1.7449350040988347,9.39220049186087,14.650427450521144
INOXWIND,2026-05-04,BULLISH_TO_BEARISH,6.9,WEAK,-1.0,104.46,-2.5368562129044663,0.8232816389048434,8.730614589316477
INOXWIND,2026-05-22,BEARISH_TO_BULLISH,21.9,WEAK,1.0,97.04,-0.8450123660346325,-4.1426215993404885,-13.149216817807094
INOXWIND,2026-05-29,BULLISH_TO_BEARISH,46.1,MODERATE,-1.0,83.84,-0.5248091603053407,-2.313931297709921,-0.7991412213740479
INOXWIND,2026-06-29,BEARISH_TO_BULLISH,40.0,MODERATE,1.0,90.12,-0.2996005326231804,-2.3524189968930362,-4.4163337771859785
INOXWIND,2026-07-02,BULLISH_TO_BEARISH,40.0,MODERATE,-1.0,88.0,1.193181818181815,6.000000000000001,6.147727272727269
INOXWIND,2026-07-20,BEARISH_TO_BULLISH,47.0,MODERATE,1.0,79.02,-2.973930650468229,,
IOC,2025-07-22,BEARISH_TO_BULLISH,47.1,MODERATE,1.0,152.35,-0.7417131604857208,-3.144076140466027,-2.172628815228095
IOC,2025-07-25,BULLISH_TO_BEARISH,74.1,STRONG,-1.0,147.56,-0.2575223637842203,1.3147194361615597,3.5036595283274705
IOC,2025-07-29,BEARISH_TO_BULLISH,15.1,WEAK,1.0,149.04,-2.2946859903381562,-4.461889425657546,-4.5424047235641325
IOC,2025-08-04,BULLISH_TO_BEARISH,40.0,MODERATE,-1.0,141.27,-0.7078643731860974,0.9626955475331023,-0.9768528349968114
IOC,2025-08-19,BEARISH_TO_BULLISH,46.1,MODERATE,1.0,141.44,0.0,-1.0463800904977303,-2.0856900452488607
IOC,2025-08-22,BULLISH_TO_BEARISH,21.6,WEAK,-1.0,139.96,0.7144898542440696,2.3863961131751954,0.24292655044298614
IOC,2025-09-17,BEARISH_TO_BULLISH,43.3,MODERATE,1.0,147.15,0.9174311926605465,0.740740740740743,-0.6320081549439394
IOC,2025-09-26,BULLISH_TO_BEARISH,14.4,WEAK,-1.0,149.31,-0.32147880249145383,-0.723327305605776,-3.3755274261603323
IOC,2025-09-30,BEARISH_TO_BULLISH,36.6,MODERATE,1.0,149.7,0.46092184368737327,3.1062124248497036,3.7074148296593266
IOC,2025-10-03,BULLISH_TO_BEARISH,35.9,MODERATE,-1.0,154.85,0.3228931223764934,-0.25831449790119837,-0.25831449790119837
IOC,2025-10-21,BEARISH_TO_BULLISH,16.1,WEAK,1.0,150.1,0.1665556295802798,2.931379080612929,8.927381745503002
IOC,2025-10-28,BULLISH_TO_BEARISH,42.3,MODERATE,-1.0,163.1,-0.24524831391784532,-2.8510116492949145,-3.2188841201716736
IOC,2025-11-03,BEARISH_TO_BULLISH,65.6,STRONG,1.0,169.25,-0.5317577548005942,0.0886262924667685,1.802067946824231
IOC,2025-11-19,BULLISH_TO_BEARISH,28.0,WEAK,-1.0,168.7,0.8002371072910458,2.7267338470657942,2.9045643153526837
IOC,2025-12-15,BEARISH_TO_BULLISH,75.0,STRONG,1.0,167.75,0.23845007451565167,-3.0700447093889753,-2.682563338301043
IOC,2025-12-24,BULLISH_TO_BEARISH,27.4,WEAK,-1.0,160.25,-1.0920436817472698,-3.8689547581903203,-4.0873634945397885
IOC,2025-12-29,BEARISH_TO_BULLISH,45.5,MODERATE,1.0,161.55,3.0331166821417375,3.2497678737233056,1.5165583410708687
IOC,2026-01-01,BULLISH_TO_BEARISH,41.7,MODERATE,-1.0,166.8,1.0791366906474888,2.4880095923261423,5.515587529976029
IOC,2026-01-16,BEARISH_TO_BULLISH,66.8,STRONG,1.0,160.9,-1.5226848974518439,-1.1497824735860747,-1.243008079552517
IOC,2026-01-20,BULLISH_TO_BEARISH,55.1,MODERATE,-1.0,158.8,-0.1574307304785894,-0.06297229219143219,-2.707808564231727
IOC,2026-01-27,BEARISH_TO_BULLISH,49.3,MODERATE,1.0,162.85,0.1535155050660117,1.0746085354620818,6.109917101627275
IOC,2026-01-29,BULLISH_TO_BEARISH,25.7,WEAK,-1.0,163.25,-0.826952526799384,-5.8499234303216,-7.3200612557427185
IOC,2026-02-10,BEARISH_TO_BULLISH,65.8,STRONG,1.0,181.3,-1.765030336458917,-3.3921676778819667,-1.4065085493656986
IOC,2026-02-17,BULLISH_TO_BEARISH,3.6,WEAK,-1.0,178.75,2.4895104895104834,1.286713286713293,-2.405594405594412
IOC,2026-02-19,BEARISH_TO_BULLISH,40.0,MODERATE,1.0,173.8,1.524741081703094,5.322209436133487,7.853855005753727
IOC,2026-03-05,BULLISH_TO_BEARISH,40.0,MODERATE,-1.0,168.7,4.445761707172496,4.771784232365135,7.20213396561943
IOC,2026-03-30,BEARISH_TO_BULLISH,17.2,WEAK,1.0,135.7,-1.1422254974207686,-0.9211495946941783,4.399410464259395
IOC,2026-04-02,BULLISH_TO_BEARISH,57.6,MODERATE,-1.0,134.06,-0.290914515888398,-5.676562733104569,-5.236461285991354
IOC,2026-04-22,BEARISH_TO_BULLISH,33.8,WEAK,1.0,145.48,-1.3885070112730147,-0.06186417376959267,-2.2202364586197345
IOC,2026-04-30,BULLISH_TO_BEARISH,64.1,STRONG,-1.0,142.26,0.08435259384226386,-3.2546042457472204,1.3285533530155957
IOC,2026-05-21,BEARISH_TO_BULLISH,49.0,MODERATE,1.0,139.47,3.212160321216025,3.2049903204990313,-0.4803900480389959
IOC,2026-06-05,BULLISH_TO_BEARISH,62.4,STRONG,-1.0,135.61,-1.8656441265393204,1.0102499815647845,-6.548189661529381
IOC,2026-07-21,BEARISH_TO_BULLISH,63.1,STRONG,1.0,142.02,,,
IRB,2025-07-25,BEARISH_TO_BULLISH,27.9,WEAK,1.0,45.43,2.4873431653092726,-0.7924279110719776,-0.41822584195465057
IRB,2025-07-31,BULLISH_TO_BEARISH,61.6,STRONG,-1.0,44.33,-2.052785923753674,-0.8797653958944295,1.827205053011494
IRB,2025-08-22,BEARISH_TO_BULLISH,11.8,WEAK,1.0,45.05,-1.86459489456159,,
IRB,2025-08-28,BULLISH_TO_BEARISH,55.0,MODERATE,-1.0,,,,
IRCTC,2025-07-30,BEARISH_TO_BULLISH,8.3,WEAK,1.0,726.05,-0.9503477721919947,0.027546312237455475,0.1515047173059738
IRCTC,2025-08-14,BULLISH_TO_BEARISH,15.6,WEAK,-1.0,721.9,-0.6233550353234519,-0.526388696495369,0.006926167059143168
IRCTC,2025-08-20,BEARISH_TO_BULLISH,8.2,WEAK,1.0,725.7,-0.09645859170456737,-1.1643929998622082,-4.6506821000413385
IRCTC,2025-08-22,BULLISH_TO_BEARISH,4.4,WEAK,-1.0,721.85,0.6372515065456843,4.1421347925469245,1.3645494216249945
IRCTC,2025-08-28,BEARISH_TO_BULLISH,3.6,WEAK,1.0,691.95,1.7414553074644055,3.0276754100729724,3.1938723896235146
IRCTC,2025-09-01,BULLISH_TO_BEARISH,2.8,WEAK,-1.0,712.0,-0.12640449438201928,-0.28792134831460037,-0.168539325842703
IRCTC,2025-09-24,BEARISH_TO_BULLISH,3.0,WEAK,1.0,714.9,-1.650580500769332,-2.028255700097916,-1.035109805567209
IRCTC,2025-10-03,BULLISH_TO_BEARISH,29.3,WEAK,-1.0,710.25,-0.9362900387187577,0.06335797254488497,0.09151707145371027
IRCTC,2025-10-23,BEARISH_TO_BULLISH,12.1,WEAK,1.0,714.85,1.2939777575715186,2.2102538994194525,0.5385745261243648
IRCTC,2025-11-03,BULLISH_TO_BEARISH,5.3,WEAK,-1.0,718.5,2.108559498956155,1.9693806541405674,0.36882393876130515
IRCTC,2025-11-18,BEARISH_TO_BULLISH,5.9,WEAK,1.0,705.0,-0.28368794326241137,-2.8510638297872375,-2.347517730496447
IRCTC,2025-11-26,BULLISH_TO_BEARISH,25.3,WEAK,-1.0,687.85,0.18172566693319764,1.1485062150178058,2.0353274696518135
IRCTC,2025-12-12,BEARISH_TO_BULLISH,5.7,WEAK,1.0,672.5,-0.20817843866170666,-1.286245353159848,1.36059479553903
IRCTC,2025-12-23,BULLISH_TO_BEARISH,18.2,WEAK,-1.0,679.65,-3.796071507393522,-0.41197675274039114,-0.8828073273008167
IRCTC,2026-01-20,BEARISH_TO_BULLISH,40.0,MODERATE,1.0,613.7,2.4604855792732456,-1.010265602085717,0.2688610070066771
IRCTC,2026-01-29,BULLISH_TO_BEARISH,38.0,MODERATE,-1.0,623.05,2.046384720327422,0.12037557178396598,0.4895273252547877
IRCTC,2026-02-17,BEARISH_TO_BULLISH,22.9,WEAK,1.0,623.45,0.9062474937845821,2.5663645841687384,
IREDA,2025-07-22,BEARISH_TO_BULLISH,7.2,WEAK,1.0,156.91,-0.4461156076731812,-4.0915174303740915,-4.263590593333757
IREDA,2025-07-29,BULLISH_TO_BEARISH,22.2,WEAK,-1.0,150.22,1.8905605112501687,1.4645187058980087,3.9009452802556153
IREDA,2025-08-14,BEARISH_TO_BULLISH,6.8,WEAK,1.0,147.39,1.02449284211956,-0.0746319288961159,0.21711106587965373
IREDA,2025-08-21,BULLISH_TO_BEARISH,58.7,MODERATE,-1.0,147.49,-0.14916265509525992,4.3799579632517505,3.376500101701822
IREDA,2025-08-25,BEARISH_TO_BULLISH,14.9,WEAK,1.0,144.17,-2.177984324061862,-1.1514184643129615,1.0612471387944795
IREDA,2025-08-29,BULLISH_TO_BEARISH,37.1,MODERATE,-1.0,142.51,-1.1297452810329196,-1.0595747666830535,-2.133183636236068
IREDA,2025-09-02,BEARISH_TO_BULLISH,12.7,WEAK,1.0,145.7,-1.1530542210020442,-0.1029512697323111,1.2834591626630094
IREDA,2025-09-05,BULLISH_TO_BEARISH,24.8,WEAK,-1.0,145.55,0.3160425970456942,-0.7420130539333453,-4.6994160082445715
IREDA,2025-09-23,BEARISH_TO_BULLISH,2.9,WEAK,1.0,152.68,-1.5784647629028008,-2.5478124181294306,0.0
IREDA,2025-09-25,BULLISH_TO_BEARISH,47.9,MODERATE,-1.0,146.28,-1.7158873393491874,-4.375170905113484,-3.3292316106097926
IREDA,2025-09-29,BEARISH_TO_BULLISH,21.1,WEAK,1.0,148.7,2.6765299260255673,1.6476126429051898,-0.03362474781437993
IREDA,2025-10-01,BULLISH_TO_BEARISH,40.0,MODERATE,-1.0,154.09,1.9079758582646489,3.530404309169964,2.0377701343370855
IREDA,2025-10-10,BEARISH_TO_BULLISH,25.1,WEAK,1.0,150.1,2.931379080612929,2.0319786808794214,2.0986009327115296
IREDA,2025-10-14,BULLISH_TO_BEARISH,40.0,MODERATE,-1.0,154.9,1.129761136216914,1.0652033570045227,0.87153001936733
IREDA,2025-10-20,BEARISH_TO_BULLISH,67.3,STRONG,1.0,153.15,0.26118184786157733,0.1305909239307794,1.5670910871694452
IREDA,2025-10-30,BULLISH_TO_BEARISH,45.5,MODERATE,-1.0,151.95,-0.8884501480750397,2.2375781507074546,2.138861467588023
IREDA,2025-12-12,BEARISH_TO_BULLISH,25.2,WEAK,1.0,135.45,-1.1812476928755957,-2.9900332225913497,0.14765596160946257
IREDA,2025-12-16,BULLISH_TO_BEARISH,33.5,WEAK,-1.0,131.45,0.03803727653098741,-3.195131228604045,-5.058957778623055
IREDA,2025-12-22,BEARISH_TO_BULLISH,29.1,WEAK,1.0,138.75,-0.4684684684684725,-0.03603603603604423,0.8288288288288328
IREDA,2026-01-02,BULLISH_TO_BEARISH,29.2,WEAK,-1.0,144.55,0.6918021445866481,2.317537184365287,2.1099965409892847
IREDA,2026-01-23,BEARISH_TO_BULLISH,40.0,MODERATE,1.0,128.9,3.840186190845608,2.48254460822342,0.5042668735453883
IREDA,2026-01-29,BULLISH_TO_BEARISH,41.9,MODERATE,-1.0,132.1,3.5200605601816743,0.26495079485238027,2.876608629825877
IREDA,2026-02-04,BEARISH_TO_BULLISH,65.9,STRONG,1.0,129.95,-1.2697191227394977,-0.500192381685246,-3.655252020007685
IREDA,2026-02-06,BULLISH_TO_BEARISH,66.3,STRONG,-1.0,128.8,-0.3881987577639751,2.7950310559006275,1.358695652173924
IREDA,2026-02-19,BEARISH_TO_BULLISH,40.0,MODERATE,1.0,126.65,0.47374654559810053,-0.9080142123963724,-3.4741413343861076
IREDA,2026-02-26,BULLISH_TO_BEARISH,29.9,WEAK,-1.0,122.25,5.153374233128832,5.398773006134965,6.462167689161559
IREDA,2026-03-25,BEARISH_TO_BULLISH,55.0,MODERATE,1.0,114.3,-4.636920384951878,0.568678915135613,1.207349081364838
IREDA,2026-03-30,BULLISH_TO_BEARISH,42.3,MODERATE,-1.0,113.75,-1.0549450549450574,-1.6967032967033027,-8.246153846153842
IREDA,2026-05-20,BEARISH_TO_BULLISH,19.7,WEAK,1.0,127.87,0.8915304606240607,1.306013920387884,4.223039024008763
IREDA,2026-05-29,BULLISH_TO_BEARISH,40.0,MODERATE,-1.0,126.27,1.061218024867339,2.3996198622000486,4.838837411895145
IREDA,2026-06-15,BEARISH_TO_BULLISH,51.0,MODERATE,1.0,126.15,0.24573919936582483,0.8006341656757756,0.9195402298850547
IREDA,2026-06-24,BULLISH_TO_BEARISH,60.0,STRONG,-1.0,127.47,-0.007844983133290276,-0.3608692241311744,-0.8001882795952068
IREDA,2026-06-29,BEARISH_TO_BULLISH,40.0,MODERATE,1.0,128.69,-0.5905664775817786,-0.15541223094256634,-2.743025876136453
IREDA,2026-07-03,BULLISH_TO_BEARISH,25.4,WEAK,-1.0,126.73,1.2388542570819912,3.882269391619981,1.515031957705359
IREDA,2026-07-20,BEARISH_TO_BULLISH,29.5,WEAK,1.0,121.15,-1.2133718530746997,,
IRFC,2025-07-30,BEARISH_TO_BULLISH,19.9,WEAK,1.0,128.35,-1.1375146084923986,0.007791195948593165,-0.8648227502921695
IRFC,2025-08-01,BULLISH_TO_BEARISH,65.7,STRONG,-1.0,129.74,1.0636657931247073,1.9269307846462265,2.250655156466792
IRFC,2025-08-19,BEARISH_TO_BULLISH,68.1,STRONG,1.0,126.73,-1.0179120965832922,-1.8701175727925547,-6.4309950288013935
IRFC,2025-08-21,BULLISH_TO_BEARISH,45.1,MODERATE,-1.0,124.98,0.49607937269963553,5.12081933109298,3.5525684109457494
IRFC,2025-08-26,BEARISH_TO_BULLISH,15.9,WEAK,1.0,118.58,-0.3963568898633824,3.7190082644628073,2.580536346770115
IRFC,2025-08-29,BULLISH_TO_BEARISH,62.0,STRONG,-1.0,120.54,-2.0325203252032424,-0.9125601460096185,-3.3432885349261547
IRFC,2025-09-11,BEARISH_TO_BULLISH,5.8,WEAK,1.0,126.23,1.5447991761071083,2.455834587657457,2.7410282817079885
IRFC,2025-09-15,BULLISH_TO_BEARISH,60.0,STRONG,-1.0,128.96,-0.2869106699751896,-0.5660669975186025,1.2949751861042196
IRFC,2025-09-17,BEARISH_TO_BULLISH,16.4,WEAK,1.0,129.28,0.31714108910890826,-1.5392945544554415,-4.022277227722775
IRFC,2025-09-22,BULLISH_TO_BEARISH,44.0,MODERATE,-1.0,127.29,1.335533034802422,4.2265692513159,2.9695969832665576
IRFC,2025-10-21,BEARISH_TO_BULLISH,15.1,WEAK,1.0,125.1,-1.0791366906474775,-1.8784972022382047,-0.9192645883293297
IRFC,2025-10-29,BULLISH_TO_BEARISH,25.2,WEAK,-1.0,123.95,0.5244050020169468,1.3715207745058513,2.097620008067776
IRFC,2025-11-20,BEARISH_TO_BULLISH,15.1,WEAK,1.0,119.1,-1.8471872376154397,-0.8816120906800984,-1.301427371956337
IRFC,2025-11-27,BULLISH_TO_BEARISH,41.6,MODERATE,-1.0,117.55,0.382815823054022,2.4245002126754525,2.509570395576353
IRFC,2025-12-18,BEARISH_TO_BULLISH,21.2,WEAK,1.0,114.0,2.631578947368421,6.578947368421052,10.833333333333329
IRFC,2025-12-24,BULLISH_TO_BEARISH,60.0,STRONG,-1.0,133.65,5.4620276842499145,6.7714178825290015,3.853348297792746
IRFC,2026-01-02,BEARISH_TO_BULLISH,50.7,MODERATE,1.0,127.6,-0.3134796238244448,-2.6253918495297763,-3.8793103448275774
IRFC,2026-01-06,BULLISH_TO_BEARISH,61.6,STRONG,-1.0,128.05,2.9675907848496768,4.217102694260059,4.724716907458033
IRFC,2026-01-16,BEARISH_TO_BULLISH,12.8,WEAK,1.0,120.9,-3.928866832092638,-3.225806451612908,-5.210918114143929
IRFC,2026-01-20,BULLISH_TO_BEARISH,75.0,STRONG,-1.0,115.15,-1.606600086843243,0.4776378636561106,-4.255319148936162
IRFC,2026-01-23,BEARISH_TO_BULLISH,40.0,MODERATE,1.0,114.6,4.842931937172785,4.799301919720768,0.4363001745200698
IRFC,2026-01-29,BULLISH_TO_BEARISH,40.4,MODERATE,-1.0,120.1,4.28809325562031,3.413821815154034,4.6211490424646104
IRFC,2026-02-04,BEARISH_TO_BULLISH,45.9,MODERATE,1.0,114.7,-0.13077593722755507,0.6538796861377506,-1.002615518744556
IRFC,2026-02-06,BULLISH_TO_BEARISH,40.7,MODERATE,-1.0,115.05,-0.3476749239461153,1.303780964797914,1.6079965232507556
IRFC,2026-02-19,BEARISH_TO_BULLISH,40.0,MODERATE,1.0,111.9,0.0,-6.568364611260061,-7.462019660411088
IRFC,2026-02-26,BULLISH_TO_BEARISH,66.2,STRONG,-1.0,103.55,4.056011588604542,4.538870111057463,5.794302269435056
IRFC,2026-03-25,BEARISH_TO_BULLISH,52.9,MODERATE,1.0,92.45,-5.624661979448353,-0.6598161168199019,0.5191995673336982
IRFC,2026-04-08,BULLISH_TO_BEARISH,40.0,MODERATE,-1.0,98.49,-1.7971367651538332,-3.269367448471925,-6.447355061427565
IRFC,2026-04-15,BEARISH_TO_BULLISH,65.7,STRONG,1.0,103.24,1.5497869043006671,0.3583882216195317,1.7628826036420064
IRFC,2026-04-20,BULLISH_TO_BEARISH,24.0,WEAK,-1.0,103.61,-2.1329987452948496,-0.29919891902326246,-1.4766914390502859
IRFC,2026-04-28,BEARISH_TO_BULLISH,40.0,MODERATE,1.0,105.08,-0.8374571754853402,0.7042253521126712,1.5987818804720277
IRFC,2026-04-30,BULLISH_TO_BEARISH,30.6,WEAK,-1.0,104.41,-1.350445359639878,-2.2507422660664766,1.2738243463269785
IRFC,2026-05-21,BEARISH_TO_BULLISH,45.4,MODERATE,1.0,98.19,2.301660046847953,1.0184336490477646,-1.9553926061717095
IRFC,2026-05-29,BULLISH_TO_BEARISH,49.7,MODERATE,-1.0,96.27,-0.41549807832139374,0.2181364911187221,1.63082995741144
IRFC,2026-06-15,BEARISH_TO_BULLISH,46.2,MODERATE,1.0,97.63,2.878213663832841,1.9256376113899516,1.065246338215719
IRFC,2026-06-19,BULLISH_TO_BEARISH,8.1,WEAK,-1.0,100.9,2.2101090188305292,9.04856293359763,10.277502477700699
IRFC,2026-06-30,BEARISH_TO_BULLISH,40.0,MODERATE,1.0,91.18,-0.3838561087957979,-1.0309278350515594,-4.0359728010528695
IRFC,2026-07-02,BULLISH_TO_BEARISH,41.9,MODERATE,-1.0,90.57,0.36435905929115414,3.3896433697692316,0.7397593021971818
ITC,2025-07-15,BEARISH_TO_BULLISH,22.5,WEAK,1.0,424.6,-0.15308525671220774,-1.0598210080075365,-2.272727272727281
ITC,2025-08-04,BULLISH_TO_BEARISH,40.0,MODERATE,-1.0,414.15,0.5191355788965296,-0.08451044307618563,-0.5312084993360003
ITC,2025-08-13,BEARISH_TO_BULLISH,1.2,WEAK,1.0,411.45,-1.25167091991736,-1.3124316441851933,-3.196014096488025
ITC,2025-08-18,BULLISH_TO_BEARISH,66.3,STRONG,-1.0,409.1,0.7455389880224911,2.6399413346370104,1.4055243216817404
ITC,2025-08-26,BEARISH_TO_BULLISH,65.0,STRONG,1.0,400.9,2.2075330506360746,1.4592167622848649,3.741581441756049
ITC,2025-09-01,BULLISH_TO_BEARISH,64.8,STRONG,-1.0,406.75,-1.229256299938537,-0.14751075599263005,-0.8113091579594374
ITC,2025-09-03,BEARISH_TO_BULLISH,46.1,MODERATE,1.0,415.9,-2.0557826400576955,-1.4065881221447383,-0.20437605193555325
ITC,2025-09-08,BULLISH_TO_BEARISH,17.2,WEAK,-1.0,410.05,-0.7316180953542251,-0.8901353493476349,-0.7438117302767983
ITC,2025-09-10,BEARISH_TO_BULLISH,43.7,MODERATE,1.0,415.05,-0.32526201662450854,-0.4698229129020573,-0.8432718949524154
ITC,2025-09-15,BULLISH_TO_BEARISH,41.3,MODERATE,-1.0,413.1,0.9198741224885043,0.6051803437424352,2.396514161220052
ITC,2025-09-29,BEARISH_TO_BULLISH,31.3,WEAK,1.0,401.55,1.0085917071348551,-0.19922799153281318,-0.4482629809488261
ITC,2025-10-01,BULLISH_TO_BEARISH,60.0,STRONG,-1.0,404.3,0.8780608459065078,1.125401929260453,0.37101162503091767
ITC,2025-10-10,BEARISH_TO_BULLISH,34.3,WEAK,1.0,399.25,-0.6136505948653697,1.4777708202880344,3.456480901690673
ITC,2025-10-14,BULLISH_TO_BEARISH,48.8,MODERATE,-1.0,399.9,-1.312828207051763,-3.288322080520139,-4.013503375843964
ITC,2025-10-16,BEARISH_TO_BULLISH,46.6,MODERATE,1.0,412.15,0.2183670993570385,0.9219944195074636,2.0623559383719523
ITC,2025-10-21,BULLISH_TO_BEARISH,11.3,WEAK,-1.0,415.95,-0.20435148455343735,-0.468806346916694,-0.6731578314701314
ITC,2025-10-24,BEARISH_TO_BULLISH,20.4,WEAK,1.0,420.65,-0.6537501485795792,-0.4516819208367948,-1.5927730892666085
ITC,2025-10-29,BULLISH_TO_BEARISH,40.0,MODERATE,-1.0,418.75,-0.3820895522388114,2.352238805970155,3.510447761194027
ITC,2025-11-21,BEARISH_TO_BULLISH,43.0,MODERATE,1.0,403.55,-0.6814521125015487,0.16107049931854225,0.17346053772766412
ITC,2025-11-26,BULLISH_TO_BEARISH,60.0,STRONG,-1.0,404.2,-0.012370113805049819,0.8040573973280554,0.28451261751607554
ITC,2025-12-04,BEARISH_TO_BULLISH,20.2,WEAK,1.0,404.95,-0.654401777997278,-0.4444993209038181,-1.197678725768605
ITC,2025-12-08,BULLISH_TO_BEARISH,43.3,MODERATE,-1.0,401.05,-0.523625483106836,0.23687819473880775,-0.16207455429497003
ITC,2025-12-22,BEARISH_TO_BULLISH,10.9,WEAK,1.0,407.35,-0.1841168528292623,-1.1783478581072815,-1.0678777464097269
ITC,2025-12-26,BULLISH_TO_BEARISH,43.0,MODERATE,-1.0,402.55,0.48441187430132615,9.613712582287912,13.128803875295
ITC,2026-01-20,BEARISH_TO_BULLISH,40.0,MODERATE,1.0,324.75,0.03079291762895234,-1.8783679753656728,-1.8937644341801316
ITC,2026-01-28,BULLISH_TO_BEARISH,60.0,STRONG,-1.0,318.6,-1.114249843063388,0.6120527306968127,2.636534839924681
ITC,2026-02-17,BEARISH_TO_BULLISH,71.8,STRONG,1.0,332.45,-1.9401413746428002,-2.1206196420514396,-3.8201233268160593
ITC,2026-02-26,BULLISH_TO_BEARISH,42.3,MODERATE,-1.0,313.6,-0.41454081632651607,0.6696428571428643,2.4234693877551092
ITC,2026-03-27,BEARISH_TO_BULLISH,40.0,MODERATE,1.0,287.7,1.3903371567605145,2.4852276677094314,5.126868265554397
ITC,2026-04-01,BULLISH_TO_BEARISH,48.3,MODERATE,-1.0,292.85,-0.6829434864264982,-3.2781287348471793,-3.892777872631032
ITC,2026-04-24,BEARISH_TO_BULLISH,40.0,MODERATE,1.0,303.85,0.19746585486258542,3.636662827052807,2.5012341615928797
ITC,2026-04-30,BULLISH_TO_BEARISH,42.1,MODERATE,-1.0,311.1,-0.1125040180006319,1.189328190292525,1.6875602700096433
ITC,2026-05-15,BEARISH_TO_BULLISH,38.7,MODERATE,1.0,310.15,0.04836369498630795,-0.6770917298081464,-1.9990327261002705
ITC,2026-05-19,BULLISH_TO_BEARISH,24.0,WEAK,-1.0,307.55,-0.16257519102584947,1.1705413753861234,5.07234596000651
ITC,2026-06-19,BEARISH_TO_BULLISH,42.4,MODERATE,1.0,291.25,-0.4291845493562232,-0.4291845493562232,-1.4763948497854116
ITC,2026-07-02,BULLISH_TO_BEARISH,28.8,WEAK,-1.0,289.95,0.5863079841351918,3.2074495602690156,2.8280738058285873
ITC,2026-07-16,BEARISH_TO_BULLISH,44.9,MODERATE,1.0,280.7,0.7125044531528323,0.03562522265764971,
ITC,2026-07-20,BULLISH_TO_BEARISH,40.0,MODERATE,-1.0,281.0,0.07117437722419524,,
JINDALSTEL,2025-07-29,BULLISH_TO_BEARISH,3.6,WEAK,-1.0,982.85,1.8161469196723834,0.2696240525003792,-0.31032202268911374
JINDALSTEL,2025-08-25,BEARISH_TO_BULLISH,9.3,WEAK,1.0,977.1,-1.269061508545694,-1.458397298127111,5.250230273257605
JINDALSTEL,2025-08-29,BULLISH_TO_BEARISH,39.2,MODERATE,-1.0,962.85,-1.2774575479046533,-7.166225268733435,-8.173651139845244
JINDALSTEL,2025-09-09,BEARISH_TO_BULLISH,2.9,WEAK,1.0,1039.6,0.07695267410544267,0.6444786456329401,-0.5723355136590822
JINDALSTEL,2025-09-17,BULLISH_TO_BEARISH,41.4,MODERATE,-1.0,1047.65,0.15749534672840076,-1.4365484656135115,-0.3865794874242308
JINDALSTEL,2025-09-30,BEARISH_TO_BULLISH,20.0,WEAK,1.0,1065.0,1.07981220657277,-2.9389671361502305,-2.319248826291084
JINDALSTEL,2025-10-07,BULLISH_TO_BEARISH,56.2,MODERATE,-1.0,1019.2,-2.0702511773940255,1.1381475667189975,1.746467817896396
JINDALSTEL,2025-10-23,BEARISH_TO_BULLISH,13.7,WEAK,1.0,1008.2,2.5887720690339124,6.189248165046604,5.812338821662359
JINDALSTEL,2025-11-19,BULLISH_TO_BEARISH,25.9,WEAK,-1.0,1069.4,2.8801196932859714,4.376285767720223,2.646343744155618
JINDALSTEL,2025-12-22,BEARISH_TO_BULLISH,9.0,WEAK,1.0,1012.6,-1.3430772269405513,-2.1825004937783947,4.068733952202245
JINDALSTEL,2025-12-29,BULLISH_TO_BEARISH,24.6,WEAK,-1.0,1021.3,-3.182218740820523,-5.77695094487418,-5.727993733476942
JINDALSTEL,2026-01-02,BEARISH_TO_BULLISH,29.9,WEAK,1.0,1081.6,-0.1664201183431911,-6.286982248520701,-5.380917159763308
JINDALSTEL,2026-01-09,BULLISH_TO_BEARISH,17.7,WEAK,-1.0,1023.4,1.2311901504787983,-1.9054133281219576,-1.5976157905022497
JINDALSTEL,2026-01-16,BEARISH_TO_BULLISH,6.3,WEAK,1.0,1055.6,-1.5015157256536482,1.9325502084122863,2.377794619173943
JINDALSTEL,2026-01-30,BULLISH_TO_BEARISH,15.2,WEAK,-1.0,1125.1,-2.186472313572139,-4.701804284063647,-5.86170118211715
JINDALSTEL,2026-02-03,BEARISH_TO_BULLISH,21.6,WEAK,1.0,1167.3,0.9166452497215837,2.0346097832605157,1.9874925040692235
JINDALSTEL,2026-03-05,BULLISH_TO_BEARISH,25.9,WEAK,-1.0,1180.4,3.0752287360217028,-0.5591324974584808,3.1430023720772735
JINDALSTEL,2026-04-20,BEARISH_TO_BULLISH,14.8,WEAK,1.0,1288.8,-0.7914338919925548,-2.545003103662318,-1.807883302296707
JINDALSTEL,2026-05-05,BULLISH_TO_BEARISH,31.0,WEAK,-1.0,1264.3,0.4824804239500047,2.554773392391043,1.6926362413983917
JINDALSTEL,2026-05-25,BEARISH_TO_BULLISH,30.5,WEAK,1.0,1222.9,-0.1880775206476557,-1.071224139340922,-0.9485648867446345
JINDALSTEL,2026-06-03,BULLISH_TO_BEARISH,3.4,WEAK,-1.0,1197.2,1.328098897427338,3.9508853992649473,6.339792849983302
JINDALSTEL,2026-06-30,BEARISH_TO_BULLISH,8.6,WEAK,1.0,1028.8,1.45800933125972,2.9840590979782315,-0.7095645412130593
JINDALSTEL,2026-07-08,BULLISH_TO_BEARISH,35.4,MODERATE,-1.0,1029.8,-2.087784035735094,-1.0001942124684362,0.17479122159642208
JIOFIN,2025-07-24,BEARISH_TO_BULLISH,43.2,MODERATE,1.0,311.25,-1.2530120481927638,2.907630522088357,5.863453815261044
JIOFIN,2025-07-28,BULLISH_TO_BEARISH,66.3,STRONG,-1.0,321.1,0.2491435689816292,-2.6160074743070623,-3.6592961694176265
JIOFIN,2025-07-30,BEARISH_TO_BULLISH,18.5,WEAK,1.0,329.25,0.07593014426727411,1.093394077448754,-1.1389521640091116
JIOFIN,2025-08-06,BULLISH_TO_BEARISH,69.5,STRONG,-1.0,325.5,1.321044546851002,-0.4608294930875576,-0.5837173579108993
JIOFIN,2025-08-19,BEARISH_TO_BULLISH,30.2,WEAK,1.0,328.5,-1.4155251141552443,-2.6788432267884357,-5.601217656012169
JIOFIN,2025-08-21,BULLISH_TO_BEARISH,67.1,STRONG,-1.0,320.6,0.28072364316906867,3.2751091703056767,2.0430442919525924
JIOFIN,2025-10-21,BEARISH_TO_BULLISH,15.1,WEAK,1.0,309.05,-1.0030739362562764,-0.3559294612522319,0.24267917812651674
JIOFIN,2025-10-30,BULLISH_TO_BEARISH,40.0,MODERATE,-1.0,306.8,0.01629726205997763,2.8357235984354587,1.580834419817478
JIOFIN,2025-11-11,BEARISH_TO_BULLISH,44.9,MODERATE,1.0,309.5,0.38772213247172493,0.8077544426494345,-1.6316639741518615
JIOFIN,2025-11-18,BULLISH_TO_BEARISH,69.7,STRONG,-1.0,304.45,-1.2809985219247937,1.5109213335522964,-1.1660371161110237
JIOFIN,2025-12-12,BEARISH_TO_BULLISH,14.0,WEAK,1.0,299.6,-1.4519359145527444,-2.436582109479309,-0.283711615487324
JIOFIN,2025-12-16,BULLISH_TO_BEARISH,67.3,STRONG,-1.0,293.15,0.28995394849052225,-1.9102848371141135,-1.9614531809653761
JIOFIN,2025-12-22,BEARISH_TO_BULLISH,20.5,WEAK,1.0,298.7,0.06695681285570426,-1.5902243053230667,-1.2554402410445265
JIOFIN,2025-12-24,BULLISH_TO_BEARISH,40.0,MODERATE,-1.0,296.95,1.0102710894089915,0.6735140596059943,-1.5995958915642365
JIOFIN,2025-12-30,BEARISH_TO_BULLISH,17.4,WEAK,1.0,294.95,0.2542803865061875,1.8477708086116251,2.898796406170541
JIOFIN,2026-01-01,BULLISH_TO_BEARISH,50.1,MODERATE,-1.0,301.7,0.4308916141862815,-0.5966191581040806,4.789526019224391
JIOFIN,2026-02-04,BEARISH_TO_BULLISH,67.8,STRONG,1.0,269.95,-0.6853120948323638,0.09260974254491573,-0.8890535284311826
JIOFIN,2026-02-06,BULLISH_TO_BEARISH,43.4,MODERATE,-1.0,269.25,-0.3528319405756689,0.6313834726090951,2.48839368616527
JIOFIN,2026-02-12,BEARISH_TO_BULLISH,40.0,MODERATE,1.0,263.95,-0.5304034855086104,0.05682894487593639,-2.0268990339079243
JIOFIN,2026-02-17,BULLISH_TO_BEARISH,11.2,WEAK,-1.0,264.1,2.082544490723211,2.3854600530102275,2.7073078379401867
JIOFIN,2026-02-23,BEARISH_TO_BULLISH,9.5,WEAK,1.0,255.25,0.6660137120470083,0.058765915768856286,-5.4652301665034235
JIOFIN,2026-02-27,BULLISH_TO_BEARISH,41.5,MODERATE,-1.0,249.0,3.092369477911642,3.8755020080321305,5.220883534136546
JIOFIN,2026-03-12,BEARISH_TO_BULLISH,23.9,WEAK,1.0,235.25,-0.38257173219978985,5.504782146652492,1.7215727948990485
JIOFIN,2026-03-16,BULLISH_TO_BEARISH,55.1,MODERATE,-1.0,237.6,-4.461279461279459,-0.7154882154882226,2.0622895622895645
JIOFIN,2026-03-25,BEARISH_TO_BULLISH,46.9,MODERATE,1.0,232.55,-3.6336271769512005,-1.3115459041066484,1.1954418404644167
JIOFIN,2026-04-01,BULLISH_TO_BEARISH,30.6,WEAK,-1.0,229.5,-2.531590413943356,-7.564270152505452,-5.969498910675377
JIOFIN,2026-04-23,BEARISH_TO_BULLISH,75.0,STRONG,1.0,245.73,3.2230496886827074,2.026614576974736,2.8527245350588126
JIOFIN,2026-04-29,BULLISH_TO_BEARISH,4.9,WEAK,-1.0,246.37,-2.58554207086902,-2.4637739984576017,-1.2055039168729953
JIOFIN,2026-05-14,BEARISH_TO_BULLISH,45.8,MODERATE,1.0,233.06,-0.18879258560027362,0.6908092336737257,2.201149918475927
JIOFIN,2026-05-18,BULLISH_TO_BEARISH,46.5,MODERATE,-1.0,233.28,-0.5958504801097335,-2.104766803840876,-3.167866941015083
JIOFIN,2026-05-22,BEARISH_TO_BULLISH,65.1,STRONG,1.0,241.74,-0.4426243071068179,-1.1541325390915944,-1.6919003888475237
JIOFIN,2026-05-29,BULLISH_TO_BEARISH,48.1,MODERATE,-1.0,234.95,-1.1491806767397392,-0.33624175356459696,2.587784635028723
JIOFIN,2026-06-29,BEARISH_TO_BULLISH,40.0,MODERATE,1.0,236.44,1.509896802571474,1.2307562172221267,2.8040940619184553
JIOFIN,2026-07-02,BULLISH_TO_BEARISH,9.3,WEAK,-1.0,239.35,-0.27574681428869713,3.906413202423227,-1.086275329016083
JIOFIN,2026-07-10,BEARISH_TO_BULLISH,75.0,STRONG,1.0,241.41,-2.2534277784681653,-2.3859823536721723,-1.0314402883062048
JIOFIN,2026-07-14,BULLISH_TO_BEARISH,71.3,STRONG,-1.0,236.58,0.3931016992137995,-0.9890945980218002,0.752388198495224
JSL,2025-08-13,BEARISH_TO_BULLISH,31.3,WEAK,1.0,729.9,2.397588710782299,4.8157281819427284,6.528291546787228
JSWENERGY,2025-07-10,BEARISH_TO_BULLISH,45.9,MODERATE,1.0,523.7,1.2984533129654294,1.537139583731135,1.2793584113041687
JSWENERGY,2025-07-21,BULLISH_TO_BEARISH,25.7,WEAK,-1.0,531.5,-0.442144873000945,2.5211665098777,1.260583254938861
JSWENERGY,2025-07-29,BEARISH_TO_BULLISH,31.6,WEAK,1.0,526.5,-2.174738841405517,2.146248812915471,1.4339981006647586
JSWENERGY,2025-08-06,BULLISH_TO_BEARISH,6.5,WEAK,-1.0,532.9,2.7303434040157546,-0.04691311690748734,0.7036967536123101
JSWENERGY,2025-09-12,BEARISH_TO_BULLISH,30.5,WEAK,1.0,532.0,1.5131578947368336,1.0902255639097658,2.058270676691738
JSWENERGY,2025-09-17,BULLISH_TO_BEARISH,28.2,WEAK,-1.0,537.8,-1.431759018222396,-1.124953514317603,1.7106731126812817
JSWENERGY,2025-09-30,BEARISH_TO_BULLISH,28.9,WEAK,1.0,536.45,0.6431167862801624,2.162363687202891,1.1837077080808853
JSWENERGY,2025-10-07,BULLISH_TO_BEARISH,40.0,MODERATE,-1.0,534.45,-1.5623538216858281,-1.8710824211806527,-2.114323135934129
JSWENERGY,2025-10-28,BEARISH_TO_BULLISH,20.5,WEAK,1.0,534.45,0.6923004958368288,-0.290017775283014,-3.1995509402189204
JSWENERGY,2025-10-30,BULLISH_TO_BEARISH,27.7,WEAK,-1.0,527.45,-1.0332732960470057,1.9148734477201672,0.9384775808133559
JSWENERGY,2025-11-14,BEARISH_TO_BULLISH,4.1,WEAK,1.0,527.65,-0.13266369752675672,-4.321046148014774,-8.841087842319716
JSWENERGY,2025-11-19,BULLISH_TO_BEARISH,41.8,MODERATE,-1.0,504.85,4.020996335545213,5.59572150143607,3.3376250371397487
JSWENERGY,2025-11-25,BEARISH_TO_BULLISH,24.6,WEAK,1.0,487.25,0.1539250897896357,0.933812211390459,-3.4992303745510545
JSWENERGY,2025-12-03,BULLISH_TO_BEARISH,62.6,STRONG,-1.0,459.85,-0.4566706534739514,1.8810481678808382,0.44579754267696237
JSWENERGY,2025-12-12,BEARISH_TO_BULLISH,55.0,MODERATE,1.0,486.45,-1.624010689690611,-2.9705005653201746,-1.5417823003391922
JSWENERGY,2026-01-09,BULLISH_TO_BEARISH,50.6,MODERATE,-1.0,498.8,0.9322373696872561,1.202886928628709,3.9494787489975915
JSWENERGY,2026-02-04,BEARISH_TO_BULLISH,19.7,WEAK,1.0,473.95,-0.16879417660090967,2.0571790273235573,1.1710096001687966
JSWENERGY,2026-02-09,BULLISH_TO_BEARISH,4.8,WEAK,-1.0,483.7,0.27909861484390447,1.8606574322927436,-0.7545999586520641
JSWENERGY,2026-02-23,BEARISH_TO_BULLISH,8.0,WEAK,1.0,490.25,-0.040795512493623384,-0.5099439061703213,-4.5385007649158595
JSWENERGY,2026-03-09,BULLISH_TO_BEARISH,35.7,MODERATE,-1.0,488.7,0.14323715981174312,-4.962144464906908,-3.4990791896869293
JSWENERGY,2026-04-15,BEARISH_TO_BULLISH,32.1,WEAK,1.0,535.95,0.3918275958578055,1.996454893180321,4.748577292657885
JSWENERGY,2026-04-20,BULLISH_TO_BEARISH,7.6,WEAK,-1.0,546.65,-2.542760450013716,0.3109850910088598,-6.2654349217963965
JSWENERGY,2026-04-23,BEARISH_TO_BULLISH,31.2,WEAK,1.0,544.95,5.294063675566549,2.8351224883016664,3.183778328286982
JSWENERGY,2026-05-11,BULLISH_TO_BEARISH,65.2,STRONG,-1.0,517.95,1.67969881262671,0.5598996042089179,-2.9346462013707755
JSWENERGY,2026-05-19,BEARISH_TO_BULLISH,14.9,WEAK,1.0,537.1,2.1225097747160633,3.714392105753106,12.092720163842847
JSWENERGY,2026-05-29,BULLISH_TO_BEARISH,39.6,MODERATE,-1.0,583.4,-0.882756256427833,-1.1398697291738047,2.1340418237915553
JSWENERGY,2026-06-19,BEARISH_TO_BULLISH,15.6,WEAK,1.0,582.05,-2.267846404948017,-1.468945966841329,0.18898720041233963
JSWENERGY,2026-07-02,BULLISH_TO_BEARISH,36.6,MODERATE,-1.0,550.2,0.5089058524173151,2.4082151944747365,-0.5906942929843693
JSWENERGY,2026-07-20,BEARISH_TO_BULLISH,59.4,MODERATE,1.0,566.2,-0.7947721653126103,,
JSWSTEEL,2025-07-23,BEARISH_TO_BULLISH,33.0,WEAK,1.0,1033.8,-0.6674405107370733,0.10640355968273713,1.4025923776359064
JSWSTEEL,2025-07-30,BULLISH_TO_BEARISH,6.0,WEAK,-1.0,1048.3,1.95554707621864,-0.48650195554708925,-1.5835161690355946
JSWSTEEL,2025-08-26,BEARISH_TO_BULLISH,7.8,WEAK,1.0,1035.8,-0.8882023556671217,0.7916586213554785,3.5335006758061533
JSWSTEEL,2025-09-02,BULLISH_TO_BEARISH,27.4,WEAK,-1.0,1072.2,-0.018653236336508627,-2.723372505129644,-2.7047192687931356
JSWSTEEL,2025-09-19,BEARISH_TO_BULLISH,23.2,WEAK,1.0,1117.0,1.915846016114601,2.820053715308863,0.4655326768128958
JSWSTEEL,2025-09-25,BULLISH_TO_BEARISH,7.5,WEAK,-1.0,1130.8,0.7605235231694296,-1.3530244074991118,-2.573399363282644
JSWSTEEL,2025-09-30,BEARISH_TO_BULLISH,51.4,MODERATE,1.0,1146.1,1.3611377715731732,0.9336009074251851,2.5434080795742164
JSWSTEEL,2025-10-03,BULLISH_TO_BEARISH,29.9,WEAK,-1.0,1159.9,0.26726441934650713,-1.3233899474092516,-0.12932149323217518
JSWSTEEL,2025-10-16,BEARISH_TO_BULLISH,10.6,WEAK,1.0,1163.3,-1.5559185076936224,-2.157654947133148,-1.0917218258402859
JSWSTEEL,2025-10-20,BULLISH_TO_BEARISH,20.9,WEAK,-1.0,1152.5,1.2407809110629027,0.1648590021692053,-4.80694143167029
JSWSTEEL,2025-10-28,BEARISH_TO_BULLISH,74.6,STRONG,1.0,1207.9,0.1738554516102251,-1.0679692027485794,-3.237022932361962
JSWSTEEL,2025-11-11,BULLISH_TO_BEARISH,2.9,WEAK,-1.0,1181.85,-0.17345686846894126,0.5372932267208114,1.4341921563650055
JSWSTEEL,2025-11-19,BEARISH_TO_BULLISH,26.6,WEAK,1.0,1170.0,-2.5384615384615423,-4.957264957264957,-0.8034188034188112
JSWSTEEL,2025-11-27,BULLISH_TO_BEARISH,35.2,MODERATE,-1.0,1160.3,-0.6980953201758283,1.4349737136947225,-0.1680599844867746
JSWSTEEL,2025-12-12,BEARISH_TO_BULLISH,23.5,WEAK,1.0,1114.8,-2.8884104772156483,-2.924291352708998,-1.7850735557947492
JSWSTEEL,2025-12-16,BULLISH_TO_BEARISH,60.9,STRONG,-1.0,1079.3,-0.2686926711757705,-1.4453812656351466,-1.111831742796257
JSWSTEEL,2025-12-26,BEARISH_TO_BULLISH,41.4,MODERATE,1.0,1092.6,1.7389712612117885,7.221306974190014,8.539264140582114
JSWSTEEL,2026-01-14,BULLISH_TO_BEARISH,12.2,WEAK,-1.0,1187.3,0.2695190768971655,1.069653836435614,1.4570875094752764
JSWSTEEL,2026-01-23,BEARISH_TO_BULLISH,21.2,WEAK,1.0,1222.0,-0.2700490998363302,-0.6219312602291251,0.605564648117847
JSWSTEEL,2026-01-28,BULLISH_TO_BEARISH,13.5,WEAK,-1.0,1237.5,1.8666666666666591,0.6545454545454471,-0.1858585858585822
JSWSTEEL,2026-02-12,BEARISH_TO_BULLISH,1.7,WEAK,1.0,1232.0,1.3149350649350686,1.558441558441562,0.3084415584415548
JSWSTEEL,2026-03-02,BULLISH_TO_BEARISH,17.9,WEAK,-1.0,1213.0,-2.8936521022258788,1.6817807089859926,2.8194558944765085
JSWSTEEL,2026-03-18,BEARISH_TO_BULLISH,10.0,WEAK,1.0,1130.9,3.422053231939147,0.24759041471394064,-0.05305508886728591
JSWSTEEL,2026-04-02,BULLISH_TO_BEARISH,7.6,WEAK,-1.0,1133.6,-1.6143260409315616,-6.713126323218079,-6.227946365561057
JSWSTEEL,2026-04-20,BEARISH_TO_BULLISH,29.6,WEAK,1.0,1279.6,-1.2660206314473132,-1.867771178493269,0.15629884338855893
JSWSTEEL,2026-04-22,BULLISH_TO_BEARISH,38.3,MODERATE,-1.0,1257.0,0.10342084327764156,-1.9570405727923554,-0.5966587112171837
JSWSTEEL,2026-04-30,BEARISH_TO_BULLISH,3.3,WEAK,1.0,1266.6,-1.1211116374545886,1.3263855992420799,-0.31580609505763463
JSWSTEEL,2026-05-05,BULLISH_TO_BEARISH,34.6,WEAK,-1.0,1273.3,-0.7932144820545148,0.8403361344537851,-0.1256577397314173
JSWSTEEL,2026-05-19,BEARISH_TO_BULLISH,8.0,WEAK,1.0,1283.2,-0.14806733167083003,0.47537406483789807,2.033977556109719
JSWSTEEL,2026-05-29,BULLISH_TO_BEARISH,39.0,MODERATE,-1.0,1299.4,-0.8773279975373144,-0.1308296136678327,2.9782976758503956
JSWSTEEL,2026-06-18,BEARISH_TO_BULLISH,3.9,WEAK,1.0,1287.8,-0.41931977015063393,-4.395092405653045,-4.301910234508453
JSWSTEEL,2026-07-14,BULLISH_TO_BEARISH,2.1,WEAK,-1.0,1226.9,0.4808867878392771,-2.4533376803325377,-3.260249409079794
JSWSTEEL,2026-07-21,BEARISH_TO_BULLISH,33.5,WEAK,1.0,1266.9,,,
JUBLFOOD,2025-07-03,BULLISH_TO_BEARISH,2.1,WEAK,-1.0,710.05,3.654672206182654,3.8166326315048114,4.429265544679943
JUBLFOOD,2025-07-29,BEARISH_TO_BULLISH,20.9,WEAK,1.0,656.0,-0.07621951219512195,-1.097560975609763,-3.955792682926836
JUBLFOOD,2025-08-07,BULLISH_TO_BEARISH,27.2,WEAK,-1.0,624.45,-0.9608455440787892,-2.4501561374009055,-1.721514933141164
JUBLFOOD,2025-08-19,BEARISH_TO_BULLISH,8.4,WEAK,1.0,634.2,-1.0801009145380043,2.144433932513388,0.21286660359506604
JUBLFOOD,2025-08-22,BULLISH_TO_BEARISH,37.4,MODERATE,-1.0,647.8,1.0805804260574252,3.0950910774930467,1.8832973139857878
JUBLFOOD,2025-08-26,BEARISH_TO_BULLISH,17.9,WEAK,1.0,635.55,-1.2272834552749516,0.007867201636388673,2.9344662103689862
JUBLFOOD,2025-09-02,BULLISH_TO_BEARISH,4.0,WEAK,-1.0,634.85,-3.0479640860045714,-3.9300622194218997,-3.4968890289044547
JUBLFOOD,2025-09-09,BEARISH_TO_BULLISH,30.5,WEAK,1.0,657.05,-0.8218552621566056,-3.842934327676737,-4.466935545240075
JUBLFOOD,2025-09-12,BULLISH_TO_BEARISH,58.3,MODERATE,-1.0,631.8,-0.18201962646408532,0.8467869578980547,1.4245014245014245
JUBLFOOD,2025-09-30,BEARISH_TO_BULLISH,24.6,WEAK,1.0,619.4,1.4610913787536437,-0.8879560865353568,-3.2692928640619954
JUBLFOOD,2025-10-07,BULLISH_TO_BEARISH,43.4,MODERATE,-1.0,603.0,0.6384742951907169,0.9784411276948553,3.0348258706467584
JUBLFOOD,2025-10-23,BEARISH_TO_BULLISH,42.0,MODERATE,1.0,590.55,0.8720684108035037,3.8100076200152406,1.2361358056049563
JUBLFOOD,2025-11-04,BULLISH_TO_BEARISH,30.4,WEAK,-1.0,583.4,1.1827219746314668,0.5742200891326744,1.6969489201234107
JUBLFOOD,2025-11-25,BEARISH_TO_BULLISH,11.3,WEAK,1.0,605.0,0.272727272727269,0.7190082644628137,-2.611570247933877
JUBLFOOD,2025-12-01,BULLISH_TO_BEARISH,4.4,WEAK,-1.0,603.45,2.3614218245090726,1.6985665755240698,3.305990554312709
JUBLFOOD,2025-12-12,BEARISH_TO_BULLISH,35.7,MODERATE,1.0,577.45,-2.995930383583006,-3.2470343752705864,-1.5499177417958343
JUBLFOOD,2025-12-16,BULLISH_TO_BEARISH,75.0,STRONG,-1.0,554.05,-0.839274433715385,-2.608067863911208,-1.7326956050897975
JUBLFOOD,2025-12-19,BEARISH_TO_BULLISH,15.7,WEAK,1.0,568.5,-0.3781882145998201,-1.5303430079155753,-1.7941952506596386
JUBLFOOD,2025-12-23,BULLISH_TO_BEARISH,26.2,WEAK,-1.0,563.65,0.6830479907744208,0.9491705845826351,1.8628581566575004
JUBLFOOD,2025-12-29,BEARISH_TO_BULLISH,11.0,WEAK,1.0,558.3,0.05373455131650873,-0.9582661651441716,-2.122514777001596
JUBLFOOD,2026-01-05,BULLISH_TO_BEARISH,63.4,STRONG,-1.0,546.45,1.6561442034953002,4.520084179705379,3.376338182816368
JUBLFOOD,2026-01-21,BEARISH_TO_BULLISH,26.2,WEAK,1.0,501.0,-1.6766467065868218,-1.4670658682634776,-0.7884231536926125
JUBLFOOD,2026-01-28,BULLISH_TO_BEARISH,27.6,WEAK,-1.0,488.4,-1.771089271089278,-3.705978705978711,-11.60933660933662
JUBLFOOD,2026-02-09,BEARISH_TO_BULLISH,37.2,MODERATE,1.0,554.4,-1.3437950937950816,-3.841991341991334,-4.229797979797968
JUBLFOOD,2026-02-11,BULLISH_TO_BEARISH,46.7,MODERATE,-1.0,540.75,1.4147018030513134,1.8122977346278233,2.9773462783171563
JUBLFOOD,2026-02-16,BEARISH_TO_BULLISH,12.3,WEAK,1.0,530.95,-1.2995573971183898,0.2730953950466017,-2.269516903663258
JUBLFOOD,2026-03-02,BULLISH_TO_BEARISH,20.9,WEAK,-1.0,499.5,-0.20020020020020018,2.1721721721721767,5.265265265265268
JUBLFOOD,2026-03-25,BEARISH_TO_BULLISH,43.4,MODERATE,1.0,454.35,-4.456916474083856,-1.7167381974248952,-9.06789919665457
JUBLFOOD,2026-03-30,BULLISH_TO_BEARISH,51.5,MODERATE,-1.0,443.7,-0.6423258958755967,6.885282848771696,3.572233491097581
JUBLFOOD,2026-04-13,BEARISH_TO_BULLISH,10.4,WEAK,1.0,454.85,1.0552929537209967,0.28580850829942933,8.409365724964275
JUBLFOOD,2026-04-20,BULLISH_TO_BEARISH,14.6,WEAK,-1.0,471.9,-4.492477219749957,-4.248781521508796,-2.225047679593134
JUBLFOOD,2026-04-22,BEARISH_TO_BULLISH,55.0,MODERATE,1.0,492.85,-0.18261134219337202,-2.120320584356304,-2.891346251394948
JUBLFOOD,2026-04-28,BULLISH_TO_BEARISH,38.8,MODERATE,-1.0,485.4,1.4009064688916264,4.130613926658417,1.3185002060156525
JUBLFOOD,2026-06-25,BEARISH_TO_BULLISH,18.3,WEAK,1.0,417.7,-0.02394062724442564,3.327747186976307,4.919798898731149
JUBLFOOD,2026-07-02,BULLISH_TO_BEARISH,2.0,WEAK,-1.0,429.55,-2.025375392852983,0.08148061925271162,-1.9788150389942964
JUBLFOOD,2026-07-13,BEARISH_TO_BULLISH,9.3,WEAK,1.0,421.45,1.8032981373828503,-1.0202871040455597,0.9609680863684924
KALYANKJIL,2025-08-08,BULLISH_TO_BEARISH,75.0,STRONG,-1.0,537.45,2.744441343380779,0.7349520885663867,5.600520978695696
KALYANKJIL,2025-08-22,BEARISH_TO_BULLISH,36.1,MODERATE,1.0,511.15,-2.4943754279565686,-1.369461019270273,-0.4793113567445933
KALYANKJIL,2025-09-01,BULLISH_TO_BEARISH,24.6,WEAK,-1.0,508.7,-1.0615293886377106,1.3269117357971298,1.66109691370159
KALYANKJIL,2025-09-29,BEARISH_TO_BULLISH,1.8,WEAK,1.0,454.3,2.4213075060532687,6.83469073299582,6.086286594761166
KALYANKJIL,2025-10-07,BULLISH_TO_BEARISH,4.7,WEAK,-1.0,481.95,-0.20749040356883497,1.4835563855171652,1.0270774976657306
KALYANKJIL,2025-10-16,BEARISH_TO_BULLISH,40.7,MODERATE,1.0,489.85,1.030927835051537,0.8778197407369509,3.266306012044503
KALYANKJIL,2025-11-03,BULLISH_TO_BEARISH,3.0,WEAK,-1.0,522.6,1.8656716417910446,2.3344814389590596,2.6502104860313858
KALYANKJIL,2025-11-20,BEARISH_TO_BULLISH,50.2,MODERATE,1.0,496.45,-2.4272333568335203,0.22157316950347927,1.7927283714372113
KALYANKJIL,2025-12-04,BULLISH_TO_BEARISH,4.8,WEAK,-1.0,492.5,3.5431472081218254,6.456852791878174,2.680203045685277
KALYANKJIL,2025-12-12,BEARISH_TO_BULLISH,16.6,WEAK,1.0,480.1,-0.20828993959591752,-1.9683399291814299,1.0831076858987687
KALYANKJIL,2025-12-18,BULLISH_TO_BEARISH,8.9,WEAK,-1.0,484.85,-0.09281220996184152,-0.4846859853562887,-0.29906156543260565
KALYANKJIL,2025-12-29,BEARISH_TO_BULLISH,24.3,WEAK,1.0,481.85,0.7263671266991802,2.874338487081035,3.797862405312847
KALYANKJIL,2026-01-13,BULLISH_TO_BEARISH,29.7,WEAK,-1.0,480.4,2.685262281432135,6.026228143213986,22.241881765195664
KALYANKJIL,2026-02-10,BEARISH_TO_BULLISH,58.0,MODERATE,1.0,426.95,1.2999180231877296,0.023421946363748156,-2.002576414100014
KALYANKJIL,2026-02-18,BULLISH_TO_BEARISH,13.4,WEAK,-1.0,404.8,0.8893280632411124,-0.5187747035573038,-0.568181818181821
KALYANKJIL,2026-02-24,BEARISH_TO_BULLISH,62.5,STRONG,1.0,405.7,0.34508257333005526,-0.9736258318954866,-1.4542765590337632
KALYANKJIL,2026-03-04,BULLISH_TO_BEARISH,40.6,MODERATE,-1.0,399.8,1.063031515757879,1.7383691845922933,2.463731865932972
KALYANKJIL,2026-05-22,BEARISH_TO_BULLISH,9.4,WEAK,1.0,357.85,-0.67067206930279,-0.7824507475199136,-1.3273718038284195
KALYANKJIL,2026-05-29,BULLISH_TO_BEARISH,54.1,MODERATE,-1.0,343.95,-2.6602703881378207,-5.27692978630616,-2.9800843145806075
KALYANKJIL,2026-06-03,BEARISH_TO_BULLISH,27.2,WEAK,1.0,362.1,2.692626346313173,-1.9469759734879897,-8.644020988677163
KALYANKJIL,2026-06-10,BULLISH_TO_BEARISH,75.0,STRONG,-1.0,330.8,-4.217049576783551,-14.434703748488511,-15.764812575574357
KALYANKJIL,2026-06-25,BEARISH_TO_BULLISH,4.0,WEAK,1.0,377.85,2.342199285430717,2.712716686515813,0.8998279740637759
KALYANKJIL,2026-07-06,BULLISH_TO_BEARISH,8.7,WEAK,-1.0,354.75,-5.4686398872445325,-34.22128259337561,-49.330514446793515
KALYANKJIL,2026-07-09,BEARISH_TO_BULLISH,75.0,STRONG,1.0,476.15,7.245615877349574,15.121285309251286,20.634253911582483
KALYANKJIL,2026-07-21,BULLISH_TO_BEARISH,33.2,WEAK,-1.0,596.1,,,
KAYNES,2025-10-28,BEARISH_TO_BULLISH,16.6,WEAK,1.0,6919.05,-1.7213345762785406,-3.8538527688049737,-8.102991017552995
KAYNES,2025-11-17,BULLISH_TO_BEARISH,30.7,WEAK,-1.0,5890.05,-1.4261339037868948,0.1112044889262431,1.9142452101425285
KAYNES,2025-11-25,BEARISH_TO_BULLISH,9.2,WEAK,1.0,5796.45,-3.846319730179676,-7.55634914473514,-8.44482398709555
KAYNES,2025-11-28,BULLISH_TO_BEARISH,31.7,WEAK,-1.0,5358.45,-0.9359049725200486,7.099067827450095,28.96546575968797
KAYNES,2026-03-18,BEARISH_TO_BULLISH,13.7,WEAK,1.0,3567.15,1.499796756514304,-1.4815749267622587,1.2755280826430062
KAYNES,2026-03-30,BULLISH_TO_BEARISH,42.6,MODERATE,-1.0,3539.95,0.05508552380682829,-5.964773513750197,-8.80097176513793
KAYNES,2026-05-22,BEARISH_TO_BULLISH,21.3,WEAK,1.0,3400.3,-2.979148898626597,-7.843425580095882,-6.802340969914425
KAYNES,2026-06-01,BULLISH_TO_BEARISH,31.0,WEAK,-1.0,3169.0,-1.4326285894604005,1.486273272325652,3.035657936257489
KEI,2025-07-30,BEARISH_TO_BULLISH,1.2,WEAK,1.0,3844.2,-0.7283700119660788,-0.7153634046095416,-0.04682378648352654
KEI,2025-10-15,BULLISH_TO_BEARISH,0.1,WEAK,-1.0,4172.65,0.9969683534444407,0.6950019771607971,1.1239859561669356
KEI,2025-10-27,BEARISH_TO_BULLISH,1.0,WEAK,1.0,4063.85,0.6004158618059252,-0.793582440296763,-1.8135511891432956
KEI,2026-06-25,BULLISH_TO_BEARISH,23.4,WEAK,-1.0,5452.5,0.4585052728106373,3.227877120586887,3.6955524988537367
KEI,2026-06-30,BEARISH_TO_BULLISH,24.5,WEAK,1.0,5247.5,0.5526441162458313,0.06669842782277274,-4.135302525011911
KFINTECH,2025-10-21,BEARISH_TO_BULLISH,24.3,WEAK,1.0,1139.85,0.8378295389744426,3.066192920121073,-2.4476904855901975
KFINTECH,2025-10-30,BULLISH_TO_BEARISH,15.6,WEAK,-1.0,1098.1,-0.42801202076314054,3.2783899462708312,1.502595392040798
KFINTECH,2025-11-20,BEARISH_TO_BULLISH,6.1,WEAK,1.0,1065.1,-1.8402027978593476,0.5069946483898312,-0.8262135010797067
KFINTECH,2025-12-15,BULLISH_TO_BEARISH,25.9,WEAK,-1.0,1034.45,0.3093431291990957,-4.219633621731341,-6.510706172362116
KFINTECH,2025-12-24,BEARISH_TO_BULLISH,22.0,WEAK,1.0,1100.3,-0.3680814323366313,-1.6631827683359044,-1.6631827683359044
KFINTECH,2026-01-09,BULLISH_TO_BEARISH,7.3,WEAK,-1.0,1051.0,-0.35680304471931495,-1.8839200761179786,4.110371075166513
KFINTECH,2026-01-22,BEARISH_TO_BULLISH,42.0,MODERATE,1.0,1018.7,-0.2650436831255566,-0.07853146166683697,-1.8356729164621621
KFINTECH,2026-02-06,BULLISH_TO_BEARISH,16.2,WEAK,-1.0,995.6,-2.6968662113298536,1.0646846122940963,-0.5323423061470424
KFINTECH,2026-02-24,BEARISH_TO_BULLISH,1.4,WEAK,1.0,999.1,-2.2119907917125436,-6.320688619757779,-7.12641377239516
KFINTECH,2026-02-27,BULLISH_TO_BEARISH,36.5,MODERATE,-1.0,935.95,2.847374325551588,2.4787648912869322,-0.9348789999465782
KFINTECH,2026-04-21,BEARISH_TO_BULLISH,18.7,WEAK,1.0,990.0,-0.8232323232323209,-2.964646464646467,-1.2828282828282875
KFINTECH,2026-04-30,BULLISH_TO_BEARISH,55.0,MODERATE,-1.0,863.95,-3.7617917703570805,-7.355749754036686,-3.107818739510378
KFINTECH,2026-05-06,BEARISH_TO_BULLISH,45.3,MODERATE,1.0,927.5,-1.2075471698113258,-7.557951482479787,-11.547169811320757
KFINTECH,2026-05-11,BULLISH_TO_BEARISH,43.3,MODERATE,-1.0,857.4,2.7058549101936005,5.7382785164450585,3.813855843247018
KFINTECH,2026-06-30,BEARISH_TO_BULLISH,16.8,WEAK,1.0,881.65,-1.4291385470424798,0.05104066239437935,-3.8223784948675705
KOTAKBANK,2025-07-07,BEARISH_TO_BULLISH,14.8,WEAK,1.0,2224.5,0.21577882670263795,-0.1753202966958908,-1.6363227691616133
KOTAKBANK,2025-07-15,BULLISH_TO_BEARISH,18.0,WEAK,-1.0,2179.4,0.39460401945489165,0.6515554739836777,0.41295769477837935
KOTAKBANK,2025-07-31,BEARISH_TO_BULLISH,44.8,MODERATE,1.0,1992.4,0.2308773338686965,0.5019072475406544,-1.9925717727364005
KOTAKBANK,2025-08-08,BULLISH_TO_BEARISH,42.6,MODERATE,-1.0,1975.9,0.8553064426337411,-0.11640265195606835,-2.7329318285338324
KOTAKBANK,2025-08-19,BEARISH_TO_BULLISH,39.2,MODERATE,1.0,2017.5,0.014869888475834177,-1.6951672862453555,-3.608426270136305
KOTAKBANK,2025-08-21,BULLISH_TO_BEARISH,4.7,WEAK,-1.0,1986.6,0.16611295681062896,2.109131178898614,0.9060706735125341
KOTAKBANK,2025-09-17,BEARISH_TO_BULLISH,59.9,MODERATE,1.0,2054.6,-1.148642071449426,-0.3358317920763099,-2.0003893701937074
KOTAKBANK,2025-09-25,BULLISH_TO_BEARISH,21.3,WEAK,-1.0,1994.8,0.16041708441949296,-3.4289151794666064,-7.579707238820937
KOTAKBANK,2025-11-18,BEARISH_TO_BULLISH,0.9,WEAK,1.0,2105.9,-0.3561422669642433,-0.8832328220713191,-0.0997198347499838
KOTAKBANK,2025-11-27,BULLISH_TO_BEARISH,17.9,WEAK,-1.0,2124.4,-1.0920730559216634,-1.0214648842025897,-1.4356994916211636
KOTAKBANK,2025-12-01,BEARISH_TO_BULLISH,37.7,MODERATE,1.0,2142.4,0.17270351008214235,0.5834578043315908,-0.6861463778939634
KOTAKBANK,2025-12-18,BULLISH_TO_BEARISH,3.7,WEAK,-1.0,2159.5,0.4538087520259404,-0.19912016670526428,0.04167631396156939
KOTAKBANK,2025-12-24,BEARISH_TO_BULLISH,2.1,WEAK,1.0,2164.2,-0.25875612235467654,1.7050180205156684,1.4277793179927962
KOTAKBANK,2025-12-30,BULLISH_TO_BEARISH,6.4,WEAK,-1.0,2201.1,-0.7632547362682378,0.46340466130570257,2.594157466721181
KOTAKBANK,2026-02-10,BEARISH_TO_BULLISH,45.3,MODERATE,1.0,429.55,-0.7682458386683766,-0.9195669887091116,-0.7449656617390266
KOTAKBANK,2026-02-12,BULLISH_TO_BEARISH,8.1,WEAK,-1.0,420.65,-1.1767502674432535,-1.3550457625104115,-0.16640912872935826
KOTAKBANK,2026-02-23,BEARISH_TO_BULLISH,51.1,MODERATE,1.0,427.7,-0.6429740472293664,-2.922609305588029,-5.693242927285472
KOTAKBANK,2026-02-25,BULLISH_TO_BEARISH,41.0,MODERATE,-1.0,424.55,2.202331880814986,4.993522553291718,5.829702037451419
KOTAKBANK,2026-03-18,BEARISH_TO_BULLISH,20.0,WEAK,1.0,368.1,-0.36674816625917483,-0.3395816354251562,-0.529747351263256
KOTAKBANK,2026-03-30,BULLISH_TO_BEARISH,55.0,MODERATE,-1.0,356.05,-0.5476758882179437,-1.9379300660019596,-4.451621963207405
KOTAKBANK,2026-04-08,BEARISH_TO_BULLISH,57.6,MODERATE,1.0,371.9,0.7125571390158737,2.82333960742135,3.1460069911266597
KOTAKBANK,2026-04-15,BULLISH_TO_BEARISH,40.0,MODERATE,-1.0,379.2,-1.1603375527426252,-0.7120253164556932,2.3206751054852353
KOTAKBANK,2026-04-28,BEARISH_TO_BULLISH,34.7,WEAK,1.0,382.0,0.32722513089005234,-2.78795811518324,-0.6806282722513148
KOTAKBANK,2026-05-07,BULLISH_TO_BEARISH,15.3,WEAK,-1.0,380.8,-0.06565126050420167,0.82720588235295,-1.6412815126050422
KOTAKBANK,2026-05-11,BEARISH_TO_BULLISH,40.3,MODERATE,1.0,376.0,0.4388297872340365,2.938829787234045,1.5824468085106353
KOTAKBANK,2026-05-29,BULLISH_TO_BEARISH,65.7,STRONG,-1.0,377.4,-0.43720190779015217,-1.08638049814521,0.07949125596183215
KOTAKBANK,2026-06-11,BEARISH_TO_BULLISH,45.9,MODERATE,1.0,403.3,0.6074882221671184,0.29754525167368917,-1.0042152243987135
KOTAKBANK,2026-06-18,BULLISH_TO_BEARISH,36.8,MODERATE,-1.0,399.25,-0.7263619286161496,-1.6781465247338732,0.939261114589856
KOTAKBANK,2026-06-25,BEARISH_TO_BULLISH,63.8,STRONG,1.0,395.5,-0.8091024020227532,0.973451327433634,-3.590391908975977
KOTAKBANK,2026-06-30,BULLISH_TO_BEARISH,34.3,WEAK,-1.0,400.45,0.27469097265575376,4.782120114870765,7.578973654638524
KOTAKBANK,2026-07-02,BEARISH_TO_BULLISH,5.2,WEAK,1.0,396.75,-3.8941398865784467,-6.717076244486448,-4.82671707624448
KOTAKBANK,2026-07-06,BULLISH_TO_BEARISH,75.0,STRONG,-1.0,381.7,3.03903589206182,1.0741419963321892,0.7990568509300527
KOTAKBANK,2026-07-10,BEARISH_TO_BULLISH,40.6,MODERATE,1.0,384.65,-1.559859612634863,-1.9498245157935787,-0.6759391654750985
KOTAKBANK,2026-07-15,BULLISH_TO_BEARISH,40.3,MODERATE,-1.0,377.15,-3.393875116001594,-2.333289142251097,
KOTAKBANK,2026-07-22,BEARISH_TO_BULLISH,4.4,WEAK,1.0,,,,
KPITTECH,2025-07-30,BEARISH_TO_BULLISH,46.1,MODERATE,1.0,1226.5,-1.6306563391765185,-1.3208316347329838,-1.3860578883000407
KPITTECH,2025-08-22,BULLISH_TO_BEARISH,10.7,WEAK,-1.0,1203.0,0.24106400665004912,1.0390689941812137,-0.2576891105569334
KPITTECH,2025-09-25,BEARISH_TO_BULLISH,30.4,WEAK,1.0,1212.8,-0.24736147757255939,-4.914248021108173,-4.625659630606853
KPITTECH,2025-12-16,BULLISH_TO_BEARISH,42.5,MODERATE,-1.0,1168.9,0.7057917700402087,-5.167251261870122,-4.140645050902545
KPITTECH,2026-01-27,BEARISH_TO_BULLISH,2.6,WEAK,1.0,1105.75,-5.692968573366498,-9.694777300474795,-11.25028261361067
KPITTECH,2026-02-03,BULLISH_TO_BEARISH,42.2,MODERATE,-1.0,981.35,2.2265246853823837,1.7679726906812065,2.236714729709079
KPITTECH,2026-02-19,BEARISH_TO_BULLISH,6.4,WEAK,1.0,835.35,-2.71143831926737,-5.590471060034721,-7.691386843837912
KPITTECH,2026-02-27,BULLISH_TO_BEARISH,41.2,MODERATE,-1.0,754.3,2.4062044279464376,7.390958504573778,8.093596712183476
KPITTECH,2026-05-25,BEARISH_TO_BULLISH,6.5,WEAK,1.0,784.8,-1.662844036697242,0.1656472986748303,-1.3442915392456618
KPITTECH,2026-06-25,BULLISH_TO_BEARISH,23.3,WEAK,-1.0,712.2,5.707666385846685,21.53889356922214,21.651221566975572
KPITTECH,2026-07-07,BEARISH_TO_BULLISH,7.7,WEAK,1.0,554.6,-1.163000360620275,3.398846015146055,-0.5409304002884961
KPITTECH,2026-07-09,BULLISH_TO_BEARISH,40.7,MODERATE,-1.0,561.75,-2.082777036048072,1.8068535825545133,1.370716510903435
KPITTECH,2026-07-13,BEARISH_TO_BULLISH,70.4,STRONG,1.0,555.6,-0.7199424046076314,-0.27897768178546944,1.5928725701943887
KPITTECH,2026-07-15,BULLISH_TO_BEARISH,46.7,MODERATE,-1.0,551.35,-0.48970708261538615,-2.3759862156524933,
KPITTECH,2026-07-20,BEARISH_TO_BULLISH,15.9,WEAK,1.0,564.45,-1.6919124811763782,,
LAURUSLABS,2025-07-04,BULLISH_TO_BEARISH,11.2,WEAK,-1.0,776.25,-0.2640901771336495,-2.2222222222222223,-6.132045088566831
LAURUSLABS,2025-07-14,BEARISH_TO_BULLISH,61.7,STRONG,1.0,827.05,-0.5441025330995708,-0.006045583701100844,-0.44737319388186103
LAURUSLABS,2025-07-24,BULLISH_TO_BEARISH,10.9,WEAK,-1.0,837.75,-6.147418680990749,-5.216353327364971,-1.3727245598328857
LAURUSLABS,2025-07-29,BEARISH_TO_BULLISH,71.6,STRONG,1.0,881.45,-0.8054909524079668,-2.297350955811447,-5.1392591752226515
LAURUSLABS,2025-08-04,BULLISH_TO_BEARISH,45.6,MODERATE,-1.0,857.5,2.4897959183673497,4.157434402332359,3.096209912536438
LAURUSLABS,2025-08-13,BEARISH_TO_BULLISH,47.9,MODERATE,1.0,859.7,0.6921018960102282,1.9018262184482855,2.256601139932532
LAURUSLABS,2025-09-11,BULLISH_TO_BEARISH,9.3,WEAK,-1.0,896.05,0.12276100664024431,0.23436192176774837,-4.023212990346528
LAURUSLABS,2025-09-19,BEARISH_TO_BULLISH,41.8,MODERATE,1.0,903.8,0.6915246736003541,-0.8242974109316145,-6.953972117725151
LAURUSLABS,2025-09-23,BULLISH_TO_BEARISH,0.4,WEAK,-1.0,909.75,1.4729321242099453,7.562517175048085,4.149491618576532
LAURUSLABS,2025-09-30,BEARISH_TO_BULLISH,17.9,WEAK,1.0,872.0,-0.8658256880733893,-0.9862385321100944,-0.6766055045871534
LAURUSLABS,2025-10-06,BULLISH_TO_BEARISH,32.2,WEAK,-1.0,863.4,1.0192263145702982,-1.546212647671997,-1.6794069955987954
LAURUSLABS,2025-10-20,BEARISH_TO_BULLISH,55.9,MODERATE,1.0,923.9,1.1418984738608149,1.758848360212144,4.091351877908872
LAURUSLABS,2025-10-24,BULLISH_TO_BEARISH,15.5,WEAK,-1.0,940.15,-2.0741371057809923,-3.2122533638249267,-3.7494016912194867
LAURUSLABS,2025-10-28,BEARISH_TO_BULLISH,70.4,STRONG,1.0,961.7,0.8994488925860432,1.4245606738067933,1.8820838099199237
LAURUSLABS,2025-11-19,BULLISH_TO_BEARISH,62.5,STRONG,-1.0,987.1,0.9066963833451571,0.8357815824131294,-1.6361057643602448
LAURUSLABS,2025-12-18,BEARISH_TO_BULLISH,29.6,WEAK,1.0,1045.2,1.8130501339456606,3.7887485648679586,3.463451970914662
LAURUSLABS,2026-01-05,BULLISH_TO_BEARISH,7.7,WEAK,-1.0,1115.9,-1.1291334348955917,2.9482928577829632,5.16175284523704
LAURUSLABS,2026-01-07,BEARISH_TO_BULLISH,30.8,WEAK,1.0,1100.9,-1.625942410754845,-3.869561268053423,-2.189117994368256
LAURUSLABS,2026-01-09,BULLISH_TO_BEARISH,43.8,MODERATE,-1.0,1043.15,-1.4523318794037159,-3.22580645161289,0.7333557014810995
LAURUSLABS,2026-01-27,BEARISH_TO_BULLISH,25.2,WEAK,1.0,999.0,-2.5775775775775776,-4.509509509509505,-1.8718718718718763
LAURUSLABS,2026-01-29,BULLISH_TO_BEARISH,49.6,MODERATE,-1.0,965.0,1.145077720207249,-1.58549222797927,1.4974093264248751
LAURUSLABS,2026-02-12,BEARISH_TO_BULLISH,27.3,WEAK,1.0,1010.6,0.1830595685731271,2.6568375222640035,0.8311893924401323
LAURUSLABS,2026-02-27,BULLISH_TO_BEARISH,37.7,MODERATE,-1.0,1065.0,3.2300469483568164,3.6478873239436536,2.5399061032863806
LAURUSLABS,2026-03-27,BEARISH_TO_BULLISH,25.9,WEAK,1.0,992.65,4.649171409862487,6.603535989523001,9.046491714098632
LAURUSLABS,2026-04-22,BULLISH_TO_BEARISH,21.2,WEAK,-1.0,1129.0,1.3773250664304655,3.4145261293179767,2.4889282550929948
LAURUSLABS,2026-05-14,BEARISH_TO_BULLISH,45.4,MODERATE,1.0,1323.8,0.26439039129777914,2.8176461701163285,1.4881402024475032
LAURUSLABS,2026-05-26,BULLISH_TO_BEARISH,1.9,WEAK,-1.0,1381.7,1.4257798364333825,-0.06513714988780947,-3.2930447998842003
LAURUSLABS,2026-06-04,BEARISH_TO_BULLISH,38.7,MODERATE,1.0,1446.8,-2.9098700580591585,-4.223113077135741,-3.6286978158695056
LAURUSLABS,2026-06-17,BULLISH_TO_BEARISH,26.8,WEAK,-1.0,1368.8,-3.2218001168907175,-8.196960841613095,-5.932203389830512
LAURUSLABS,2026-06-30,BEARISH_TO_BULLISH,49.1,MODERATE,1.0,1493.3,2.3170160048215456,2.4040715194535656,-1.6138753097167287
LAURUSLABS,2026-07-07,BULLISH_TO_BEARISH,45.0,MODERATE,-1.0,1469.2,-2.593248026136667,-6.084944187312813,-5.792267900898442
LAURUSLABS,2026-07-10,BEARISH_TO_BULLISH,40.9,MODERATE,1.0,1558.6,0.1347363018093248,-0.06416014371872193,0.01924804311562825
LICHSGFIN,2025-07-07,BULLISH_TO_BEARISH,4.8,WEAK,-1.0,605.15,0.16524828554903742,0.08262414277451871,-2.288688754854172
LICHSGFIN,2025-09-15,BEARISH_TO_BULLISH,11.7,WEAK,1.0,570.05,0.34207525655645044,3.9908779931584952,2.2015612665555775
LICHSGFIN,2025-10-08,BULLISH_TO_BEARISH,33.3,WEAK,-1.0,560.5,-1.4183764495985807,-0.9455842997323737,-1.5700267618197956
LICHSGFIN,2025-10-28,BEARISH_TO_BULLISH,7.3,WEAK,1.0,593.45,-3.8756424298592966,-3.016260847586164,-3.926194287640082
LICHSGFIN,2025-10-30,BULLISH_TO_BEARISH,75.0,STRONG,-1.0,570.95,-0.8056747526052909,0.14011734827919575,-0.1313600140117348
LICHSGFIN,2025-11-19,BEARISH_TO_BULLISH,4.4,WEAK,1.0,554.8,-1.6041816870944445,-1.207642393655359,-0.8201153568853559
LICHSGFIN,2025-11-27,BULLISH_TO_BEARISH,8.5,WEAK,-1.0,549.1,-0.28228009470041054,-0.054634857038782465,1.3294481879439206
LICHSGFIN,2025-12-19,BEARISH_TO_BULLISH,11.8,WEAK,1.0,533.9,-0.009365049634754548,1.039520509458713,0.6930136729724753
LICHSGFIN,2026-01-06,BULLISH_TO_BEARISH,5.9,WEAK,-1.0,538.2,2.313266443701235,3.6138981791155786,0.5481233742103391
LICHSGFIN,2026-01-08,BEARISH_TO_BULLISH,10.9,WEAK,1.0,527.9,-1.7332828187156615,1.3923091494601294,1.1460503883311364
LICHSGFIN,2026-01-12,BULLISH_TO_BEARISH,50.7,MODERATE,-1.0,521.05,-2.725266289223692,-2.4757700796468844,2.734862297284319
LICHSGFIN,2026-01-14,BEARISH_TO_BULLISH,38.9,MODERATE,1.0,533.65,0.05621662138106778,-5.031387613604417,-5.096973671882318
LICHSGFIN,2026-01-27,BULLISH_TO_BEARISH,38.7,MODERATE,-1.0,519.0,-0.7032755298651209,4.364161849710978,0.6358381502890086
LICHSGFIN,2026-02-04,BEARISH_TO_BULLISH,25.1,WEAK,1.0,515.5,0.5043646944713914,1.367604267701252,0.31037827352085795
LICHSGFIN,2026-02-06,BULLISH_TO_BEARISH,32.0,WEAK,-1.0,523.65,0.21006397402845844,1.2508354817148772,2.387090613959706
LICHSGFIN,2026-02-18,BEARISH_TO_BULLISH,8.4,WEAK,1.0,520.05,0.8653014133256418,2.307470435535045,4.874531295067787
LICHSGFIN,2026-03-02,BULLISH_TO_BEARISH,34.8,WEAK,-1.0,518.0,-0.656370656370652,3.4362934362934383,2.432432432432437
LICHSGFIN,2026-03-10,BEARISH_TO_BULLISH,19.2,WEAK,1.0,505.4,-1.3652552433715823,-0.7716660071230664,-0.5441234665611397
LICHSGFIN,2026-03-17,BULLISH_TO_BEARISH,7.0,WEAK,-1.0,502.65,3.8098080175072075,8.34576743260718,1.2633044862230114
LICHSGFIN,2026-03-25,BEARISH_TO_BULLISH,21.0,WEAK,1.0,506.05,-2.13417646477621,2.2428613773342487,1.3437407370813181
LICHSGFIN,2026-03-30,BULLISH_TO_BEARISH,42.1,MODERATE,-1.0,515.55,-0.3588400737076953,0.5237125400058058,-3.2489574241101735
LICHSGFIN,2026-04-28,BEARISH_TO_BULLISH,20.8,WEAK,1.0,562.15,-1.3252690563016867,-0.7115538557324558,4.304900827181365
LICHSGFIN,2026-05-04,BULLISH_TO_BEARISH,3.0,WEAK,-1.0,558.15,-4.29991937651169,-4.1834632267311695,-1.702051419869211
LICHSGFIN,2026-05-07,BEARISH_TO_BULLISH,28.5,WEAK,1.0,581.5,0.705073086844372,0.7136715391229539,-5.924333619948417
LICHSGFIN,2026-05-15,BULLISH_TO_BEARISH,33.1,WEAK,-1.0,545.55,0.4674182018146742,1.3930895426633507,0.38493263678854533
LICHSGFIN,2026-05-25,BEARISH_TO_BULLISH,7.5,WEAK,1.0,544.15,2.260406138013428,-1.1945235688688782,-0.5329412845722645
LICHSGFIN,2026-05-29,BULLISH_TO_BEARISH,48.1,MODERATE,-1.0,537.65,0.4928857063145126,-1.4693573886357254,-0.6137822003162036
LICHSGFIN,2026-06-04,BEARISH_TO_BULLISH,8.1,WEAK,1.0,549.85,-1.6186232608893292,-1.6095298717832176,1.755024097481127
LICHSGFIN,2026-06-08,BULLISH_TO_BEARISH,38.1,MODERATE,-1.0,552.75,2.125734961555857,-1.2211668928086838,-0.009045680687463505
LICHSGFIN,2026-06-24,BEARISH_TO_BULLISH,22.1,WEAK,1.0,549.85,1.9823588251341233,0.8365917977630304,0.7001909611712326
LICHSGFIN,2026-07-06,BULLISH_TO_BEARISH,10.8,WEAK,-1.0,543.55,2.382485511912415,-1.0762579339527225,-1.1130530769938494
LICI,2025-07-09,BEARISH_TO_BULLISH,1.6,WEAK,1.0,926.55,-0.4478981166693624,-0.14570179698881972,0.18347633694890136
LICI,2025-08-01,BULLISH_TO_BEARISH,30.0,WEAK,-1.0,895.3,0.34066793253657485,1.1504523623366418,-1.23422316541942
LICI,2025-08-12,BEARISH_TO_BULLISH,30.6,WEAK,1.0,886.9,0.09583944074867773,0.83436689592964,0.9809448641335039
LICI,2025-08-22,BULLISH_TO_BEARISH,30.3,WEAK,-1.0,894.05,0.6375482355572879,4.686538784184328,3.3443319724847576
LICI,2025-09-30,BEARISH_TO_BULLISH,10.7,WEAK,1.0,904.1,0.12719831877004503,0.9125096781329498,-0.9844043800464525
LICI,2025-10-03,BULLISH_TO_BEARISH,10.5,WEAK,-1.0,907.15,-0.5732238328832107,1.3173124621065901,1.0913299895276392
LICI,2025-10-28,BEARISH_TO_BULLISH,6.0,WEAK,1.0,908.75,-0.8803301237964236,1.226960110041263,-1.3975240715268276
LICI,2025-10-30,BULLISH_TO_BEARISH,6.9,WEAK,-1.0,894.7,-2.816586565329153,-0.15088856599976627,-0.5588465407399128
LICI,2025-11-12,BEARISH_TO_BULLISH,1.5,WEAK,1.0,902.85,0.7310184416015975,1.401118679736388,0.6036440161710064
LICI,2025-11-28,BULLISH_TO_BEARISH,5.4,WEAK,-1.0,882.1,-0.20405849676906865,0.6178437818841452,2.7831311642670977
LICI,2025-12-26,BEARISH_TO_BULLISH,11.5,WEAK,1.0,842.2,0.8370933270007069,1.2586084065542518,0.47494656851104244
LICI,2026-01-05,BULLISH_TO_BEARISH,12.1,WEAK,-1.0,850.05,-0.22351626374920194,2.488088935944942,2.152814540321152
LICI,2026-01-20,BEARISH_TO_BULLISH,5.6,WEAK,1.0,809.55,1.210549070471258,-0.21616947686986598,1.4143660058057002
LICI,2026-01-23,BULLISH_TO_BEARISH,16.5,WEAK,-1.0,807.8,-1.7764298093587552,-2.0673434018321424,-3.7756870512503102
LICI,2026-02-19,BEARISH_TO_BULLISH,8.1,WEAK,1.0,873.3,1.1393564639871803,0.17748769036986925,-2.7367456773159256
LICI,2026-02-26,BULLISH_TO_BEARISH,30.9,WEAK,-1.0,849.4,0.8770897103837925,1.93666117259241,5.186013656698841
LICI,2026-04-23,BEARISH_TO_BULLISH,27.6,WEAK,1.0,811.05,1.0418593181678129,0.17261574502189644,-1.1158374946057525
LICI,2026-04-29,BULLISH_TO_BEARISH,8.9,WEAK,-1.0,797.9,-0.5138488532397573,-1.171826043363833,-0.5326482015290137
LICI,2026-05-15,BEARISH_TO_BULLISH,1.0,WEAK,1.0,791.4,1.5289360626737458,1.111953500126367,5.806166287591616
LICI,2026-05-19,BULLISH_TO_BEARISH,1.3,WEAK,-1.0,800.55,0.04371994253949273,-4.59683967272501,-3.6787208793954216
LICI,2026-05-26,BEARISH_TO_BULLISH,70.5,STRONG,1.0,830.0,-50.43975903614457,-51.72289156626506,-51.96987951807229
LICI,2026-05-29,BULLISH_TO_BEARISH,55.0,MODERATE,-1.0,404.85,1.0250710139557944,1.5314313943435953,2.3094973446955716
LICI,2026-06-30,BEARISH_TO_BULLISH,40.5,MODERATE,1.0,434.7,-0.5981136415918946,-1.2882447665056282,-1.5757994018863506
LICI,2026-07-06,BULLISH_TO_BEARISH,9.5,WEAK,-1.0,435.4,1.7340376665135402,-1.7570050528249965,0.011483693155708435
LICI,2026-07-10,BEARISH_TO_BULLISH,54.5,MODERATE,1.0,441.3,-1.3482891457058663,-0.6798096532970768,-1.8921368683435353
LICI,2026-07-20,BULLISH_TO_BEARISH,6.5,WEAK,-1.0,429.7,1.4894112171282237,,
LODHA,2025-07-10,BEARISH_TO_BULLISH,30.9,WEAK,1.0,1400.1,1.3999000071423569,2.8640811370616484,3.199771444896806
LODHA,2025-08-08,BULLISH_TO_BEARISH,10.6,WEAK,-1.0,1224.9,0.8735406971997751,-0.5469834272185335,-2.6859335455955478
LODHA,2025-09-16,BEARISH_TO_BULLISH,12.1,WEAK,1.0,1204.6,0.008301510874990571,0.6392163373734058,-2.091980740494755
LODHA,2025-09-23,BULLISH_TO_BEARISH,4.9,WEAK,-1.0,1179.4,2.5436662709852462,2.04341190435816,3.357639477700537
LODHA,2025-09-29,BEARISH_TO_BULLISH,9.5,WEAK,1.0,1135.8,0.35217467864060575,-1.8225039619651389,-0.6251100545870673
LODHA,2025-10-20,BULLISH_TO_BEARISH,2.7,WEAK,-1.0,1184.75,0.7976366322008901,0.6541464443975522,0.4684532601814691
LODHA,2025-12-19,BEARISH_TO_BULLISH,20.3,WEAK,1.0,1095.5,-1.1592879963487033,-2.008215426745778,-3.523505248744857
LODHA,2026-01-08,BULLISH_TO_BEARISH,32.6,WEAK,-1.0,1061.4,-1.5404183154324391,0.24495948746939292,1.6393442622950904
LODHA,2026-02-04,BEARISH_TO_BULLISH,38.0,MODERATE,1.0,1049.1,0.5719187875321705,4.37994471451721,3.407682775712516
LODHA,2026-02-27,BULLISH_TO_BEARISH,22.1,WEAK,-1.0,966.2,5.521631132270754,7.964189608776655,6.64976195404678
LODHA,2026-04-06,BEARISH_TO_BULLISH,40.1,MODERATE,1.0,717.65,8.52783390232008,15.181495157806738,19.905246289974222
LODHA,2026-05-11,BULLISH_TO_BEARISH,23.0,WEAK,-1.0,879.35,0.6084039347245149,3.343378631944047,-1.4271905384659072
LODHA,2026-05-26,BEARISH_TO_BULLISH,8.2,WEAK,1.0,923.65,1.5644454068099438,-2.1490824446489496,-4.536350349158229
LODHA,2026-06-01,BULLISH_TO_BEARISH,39.8,MODERATE,-1.0,903.8,2.7218411152909834,1.0345209117061196,1.7592387696392981
LODHA,2026-06-16,BEARISH_TO_BULLISH,31.8,WEAK,1.0,914.8,1.00021862702231,1.2953651071272434,2.5196764320070035
LT,2025-07-31,BEARISH_TO_BULLISH,33.3,WEAK,1.0,3587.4,1.218152422367169,1.1428890003902548,0.5630818977532424
LT,2025-08-04,BULLISH_TO_BEARISH,9.2,WEAK,-1.0,3652.5,0.6598220396988339,1.229295003422316,-0.9199178644763835
LT,2025-08-26,BEARISH_TO_BULLISH,9.8,WEAK,1.0,3560.1,1.1488441335917556,0.41290974972613903,0.912895705176821
LT,2025-09-03,BULLISH_TO_BEARISH,0.8,WEAK,-1.0,3592.6,1.085564772031398,1.8872126036853458,1.4780381896119776
LT,2025-09-17,BEARISH_TO_BULLISH,23.3,WEAK,1.0,3686.3,-0.2956894447006508,-0.7785584461384117,-1.1393538236171772
LT,2025-09-22,BULLISH_TO_BEARISH,15.4,WEAK,-1.0,3657.6,-0.44838145231846266,-1.9657699037620324,-0.038276465441822255
LT,2025-10-16,BEARISH_TO_BULLISH,37.4,MODERATE,1.0,3839.4,0.8686253060373994,2.0602177423555736,2.198260144814296
LT,2025-10-29,BULLISH_TO_BEARISH,40.6,MODERATE,-1.0,3987.6,-1.085866185174044,1.5886748921657114,2.6356705787942603
LT,2025-11-11,BEARISH_TO_BULLISH,31.1,WEAK,1.0,3954.6,1.2074546098214738,1.8484802508471125,1.6436554898093358
LT,2025-11-19,BULLISH_TO_BEARISH,0.3,WEAK,-1.0,4037.5,0.31331269349845425,1.0105263157894782,-1.093498452012386
LT,2025-11-25,BEARISH_TO_BULLISH,4.6,WEAK,1.0,4062.0,0.4837518463810953,0.2757262432299315,-1.8217626784835055
LT,2025-12-03,BULLISH_TO_BEARISH,14.5,WEAK,-1.0,3984.2,-1.3553536469052758,-0.33381858340445214,-0.5107675317504233
LT,2025-12-29,BEARISH_TO_BULLISH,26.0,WEAK,1.0,4052.0,0.7773938795656467,2.7492596248765953,2.186574531095764
LT,2026-01-01,BULLISH_TO_BEARISH,4.1,WEAK,-1.0,4163.4,0.31224479992313975,0.13450545227457017,3.3182014699524345
LT,2026-01-23,BEARISH_TO_BULLISH,7.9,WEAK,1.0,3787.8,0.16368340461481118,3.8148793494904694,6.626537831986905
LT,2026-02-06,BULLISH_TO_BEARISH,19.2,WEAK,-1.0,4113.6,-1.3467522364838496,-1.7575845974328879,-2.1368144690781707
LT,2026-02-10,BEARISH_TO_BULLISH,34.2,WEAK,1.0,4170.4,0.37166698638020335,0.745731824285449,3.7274601956647024
LT,2026-02-25,BULLISH_TO_BEARISH,1.9,WEAK,-1.0,4286.45,0.18780109414550927,9.421549300703377,7.853818427836547
LT,2026-03-25,BEARISH_TO_BULLISH,75.0,STRONG,1.0,3564.15,-1.6848336910623902,1.3762047051891677,4.465300281974667
LT,2026-04-01,BULLISH_TO_BEARISH,4.3,WEAK,-1.0,3613.2,-3.1717037529060215,-10.86848223181668,-9.595372522971335
LT,2026-04-28,BEARISH_TO_BULLISH,25.3,WEAK,1.0,4096.1,-2.0067869436781396,-1.015600205073127,-1.784624398818397
LT,2026-04-30,BULLISH_TO_BEARISH,13.2,WEAK,-1.0,4100.8,1.1290479906359778,1.8971907920405817,3.9163090128755447
LT,2026-05-14,BEARISH_TO_BULLISH,26.4,WEAK,1.0,3909.0,0.23535431056535733,0.04348938347402963,0.45024302890764667
LT,2026-06-01,BULLISH_TO_BEARISH,19.6,WEAK,-1.0,4000.9,1.192231747856739,1.192231747856739,2.5069359394136366
LT,2026-06-24,BEARISH_TO_BULLISH,3.6,WEAK,1.0,4217.0,-1.2283613943561817,-2.949964429689355,-4.51505809817406
LT,2026-07-02,BULLISH_TO_BEARISH,53.7,MODERATE,-1.0,4026.6,-0.35762181493071304,3.3378036060199694,2.006655739333426
LT,2026-07-20,BEARISH_TO_BULLISH,29.9,WEAK,1.0,3846.6,-0.7591119430146056,,
LTF,2025-07-14,BULLISH_TO_BEARISH,6.6,WEAK,-1.0,205.45,1.022146507666096,1.119493794110481,-1.8252616208323196
LTF,2025-07-24,BEARISH_TO_BULLISH,40.0,MODERATE,1.0,204.91,-1.4250158606217302,-0.7369088868283593,-1.8398321214191646
LTF,2025-07-28,BULLISH_TO_BEARISH,47.1,MODERATE,-1.0,206.01,1.2669287898645627,2.363962914421632,0.8397650599485412
LTF,2025-08-14,BEARISH_TO_BULLISH,61.9,STRONG,1.0,210.45,3.126633404609177,5.388453314326445,3.4402470895699735
LTF,2025-08-25,BULLISH_TO_BEARISH,52.5,MODERATE,-1.0,220.0,1.6181818181818193,-1.1772727272727288,-3.2500000000000027
LTF,2025-09-04,BEARISH_TO_BULLISH,61.5,STRONG,1.0,230.51,1.3274912151316658,0.9587436553728724,1.9305019305019382
LTF,2025-09-23,BULLISH_TO_BEARISH,37.3,MODERATE,-1.0,246.82,1.118223806822782,0.8022040353293857,-4.764605785592736
LTF,2025-10-28,BEARISH_TO_BULLISH,27.9,WEAK,1.0,268.2,-0.11185682326622348,4.287844891871738,2.609992542878449
LTF,2025-10-30,BULLISH_TO_BEARISH,9.8,WEAK,-1.0,270.5,-3.4011090573012894,-1.7375231053604394,-11.23844731977818
LTF,2025-11-03,BEARISH_TO_BULLISH,59.6,MODERATE,1.0,280.0,-1.7142857142857182,7.464285714285706,5.321428571428563
LTF,2025-11-12,BULLISH_TO_BEARISH,60.3,STRONG,-1.0,292.2,-0.6673511293634458,-1.4715947980835082,-0.03422313483915905
LTF,2025-11-25,BEARISH_TO_BULLISH,64.7,STRONG,1.0,307.6,0.21131339401819804,0.5039011703510905,-1.560468140442136
LTF,2025-12-01,BULLISH_TO_BEARISH,13.8,WEAK,-1.0,306.05,1.061917987256984,-1.1599411860807094,-0.40842999509884004
LTF,2025-12-22,BEARISH_TO_BULLISH,45.1,MODERATE,1.0,303.5,-0.08237232289950577,-1.1532125205930808,4.102141680395383
LTF,2025-12-26,BULLISH_TO_BEARISH,6.5,WEAK,-1.0,300.0,-1.8166666666666629,-5.75,-6.766666666666671
LTF,2025-12-30,BEARISH_TO_BULLISH,50.4,MODERATE,1.0,315.95,0.4114575090995447,1.3768001266023178,-0.6330115524608324
LTF,2026-01-07,BULLISH_TO_BEARISH,68.5,STRONG,-1.0,307.3,2.4731532704197927,6.068987959648562,3.5470224536283874
LTF,2026-02-04,BEARISH_TO_BULLISH,24.4,WEAK,1.0,283.4,0.6704304869442606,3.740296400846868,3.052223006351459
LTF,2026-02-06,BULLISH_TO_BEARISH,25.0,WEAK,-1.0,296.85,0.9600808489136003,1.6169782718544756,0.9600808489136003
LTF,2026-02-13,BEARISH_TO_BULLISH,17.1,WEAK,1.0,294.0,1.241496598639448,0.3061224489795841,1.9217687074829854
LTF,2026-02-19,BULLISH_TO_BEARISH,45.3,MODERATE,-1.0,297.75,-0.6381192275398748,-1.880772460117556,4.634760705289676
LTF,2026-02-23,BEARISH_TO_BULLISH,30.8,WEAK,1.0,297.45,1.9835266431333112,-4.53857791225416,-8.87544125063035
LTF,2026-02-25,BULLISH_TO_BEARISH,40.0,MODERATE,-1.0,299.9,5.318439479826606,9.61987329109702,9.336445481827276
LTF,2026-03-18,BEARISH_TO_BULLISH,35.4,MODERATE,1.0,256.65,1.772842392363145,-0.7208260276641208,-1.9481784531462973
LTF,2026-04-01,BULLISH_TO_BEARISH,31.8,WEAK,-1.0,240.35,-6.286665279800296,-14.607863532348652,-15.839400873725825
LTF,2026-04-09,BEARISH_TO_BULLISH,16.4,WEAK,1.0,278.42,-1.5767545434954537,0.714747503771284,4.216651102650674
LTF,2026-04-22,BULLISH_TO_BEARISH,25.5,WEAK,-1.0,292.12,0.7051896480898269,2.1703409557716116,4.2414076406956
LTF,2026-04-29,BEARISH_TO_BULLISH,8.8,WEAK,1.0,279.73,2.116326457655582,7.353519465198581,8.461730954849305
LTF,2026-05-04,BULLISH_TO_BEARISH,43.6,MODERATE,-1.0,290.45,-3.3912893785505327,-4.458598726114646,3.374074711654333
LTF,2026-05-07,BEARISH_TO_BULLISH,31.4,WEAK,1.0,303.4,-2.7686222808173957,-7.086354647330258,-7.465392221489775
LTF,2026-05-12,BULLISH_TO_BEARISH,58.0,MODERATE,-1.0,281.9,0.21284143313230436,1.117417523944653,2.2170982617949626
LTF,2026-05-26,BEARISH_TO_BULLISH,35.7,MODERATE,1.0,281.7,1.739439119630825,-3.9048633297834576,-5.324813631522897
LTF,2026-06-02,BULLISH_TO_BEARISH,32.3,WEAK,-1.0,267.85,0.42934478252754676,2.296061228299434,2.800074668657831
LTF,2026-06-15,BEARISH_TO_BULLISH,58.2,MODERATE,1.0,294.25,-0.033984706881910874,-2.6338147833474936,-2.6847918436703404
LTF,2026-06-19,BULLISH_TO_BEARISH,35.7,MODERATE,-1.0,288.7,0.8139937651541274,-3.5677173536543165,-7.637686179425013
LTF,2026-07-01,BEARISH_TO_BULLISH,42.0,MODERATE,1.0,315.25,3.7272006344171293,6.01110229976209,1.8556701030927907
LTF,2026-07-09,BULLISH_TO_BEARISH,26.8,WEAK,-1.0,321.25,-1.0739299610894906,2.754863813229579,3.4863813229571954
LTIM,2025-07-17,BULLISH_TO_BEARISH,16.6,WEAK,-1.0,5124.0,-0.5854800936768151,-3.395784543325527,0.546448087431694
LTIM,2025-07-23,BEARISH_TO_BULLISH,14.8,WEAK,1.0,5206.0,-2.1129466000768344,-2.8716865155589706,-1.920860545524395
LTIM,2025-08-05,BULLISH_TO_BEARISH,0.0,WEAK,-1.0,5035.5,-0.03971800218449012,-0.6156290338595969,-1.5688610862873598
LTIM,2025-08-20,BEARISH_TO_BULLISH,30.2,WEAK,1.0,5235.0,-0.20057306590257878,-1.3276026743075453,-1.938872970391595
LTIM,2025-09-03,BULLISH_TO_BEARISH,6.7,WEAK,-1.0,5210.0,0.28790786948176583,0.47024952015355087,-1.564299424184261
LTIM,2025-10-28,BEARISH_TO_BULLISH,0.4,WEAK,1.0,5673.95,0.44149137725923177,0.5569312383789136,-0.3868557177980035
LTIM,2025-11-24,BULLISH_TO_BEARISH,2.5,WEAK,-1.0,5833.0,-0.9771986970684038,-4.517400994342534,-5.670324018515344
LTM,2026-03-25,BEARISH_TO_BULLISH,32.1,WEAK,1.0,4200.75,-4.450395762661425,2.457894423614831,5.754924715824555
LTM,2026-04-30,BULLISH_TO_BEARISH,7.9,WEAK,-1.0,4202.7,-2.289004687462817,-1.1254669617150923,-3.5548575915483034
LTM,2026-05-26,BEARISH_TO_BULLISH,5.0,WEAK,1.0,3988.6,1.8302161159304016,8.852730281301707,1.983151983151981
LTM,2026-06-09,BULLISH_TO_BEARISH,1.2,WEAK,-1.0,3944.1,3.0222357445297994,1.171369894272453,-1.310818691209662
LUPIN,2025-07-15,BEARISH_TO_BULLISH,30.6,WEAK,1.0,1930.1,1.3263561473498853,-0.47147816175327234,-0.49738355525619965
LUPIN,2025-08-06,BULLISH_TO_BEARISH,33.8,WEAK,-1.0,1944.2,1.3475979837465304,0.020574015019035642,-0.8949696533278398
LUPIN,2025-08-25,BEARISH_TO_BULLISH,3.6,WEAK,1.0,1924.6,-1.1534864387405082,-1.38210537254494,1.376909487685753
LUPIN,2025-08-29,BULLISH_TO_BEARISH,6.0,WEAK,-1.0,1898.0,0.4373024236037911,-2.170706006322447,-2.592202318229718
LUPIN,2025-09-29,BEARISH_TO_BULLISH,6.3,WEAK,1.0,1911.3,3.6624287134411135,1.3603306649924136,-0.298226338094493
LUPIN,2025-10-07,BULLISH_TO_BEARISH,9.7,WEAK,-1.0,1905.6,-2.72879932829555,-3.5028337531486144,-1.8314441645675952
LUPIN,2025-11-13,BEARISH_TO_BULLISH,33.0,WEAK,1.0,2055.3,-0.15569503235538718,-1.4547754585705293,-1.2601566681263119
LUPIN,2025-11-17,BULLISH_TO_BEARISH,12.9,WEAK,-1.0,2047.4,1.0745335547523687,0.8791638175246653,0.24909641496532856
LUPIN,2025-11-21,BEARISH_TO_BULLISH,23.2,WEAK,1.0,1999.6,2.135427085417086,3.590718143628735,4.153330666133235
LUPIN,2025-12-05,BULLISH_TO_BEARISH,1.4,WEAK,-1.0,2070.7,0.9127348239725521,-0.5360506109045426,-1.0551987250688348
LUPIN,2025-12-12,BEARISH_TO_BULLISH,12.6,WEAK,1.0,2092.55,-0.09318773744953635,1.2687868868127272,1.6128646866263647
LUPIN,2025-12-16,BULLISH_TO_BEARISH,3.2,WEAK,-1.0,2113.1,-0.28394302210023187,-0.624674648620523,0.2744782546968779
LUPIN,2025-12-18,BEARISH_TO_BULLISH,24.3,WEAK,1.0,2125.8,0.02352055696678897,-0.870260607771192,-2.0604007902907227
LUPIN,2025-12-29,BULLISH_TO_BEARISH,31.6,WEAK,-1.0,2080.4,-1.40117285137474,-1.1992885983464632,-3.331090174966339
LUPIN,2026-02-20,BEARISH_TO_BULLISH,21.4,WEAK,1.0,2241.5,0.38813294668747794,3.644880660272131,3.1050635734998844
LUPIN,2026-02-26,BULLISH_TO_BEARISH,3.3,WEAK,-1.0,2301.9,-0.3996698379599382,-1.3467135844302531,-0.052130848429550285
LUPIN,2026-05-22,BEARISH_TO_BULLISH,22.4,WEAK,1.0,2287.2,-0.9312696747114256,-0.8481986708639225,-1.635187128366546
LUPIN,2026-06-16,BULLISH_TO_BEARISH,22.0,WEAK,-1.0,2271.4,-2.4522321035484644,-3.0201637756449724,-4.235273399665396
LUPIN,2026-06-19,BEARISH_TO_BULLISH,27.1,WEAK,1.0,2340.0,0.7606837606837684,0.1495726495726496,3.376068376068376
LUPIN,2026-06-24,BULLISH_TO_BEARISH,2.7,WEAK,-1.0,2343.5,-2.803499039897581,-2.3042457862171966,-5.653936419884788
LUPIN,2026-06-29,BEARISH_TO_BULLISH,37.3,MODERATE,1.0,2419.0,-0.8887970235634559,2.3563455973542786,2.9433650268706
LUPIN,2026-07-07,BULLISH_TO_BEARISH,5.3,WEAK,-1.0,2459.0,-1.8015453436356317,-1.4558763725091575,-1.3826758845058966
M&M,2025-07-16,BEARISH_TO_BULLISH,17.2,WEAK,1.0,3195.0,-0.08137715179968416,1.9780907668231553,2.062597809076685
M&M,2025-07-31,BULLISH_TO_BEARISH,9.2,WEAK,-1.0,3159.3,-1.2945905738612868,-2.158706042477758,0.4779539771468478
M&M,2025-08-12,BEARISH_TO_BULLISH,36.0,MODERATE,1.0,3282.2,-0.511851806715,2.1875571263177194,2.830418621656209
M&M,2025-08-29,BULLISH_TO_BEARISH,22.6,WEAK,-1.0,3315.4,2.440127888037645,-5.003921095493759,-11.642637389153647
M&M,2025-09-05,BEARISH_TO_BULLISH,56.8,MODERATE,1.0,3701.4,-0.13778570270708135,-2.8529745501702033,-4.622575241800398
M&M,2025-09-11,BULLISH_TO_BEARISH,11.6,WEAK,-1.0,3589.9,1.6602133764171678,-1.2061617315245474,-0.06128304409593076
M&M,2025-09-17,BEARISH_TO_BULLISH,36.7,MODERATE,1.0,3642.1,-1.3728343538068697,-0.7550588945937784,-3.0806402899426106
M&M,2025-09-19,BULLISH_TO_BEARISH,17.0,WEAK,-1.0,3584.7,-0.8341004826066364,1.528719279158639,4.647529779339971
M&M,2025-09-30,BEARISH_TO_BULLISH,6.0,WEAK,1.0,3463.3,-0.03753645367135916,0.8517887563884157,-0.5875898709323583
M&M,2025-10-06,BULLISH_TO_BEARISH,25.8,WEAK,-1.0,3492.8,1.8981905634448057,1.085089326614753,0.944800732936326
M&M,2025-10-17,BEARISH_TO_BULLISH,58.2,MODERATE,1.0,3599.05,0.6140509301065533,0.7210236034509055,-0.5543129436934823
M&M,2025-10-29,BULLISH_TO_BEARISH,32.8,WEAK,-1.0,3501.85,0.4183503005554233,-2.2659451432814057,-5.380013421477222
M&M,2025-11-07,BEARISH_TO_BULLISH,46.9,MODERATE,1.0,3663.9,2.326755642894184,0.9689129070116542,1.9378258140233084
M&M,2025-11-14,BULLISH_TO_BEARISH,4.6,WEAK,-1.0,3734.9,1.0736565905378967,0.4926504056333527,1.1807545048060164
M&M,2025-11-20,BEARISH_TO_BULLISH,4.4,WEAK,1.0,3749.6,-1.568167271175585,-1.685513121399611,0.2053552378920491
M&M,2025-12-01,BULLISH_TO_BEARISH,20.9,WEAK,-1.0,3716.5,1.8054621283465602,-0.01614422171397576,2.167361765101579
M&M,2025-12-05,BEARISH_TO_BULLISH,10.5,WEAK,1.0,3681.7,-1.2426324795610724,-0.44952060189585596,-2.001792650134444
M&M,2025-12-09,BULLISH_TO_BEARISH,30.6,WEAK,-1.0,3630.0,-0.9683195592286525,0.6060606060606061,0.4738292011019234
M&M,2025-12-22,BEARISH_TO_BULLISH,4.7,WEAK,1.0,3625.1,0.3227497172491869,-0.9103197153181981,2.319936001765466
M&M,2026-01-08,BULLISH_TO_BEARISH,5.6,WEAK,-1.0,3677.3,-0.12781116580099033,0.75598944878036,0.5411579147744293
M&M,2026-02-23,BEARISH_TO_BULLISH,26.6,WEAK,1.0,3433.15,1.693779764938907,-1.0398613518197652,-4.9182237886489055
M&M,2026-03-02,BULLISH_TO_BEARISH,35.1,MODERATE,-1.0,3264.3,-2.5641025641025585,2.349661489446444,2.9439696106362883
M&M,2026-03-18,BEARISH_TO_BULLISH,27.3,WEAK,1.0,3045.45,0.6780607135234561,-0.4646275591455988,-0.13626886010276434
M&M,2026-03-20,BULLISH_TO_BEARISH,29.5,WEAK,-1.0,2955.8,-2.5543000202990727,-2.892617903782394,-2.561066377968733
M&M,2026-04-21,BEARISH_TO_BULLISH,27.6,WEAK,1.0,3149.7,-3.2415785630377467,-1.5017303235228665,0.0825475442105713
M&M,2026-04-23,BULLISH_TO_BEARISH,44.4,MODERATE,-1.0,3038.4,-2.10637177461822,-3.748683517640866,-2.241311216429697
M&M,2026-04-28,BEARISH_TO_BULLISH,14.7,WEAK,1.0,3152.3,-1.7384132220918118,1.855787837452019,6.928274593154193
M&M,2026-05-04,BULLISH_TO_BEARISH,9.5,WEAK,-1.0,3210.8,-2.8030397408745484,-3.724928366762174,1.0838420331381644
M&M,2026-05-07,BEARISH_TO_BULLISH,47.1,MODERATE,1.0,3330.4,-2.5372327648330533,-6.5637761229882265,-6.224477540235412
M&M,2026-05-11,BULLISH_TO_BEARISH,22.2,WEAK,-1.0,3176.0,2.0214105793450825,1.6656171284634789,2.635390428211581
M&M,2026-06-25,BEARISH_TO_BULLISH,73.2,STRONG,1.0,3093.0,-0.7824118978338124,2.6576139670223027,3.498221791141281
M&M,2026-07-15,BULLISH_TO_BEARISH,8.6,WEAK,-1.0,3118.1,-1.959526634809657,-2.6811199127673877,
M&M,2026-07-17,BEARISH_TO_BULLISH,37.1,MODERATE,1.0,3165.5,1.1435792133944027,,
M&MFIN,2025-07-07,BEARISH_TO_BULLISH,5.7,WEAK,1.0,269.85,0.1667593107281781,-1.500833796553645,-1.4823049842505094
M&MFIN,2025-07-16,BULLISH_TO_BEARISH,8.5,WEAK,-1.0,261.65,0.6879419071278252,-1.4905407987770054,0.9554748710108925
M&MFIN,2025-07-30,BEARISH_TO_BULLISH,37.3,MODERATE,1.0,257.5,,,
MANAPPURAM,2025-07-01,BULLISH_TO_BEARISH,6.0,WEAK,-1.0,271.45,-1.2525326947872661,0.14735678762202148,3.665500092097988
MANAPPURAM,2025-07-21,BEARISH_TO_BULLISH,4.7,WEAK,1.0,272.05,0.45947436133063774,-2.3525087300128775,-4.85204925565153
MANAPPURAM,2025-08-05,BULLISH_TO_BEARISH,48.4,MODERATE,-1.0,256.1,-1.8742678641155621,-0.17571261226083115,0.07809449433815581
MANAPPURAM,2025-08-13,BEARISH_TO_BULLISH,9.3,WEAK,1.0,266.0,0.37593984962406013,0.03759398496241456,0.28195488721804507
MANAPPURAM,2025-08-18,BULLISH_TO_BEARISH,29.7,WEAK,-1.0,269.55,1.279910962715633,1.0387683175663183,0.98312001483956
MANAPPURAM,2025-08-22,BEARISH_TO_BULLISH,32.4,WEAK,1.0,268.9,-0.7437709185570845,-2.7705466716251355,4.4998140572703695
MANAPPURAM,2025-09-02,BULLISH_TO_BEARISH,35.4,MODERATE,-1.0,288.0,1.3541666666666587,-1.4236111111111192,-0.0
MANAPPURAM,2025-10-20,BEARISH_TO_BULLISH,48.1,MODERATE,1.0,286.1,-1.4505417686123852,-3.390422929045804,-3.3379937084935376
MANAPPURAM,2025-10-27,BULLISH_TO_BEARISH,35.9,MODERATE,-1.0,276.35,-0.07237199203907675,2.4787407273385282,3.5824136059345153
MANAPPURAM,2025-11-20,BEARISH_TO_BULLISH,43.0,MODERATE,1.0,277.1,-0.7578491519307191,3.8614218693612368,2.8329123060266923
MANAPPURAM,2025-11-28,BULLISH_TO_BEARISH,17.9,WEAK,-1.0,282.4,1.558073654390927,2.868271954674209,3.771246458923505
MANAPPURAM,2025-12-12,BEARISH_TO_BULLISH,56.2,MODERATE,1.0,286.25,-0.9606986899563319,0.2794759825327551,2.7423580786026283
MANAPPURAM,2025-12-17,BULLISH_TO_BEARISH,10.9,WEAK,-1.0,287.05,-1.9508796376937694,-2.699878070022644,-9.162166869883299
MANAPPURAM,2025-12-26,BEARISH_TO_BULLISH,51.8,MODERATE,1.0,310.5,-0.30595813204508493,1.1594202898550798,-1.0950080515297833
MANAPPURAM,2025-12-30,BULLISH_TO_BEARISH,20.2,WEAK,-1.0,308.55,-1.7987360233349574,0.4699400421325518,-3.6784961918651646
MANAPPURAM,2026-01-19,BEARISH_TO_BULLISH,59.0,MODERATE,1.0,301.85,-1.093258240848107,-2.3521616697035026,-3.3625973165479652
MANAPPURAM,2026-01-28,BULLISH_TO_BEARISH,29.6,WEAK,-1.0,296.9,4.125968339508252,1.886156955203761,0.7241495453014407
MANAPPURAM,2026-02-04,BEARISH_TO_BULLISH,14.4,WEAK,1.0,294.75,2.0865139949109337,4.8176420695504625,4.715860899066998
MANAPPURAM,2026-02-06,BULLISH_TO_BEARISH,40.0,MODERATE,-1.0,306.7,-0.7336159113139876,-0.6358004564721189,0.961851972611669
MANAPPURAM,2026-02-10,BEARISH_TO_BULLISH,63.7,STRONG,1.0,302.55,2.016195670137156,0.3966286564204226,2.5119814906626887
MANAPPURAM,2026-03-02,BULLISH_TO_BEARISH,38.4,MODERATE,-1.0,269.25,0.7242339832869039,4.605385329619304,4.178272980501393
MANAPPURAM,2026-03-11,BEARISH_TO_BULLISH,37.4,MODERATE,1.0,255.55,0.2152220700450054,0.5087067110154613,3.3652905497945476
MANAPPURAM,2026-03-17,BULLISH_TO_BEARISH,44.3,MODERATE,-1.0,270.0,2.166666666666675,6.555555555555552,2.833333333333325
MANAPPURAM,2026-03-24,BEARISH_TO_BULLISH,52.9,MODERATE,1.0,262.35,-3.2018296169239693,-2.6491328378120893,-0.8957499523537347
MANAPPURAM,2026-03-30,BULLISH_TO_BEARISH,65.6,STRONG,-1.0,255.4,-0.15661707126076962,-0.2545027407987493,-2.9561472200469785
MANAPPURAM,2026-04-22,BEARISH_TO_BULLISH,75.0,STRONG,1.0,292.85,-1.1780775140857247,-0.03414717432133267,0.5122076148198736
MANAPPURAM,2026-04-24,BULLISH_TO_BEARISH,33.9,WEAK,-1.0,288.2,-1.578764746703682,-2.133934767522566,-6.6099930603747445
MANAPPURAM,2026-04-29,BEARISH_TO_BULLISH,34.8,WEAK,1.0,294.35,3.669101409886174,5.299813147613373,7.355189400373696
MANAPPURAM,2026-05-11,BULLISH_TO_BEARISH,55.0,MODERATE,-1.0,293.2,-5.559345156889499,-4.877216916780359,-7.537517053206011
MANAPPURAM,2026-05-29,BEARISH_TO_BULLISH,5.9,WEAK,1.0,316.05,-0.7910140800506249,-1.629489004904298,-5.331434899541219
MANAPPURAM,2026-06-02,BULLISH_TO_BEARISH,64.0,STRONG,-1.0,311.95,0.33659240262863005,4.087193460490464,7.597371373617563
MANAPPURAM,2026-06-15,BEARISH_TO_BULLISH,75.0,STRONG,1.0,317.45,0.5040163805323744,0.3780122853992719,0.5985194518821969
MANAPPURAM,2026-07-10,BULLISH_TO_BEARISH,8.4,WEAK,-1.0,331.75,1.1002260738507843,2.0045214770158184,-1.6126601356443175
MANKIND,2025-09-11,BULLISH_TO_BEARISH,2.5,WEAK,-1.0,2579.6,-0.22484106062956202,0.3643975810203168,-3.140021708792061
MANKIND,2025-11-25,BEARISH_TO_BULLISH,27.3,WEAK,1.0,2258.9,-0.4249856124662406,-1.2882376377883,-2.3595555358803035
MANKIND,2026-01-29,BULLISH_TO_BEARISH,5.8,WEAK,-1.0,2124.0,2.8342749529190123,1.6337099811675997,3.0061205273069636
MANKIND,2026-02-19,BEARISH_TO_BULLISH,0.8,WEAK,1.0,2024.4,1.09662122110254,6.485872357241639,11.025489033787778
MANKIND,2026-03-16,BULLISH_TO_BEARISH,14.3,WEAK,-1.0,2068.2,-1.6874576926796294,3.2975534281017223,3.887438352190304
MANKIND,2026-03-25,BEARISH_TO_BULLISH,10.7,WEAK,1.0,2038.85,-1.6210118449125712,-1.9790568212472672,0.0613090712901881
MANKIND,2026-04-17,BULLISH_TO_BEARISH,20.4,WEAK,-1.0,2144.0,-2.6119402985074625,-6.944962686567169,-5.816231343283573
MANKIND,2026-06-30,BEARISH_TO_BULLISH,38.2,MODERATE,1.0,2490.3,-0.13652973537325183,2.0519616110508734,0.03212464361722391
MARICO,2025-07-15,BEARISH_TO_BULLISH,36.8,MODERATE,1.0,731.65,0.2118499282443885,-1.906649354199403,-1.5102849723228258
MARICO,2025-07-25,BULLISH_TO_BEARISH,33.4,WEAK,-1.0,698.5,0.04294917680743801,-1.617752326413737,-3.543307086614173
MARICO,2025-07-29,BEARISH_TO_BULLISH,8.2,WEAK,1.0,703.05,0.960102410923832,2.8731953630609555,1.649953772846885
MARICO,2025-08-05,BULLISH_TO_BEARISH,33.7,WEAK,-1.0,714.65,-0.5387252501224408,1.0704540684251,0.6156860001399255
MARICO,2025-08-19,BEARISH_TO_BULLISH,39.7,MODERATE,1.0,751.85,-1.6226640952317677,-3.9170047216865123,-5.353461461727738
MARICO,2025-08-22,BULLISH_TO_BEARISH,19.7,WEAK,-1.0,722.4,0.6436877076411929,-0.4775747508305711,-2.6993355481727574
MARICO,2025-08-26,BEARISH_TO_BULLISH,0.8,WEAK,1.0,711.6,2.0025295109612142,4.258010118043838,3.794266441821248
MARICO,2025-09-01,BULLISH_TO_BEARISH,29.8,WEAK,-1.0,741.9,0.9637417441703704,1.374848362312971,1.2670171182099983
MARICO,2025-10-17,BEARISH_TO_BULLISH,38.4,MODERATE,1.0,727.35,-0.7286725785385396,-0.20622808826562178,-1.0036433628927022
MARICO,2025-11-06,BULLISH_TO_BEARISH,27.3,WEAK,-1.0,711.6,-1.075042158516017,-1.3139404159640278,-3.808319280494663
MARICO,2025-12-19,BEARISH_TO_BULLISH,3.0,WEAK,1.0,739.25,-0.25701724721000707,0.5478525532634365,-0.020290835306050355
MARICO,2026-01-07,BULLISH_TO_BEARISH,37.4,MODERATE,-1.0,758.8,0.7050606220347798,0.3624143384290986,-0.17791249341065138
MARICO,2026-02-03,BEARISH_TO_BULLISH,41.6,MODERATE,1.0,733.4,2.0316334878647364,2.9247341150804536,5.044995909462776
MARICO,2026-02-27,BULLISH_TO_BEARISH,36.3,MODERATE,-1.0,779.15,0.9369184367579997,-0.7829044471539528,-1.3797086568696657
MARICO,2026-04-22,BEARISH_TO_BULLISH,24.6,WEAK,1.0,778.9,0.5648992168442646,0.2503530620105335,-0.5071254333033678
MARICO,2026-05-05,BULLISH_TO_BEARISH,21.7,WEAK,-1.0,814.8,-2.129356897398137,-3.4057437407952875,-2.2827687776141414
MARICO,2026-07-07,BEARISH_TO_BULLISH,41.2,MODERATE,1.0,840.1,2.3747172955600444,0.791572431853348,0.5177955005356532
MARICO,2026-07-13,BULLISH_TO_BEARISH,7.2,WEAK,-1.0,848.25,0.4479811376363047,0.5010315355142941,-0.6248157972295849
MARICO,2026-07-20,BEARISH_TO_BULLISH,23.5,WEAK,1.0,853.55,1.0661355515201245,,
MARUTI,2025-07-23,BEARISH_TO_BULLISH,9.8,WEAK,1.0,12557.0,-1.2184438958349924,-0.700804332244963,0.4061479652783308
MARUTI,2025-08-04,BULLISH_TO_BEARISH,25.8,WEAK,-1.0,12537.0,0.10369306851718911,-0.4227486639546941,-2.4168461354391
MARUTI,2025-08-06,BEARISH_TO_BULLISH,0.8,WEAK,1.0,12632.0,-0.3324889170360988,1.6466117796073463,2.3986700443318556
MARUTI,2025-09-02,BULLISH_TO_BEARISH,4.3,WEAK,-1.0,14927.0,1.7753064915924166,-2.217458297045622,-1.2192670998861126
MARUTI,2025-09-08,BEARISH_TO_BULLISH,46.0,MODERATE,1.0,15365.0,-1.6661243084933288,-0.26033192320208265,1.3537260006508298
MARUTI,2025-09-22,BULLISH_TO_BEARISH,7.9,WEAK,-1.0,16097.0,-0.9442753308069827,-1.1617071504006957,0.42243896378207124
MARUTI,2025-10-07,BEARISH_TO_BULLISH,4.2,WEAK,1.0,16012.0,-0.1689357981513819,1.9410442168373672,1.2496877341993526
MARUTI,2025-10-09,BULLISH_TO_BEARISH,5.7,WEAK,-1.0,16265.1,-0.35474728098812125,0.32585105532704994,-0.8343016642996286
MARUTI,2025-10-16,BEARISH_TO_BULLISH,26.3,WEAK,1.0,16400.8,0.14755377786449886,-0.058838593239340875,-0.07834983659332805
MARUTI,2025-10-31,BULLISH_TO_BEARISH,7.2,WEAK,-1.0,15650.7,1.7682915141175795,1.0970755301679842,0.03705904528232661
MARUTI,2025-11-07,BEARISH_TO_BULLISH,5.2,WEAK,1.0,15583.0,0.39722774818712464,1.0681511903997993,1.893088622216518
MARUTI,2025-12-04,BULLISH_TO_BEARISH,5.9,WEAK,-1.0,16281.9,0.5831628986788944,1.6152905987630437,-1.474643622673032
MARUTI,2025-12-12,BEARISH_TO_BULLISH,19.2,WEAK,1.0,16414.95,-0.3713078626496013,-0.5202574482407893,1.4249205754510237
MARUTI,2026-01-08,BULLISH_TO_BEARISH,10.4,WEAK,-1.0,16501.0,-0.49178837646204143,2.1165383916126297,1.9692745894188277
MARUTI,2026-01-27,BEARISH_TO_BULLISH,6.4,WEAK,1.0,14877.0,-2.521005579081799,-3.313504066680115,1.3046985279290204
MARUTI,2026-01-29,BULLISH_TO_BEARISH,53.6,MODERATE,-1.0,14599.0,1.4723611206247054,-3.233783135831224,-2.726899102678268
MARUTI,2026-02-04,BEARISH_TO_BULLISH,16.7,WEAK,1.0,15058.95,-0.41071920685041363,0.5787256083591461,1.7730319843016942
MARUTI,2026-02-09,BULLISH_TO_BEARISH,6.8,WEAK,-1.0,15146.1,-1.7555674398029832,-0.5991641412640878,-0.2175477515664026
MARUTI,2026-02-11,BEARISH_TO_BULLISH,37.0,MODERATE,1.0,15325.95,-0.5813668973212125,-0.9585050192647206,-2.7596984200000696
MARUTI,2026-02-16,BULLISH_TO_BEARISH,11.1,WEAK,-1.0,15179.05,0.0988204136622516,1.3268287541051624,1.6671003784821794
MARUTI,2026-02-18,BEARISH_TO_BULLISH,20.4,WEAK,1.0,14903.0,0.5009058578809612,0.15433134268268134,2.0801180970274444
MARUTI,2026-03-02,BULLISH_TO_BEARISH,40.1,MODERATE,-1.0,14157.9,-1.8166535997570312,4.590723200474639,4.667005699997881
MARUTI,2026-03-25,BEARISH_TO_BULLISH,37.4,MODERATE,1.0,12389.0,-0.670352732262485,1.954960045201394,3.301315683267415
MARUTI,2026-04-22,BULLISH_TO_BEARISH,7.8,WEAK,-1.0,13160.0,0.851063829787234,2.0364741641337383,-1.1702127659574468
MARUTI,2026-05-21,BEARISH_TO_BULLISH,1.7,WEAK,1.0,12987.0,1.4091014091014091,2.902902902902903,-0.3157003157003157
MARUTI,2026-06-02,BULLISH_TO_BEARISH,1.0,WEAK,-1.0,13044.0,-0.1533272002453235,1.011959521619135,-0.22232444035571913
MARUTI,2026-06-11,BEARISH_TO_BULLISH,1.8,WEAK,1.0,13366.0,3.284453089929672,1.9751608559030374,0.2169684273529852
MARUTI,2026-06-17,BULLISH_TO_BEARISH,7.8,WEAK,-1.0,13484.0,0.6600415307030555,0.24473450014832393,-1.9356274102640167
MAXHEALTH,2025-07-30,BEARISH_TO_BULLISH,7.8,WEAK,1.0,1246.0,0.0,2.2391653290529767,1.5971107544141323
MAXHEALTH,2025-08-14,BULLISH_TO_BEARISH,59.9,MODERATE,-1.0,1211.6,-1.4691317266424715,-3.177616375041268,-0.8088478045559742
MAXHEALTH,2025-09-29,BEARISH_TO_BULLISH,2.2,WEAK,1.0,1114.7,-0.13456535390688076,2.242755898448013,2.6643940073562433
MAXHEALTH,2025-10-03,BULLISH_TO_BEARISH,65.1,STRONG,-1.0,1139.7,0.7896814951302974,-1.4126524523997464,-0.315872598052111
MAXHEALTH,2025-10-09,BEARISH_TO_BULLISH,30.1,WEAK,1.0,1156.4,-1.1328260117606481,-0.05188516084401042,4.003804911795222
MAXHEALTH,2025-10-14,BULLISH_TO_BEARISH,1.6,WEAK,-1.0,1155.8,-1.687143104343312,-4.654784564803595,-4.775912787679534
MAXHEALTH,2025-11-20,BEARISH_TO_BULLISH,5.2,WEAK,1.0,1181.1,-2.1420709508085647,-1.5663364660062657,-1.5494030988061938
MAXHEALTH,2025-12-03,BULLISH_TO_BEARISH,48.0,MODERATE,-1.0,1083.9,-1.2455023526155549,0.848786788449123,-0.3690377341083126
MAXHEALTH,2025-12-19,BEARISH_TO_BULLISH,31.5,WEAK,1.0,1077.6,-0.22271714922047736,-0.30623608017816956,-3.414996288047509
MAXHEALTH,2025-12-31,BULLISH_TO_BEARISH,24.0,WEAK,-1.0,1049.4,-1.2578616352201084,-0.20964360587000364,1.8629693157995217
MAXHEALTH,2026-01-14,BEARISH_TO_BULLISH,9.0,WEAK,1.0,1037.0,-2.2565091610414636,-3.1629701060752127,-4.397299903567987
MAXHEALTH,2026-02-20,BULLISH_TO_BEARISH,0.4,WEAK,-1.0,1083.6,-0.25839793281655427,-2.427094868955351,-0.0
MAXHEALTH,2026-03-23,BEARISH_TO_BULLISH,3.4,WEAK,1.0,969.2,1.9449030127940474,-0.7119273627734307,-2.5381758151052436
MAXHEALTH,2026-03-27,BULLISH_TO_BEARISH,9.4,WEAK,-1.0,962.3,0.35332017042502106,3.1902733035435866,2.1978592954380107
MAXHEALTH,2026-04-15,BEARISH_TO_BULLISH,41.4,MODERATE,1.0,990.65,1.7160450209458438,2.9929844041790723,1.6251955786604777
MAXHEALTH,2026-04-30,BULLISH_TO_BEARISH,15.3,WEAK,-1.0,1011.55,1.0973258860165003,-0.3707182047353072,-2.609856161336572
MAXHEALTH,2026-05-18,BEARISH_TO_BULLISH,6.6,WEAK,1.0,1068.7,0.6550014035744363,-4.252830541779736,-6.994479273884158
MAXHEALTH,2026-05-21,BULLISH_TO_BEARISH,28.6,WEAK,-1.0,1023.25,2.1891033471781065,2.907402882970926,8.287319814317122
MAXHEALTH,2026-06-08,BEARISH_TO_BULLISH,55.0,MODERATE,1.0,1003.1,0.6978367062107467,0.9321104575814997,2.0935101186322287
MAXHEALTH,2026-07-02,BULLISH_TO_BEARISH,10.6,WEAK,-1.0,1153.4,1.8120339864747779,5.947633084792798,3.9275186405410243
MAXHEALTH,2026-07-20,BEARISH_TO_BULLISH,11.2,WEAK,1.0,1100.4,-1.7629952744456643,,
MAZDOCK,2025-07-31,BEARISH_TO_BULLISH,13.5,WEAK,1.0,2721.8,1.6680138143875243,1.5688147549415759,-3.122933352928209
MAZDOCK,2025-08-18,BULLISH_TO_BEARISH,0.4,WEAK,-1.0,2747.4,-0.9354298609594459,1.7143481109412502,2.165683919341923
MAZDOCK,2025-08-26,BEARISH_TO_BULLISH,2.8,WEAK,1.0,2628.1,-0.9398424717476435,3.915376127240215,1.9862257904950449
MAZDOCK,2025-09-23,BULLISH_TO_BEARISH,29.7,WEAK,-1.0,2940.2,0.54418066798177,6.431535269709541,3.353513366437654
MAZDOCK,2025-10-21,BEARISH_TO_BULLISH,21.3,WEAK,1.0,2810.0,-0.16192170818505985,-1.0533807829181463,-2.364768683274015
MAZDOCK,2025-11-06,BULLISH_TO_BEARISH,39.0,MODERATE,-1.0,2670.3,-1.321948844699087,-3.273040482342794,-4.184923042354791
MAZDOCK,2025-11-19,BEARISH_TO_BULLISH,4.0,WEAK,1.0,2829.5,-2.984626259056364,-6.591270542498674,-5.38257642693056
MAZDOCK,2025-12-04,BULLISH_TO_BEARISH,21.2,WEAK,-1.0,2616.3,5.066315025035362,6.772923594389033,6.023774032029979
MAZDOCK,2025-12-22,BEARISH_TO_BULLISH,43.9,MODERATE,1.0,2513.1,1.0823285981457273,0.964943695038001,-0.9112251800565077
MAZDOCK,2026-01-30,BULLISH_TO_BEARISH,5.5,WEAK,-1.0,2427.45,-0.9454365692393366,1.198788852499533,-1.855856969247572
MAZDOCK,2026-02-19,BEARISH_TO_BULLISH,27.6,WEAK,1.0,2360.25,-3.3661688380468098,-5.1858913250715,-5.736680436394454
MAZDOCK,2026-03-02,BULLISH_TO_BEARISH,26.5,WEAK,-1.0,2165.45,-8.635618462675195,-10.231129788265727,-12.500865870835176
MAZDOCK,2026-03-18,BEARISH_TO_BULLISH,41.0,MODERATE,1.0,2361.45,-1.5816553388807688,-4.592517309280308,-8.405852336488175
MAZDOCK,2026-03-20,BULLISH_TO_BEARISH,40.0,MODERATE,-1.0,2206.65,-2.100469036775198,1.980377495298315,-5.052908254594068
MAZDOCK,2026-04-01,BEARISH_TO_BULLISH,46.0,MODERATE,1.0,2264.6,2.168153316258938,5.758191292060412,9.074450234036917
MAZDOCK,2026-04-30,BULLISH_TO_BEARISH,11.2,WEAK,-1.0,2611.5,-0.8462569404556733,-2.753206969174807,1.7499521347884288
MAZDOCK,2026-05-26,BEARISH_TO_BULLISH,7.8,WEAK,1.0,2455.1,0.05702415380229282,-0.41546169198809896,-0.4032422304590481
MAZDOCK,2026-06-29,BULLISH_TO_BEARISH,9.4,WEAK,-1.0,2496.6,-1.5661299367139274,-1.8785548345750258,-1.0654490106544865
MCX,2025-08-18,BULLISH_TO_BEARISH,1.2,WEAK,-1.0,8295.0,0.8559373116335142,4.038577456298976,7.269439421338156
MCX,2025-09-18,BEARISH_TO_BULLISH,7.2,WEAK,1.0,8051.5,-0.7700428491585418,-1.1923244116003229,-1.6270260199962738
MCX,2025-10-17,BULLISH_TO_BEARISH,11.1,WEAK,-1.0,9194.85,0.08591766042947559,2.0756184168311647,0.8515636470415623
MCX,2025-10-28,BEARISH_TO_BULLISH,27.1,WEAK,1.0,9175.4,-0.8048695424722668,3.827081108180566,0.81903786210955
MCX,2025-11-12,BULLISH_TO_BEARISH,6.9,WEAK,-1.0,9597.95,-0.7126521809344666,-0.6985866773633876,-2.7146421892174812
MCX,2025-11-20,BEARISH_TO_BULLISH,4.6,WEAK,1.0,9682.85,1.8863247907382603,6.194973587321918,4.035485420098421
MCX,2025-12-11,BULLISH_TO_BEARISH,1.8,WEAK,-1.0,10162.15,-0.23764656101316786,1.350107998799456,-1.4253873442135805
MCX,2025-12-19,BEARISH_TO_BULLISH,32.4,WEAK,1.0,10820.85,0.06561406913505281,2.1407745232583357,0.6307267913333979
MCX,2026-01-01,BULLISH_TO_BEARISH,19.8,WEAK,-1.0,2215.9,0.7649262150819203,-4.020939573085424,1.1236969177309486
MCX,2026-01-07,BEARISH_TO_BULLISH,51.7,MODERATE,1.0,2230.95,-1.790716959142958,2.7566731661399855,9.634908895313668
MCX,2026-01-09,BULLISH_TO_BEARISH,28.9,WEAK,-1.0,2235.0,-2.57046979865771,-9.436241610738259,-6.178970917225947
MCX,2026-01-14,BEARISH_TO_BULLISH,55.0,MODERATE,1.0,2445.9,-0.6909522057320451,-5.145345271679132,-6.698965615928692
MCX,2026-01-19,BULLISH_TO_BEARISH,38.2,MODERATE,-1.0,2373.1,2.2354725885971822,3.8367536134170384,-9.27057435422022
MCX,2026-01-27,BEARISH_TO_BULLISH,55.0,MODERATE,1.0,2593.1,3.592225521576495,-10.462380934017188,-1.9185530831822915
MCX,2026-02-02,BULLISH_TO_BEARISH,44.5,MODERATE,-1.0,2434.15,-4.4861656019555,2.2081630137830452,-1.5036049545015675
MCX,2026-02-04,BEARISH_TO_BULLISH,66.5,STRONG,1.0,2410.45,-1.2466551888651385,2.501607583646215,1.3047356302765158
MCX,2026-02-06,BULLISH_TO_BEARISH,48.8,MODERATE,-1.0,2434.9,-1.4723397264774696,-0.2874861390611524,3.907758018809811
MCX,2026-02-19,BEARISH_TO_BULLISH,17.1,WEAK,1.0,2395.95,0.01460798430686633,2.2225004695423527,1.9762515912268772
MCX,2026-03-02,BULLISH_TO_BEARISH,10.2,WEAK,-1.0,2478.5,-3.038127899939487,-3.9782126286060078,-2.136372806132734
MCX,2026-03-17,BEARISH_TO_BULLISH,56.6,MODERATE,1.0,2603.15,-2.7985325471063867,-11.092330445806041,-5.301269615657953
MCX,2026-03-19,BULLISH_TO_BEARISH,57.4,MODERATE,-1.0,2414.5,4.145785876993163,-2.097742803893149,1.0354110581901015
MCX,2026-03-25,BEARISH_TO_BULLISH,41.1,MODERATE,1.0,2398.2,-0.3627720790592869,1.86598282044867,5.991993995496634
MCX,2026-04-22,BULLISH_TO_BEARISH,25.1,WEAK,-1.0,2791.4,1.0926416851758973,-3.818872250483625,-6.451959590169803
MCX,2026-04-28,BEARISH_TO_BULLISH,56.3,MODERATE,1.0,2968.3,0.10780581477612834,-2.2167570663342717,2.5031162618333633
MCX,2026-05-04,BULLISH_TO_BEARISH,15.0,WEAK,-1.0,2902.5,-2.4358311800172205,-6.728682170542642,-8.768303186907838
MCX,2026-05-11,BEARISH_TO_BULLISH,46.1,MODERATE,1.0,3157.0,1.4950902755780748,7.412100095026925,8.162812796959134
MCX,2026-05-22,BULLISH_TO_BEARISH,41.4,MODERATE,-1.0,3313.9,0.19916110926702402,10.842210084794356,13.132562841365166
MCX,2026-05-26,BEARISH_TO_BULLISH,12.7,WEAK,1.0,3158.6,-6.458557588805166,-8.861520926992975,-8.392958905844358
MCX,2026-05-29,BULLISH_TO_BEARISH,75.0,STRONG,-1.0,2890.5,0.40823386957274455,-0.10378827192527244,2.307559245805218
MCX,2026-06-12,BEARISH_TO_BULLISH,21.2,WEAK,1.0,2895.6,-0.35225859925403435,-2.7075562923055703,-0.8668324354192536
MCX,2026-06-18,BULLISH_TO_BEARISH,26.3,WEAK,-1.0,2803.8,-2.378914330551388,-1.3089378700335192,-3.9482131393109285
MCX,2026-06-25,BEARISH_TO_BULLISH,26.9,WEAK,1.0,2914.5,-2.652255961571459,0.2985074626865609,-6.567164179104481
MCX,2026-07-03,BULLISH_TO_BEARISH,39.0,MODERATE,-1.0,2723.1,2.9378282104953914,-2.2878337189232925,-2.166648305240351
MCX,2026-07-09,BEARISH_TO_BULLISH,27.6,WEAK,1.0,2770.8,0.4078244550310281,4.395842355998258,-0.8445214378518872
MCX,2026-07-17,BULLISH_TO_BEARISH,45.5,MODERATE,-1.0,2818.0,0.5961674946770824,,
MFSL,2025-09-30,BEARISH_TO_BULLISH,9.9,WEAK,1.0,1621.9,-1.0974782662309748,-2.1456316665639177,-1.584561316973922
MFSL,2025-11-14,BULLISH_TO_BEARISH,32.8,WEAK,-1.0,1698.3,1.0893246187363834,0.33562974739445595,1.1011011011011038
MFSL,2026-02-04,BEARISH_TO_BULLISH,17.3,WEAK,1.0,1701.45,-0.008816009873936404,2.6888830115489726,6.585559375826498
MFSL,2026-03-30,BULLISH_TO_BEARISH,39.6,MODERATE,-1.0,1477.4,0.8934614863950212,-0.9340733721402433,-8.799241911466089
MFSL,2026-04-23,BEARISH_TO_BULLISH,0.4,WEAK,1.0,1587.3,0.989100989100992,1.4553014553014638,1.222201222201228
MFSL,2026-05-05,BULLISH_TO_BEARISH,5.9,WEAK,-1.0,1652.8,-3.3034849951597374,-2.583494675701842,3.3216360116166426
MFSL,2026-05-15,BEARISH_TO_BULLISH,2.2,WEAK,1.0,1601.7,1.0114253605544137,1.5171380408316135,7.8104513953923895
MIDCPNIFTY,2025-07-15,BEARISH_TO_BULLISH,25.3,WEAK,1.0,13323.35,-0.43982932220500376,-0.1677506032641968,-0.35276413214394275
MIDCPNIFTY,2025-07-17,BULLISH_TO_BEARISH,13.9,WEAK,-1.0,13171.0,-0.987016931136588,-0.79986333611723,1.860906537089062
MIDCPNIFTY,2025-07-29,BEARISH_TO_BULLISH,45.2,MODERATE,1.0,13009.65,-1.0957250963707654,-1.1418447075824427,-2.86902414745977
MIDCPNIFTY,2025-08-06,BULLISH_TO_BEARISH,44.8,MODERATE,-1.0,12724.7,1.716346947275782,1.2817590984463316,0.6727074115696272
MIDCPNIFTY,2025-08-19,BEARISH_TO_BULLISH,15.7,WEAK,1.0,12999.8,-0.6034708226280321,-0.3573131894336752,-3.574285758242432
MIDCPNIFTY,2025-09-04,BULLISH_TO_BEARISH,6.4,WEAK,-1.0,12778.15,-0.49498558085481864,-2.056244448531282,-2.386104404784727
MIDCPNIFTY,2025-09-08,BEARISH_TO_BULLISH,8.2,WEAK,1.0,12883.5,1.2217177009353022,1.5488803508363354,2.041758838824848
MIDCPNIFTY,2025-09-17,BULLISH_TO_BEARISH,9.4,WEAK,-1.0,13234.25,-0.047225947824772845,1.2055839960707957,3.112756673026433
MIDCPNIFTY,2025-09-30,BEARISH_TO_BULLISH,40.0,MODERATE,1.0,12698.15,0.7516843004689717,2.4913077889298867,2.6492048054244095
MIDCPNIFTY,2025-10-08,BULLISH_TO_BEARISH,22.6,WEAK,-1.0,13034.55,-0.8822705808792787,-0.004219554952039705,-1.7361550648085367
MIDCPNIFTY,2025-10-10,BEARISH_TO_BULLISH,30.0,WEAK,1.0,13186.95,-1.1515172196755152,0.5604025191571943,0.3484505514921867
MIDCPNIFTY,2025-10-23,BULLISH_TO_BEARISH,8.5,WEAK,-1.0,13164.85,-1.3706954503849182,-2.0197723483366663,-2.3015833830237336
MIDCPNIFTY,2025-10-28,BEARISH_TO_BULLISH,38.7,MODERATE,1.0,13430.75,0.2747426614299249,1.1786385719338033,-0.41323083223200496
MIDCPNIFTY,2025-11-06,BULLISH_TO_BEARISH,30.0,WEAK,-1.0,13446.75,-0.5997731793927874,-3.0390242995519334,-3.112276200568911
MIDCPNIFTY,2025-11-10,BEARISH_TO_BULLISH,6.0,WEAK,1.0,13681.2,1.27328012162675,1.3452767301113884,1.7253603485074356
MIDCPNIFTY,2025-11-21,BULLISH_TO_BEARISH,65.0,STRONG,-1.0,13738.5,-0.49641518360811393,-2.4558721840084408,-2.2415110819958564
MIDCPNIFTY,2025-11-26,BEARISH_TO_BULLISH,14.1,WEAK,1.0,14075.9,-0.22875979511078445,-0.6067107609460115,-1.425841331637756
MIDCPNIFTY,2025-12-03,BULLISH_TO_BEARISH,34.0,WEAK,-1.0,13875.2,-0.8886358394833895,0.9646707795202978,1.0605252536900474
MIDCPNIFTY,2025-12-12,BEARISH_TO_BULLISH,31.6,WEAK,1.0,13862.6,-0.8266847488927066,-0.8472436628049624,0.7866489691688375
MIDCPNIFTY,2025-12-17,BULLISH_TO_BEARISH,37.2,MODERATE,-1.0,13745.15,-0.8526643943500124,-1.463789045590632,0.16223904431744485
MIDCPNIFTY,2025-12-19,BEARISH_TO_BULLISH,35.2,MODERATE,1.0,13971.65,-0.18108097468802378,-1.7807488736119161,-2.6500091256222422
MIDCPNIFTY,2025-12-24,BULLISH_TO_BEARISH,44.8,MODERATE,-1.0,13722.85,0.5203000834374757,-0.39641911119045703,-1.9030303471946397
MIDCPNIFTY,2026-01-16,BEARISH_TO_BULLISH,4.6,WEAK,1.0,13655.2,-2.54335344777082,-2.414830980139434,-3.788300427675911
MIDCPNIFTY,2026-01-21,BULLISH_TO_BEARISH,15.8,WEAK,-1.0,13325.45,1.942148295179533,-0.4236254685582769,-0.5598310000787856
MIDCPNIFTY,2026-01-28,BEARISH_TO_BULLISH,39.4,MODERATE,1.0,13424.35,-0.18101435078794198,1.7229884500925503,2.057082838275221
MIDCPNIFTY,2026-02-13,BULLISH_TO_BEARISH,44.1,MODERATE,-1.0,13641.75,-0.16566789451500258,1.4605897337218465,1.2021918009053092
MIDCPNIFTY,2026-02-25,BEARISH_TO_BULLISH,9.6,WEAK,1.0,13652.95,-1.1828945392753947,-4.530888928766313,-3.560036475633479
MIDCPNIFTY,2026-03-30,BULLISH_TO_BEARISH,39.3,MODERATE,-1.0,12460.05,0.5256800735149538,-1.2905245163542771,-5.9971669455580034
MIDCPNIFTY,2026-04-10,BEARISH_TO_BULLISH,35.7,MODERATE,1.0,13269.45,2.134225608446461,4.2910595390163095,4.8984697933976165
MIDCPNIFTY,2026-04-23,BULLISH_TO_BEARISH,5.8,WEAK,-1.0,13731.75,-1.458663316765884,-1.4633968722122142,-1.4451908897263692
MIDCPNIFTY,2026-04-27,BEARISH_TO_BULLISH,32.0,WEAK,1.0,13976.15,-0.3108867606601168,-0.3287743763482712,2.409461833194406
MIDCPNIFTY,2026-05-11,BULLISH_TO_BEARISH,27.2,WEAK,-1.0,13972.05,-0.730028879083599,-1.4088841651726152,-2.338955271416872
MIDCPNIFTY,2026-05-14,BEARISH_TO_BULLISH,34.3,WEAK,1.0,14168.9,-0.0229375604316496,1.4164825780406434,1.5008222233200859
MIDCPNIFTY,2026-05-21,BULLISH_TO_BEARISH,19.5,WEAK,-1.0,14381.55,-1.2401305839773902,-2.2556678522134366,0.8114563451088299
MIDCPNIFTY,2026-05-25,BEARISH_TO_BULLISH,33.6,WEAK,1.0,14675.6,0.20680585461582737,-2.7988634195535447,-3.587928261876864
MIDCPNIFTY,2026-06-04,BULLISH_TO_BEARISH,25.2,WEAK,-1.0,14107.5,0.7992202729044834,0.8240297713981924,-0.9789119262803498
MIDCPNIFTY,2026-06-15,BEARISH_TO_BULLISH,17.2,WEAK,1.0,14503.9,0.49572873502988607,0.7932349230207123,-0.1540964843938552
MIDCPNIFTY,2026-06-23,BULLISH_TO_BEARISH,14.1,WEAK,-1.0,14516.4,0.563845030448323,0.620332864897628,-0.3919704609958367
MIDCPNIFTY,2026-07-01,BEARISH_TO_BULLISH,5.4,WEAK,1.0,14573.3,-0.188015068652945,0.44705042783721916,0.5592419012852271
MIDCPNIFTY,2026-07-03,BULLISH_TO_BEARISH,5.3,WEAK,-1.0,14612.2,-0.179644406728624,-0.2915372086338713,-1.5565760118257272
MIDCPNIFTY,2026-07-09,BEARISH_TO_BULLISH,41.6,MODERATE,1.0,14820.9,0.12651053579742122,-0.3336504530763915,-0.71183261475349
MIDCPNIFTY,2026-07-22,BULLISH_TO_BEARISH,13.1,WEAK,-1.0,,,,
MOTHERSON,2025-07-03,BEARISH_TO_BULLISH,10.8,WEAK,1.0,153.9,0.870695256660171,0.6627680311890719,-2.0467836257309977
MOTHERSON,2025-07-08,BULLISH_TO_BEARISH,43.9,MODERATE,-1.0,154.92,0.897237283759351,1.7299251226439314,0.4776658920733158
MOTHERSON,2025-07-29,BEARISH_TO_BULLISH,43.5,MODERATE,1.0,98.92,-1.7691063485644964,-0.6267691063485691,-3.6190861302062256
MOTHERSON,2025-07-31,BULLISH_TO_BEARISH,45.5,MODERATE,-1.0,95.54,-2.8888423696880787,0.20933640360058908,4.280929453631989
MOTHERSON,2025-08-19,BEARISH_TO_BULLISH,55.0,MODERATE,1.0,97.97,-0.07145044401346655,-3.062161886291722,-5.981422884556496
MOTHERSON,2025-08-25,BULLISH_TO_BEARISH,41.0,MODERATE,-1.0,92.96,0.9143717728055016,-4.066265060240966,-3.8403614457831408
MOTHERSON,2025-09-22,BEARISH_TO_BULLISH,44.0,MODERATE,1.0,112.08,-3.6759457530335515,-5.728051391862957,-5.736973590292642
MOTHERSON,2025-09-25,BULLISH_TO_BEARISH,51.9,MODERATE,-1.0,105.66,-1.1546469808820736,-0.3217868635245158,-0.5110732538330554
MOTHERSON,2025-10-28,BEARISH_TO_BULLISH,22.5,WEAK,1.0,107.75,-0.7888631090487186,-1.995359628770307,-3.573085846867744
MOTHERSON,2025-10-30,BULLISH_TO_BEARISH,63.9,STRONG,-1.0,105.4,-0.18975332068310116,1.4231499051233396,2.703984819734353
MOTHERSON,2025-11-13,BEARISH_TO_BULLISH,75.0,STRONG,1.0,109.85,0.13654984069185772,2.0937642239417493,-0.045516613563948254
MOTHERSON,2025-11-27,BULLISH_TO_BEARISH,40.0,MODERATE,-1.0,116.3,-0.21496130696474636,-0.21496130696474636,-0.6448839208942391
MOTHERSON,2025-12-02,BEARISH_TO_BULLISH,71.6,STRONG,1.0,116.55,0.8580008580008579,-1.0725010725010726,-0.21450021450021448
MOTHERSON,2025-12-08,BULLISH_TO_BEARISH,47.5,MODERATE,-1.0,116.75,0.3854389721627433,-3.897216274089933,-2.3982869379014966
MOTHERSON,2025-12-12,BEARISH_TO_BULLISH,66.3,STRONG,1.0,120.3,-0.6234413965087282,-2.6184538653366514,0.6650041562759744
MOTHERSON,2025-12-18,BULLISH_TO_BEARISH,70.0,STRONG,-1.0,121.0,-0.08264462809916885,1.1983471074380188,1.1157024793388381
MOTHERSON,2025-12-30,BEARISH_TO_BULLISH,40.4,MODERATE,1.0,119.95,2.1258857857440576,1.5423092955398034,-0.50020842017508
MOTHERSON,2026-01-07,BULLISH_TO_BEARISH,46.2,MODERATE,-1.0,118.1,2.0745131244707777,2.6672311600338627,2.7942421676545277
MOTHERSON,2026-01-22,BEARISH_TO_BULLISH,47.5,MODERATE,1.0,108.4,1.1531365313653137,5.07380073800738,5.258302583025819
MOTHERSON,2026-02-06,BULLISH_TO_BEARISH,72.0,STRONG,-1.0,124.4,-4.05948553054661,-6.7122186495176805,-6.3504823151125445
MOTHERSON,2026-02-12,BEARISH_TO_BULLISH,48.4,MODERATE,1.0,131.25,0.8000000000000087,2.0190476190476234,-1.4095238095238052
MOTHERSON,2026-02-16,BULLISH_TO_BEARISH,7.5,WEAK,-1.0,132.65,-0.9423294383716547,2.4500565397663023,0.8292499057670518
MOTHERSON,2026-03-11,BEARISH_TO_BULLISH,40.0,MODERATE,1.0,120.15,-5.285060341240124,-3.5788597586350486,-6.991260923845198
MOTHERSON,2026-03-13,BULLISH_TO_BEARISH,75.0,STRONG,-1.0,113.3,-2.250661959399821,1.368049426301851,5.913503971756402
MOTHERSON,2026-03-18,BEARISH_TO_BULLISH,48.4,MODERATE,1.0,111.75,-0.13422818791946817,-0.5369127516778472,-2.1029082774049166
MOTHERSON,2026-03-20,BULLISH_TO_BEARISH,60.7,STRONG,-1.0,106.6,-4.26829268292684,-2.626641651031906,-0.9380863039399625
MOTHERSON,2026-03-25,BEARISH_TO_BULLISH,37.5,MODERATE,1.0,109.4,-3.930530164533831,-2.3765996343692946,-0.877513711151744
MOTHERSON,2026-04-06,BULLISH_TO_BEARISH,29.3,WEAK,-1.0,108.44,-8.917373662855036,-12.652157875322759,-13.924751014385844
MOTHERSON,2026-04-13,BEARISH_TO_BULLISH,11.4,WEAK,1.0,123.54,-0.5828071879553287,-0.28330904970050874,6.653715395823203
MOTHERSON,2026-04-17,BULLISH_TO_BEARISH,40.0,MODERATE,-1.0,123.19,-1.2338663852585405,-3.2713694293367976,-3.847714911924677
MOTHERSON,2026-05-06,BEARISH_TO_BULLISH,75.0,STRONG,1.0,130.43,1.2267116460936855,-4.730506785248793,-3.3121214444529685
MOTHERSON,2026-05-14,BULLISH_TO_BEARISH,40.5,MODERATE,-1.0,129.92,0.9082512315270771,-1.7318349753694582,-4.818349753694597
MOTHERSON,2026-05-22,BEARISH_TO_BULLISH,60.0,STRONG,1.0,135.91,-0.06622029284085307,7.23272754028402,6.607313663453748
MOTHERSON,2026-06-04,BULLISH_TO_BEARISH,38.7,MODERATE,-1.0,143.56,3.169406519921992,0.9403733630537715,0.11145165784340805
MOTHERSON,2026-06-08,BEARISH_TO_BULLISH,19.7,WEAK,1.0,144.06,-1.2841871442454493,-0.45814244064972687,2.450367902262947
MOTHERSON,2026-06-12,BULLISH_TO_BEARISH,26.6,WEAK,-1.0,148.12,0.35781798541723003,2.322441263840128,1.5325411828247435
MOTHERSON,2026-06-16,BEARISH_TO_BULLISH,32.6,WEAK,1.0,145.1,-0.28945554789799277,0.5168849069607168,-0.3583735354927511
MOTHERSON,2026-06-22,BULLISH_TO_BEARISH,40.0,MODERATE,-1.0,143.61,-0.6754404289394881,-4.846459160225596,-2.7156883225401973
MOTHERSON,2026-06-24,BEARISH_TO_BULLISH,63.4,STRONG,1.0,151.71,-0.7514336563179849,-2.7684397864346564,-3.566014105859862
MOTHERSON,2026-07-02,BULLISH_TO_BEARISH,60.0,STRONG,-1.0,146.3,0.663021189336978,3.861927546138076,2.12576896787424
MOTHERSON,2026-07-09,BEARISH_TO_BULLISH,47.6,MODERATE,1.0,143.19,0.6075843285145642,-0.7542426147077199,0.6913890634820931
MOTHERSON,2026-07-13,BULLISH_TO_BEARISH,33.0,WEAK,-1.0,142.06,-0.03519639588906896,-1.4923271856961877,-2.231451499366456
MOTILALOFS,2026-05-11,BULLISH_TO_BEARISH,18.3,WEAK,-1.0,841.65,-0.26733202637675996,-0.19604348600962127,-1.1049723756906158
MOTILALOFS,2026-05-22,BEARISH_TO_BULLISH,11.3,WEAK,1.0,870.35,0.022979261216744044,1.051301200666396,-0.5055437467685387
MOTILALOFS,2026-06-08,BULLISH_TO_BEARISH,40.6,MODERATE,-1.0,864.3,2.690038181187088,-2.7941686914265986,-9.244475297928972
MOTILALOFS,2026-06-15,BEARISH_TO_BULLISH,58.4,MODERATE,1.0,944.2,-0.14297818258843706,0.9849608133869894,-0.852573607286599
MOTILALOFS,2026-06-19,BULLISH_TO_BEARISH,2.9,WEAK,-1.0,948.8,1.3332630691399638,0.28456998313658644,-0.2582209106239508
MOTILALOFS,2026-06-29,BEARISH_TO_BULLISH,22.9,WEAK,1.0,951.25,0.4940867279894923,1.802890932982915,-0.036793692509857846
MPHASIS,2025-08-14,BULLISH_TO_BEARISH,10.1,WEAK,-1.0,2698.1,-1.6493087728401468,-5.837441162299396,-8.13906082057744
MPHASIS,2025-08-21,BEARISH_TO_BULLISH,27.3,WEAK,1.0,2848.6,2.4257530014744053,-0.5862528961595106,2.5591518640735833
MPHASIS,2025-09-23,BULLISH_TO_BEARISH,44.6,MODERATE,-1.0,2740.9,0.8573826115509504,2.2912182129957377,1.820569885803936
MPHASIS,2025-10-24,BEARISH_TO_BULLISH,5.2,WEAK,1.0,2888.7,-2.0009000588499926,0.17308824038494824,-3.6175442240454188
MPHASIS,2025-10-30,BULLISH_TO_BEARISH,4.9,WEAK,-1.0,2764.4,-0.7162494573867648,-0.3436550426855737,-0.42504702647952536
MPHASIS,2025-11-13,BEARISH_TO_BULLISH,0.8,WEAK,1.0,2772.1,-3.0085494751271633,-2.1067061072832907,-0.901843367843873
MPHASIS,2025-11-17,BULLISH_TO_BEARISH,24.1,WEAK,-1.0,2658.55,-2.0744390739312646,-3.3307630099114074,-5.21712963833668
MPHASIS,2025-11-20,BEARISH_TO_BULLISH,33.7,WEAK,1.0,2747.1,0.662516835936088,1.9329474718794333,2.340650140147799
MPHASIS,2025-12-26,BULLISH_TO_BEARISH,28.7,WEAK,-1.0,2812.2,0.5885072185477466,-0.5813953488372223,0.368039257520799
MPHASIS,2026-05-19,BEARISH_TO_BULLISH,41.3,MODERATE,1.0,2228.0,-0.017953321364456508,0.718132854578097,0.21992818671454625
MPHASIS,2026-06-11,BULLISH_TO_BEARISH,25.9,WEAK,-1.0,2270.4,-1.7309725158562248,-3.074348132487655,0.12332628611699181
MPHASIS,2026-07-20,BEARISH_TO_BULLISH,26.1,WEAK,1.0,2380.1,-4.466198899205905,,
MUTHOOTFIN,2025-08-20,BULLISH_TO_BEARISH,26.1,WEAK,-1.0,2675.8,-0.1756484042155549,0.10090440242171583,1.4201360340832647
MUTHOOTFIN,2025-08-28,BEARISH_TO_BULLISH,8.9,WEAK,1.0,2637.8,2.7371294260368417,5.531124421866693,7.58586701038744
MUTHOOTFIN,2025-09-11,BULLISH_TO_BEARISH,5.9,WEAK,-1.0,2926.2,-0.3690793520606993,-0.5399494224591683,-0.29389652108537917
MUTHOOTFIN,2025-09-29,BEARISH_TO_BULLISH,11.5,WEAK,1.0,3077.1,2.190374053491927,4.892593675863644,6.044652432485132
MUTHOOTFIN,2025-10-23,BULLISH_TO_BEARISH,31.4,WEAK,-1.0,3163.1,0.5421896241029398,-0.6354525623597076,-0.4852834244886317
MUTHOOTFIN,2025-10-28,BEARISH_TO_BULLISH,13.4,WEAK,1.0,3183.2,0.25917315908519734,0.23247046996733137,0.017278210605685535
MUTHOOTFIN,2025-11-13,BULLISH_TO_BEARISH,8.4,WEAK,-1.0,3725.65,-0.9354072443734626,0.644182894260062,2.406291519600609
MUTHOOTFIN,2025-12-19,BEARISH_TO_BULLISH,25.3,WEAK,1.0,3790.35,0.4709327634651129,0.17412639993667892,0.23084939385544873
MUTHOOTFIN,2026-01-09,BULLISH_TO_BEARISH,7.8,WEAK,-1.0,3909.0,-0.4425684318240006,-0.6932719365566619,-0.5474545919672574
MUTHOOTFIN,2026-02-19,BEARISH_TO_BULLISH,9.5,WEAK,1.0,3460.0,0.38150289017340516,1.28901734104046,-3.078034682080925
MUTHOOTFIN,2026-02-27,BULLISH_TO_BEARISH,38.7,MODERATE,-1.0,3471.9,3.801952821221809,6.711022782914254,5.435064373973913
MUTHOOTFIN,2026-03-13,BEARISH_TO_BULLISH,47.0,MODERATE,1.0,3360.95,1.734628602032169,-1.623053005846553,-7.301507014385804
MUTHOOTFIN,2026-04-20,BULLISH_TO_BEARISH,8.4,WEAK,-1.0,3610.2,0.6453936070023746,3.23250789429948,3.1632596532048036
MUTHOOTFIN,2026-04-24,BEARISH_TO_BULLISH,10.3,WEAK,1.0,3493.8,0.06296868738908402,-1.9921002919457427,-1.3595512049916996
MUTHOOTFIN,2026-05-15,BULLISH_TO_BEARISH,54.8,MODERATE,-1.0,3290.9,-0.38591266826703385,0.5530402017685214,-1.929563341335197
MUTHOOTFIN,2026-05-25,BEARISH_TO_BULLISH,16.1,WEAK,1.0,3331.5,-0.7384061233678496,-2.5544049227074863,-3.3978688278553153
MUTHOOTFIN,2026-06-04,BULLISH_TO_BEARISH,29.6,WEAK,-1.0,3153.0,5.972090072946406,8.062163019346649,3.5172851252775166
MUTHOOTFIN,2026-06-15,BEARISH_TO_BULLISH,39.7,MODERATE,1.0,3166.9,0.7483659098803188,-1.2914837854052887,-1.4935741576936494
MUTHOOTFIN,2026-07-08,BULLISH_TO_BEARISH,7.9,WEAK,-1.0,3057.4,-2.3549421076731862,1.3410087002027866,2.004971544449538
MUTHOOTFIN,2026-07-22,BEARISH_TO_BULLISH,30.3,WEAK,1.0,,,,
NAM-INDIA,2026-04-15,BULLISH_TO_BEARISH,28.2,WEAK,-1.0,964.8,-5.213515754560538,-9.3957296849088,-6.959991708126047
NAM-INDIA,2026-04-17,BEARISH_TO_BULLISH,20.6,WEAK,1.0,1002.95,5.234558053741463,2.8914701630190933,-1.3211027468966547
NAM-INDIA,2026-06-01,BULLISH_TO_BEARISH,4.6,WEAK,-1.0,1089.9,1.1101935957427411,-2.1286356546471987,0.651435911551531
NAM-INDIA,2026-06-25,BEARISH_TO_BULLISH,16.1,WEAK,1.0,1167.3,-0.45403923584339545,3.9321511179645414,3.4438447699820136
NAM-INDIA,2026-07-07,BULLISH_TO_BEARISH,7.5,WEAK,-1.0,1168.0,-4.297945205479456,-4.049657534246571,-2.422945205479448
NATIONALUM,2025-07-22,BEARISH_TO_BULLISH,56.1,MODERATE,1.0,198.09,0.40890504316220017,-5.245090615376856,-5.532838608713215
NATIONALUM,2025-07-28,BULLISH_TO_BEARISH,75.0,STRONG,-1.0,189.68,1.3443694643610349,4.734289329396888,1.2758329818642007
NATIONALUM,2025-07-30,BEARISH_TO_BULLISH,34.5,WEAK,1.0,185.06,-2.355992651032105,1.188803631254722,2.534313195720306
NATIONALUM,2025-08-01,BULLISH_TO_BEARISH,63.6,STRONG,-1.0,187.14,-0.06412311638345866,-1.3946777813401805,0.03740515122367916
NATIONALUM,2025-08-13,BEARISH_TO_BULLISH,28.6,WEAK,1.0,187.48,0.4533816940473772,2.528269682099429,0.7414124173245226
NATIONALUM,2025-08-28,BULLISH_TO_BEARISH,63.3,STRONG,-1.0,186.18,-3.0132130196583873,-11.247180148243634,-13.943495541948641
NATIONALUM,2025-09-02,BEARISH_TO_BULLISH,34.0,WEAK,1.0,207.12,-0.21726535341831643,1.656044804943997,0.9704519119351057
NATIONALUM,2025-09-16,BULLISH_TO_BEARISH,22.2,WEAK,-1.0,213.26,-0.2532120416393231,1.087873956672603,3.3667823314264176
NATIONALUM,2025-09-30,BEARISH_TO_BULLISH,75.0,STRONG,1.0,214.5,3.1048951048951032,1.188811188811194,7.016317016317021
NATIONALUM,2025-10-06,BULLISH_TO_BEARISH,69.1,STRONG,-1.0,217.05,-3.0177378484220143,-3.3402441833678873,-3.1559548491131046
NATIONALUM,2025-10-09,BEARISH_TO_BULLISH,73.3,STRONG,1.0,224.3,0.4904146232724005,1.0031208203299151,0.4681230494872862
NATIONALUM,2025-10-13,BULLISH_TO_BEARISH,39.6,MODERATE,-1.0,223.9,-1.1835640911121061,-0.6476105404198251,-1.5408664582402807
NATIONALUM,2025-10-17,BEARISH_TO_BULLISH,25.9,WEAK,1.0,226.05,0.5750940057509325,4.445919044459182,4.733466047334655
NATIONALUM,2025-10-30,BULLISH_TO_BEARISH,17.3,WEAK,-1.0,234.15,-1.9218449711723256,1.5161221439248393,-9.908178518043997
NATIONALUM,2025-11-11,BEARISH_TO_BULLISH,55.0,MODERATE,1.0,266.95,0.6368233751638841,-2.322532309421236,-3.877130548791896
NATIONALUM,2025-11-17,BULLISH_TO_BEARISH,43.4,MODERATE,-1.0,257.3,0.27205596579867414,2.5845316750874487,1.301982122036542
NATIONALUM,2025-12-02,BEARISH_TO_BULLISH,11.9,WEAK,1.0,266.5,1.0318949343339587,0.6941838649155808,-1.3133208255159476
NATIONALUM,2025-12-10,BULLISH_TO_BEARISH,16.5,WEAK,-1.0,264.3,-5.240257283390074,-4.74839197881196,-5.656451002648501
NATIONALUM,2025-12-23,BEARISH_TO_BULLISH,30.4,WEAK,1.0,295.3,3.911276667795466,7.213003725025402,6.535726379952594
NATIONALUM,2026-01-01,BULLISH_TO_BEARISH,43.7,MODERATE,-1.0,330.3,-0.15137753557372086,-6.751438086587953,-5.37390251286709
NATIONALUM,2026-01-14,BEARISH_TO_BULLISH,75.0,STRONG,1.0,361.6,1.9496681415929078,-0.027654867256643456,2.502765486725651
NATIONALUM,2026-01-30,BULLISH_TO_BEARISH,75.0,STRONG,-1.0,369.7,-0.31106302407358244,1.58236407898295,1.2172031376791994
NATIONALUM,2026-02-10,BEARISH_TO_BULLISH,39.4,MODERATE,1.0,367.7,0.5439216752787599,-5.248844166440036,-6.431873810171329
NATIONALUM,2026-02-12,BULLISH_TO_BEARISH,15.5,WEAK,-1.0,349.3,0.25765817348984654,1.503006012024048,2.3189235614085377
NATIONALUM,2026-02-23,BEARISH_TO_BULLISH,4.4,WEAK,1.0,343.0,4.897959183673473,3.3819241982507355,8.892128279883382
NATIONALUM,2026-02-27,BULLISH_TO_BEARISH,26.3,WEAK,-1.0,362.85,-2.935097147581639,-9.17734601074823,-7.137935786137516
NATIONALUM,2026-03-06,BEARISH_TO_BULLISH,34.8,WEAK,1.0,388.1,0.16748260757536132,5.423859829940724,-4.083998969337805
NATIONALUM,2026-03-16,BULLISH_TO_BEARISH,55.0,MODERATE,-1.0,395.15,1.8980134126281163,6.744274326205233,10.249272428191826
NATIONALUM,2026-03-27,BEARISH_TO_BULLISH,31.7,WEAK,1.0,386.1,3.4576534576534486,5.633255633255633,3.6389536389536272
NATIONALUM,2026-04-08,BULLISH_TO_BEARISH,74.1,STRONG,-1.0,412.35,-1.1276827937431737,-2.801018552200789,-6.402328119316109
NATIONALUM,2026-04-16,BEARISH_TO_BULLISH,50.4,MODERATE,1.0,438.75,-2.757834757834763,-0.6381766381766408,-0.3874643874643849
NATIONALUM,2026-04-21,BULLISH_TO_BEARISH,64.3,STRONG,-1.0,435.95,-0.7569675421493316,-1.1583897235921576,0.6078678747562742
NATIONALUM,2026-04-28,BEARISH_TO_BULLISH,38.0,MODERATE,1.0,433.3,-7.846757442880222,-4.546503577198243,-6.8659127625201934
NATIONALUM,2026-05-04,BULLISH_TO_BEARISH,35.4,MODERATE,-1.0,413.6,1.7045454545454573,2.8167311411992344,4.726789168278533
NATIONALUM,2026-05-14,BEARISH_TO_BULLISH,32.8,WEAK,1.0,403.6,-0.7804757185332096,-0.2973240832507546,1.399900891972244
NATIONALUM,2026-06-02,BULLISH_TO_BEARISH,31.8,WEAK,-1.0,436.9,5.2414740215152165,13.4355687800412,13.904783703364615
NATIONALUM,2026-06-22,BEARISH_TO_BULLISH,57.0,MODERATE,1.0,355.4,-1.9274057400112454,-2.2509848058525606,-5.83849184018008
NATIONALUM,2026-06-24,BULLISH_TO_BEARISH,65.9,STRONG,-1.0,332.15,-4.591299111847057,-0.752671985548698,-4.651512870690967
NATIONALUM,2026-07-09,BEARISH_TO_BULLISH,50.4,MODERATE,1.0,354.85,0.09863322530645789,1.8740312808228763,-4.213047766661982
NATIONALUM,2026-07-16,BULLISH_TO_BEARISH,63.6,STRONG,-1.0,339.9,-0.88261253309797,-0.7355104442483084,
NAUKRI,2025-07-22,BEARISH_TO_BULLISH,24.0,WEAK,1.0,1475.0,-1.2067796610169461,-4.447457627118638,-5.383050847457634
NAUKRI,2025-08-11,BULLISH_TO_BEARISH,34.4,WEAK,-1.0,1321.2,-0.3557372085982475,-2.4523160762942675,-5.623675446563727
NAUKRI,2025-08-18,BEARISH_TO_BULLISH,10.1,WEAK,1.0,1380.8,1.0646002317497136,-0.014484356894557175,1.0790845886442708
NAUKRI,2025-08-22,BULLISH_TO_BEARISH,23.8,WEAK,-1.0,1406.1,0.7396344498968682,3.4136974610625135,2.9585377995875053
NAUKRI,2025-10-16,BEARISH_TO_BULLISH,11.6,WEAK,1.0,1328.3,-1.2647745238274453,3.8771361891139047,2.740344801626146
NAUKRI,2025-11-13,BULLISH_TO_BEARISH,16.8,WEAK,-1.0,1323.5,-0.6573479410653604,-2.924064979221764,-1.2769172648281142
NAUKRI,2025-11-20,BEARISH_TO_BULLISH,9.2,WEAK,1.0,1340.4,0.44016711429423033,0.08206505520739399,-0.7609668755595378
NAUKRI,2025-11-28,BULLISH_TO_BEARISH,7.3,WEAK,-1.0,1365.1,-1.5749761922203502,-2.2745586403926588,-0.5127829463043001
NAUKRI,2026-01-21,BEARISH_TO_BULLISH,15.9,WEAK,1.0,1319.5,-1.4096248579007131,-1.4854111405835475,-5.312618416066685
NAUKRI,2026-01-29,BULLISH_TO_BEARISH,37.2,MODERATE,-1.0,1249.4,0.9684648631343153,4.914358892268296,9.524571794461341
NAUKRI,2026-02-10,BEARISH_TO_BULLISH,11.0,WEAK,1.0,1171.7,-1.92882137065803,-3.9685926431680465,-4.472134505419484
NAUKRI,2026-02-12,BULLISH_TO_BEARISH,40.2,MODERATE,-1.0,1141.15,1.3977128335451119,1.9147351356088274,5.8143101257503504
NAUKRI,2026-05-26,BEARISH_TO_BULLISH,54.9,MODERATE,1.0,1005.65,-1.0590165564560212,0.9993536518669586,0.3182021578083872
NAUKRI,2026-06-16,BULLISH_TO_BEARISH,1.8,WEAK,-1.0,1017.05,1.0078167248414533,3.195516444619242,0.7128459761073693
NAUKRI,2026-07-10,BEARISH_TO_BULLISH,7.2,WEAK,1.0,1191.05,-0.1679190630116284,1.3391545275177403,0.03778178917762021
NBCC,2025-07-03,BULLISH_TO_BEARISH,64.2,STRONG,-1.0,117.87,1.645881055400015,2.8251463476711614,4.216509714091795
NBCC,2025-09-03,BEARISH_TO_BULLISH,44.6,MODERATE,1.0,101.78,0.4912556494399685,0.8547848300255498,5.924543132246022
NBCC,2025-09-09,BULLISH_TO_BEARISH,14.3,WEAK,-1.0,105.52,-2.1702047005307112,-2.0280515542077335,-4.255117513267636
NBCC,2025-09-11,BEARISH_TO_BULLISH,70.9,STRONG,1.0,106.49,1.0986947131186042,3.3054746924593954,4.056718940745617
NBCC,2025-09-23,BULLISH_TO_BEARISH,49.2,MODERATE,-1.0,110.06,0.7995638742504048,2.471379247683081,0.5178993276394761
NBCC,2025-10-16,BEARISH_TO_BULLISH,51.7,MODERATE,1.0,111.4,1.8850987432674993,0.08976660682225701,0.08976660682225701
NBCC,2025-10-30,BULLISH_TO_BEARISH,40.0,MODERATE,-1.0,117.4,-0.21294718909710392,5.068143100511075,3.5775127768313477
NBCC,2025-11-17,BEARISH_TO_BULLISH,71.6,STRONG,1.0,114.95,-1.652892561983476,-2.0443671161374586,2.305350152240097
NBCC,2025-11-21,BULLISH_TO_BEARISH,54.7,MODERATE,-1.0,116.45,-0.9875483039931228,-0.8158007728638925,-1.3310433662516077
NBCC,2025-11-25,BEARISH_TO_BULLISH,64.9,STRONG,1.0,118.5,-0.9282700421940879,-0.42194092827004215,-4.472573839662445
NBCC,2025-12-03,BULLISH_TO_BEARISH,68.9,STRONG,-1.0,112.5,0.4000000000000025,3.911111111111116,3.7333333333333356
NBCC,2025-12-22,BEARISH_TO_BULLISH,71.7,STRONG,1.0,116.25,-0.0860215053763392,5.032258064516125,4.731182795698925
NBCC,2025-12-26,BULLISH_TO_BEARISH,28.7,WEAK,-1.0,122.1,0.1638001638001545,-0.0,2.0065520065519973
NBCC,2026-01-05,BEARISH_TO_BULLISH,40.0,MODERATE,1.0,118.55,-2.108814846056516,-7.886967524251366,-11.176718684099535
NBCC,2026-01-07,BULLISH_TO_BEARISH,70.5,STRONG,-1.0,112.1,2.586975914362169,6.066012488849239,7.4933095450490566
NBCC,2026-01-21,BEARISH_TO_BULLISH,40.0,MODERATE,1.0,98.7,-3.647416413373869,0.8611955420466002,0.15197568389056887
NBCC,2026-01-29,BULLISH_TO_BEARISH,41.3,MODERATE,-1.0,98.85,1.911987860394538,-5.56398583712696,0.5563985837126931
NBCC,2026-02-04,BEARISH_TO_BULLISH,45.0,MODERATE,1.0,100.95,-2.625061911837549,0.48538880633976705,-0.4457652303120385
NBCC,2026-02-06,BULLISH_TO_BEARISH,73.1,STRONG,-1.0,102.01,0.5587687481619521,1.4802470346044554,2.1566513086952286
NBCC,2026-02-20,BEARISH_TO_BULLISH,40.0,MODERATE,1.0,95.34,-0.8286133836794696,-1.3425634571009033,-6.261799874134674
NBCC,2026-02-26,BULLISH_TO_BEARISH,58.6,MODERATE,-1.0,92.67,3.561022984784717,6.280349627711241,8.870184525736482
NBCC,2026-03-10,BEARISH_TO_BULLISH,55.0,MODERATE,1.0,86.16,0.48746518105849784,-3.8068709377901593,2.64623955431755
NBCC,2026-03-13,BULLISH_TO_BEARISH,50.5,MODERATE,-1.0,82.88,-0.3016409266409266,-0.3137065637065699,4.572876447876439
NBCC,2026-03-25,BEARISH_TO_BULLISH,26.6,WEAK,1.0,80.53,-3.7377374891344903,3.1789395256426203,4.50763690550105
NBCC,2026-03-30,BULLISH_TO_BEARISH,56.0,MODERATE,-1.0,82.79,-0.3623626041792452,-1.6547892257518908,-6.087691750211368
NBCC,2026-04-28,BEARISH_TO_BULLISH,40.0,MODERATE,1.0,93.2,-1.6630901287553617,-0.30042918454935746,3.9163090128755274
NBCC,2026-04-30,BULLISH_TO_BEARISH,32.2,WEAK,-1.0,92.52,-0.43233895373973813,-4.680069174232597,-3.4370946822308763
NBCC,2026-05-07,BEARISH_TO_BULLISH,41.7,MODERATE,1.0,100.64,-4.9085850556438775,-5.723370429252787,-6.776629570747225
NBCC,2026-05-11,BULLISH_TO_BEARISH,75.0,STRONG,-1.0,92.66,-2.395855816965248,-1.2518886250809376,-0.45327001942585987
NBCC,2026-05-14,BEARISH_TO_BULLISH,7.3,WEAK,1.0,93.82,-2.3022809635472146,-0.8633553613301941,1.0658708164570456
NBCC,2026-05-18,BULLISH_TO_BEARISH,50.9,MODERATE,-1.0,93.08,0.07520412548344776,-1.8693596905887355,-2.6536312849162003
NBCC,2026-05-22,BEARISH_TO_BULLISH,49.4,MODERATE,1.0,96.79,-1.2811240830664417,3.585081103419773,7.562764748424416
NBCC,2026-05-27,BULLISH_TO_BEARISH,58.4,MODERATE,-1.0,100.26,-4.129263913824058,-1.9748653500897564,-6.084181129064427
NBCC,2026-06-05,BEARISH_TO_BULLISH,71.0,STRONG,1.0,103.45,2.3006283228612814,-2.8322861285645304,3.779603673272109
NBCC,2026-06-11,BULLISH_TO_BEARISH,52.0,MODERATE,-1.0,105.16,-2.0920502092050235,-7.293647774819324,-5.981361734499816
NBCC,2026-06-15,BEARISH_TO_BULLISH,63.9,STRONG,1.0,109.14,3.380978559648156,2.1165475536008818,-0.1007879787428985
NBCC,2026-07-01,BULLISH_TO_BEARISH,37.9,MODERATE,-1.0,103.06,0.6792159906850406,4.385794682709097,5.152338443625075
NCC,2025-07-09,BEARISH_TO_BULLISH,7.2,WEAK,1.0,223.5,-0.756152125279641,2.371364653243853,2.451901565995521
NCC,2025-07-17,BULLISH_TO_BEARISH,27.8,WEAK,-1.0,227.57,-0.021971261589845484,1.3754009755240126,4.095443160346264
NCC,2025-07-29,BEARISH_TO_BULLISH,43.9,MODERATE,1.0,222.79,-2.2756856232326377,-5.085506530813764,-3.53247452758203
NCC,2025-08-06,BULLISH_TO_BEARISH,5.8,WEAK,-1.0,222.38,0.09443295260365499,-0.211349941541505,1.7717420631351728
NCC,2025-09-18,BEARISH_TO_BULLISH,9.6,WEAK,1.0,216.99,-1.4102032351721288,-3.972533296465277,-6.673118576892953
NCC,2025-10-07,BULLISH_TO_BEARISH,6.6,WEAK,-1.0,206.25,-1.6242424242424214,-0.9939393939393995,-2.642424242424237
NCC,2025-10-24,BEARISH_TO_BULLISH,15.4,WEAK,1.0,213.55,-1.3814095059705065,-0.2575509248419627,0.21072348396159618
NCC,2025-10-31,BULLISH_TO_BEARISH,32.6,WEAK,-1.0,214.0,3.878504672897202,8.73831775700934,11.775700934579433
NCC,2025-11-19,BEARISH_TO_BULLISH,31.0,WEAK,1.0,179.05,-1.9268360793074653,-3.2393186260821065,-2.4574141301312515
NCC,2025-12-01,BULLISH_TO_BEARISH,43.9,MODERATE,-1.0,172.25,1.9158200290275829,2.3802612481857732,5.544267053701023
NCC,2025-12-22,BEARISH_TO_BULLISH,29.2,WEAK,1.0,160.8,0.43532338308457,-0.43532338308458773,
NESTLEIND,2025-07-10,BULLISH_TO_BEARISH,6.9,WEAK,-1.0,2403.5,0.4410235073850597,-2.3590597045974544,-2.8583315997503562
NESTLEIND,2025-07-31,BEARISH_TO_BULLISH,9.2,WEAK,1.0,2276.5,0.039534372940922075,-1.8976499011640595,-51.833955633648145
NESTLEIND,2025-08-25,BULLISH_TO_BEARISH,7.9,WEAK,-1.0,1162.2,-0.01720874204096072,-1.049733264498369,-2.8050249526759514
NESTLEIND,2025-08-28,BEARISH_TO_BULLISH,13.8,WEAK,1.0,1156.2,1.5741221241999694,3.338522746929589,4.540736896730669
NESTLEIND,2025-09-03,BULLISH_TO_BEARISH,8.5,WEAK,-1.0,1212.6,0.3216229589312109,0.8576612238165813,-0.6762328880092402
NESTLEIND,2025-09-11,BEARISH_TO_BULLISH,23.2,WEAK,1.0,1217.6,-0.41885676741129346,-1.0923127463863302,-1.8971747700394146
NESTLEIND,2025-09-16,BULLISH_TO_BEARISH,4.5,WEAK,-1.0,1204.3,-0.39857178443908947,1.3285726147969774,2.1257161836751566
NESTLEIND,2025-09-25,BEARISH_TO_BULLISH,7.8,WEAK,1.0,1162.6,-0.8687424737656898,0.3268536039910702,1.642869430586628
NESTLEIND,2025-10-06,BULLISH_TO_BEARISH,7.7,WEAK,-1.0,1176.8,-0.3144119646499019,-1.9332087015635622,0.11046906866077112
NESTLEIND,2025-10-09,BEARISH_TO_BULLISH,6.1,WEAK,1.0,1199.55,-0.9545246133966943,1.8215164019840888,7.498645325330336
NESTLEIND,2025-10-14,BULLISH_TO_BEARISH,12.1,WEAK,-1.0,1221.4,-4.519403962665778,-5.239888652366137,-4.208285573931542
NESTLEIND,2025-10-17,BEARISH_TO_BULLISH,21.2,WEAK,1.0,1285.4,0.14392407032829538,-0.2645091022249954,-1.1202738447176046
NESTLEIND,2025-10-28,BULLISH_TO_BEARISH,46.4,MODERATE,-1.0,1273.0,-0.542026708562458,0.479183032207377,0.534171249018064
NESTLEIND,2025-11-19,BEARISH_TO_BULLISH,20.4,WEAK,1.0,1279.25,0.11334766464725779,-1.2546413914402934,-1.0044948211842806
NESTLEIND,2025-11-27,BULLISH_TO_BEARISH,37.6,MODERATE,-1.0,1261.1,0.03964792641344858,1.522480374276411,1.1260011101419252
NESTLEIND,2025-12-12,BEARISH_TO_BULLISH,18.2,WEAK,1.0,1243.45,-0.229201013309754,-0.800193011379633,1.1057943624592865
NESTLEIND,2026-01-01,BULLISH_TO_BEARISH,4.0,WEAK,-1.0,1279.7,-2.72720168789559,-2.7428303508634766,-1.5159803078846499
NESTLEIND,2026-01-07,BEARISH_TO_BULLISH,20.4,WEAK,1.0,1306.9,-0.5968321983319443,0.9028999923483016,0.6848266891116243
NESTLEIND,2026-01-09,BULLISH_TO_BEARISH,7.7,WEAK,-1.0,1312.35,-0.4838648226464081,-0.26669714634053415,1.268716424734245
NESTLEIND,2026-02-12,BEARISH_TO_BULLISH,4.4,WEAK,1.0,1282.6,0.5613597380321258,1.4228910026508657,0.8732262591610828
NESTLEIND,2026-02-26,BULLISH_TO_BEARISH,2.9,WEAK,-1.0,1291.7,0.9290082836571959,3.1586281644344627,4.327630254703111
NESTLEIND,2026-03-17,BEARISH_TO_BULLISH,0.5,WEAK,1.0,1204.8,-1.5313745019920357,-3.154050464807437,-0.05810092961487762
NESTLEIND,2026-04-01,BULLISH_TO_BEARISH,4.4,WEAK,-1.0,1191.3,-2.073365231259972,-1.8802988332074282,-4.868630907412071
NESTLEIND,2026-04-06,BEARISH_TO_BULLISH,33.2,WEAK,1.0,1222.8,-0.7441936539090538,2.1671573438011125,2.7641478573765093
NESTLEIND,2026-04-08,BULLISH_TO_BEARISH,8.6,WEAK,-1.0,1228.7,-1.6765687311792878,-2.2706926019369953,-4.630910718645712
NESTLEIND,2026-04-24,BEARISH_TO_BULLISH,28.7,WEAK,1.0,1417.3,1.6016369152614156,2.913991392083536,4.2686798842870255
NESTLEIND,2026-05-12,BULLISH_TO_BEARISH,8.8,WEAK,-1.0,1468.9,0.6331268296003936,2.532507318401528,3.322213901559002
NESTLEIND,2026-07-06,BEARISH_TO_BULLISH,28.6,WEAK,1.0,1471.8,-1.4472075010191572,-1.1142818317706118,-3.043891833129498
NESTLEIND,2026-07-13,BULLISH_TO_BEARISH,44.0,MODERATE,-1.0,1427.0,0.1822004204625024,-0.014015416958657706,-1.7449194113524942
NHPC,2025-07-24,BEARISH_TO_BULLISH,25.6,WEAK,1.0,83.48,0.2635361763296584,1.173933876377563,-0.28749401054145796
NHPC,2025-08-01,BULLISH_TO_BEARISH,31.2,WEAK,-1.0,83.49,-2.08408192597917,0.09581985866570643,0.04790992933284471
NHPC,2025-09-11,BEARISH_TO_BULLISH,75.0,STRONG,1.0,83.5,3.724550898203592,4.443113772455082,5.17365269461077
NHPC,2025-09-17,BULLISH_TO_BEARISH,47.9,MODERATE,-1.0,87.09,-0.8382133425192211,0.5281892295326764,0.7578367206338231
NHPC,2025-09-19,BEARISH_TO_BULLISH,44.2,MODERATE,1.0,87.73,-1.2538470306622689,-1.481819218055394,-2.120141342756183
NHPC,2025-09-23,BULLISH_TO_BEARISH,28.0,WEAK,-1.0,86.29,-0.16224359717232653,0.4867307915169795,-0.09271062695561282
NHPC,2025-09-30,BEARISH_TO_BULLISH,41.3,MODERATE,1.0,86.37,0.6483732777584836,0.10420284821117193,0.3473428273706115
NHPC,2025-10-06,BULLISH_TO_BEARISH,30.2,WEAK,-1.0,86.46,1.1797362942401066,-0.5551700208188804,1.2722646310432506
NHPC,2025-10-10,BEARISH_TO_BULLISH,14.6,WEAK,1.0,86.45,-1.2608444187391594,0.578368999421631,0.12724117987275818
NHPC,2025-10-14,BULLISH_TO_BEARISH,46.3,MODERATE,-1.0,87.04,0.10340073529412155,0.5514705882352987,1.401654411764721
NHPC,2025-11-20,BEARISH_TO_BULLISH,10.2,WEAK,1.0,78.82,-2.359807155544278,-1.7635117990357607,-2.6389241309312337
NHPC,2025-11-25,BULLISH_TO_BEARISH,39.8,MODERATE,-1.0,77.43,0.6199147617202685,0.16789358129925047,0.7748934521503403
NHPC,2025-12-12,BEARISH_TO_BULLISH,19.3,WEAK,1.0,77.21,-1.554202823468448,-2.8105167724387874,0.5957777489962544
NHPC,2025-12-16,BULLISH_TO_BEARISH,64.5,STRONG,-1.0,75.39,0.46425255338903615,-3.0242737763629144,-3.2099747977185324
NHPC,2025-12-22,BEARISH_TO_BULLISH,46.9,MODERATE,1.0,78.23,-0.5368784353828476,-1.840726064169753,1.2654991691167006
NHPC,2025-12-30,BULLISH_TO_BEARISH,32.8,WEAK,-1.0,79.22,-0.4418076243372814,-5.604645291593029,-5.604645291593029
NHPC,2026-01-02,BEARISH_TO_BULLISH,41.7,MODERATE,1.0,83.66,-0.1553908677982255,-1.781018407841256,-1.0279703562036808
NHPC,2026-01-08,BULLISH_TO_BEARISH,15.9,WEAK,-1.0,82.43,-0.44886570423388367,1.382991629261192,3.6515831614703447
NHPC,2026-02-19,BEARISH_TO_BULLISH,40.0,MODERATE,1.0,74.47,-0.5237008191217948,1.6113871357593699,1.1548274472942117
NHPC,2026-02-23,BULLISH_TO_BEARISH,62.6,STRONG,-1.0,75.77,0.13197835554968235,0.5807047644186324,4.67203378645901
NHPC,2026-02-25,BEARISH_TO_BULLISH,33.2,WEAK,1.0,75.73,-0.5281922619833694,-4.621682292354417,-2.046745015185524
NHPC,2026-02-27,BULLISH_TO_BEARISH,10.9,WEAK,-1.0,73.14,1.2441892261416414,-1.42193054416189,0.1367240907847885
NHPC,2026-03-17,BEARISH_TO_BULLISH,70.8,STRONG,1.0,77.36,-1.4477766287487133,-2.6887280248190257,-0.20682523267838235
NHPC,2026-03-19,BULLISH_TO_BEARISH,14.0,WEAK,-1.0,76.8,1.9791666666666616,-0.5208333333333408,4.010416666666665
NHPC,2026-03-25,BEARISH_TO_BULLISH,64.3,STRONG,1.0,76.59,-3.747225486355927,-1.6581799190494975,-1.2012012012012034
NHPC,2026-03-30,BULLISH_TO_BEARISH,71.5,STRONG,-1.0,75.39,0.09285051067781853,-0.37140204271123645,-2.2814696909404417
NHPC,2026-04-02,BEARISH_TO_BULLISH,40.0,MODERATE,1.0,76.16,-0.6433823529411697,1.2473739495798357,1.9695378151260503
NHPC,2026-04-08,BULLISH_TO_BEARISH,40.0,MODERATE,-1.0,77.11,0.025936973155227624,-4.500064842432887,-8.403579302295427
NHPC,2026-04-20,BEARISH_TO_BULLISH,58.8,MODERATE,1.0,82.63,0.0,-2.3841219895921566,3.3280890717657026
NHPC,2026-04-30,BULLISH_TO_BEARISH,56.1,MODERATE,-1.0,83.28,0.1320845341018245,2.0413064361191195,4.911143131604231
NHPC,2026-05-20,BEARISH_TO_BULLISH,42.8,MODERATE,1.0,79.0,-0.8101265822784818,-0.7088607594936738,-0.1645569620253107
NHPC,2026-05-29,BULLISH_TO_BEARISH,71.2,STRONG,-1.0,77.2,6.360103626943,1.398963730569946,4.779792746113987
NHPC,2026-06-04,BEARISH_TO_BULLISH,66.8,STRONG,1.0,74.97,-1.9474456449246285,-3.0678938241963416,-1.5739629185007238
NHPC,2026-06-10,BULLISH_TO_BEARISH,69.0,STRONG,-1.0,72.13,-2.30140024954944,-3.6323305143490985,-5.282129488423683
NHPC,2026-06-19,BEARISH_TO_BULLISH,60.0,STRONG,1.0,78.22,-0.40910253132190383,1.5085655842495613,3.9759652262848366
NHPC,2026-07-07,BULLISH_TO_BEARISH,66.0,STRONG,-1.0,78.8,0.24111675126903265,-0.8375634517766455,-0.36802030456853585
NIFTY,2025-07-10,BULLISH_TO_BEARISH,42.4,MODERATE,-1.0,25149.85,0.26859007111374134,-0.24731757843486435,0.7214754759968631
NIFTY,2025-07-16,BEARISH_TO_BULLISH,40.3,MODERATE,1.0,25111.45,-0.5696604536974139,-0.20130259304022377,-0.1965238964695475
NIFTY,2025-07-18,BULLISH_TO_BEARISH,42.8,MODERATE,-1.0,25090.7,0.11876910568457345,0.11398645713352829,1.6332744801858825
NIFTY,2025-07-30,BEARISH_TO_BULLISH,40.7,MODERATE,1.0,24768.35,-0.8195943613522904,-0.47964438487020444,-0.6952421134229656
NIFTY,2025-08-06,BULLISH_TO_BEARISH,41.5,MODERATE,-1.0,24596.15,0.9466928767307167,0.4421423678095962,-0.14290854462994337
NIFTY,2025-08-14,BEARISH_TO_BULLISH,40.2,MODERATE,1.0,24876.95,0.4168517442853755,0.8312916173405472,0.36499651283617673
NIFTY,2025-08-28,BULLISH_TO_BEARISH,44.3,MODERATE,-1.0,24426.85,-0.8114022069976307,-1.1798492232932234,-1.2860847796584558
NIFTY,2025-09-02,BEARISH_TO_BULLISH,40.0,MODERATE,1.0,24715.05,0.07788776474253542,0.23507943540475212,1.044100659314868
NIFTY,2025-09-22,BULLISH_TO_BEARISH,42.5,MODERATE,-1.0,25169.5,0.44736685273842763,2.0453326446691404,2.2185581755696435
NIFTY,2025-09-30,BEARISH_TO_BULLISH,40.0,MODERATE,1.0,24836.3,0.2333278306350009,1.095171180892484,1.391108981611593
NIFTY,2025-10-08,BULLISH_TO_BEARISH,41.2,MODERATE,-1.0,25181.8,-0.4112096831838839,0.14415172862940406,-1.6023477273268791
NIFTY,2025-10-10,BEARISH_TO_BULLISH,42.1,MODERATE,1.0,25227.35,-0.3244494566412982,1.4188965547312768,2.4410015320673906
NIFTY,2025-10-14,BULLISH_TO_BEARISH,41.6,MODERATE,-1.0,25323.55,-1.033622853036008,-2.051845021728795,-2.2423791293084983
NIFTY,2025-10-16,BEARISH_TO_BULLISH,45.2,MODERATE,1.0,25709.85,0.5184783264002043,0.7061495885818195,0.996505230485595
NIFTY,2025-10-20,BULLISH_TO_BEARISH,40.0,MODERATE,-1.0,25868.6,-0.08813774228216027,-0.3767115344471704,-0.7163124405650206
NIFTY,2025-10-28,BEARISH_TO_BULLISH,40.0,MODERATE,1.0,26053.9,-0.6757145763206388,-1.1151881292244266,-2.0887467903077876
NIFTY,2025-10-31,BULLISH_TO_BEARISH,43.0,MODERATE,-1.0,25763.35,0.6431617006328645,1.0520759140406792,0.26549342379775076
NIFTY,2025-11-10,BEARISH_TO_BULLISH,41.6,MODERATE,1.0,25694.95,0.7038348002233845,0.8371294748578944,0.8371294748578944
NIFTY,2025-11-14,BULLISH_TO_BEARISH,40.0,MODERATE,-1.0,26013.45,0.3974866847726905,-0.686952326584904,0.20739271415364255
NIFTY,2025-11-20,BEARISH_TO_BULLISH,42.7,MODERATE,1.0,26068.15,-0.4167921390662607,0.5261209560325447,0.5171061237563819
NIFTY,2025-11-24,BULLISH_TO_BEARISH,42.1,MODERATE,-1.0,25884.8,-1.2381783904067252,-1.2290997033007844,-0.5694461614538319
NIFTY,2025-11-26,BEARISH_TO_BULLISH,46.2,MODERATE,1.0,26215.55,-0.04806307706684981,-0.6993940619212587,-0.6934815405360532
NIFTY,2025-12-02,BULLISH_TO_BEARISH,42.7,MODERATE,-1.0,25986.0,-0.18375278996382666,0.09793735088124654,0.8773955206649734
NIFTY,2025-12-05,BEARISH_TO_BULLISH,42.9,MODERATE,1.0,25960.55,-0.46570662023723614,-0.2388239078139716,0.2571209007513323
NIFTY,2025-12-17,BULLISH_TO_BEARISH,40.8,MODERATE,-1.0,25815.55,-0.5843377344275144,-1.4007061635332279,-0.878346577934617
NIFTY,2025-12-19,BEARISH_TO_BULLISH,42.9,MODERATE,1.0,26172.4,0.01814888967003408,-0.49708853601504704,-0.8923522489340027
NIFTY,2025-12-24,BULLISH_TO_BEARISH,40.7,MODERATE,-1.0,26042.3,0.3847586426698131,-0.3352238473560295,-1.0991732681061197
NIFTY,2025-12-31,BEARISH_TO_BULLISH,43.7,MODERATE,1.0,26146.55,0.6960765378223895,0.1229607730274222,-1.0314936387401041
NIFTY,2026-01-08,BULLISH_TO_BEARISH,45.0,MODERATE,-1.0,25683.3,-0.41641845090000407,0.06891637756830597,0.3807921879197739
NIFTY,2026-01-13,BEARISH_TO_BULLISH,40.0,MODERATE,1.0,25665.6,0.11201764229162772,-1.6874727261392626,-1.4638270681378855
NIFTY,2026-01-16,BULLISH_TO_BEARISH,40.0,MODERATE,-1.0,25585.5,1.3796877137441128,1.1553418928690022,1.6028609954857185
NIFTY,2026-01-22,BEARISH_TO_BULLISH,42.6,MODERATE,1.0,25048.65,0.506015294237414,1.478123571529803,0.1586911869501949
NIFTY,2026-02-12,BULLISH_TO_BEARISH,42.8,MODERATE,-1.0,25471.1,-0.8309417339651662,-1.36723580842602,-0.393190714181961
NIFTY,2026-02-17,BEARISH_TO_BULLISH,40.8,MODERATE,1.0,25819.35,-1.413668430847407,-0.4119003770427937,-1.3046416737834166
NIFTY,2026-02-27,BULLISH_TO_BEARISH,46.2,MODERATE,-1.0,24865.7,1.5491218827541582,1.66997108466683,2.429451010830188
NIFTY,2026-03-10,BEARISH_TO_BULLISH,44.9,MODERATE,1.0,23866.85,-0.954042950787377,-1.9191891682396263,-0.37311165905848187
NIFTY,2026-04-23,BULLISH_TO_BEARISH,44.2,MODERATE,-1.0,23897.95,-0.8149234557775876,-1.1703932764107412,-0.9262300741276911
NIFTY,2026-05-06,BEARISH_TO_BULLISH,46.2,MODERATE,1.0,24326.65,-0.6186630711585853,-3.8932610943142687,-2.6187329533659707
NIFTY,2026-05-08,BULLISH_TO_BEARISH,43.1,MODERATE,-1.0,23815.85,1.8319732447088777,0.5301091499988453,0.6965949147311469
NIFTY,2026-05-14,BEARISH_TO_BULLISH,70.9,STRONG,1.0,23643.5,0.02728022500899075,0.06555712986655951,0.32059551250872026
NIFTY,2026-06-01,BULLISH_TO_BEARISH,43.5,MODERATE,-1.0,23483.55,0.3319344817968354,0.49758235019832414,1.0281665250781962
NIFTY,2026-06-03,BEARISH_TO_BULLISH,40.0,MODERATE,1.0,23416.55,-0.21288362290772359,-0.7449859180793104,-1.0887598728249923
NIFTY,2026-06-05,BULLISH_TO_BEARISH,41.1,MODERATE,-1.0,23123.0,-0.515071573757724,-0.1669333563983849,-3.1609220256887145
NIFTY,2026-06-12,BEARISH_TO_BULLISH,50.0,MODERATE,1.0,23853.9,0.5669932380030099,1.3167658118798122,1.0438544640499037
NIFTY,2026-06-29,BULLISH_TO_BEARISH,42.3,MODERATE,-1.0,23865.75,-0.5870337198705197,-1.697411562594926,-2.233116495396125
NIFTY,2026-07-01,BEARISH_TO_BULLISH,42.9,MODERATE,1.0,24175.7,0.39357702155469254,0.9224138287619387,-0.8806363414503052
NIFTY,2026-07-08,BULLISH_TO_BEARISH,50.6,MODERATE,-1.0,23962.8,-1.0186622598360884,-0.37245230106665334,-0.4588361961039642
NIFTY,2026-07-10,BEARISH_TO_BULLISH,45.1,MODERATE,1.0,24211.0,-0.6565197637437559,-0.5710214365371112,0.11358473421172195
NIFTY,2026-07-15,BULLISH_TO_BEARISH,40.0,MODERATE,-1.0,24072.75,-1.0864982189405004,-0.477510878482935,
NIFTY,2026-07-17,BEARISH_TO_BULLISH,45.4,MODERATE,1.0,24238.5,-0.20958392639808268,,
NIFTY,2026-07-21,BULLISH_TO_BEARISH,41.0,MODERATE,-1.0,23996.25,,,
NMDC,2025-07-17,BEARISH_TO_BULLISH,29.8,WEAK,1.0,71.44,0.6578947368421036,2.155655095184779,0.2939529675252071
NMDC,2025-08-04,BULLISH_TO_BEARISH,14.0,WEAK,-1.0,71.92,0.08342602892102652,1.1818687430478427,1.362625139043387
NMDC,2025-09-08,BEARISH_TO_BULLISH,40.0,MODERATE,1.0,74.66,0.8304312885079086,2.437717653361917,1.0447361371551047
NMDC,2025-09-16,BULLISH_TO_BEARISH,40.5,MODERATE,-1.0,75.69,-1.3740256308627379,-1.5457788347205732,-1.9949795217333932
NMDC,2025-09-22,BEARISH_TO_BULLISH,62.2,STRONG,1.0,78.1,-1.15236875800255,-3.982074263764404,-2.240717029449424
NMDC,2025-09-25,BULLISH_TO_BEARISH,45.3,MODERATE,-1.0,74.99,-0.05334044539272737,-1.5602080277370338,-1.426856914255244
NMDC,2025-10-08,BEARISH_TO_BULLISH,60.9,STRONG,1.0,78.8,-2.119289340101525,-3.388324873096449,-3.70558375634518
NMDC,2025-10-10,BULLISH_TO_BEARISH,50.6,MODERATE,-1.0,77.15,1.3220998055735713,1.6461438755670903,2.4756966947505
NMDC,2025-10-20,BEARISH_TO_BULLISH,42.2,MODERATE,1.0,75.61,-1.8780584578759445,-1.639994709694478,1.441608252876608
NMDC,2025-10-29,BULLISH_TO_BEARISH,40.0,MODERATE,-1.0,75.89,0.13176966662273595,2.1346685992884495,2.1741994992752742
NMDC,2025-11-13,BEARISH_TO_BULLISH,61.4,STRONG,1.0,76.55,-0.013063357282809803,-1.6851730894839871,-3.971260613977782
NMDC,2025-11-19,BULLISH_TO_BEARISH,43.0,MODERATE,-1.0,74.46,1.27585280687616,2.363685200107428,0.335750738651625
NMDC,2026-01-02,BEARISH_TO_BULLISH,45.3,MODERATE,1.0,83.91,-0.0476701227505566,-2.7648671195328247,-2.5622690978429166
NMDC,2026-01-09,BULLISH_TO_BEARISH,46.8,MODERATE,-1.0,81.76,-0.4403131115459875,-1.1986301369862888,3.5714285714285734
NMDC,2026-01-13,BEARISH_TO_BULLISH,41.9,MODERATE,1.0,83.85,-1.3237924865831836,-5.9749552772808485,-6.702444841979714
NMDC,2026-01-20,BULLISH_TO_BEARISH,75.0,STRONG,-1.0,78.64,0.5213631739572693,-0.25432349949135663,-7.604272634791459
NMDC,2026-01-23,BEARISH_TO_BULLISH,40.0,MODERATE,1.0,78.84,3.3992897006595544,3.0060882800608706,3.564180618975142
NMDC,2026-01-29,BULLISH_TO_BEARISH,40.0,MODERATE,-1.0,81.21,-0.28321635266593276,-5.762837089028454,-3.534047531092236
NMDC,2026-02-19,BEARISH_TO_BULLISH,60.0,STRONG,1.0,80.13,-1.510046174965673,2.1589916385873007,2.009234993136153
NMDC,2026-02-26,BULLISH_TO_BEARISH,40.0,MODERATE,-1.0,81.74,0.5872277954489721,4.037191093711765,3.193051137753853
NMDC,2026-03-20,BEARISH_TO_BULLISH,51.8,MODERATE,1.0,75.09,2.2373152217339096,2.809961379677719,4.101744573178849
NMDC,2026-04-01,BULLISH_TO_BEARISH,60.0,STRONG,-1.0,78.08,-4.252049180327878,-6.185963114754096,-8.952356557377044
NMDC,2026-04-16,BEARISH_TO_BULLISH,50.7,MODERATE,1.0,89.78,-0.9801737580752901,-1.3254622410336352,-0.5457785698373746
NMDC,2026-04-21,BULLISH_TO_BEARISH,42.4,MODERATE,-1.0,88.59,1.4448583361553236,-2.0656959024720605,-3.544418105881025
NMDC,2026-04-27,BEARISH_TO_BULLISH,46.3,MODERATE,1.0,90.9,0.9130913091309112,-1.9911991199119936,-1.8921892189218907
NMDC,2026-04-30,BULLISH_TO_BEARISH,47.4,MODERATE,-1.0,89.09,0.2918397126501348,-1.1785834549332104,2.5816589965203693
NMDC,2026-05-14,BEARISH_TO_BULLISH,71.5,STRONG,1.0,91.41,-1.3893447106443453,-3.2053385843999487,-3.894541078656605
NMDC,2026-05-18,BULLISH_TO_BEARISH,40.0,MODERATE,-1.0,89.02,0.6066052572455538,1.3143113906987214,-1.8535160638058927
NMDC,2026-05-25,BEARISH_TO_BULLISH,53.3,MODERATE,1.0,90.67,1.7756700121319062,1.8859600749972358,5.922576375868539
NMDC,2026-05-29,BULLISH_TO_BEARISH,75.0,STRONG,-1.0,92.38,-3.1716821822905463,-2.5113660965577047,3.020134228187911
NMDC,2026-06-19,BEARISH_TO_BULLISH,14.8,WEAK,1.0,88.19,-3.345050459235744,-3.6852250822088672,-3.4357636920285763
NMDC,2026-07-02,BULLISH_TO_BEARISH,40.0,MODERATE,-1.0,85.4,0.4098360655737805,1.9437939110070381,0.562060889929747
NMDC,2026-07-20,BEARISH_TO_BULLISH,43.8,MODERATE,1.0,83.93,-0.7029667580126335,,
NTPC,2025-07-30,BEARISH_TO_BULLISH,46.3,MODERATE,1.0,334.25,-1.0022438294689673,-0.1944652206432243,-1.3462976813762155
NTPC,2025-08-01,BULLISH_TO_BEARISH,65.0,STRONG,-1.0,332.0,-0.4819277108433803,0.677710843373494,-1.2499999999999931
NTPC,2025-08-12,BEARISH_TO_BULLISH,45.9,MODERATE,1.0,339.95,-0.1764965436093443,-1.441388439476387,-0.33828504191792247
NTPC,2025-08-26,BULLISH_TO_BEARISH,46.9,MODERATE,-1.0,330.8,0.9824667472793228,-1.6626360338573156,0.22672309552599756
NTPC,2025-09-17,BEARISH_TO_BULLISH,62.0,STRONG,1.0,336.95,0.5045258940495589,1.7955186229410927,1.0535687787505599
NTPC,2025-09-26,BULLISH_TO_BEARISH,43.8,MODERATE,-1.0,340.95,0.14664906877841327,-0.30796304443467115,0.8652295057926349
NTPC,2025-09-30,BEARISH_TO_BULLISH,40.0,MODERATE,1.0,340.25,0.5143277002204262,-0.6612784717119765,-1.2931667891256362
NTPC,2025-10-03,BULLISH_TO_BEARISH,21.1,WEAK,-1.0,339.1,0.3243880861102986,0.9584193453258625,-0.76673547626068
NTPC,2025-11-18,BEARISH_TO_BULLISH,13.0,WEAK,1.0,326.6,0.0,-0.9644825474586755,-0.15309246785058175
NTPC,2025-11-26,BULLISH_TO_BEARISH,44.1,MODERATE,-1.0,327.35,0.27493508477166156,-0.38185428440507097,1.3441270811058603
NTPC,2025-12-22,BEARISH_TO_BULLISH,37.9,MODERATE,1.0,323.25,-0.2165506573859207,0.6960556844547563,1.9489559164733212
NTPC,2025-12-31,BULLISH_TO_BEARISH,17.8,WEAK,-1.0,336.3,-4.698186143324416,-4.311626523936961,-2.408563782337189
NTPC,2026-02-04,BEARISH_TO_BULLISH,72.1,STRONG,1.0,367.0,-0.5313351498637572,-0.02724795640327595,0.3405994550408719
NTPC,2026-02-06,BULLISH_TO_BEARISH,42.7,MODERATE,-1.0,361.9,-1.3815971262779774,-1.7546283503730375,-1.9894998618403
NTPC,2026-02-23,BEARISH_TO_BULLISH,63.4,STRONG,1.0,382.75,0.5617243631613266,-0.22207707380797456,-4.428478118876549
NTPC,2026-02-26,BULLISH_TO_BEARISH,43.9,MODERATE,-1.0,381.9,1.1390416339355764,1.0081173081958539,1.4794448808588576
NTPC,2026-04-28,BEARISH_TO_BULLISH,10.6,WEAK,1.0,401.3,-0.535758783952164,-0.660353849987549,-0.23673062546722867
NTPC,2026-04-30,BULLISH_TO_BEARISH,42.7,MODERATE,-1.0,400.05,0.349956255468075,-0.07499062617173138,1.774778152730914
NTPC,2026-05-15,BEARISH_TO_BULLISH,18.3,WEAK,1.0,388.3,0.2832861189801612,0.12876641771825906,0.4506824620139067
NTPC,2026-05-19,BULLISH_TO_BEARISH,40.0,MODERATE,-1.0,392.45,0.9300547840489176,0.6115428717033959,-1.4524143202955762
NTPC,2026-06-23,BEARISH_TO_BULLISH,27.8,WEAK,1.0,357.05,-1.4003640946646128,-0.11202912757317858,0.3360873827195039
NTPC,2026-07-02,BULLISH_TO_BEARISH,4.4,WEAK,-1.0,356.45,0.056108851171269084,2.1742179828868005,3.3384766446906937
NTPC,2026-07-21,BEARISH_TO_BULLISH,49.7,MODERATE,1.0,350.5,,,
NUVAMA,2025-11-21,BEARISH_TO_BULLISH,10.2,WEAK,1.0,7052.95,-1.139948532174475,4.698743079137106,5.671385732211345
NUVAMA,2025-12-22,BULLISH_TO_BEARISH,23.1,WEAK,-1.0,7282.05,-4.571514889351208,79.93765491860123,79.66987318131571
NUVAMA,2025-12-24,BEARISH_TO_BULLISH,40.4,MODERATE,1.0,1493.55,-2.1827190251414352,-0.8771048843359719,-1.6972983830470962
NUVAMA,2026-01-21,BULLISH_TO_BEARISH,41.6,MODERATE,-1.0,1383.25,3.661666365443708,4.388216157599858,2.7363094162298864
NUVAMA,2026-02-20,BEARISH_TO_BULLISH,5.4,WEAK,1.0,1263.5,0.9734863474475627,1.3771270280965644,-4.515235457063708
NUVAMA,2026-04-23,BULLISH_TO_BEARISH,0.5,WEAK,-1.0,1346.0,-1.0104011887072741,-0.0,1.2407132243685026
NUVAMA,2026-05-26,BEARISH_TO_BULLISH,25.9,WEAK,1.0,1537.1,1.1385075792075987,2.3615900071563454,1.9191984906642379
NYKAA,2025-07-08,BEARISH_TO_BULLISH,33.9,WEAK,1.0,213.38,1.7621145374449296,3.116505764364048,1.0872621614021902
NYKAA,2025-07-17,BULLISH_TO_BEARISH,3.9,WEAK,-1.0,212.86,-1.0241473268815082,-2.7482852579159984,0.2959691816217344
NYKAA,2025-07-24,BEARISH_TO_BULLISH,58.4,MODERATE,1.0,212.23,-1.6397304810818403,0.7586109409602854,-1.022475616076892
NYKAA,2025-07-31,BULLISH_TO_BEARISH,38.5,MODERATE,-1.0,210.06,-1.3519946681900425,0.6855184233076252,3.7751118727982513
NYKAA,2025-08-18,BEARISH_TO_BULLISH,54.7,MODERATE,1.0,226.83,-0.7274170083322337,-0.8332231186351076,2.1249393819159694
NYKAA,2025-08-22,BULLISH_TO_BEARISH,21.7,WEAK,-1.0,229.54,-0.9192297638755832,-0.2657488890825188,-1.293892132090267
NYKAA,2025-08-28,BEARISH_TO_BULLISH,29.9,WEAK,1.0,230.15,1.5555072778622567,3.2848142515750607,5.426895502932862
NYKAA,2025-09-03,BULLISH_TO_BEARISH,60.0,STRONG,-1.0,239.53,-1.2983759863065107,-0.818269110341088,0.7138980503486027
NYKAA,2025-09-05,BEARISH_TO_BULLISH,66.5,STRONG,1.0,247.27,-2.3375257815343558,-3.8217333279411236,-2.5397338941238323
NYKAA,2025-09-10,BULLISH_TO_BEARISH,23.3,WEAK,-1.0,237.82,-0.5676562105794275,-2.489277604911284,-3.410142124295692
NYKAA,2025-09-17,BEARISH_TO_BULLISH,20.1,WEAK,1.0,245.93,-0.9392916683609165,-3.342414508193388,-3.850689220509901
NYKAA,2025-09-19,BULLISH_TO_BEARISH,7.9,WEAK,-1.0,242.4,1.934818481848184,2.4504950495049496,4.558580858085813
NYKAA,2025-09-26,BEARISH_TO_BULLISH,4.4,WEAK,1.0,231.35,0.44521288091636096,3.656797060730498,13.421223254808726
NYKAA,2025-10-06,BULLISH_TO_BEARISH,17.1,WEAK,-1.0,262.4,1.905487804878049,-1.0670731707317118,2.515243902439012
NYKAA,2025-10-10,BEARISH_TO_BULLISH,38.6,MODERATE,1.0,261.45,-2.161025052591309,0.7075922738573428,-1.5108051252629522
NYKAA,2025-10-14,BULLISH_TO_BEARISH,50.8,MODERATE,-1.0,261.6,-0.6498470948012188,1.5672782874617823,3.0198776758409913
NYKAA,2025-10-16,BEARISH_TO_BULLISH,45.4,MODERATE,1.0,261.15,-1.3976641776756566,-2.8527666092284085,-2.2975301550832747
NYKAA,2025-10-30,BULLISH_TO_BEARISH,27.8,WEAK,-1.0,247.95,-0.8671103044968768,0.7259528130671438,-5.1824964710627235
NYKAA,2025-11-20,BEARISH_TO_BULLISH,5.6,WEAK,1.0,268.5,0.986964618249526,-1.5083798882681607,-0.4469273743016718
NYKAA,2025-12-03,BULLISH_TO_BEARISH,20.7,WEAK,-1.0,255.5,0.27397260273972157,0.9980430528375779,2.3287671232876668
NYKAA,2025-12-22,BEARISH_TO_BULLISH,51.4,MODERATE,1.0,256.85,0.42826552462525436,0.7786645902277592,3.2314580494451834
NYKAA,2025-12-26,BULLISH_TO_BEARISH,40.0,MODERATE,-1.0,258.85,-1.8157233919258213,-2.6656364689974796,-4.133668147575811
NYKAA,2025-12-30,BEARISH_TO_BULLISH,69.1,STRONG,1.0,265.15,0.22628700735433635,1.65943805393175,0.4525740147086727
NYKAA,2026-01-08,BULLISH_TO_BEARISH,65.1,STRONG,-1.0,254.0,0.4921259842519685,-0.3346456692913364,1.259842519685035
NYKAA,2026-01-23,BEARISH_TO_BULLISH,27.0,WEAK,1.0,236.5,0.2959830866807563,0.42283298097251587,3.7632135306553933
NYKAA,2026-02-02,BULLISH_TO_BEARISH,46.2,MODERATE,-1.0,245.4,-2.302363488182561,-12.876935615321921,-14.384678076609609
NYKAA,2026-02-09,BEARISH_TO_BULLISH,61.5,STRONG,1.0,280.7,-1.1221945137157026,-3.473459209120057,-3.3487709298183033
NYKAA,2026-02-16,BULLISH_TO_BEARISH,9.4,WEAK,-1.0,271.3,-0.405455215628443,2.1009952082565384,3.6675267231846624
NYKAA,2026-02-23,BEARISH_TO_BULLISH,12.2,WEAK,1.0,261.35,2.027931892098701,1.5879089343791761,-2.161851922709024
NYKAA,2026-02-25,BULLISH_TO_BEARISH,12.9,WEAK,-1.0,267.55,0.7662119230050499,4.429078676882834,4.7654643991777235
NYKAA,2026-03-23,BEARISH_TO_BULLISH,4.3,WEAK,1.0,240.05,1.6871485107269248,-2.1037283899187713,2.4786502811914133
NYKAA,2026-04-07,BULLISH_TO_BEARISH,41.5,MODERATE,-1.0,254.07,-0.33848939268706013,-1.1374817963553299,-3.361278387845877
NYKAA,2026-04-27,BEARISH_TO_BULLISH,72.2,STRONG,1.0,270.12,-0.8403672441877617,-1.9509847475196143,0.8255590108100171
NYKAA,2026-05-04,BULLISH_TO_BEARISH,37.0,MODERATE,-1.0,270.0,-0.8703703703703788,-1.0370370370370412,3.4629629629629712
NYKAA,2026-06-02,BEARISH_TO_BULLISH,42.3,MODERATE,1.0,269.4,-0.6867112100964982,-3.377876763177419,-2.5983667409057167
NYKAA,2026-06-08,BULLISH_TO_BEARISH,46.5,MODERATE,-1.0,267.05,1.7412469574986087,-2.415278037820628,-1.909754727579092
NYKAA,2026-06-18,BEARISH_TO_BULLISH,55.0,MODERATE,1.0,302.3,0.6781343036718529,1.3893483294740285,-0.08269930532583526
NYKAA,2026-07-02,BULLISH_TO_BEARISH,8.3,WEAK,-1.0,310.3,-1.0312600708991262,-2.465356106993225,-6.380921688688369
NYKAA,2026-07-08,BEARISH_TO_BULLISH,64.4,STRONG,1.0,324.05,1.8669958339762416,0.12343774108933105,0.24687548217867963
NYKAA,2026-07-10,BULLISH_TO_BEARISH,19.2,WEAK,-1.0,328.4,1.2028014616321525,1.0809987819731897,1.4920828258221612
OBEROIRLTY,2025-07-30,BEARISH_TO_BULLISH,4.4,WEAK,1.0,1630.1,-2.4967793386908665,-1.3189374884976381,-1.20238022207226
OBEROIRLTY,2025-08-04,BULLISH_TO_BEARISH,21.0,WEAK,-1.0,1608.6,0.2548800198930691,2.3187865224418722,-0.3294790501056933
OBEROIRLTY,2025-08-25,BEARISH_TO_BULLISH,27.2,WEAK,1.0,1638.2,-1.1842265901599371,0.0,1.1292882431937492
OBEROIRLTY,2025-10-03,BULLISH_TO_BEARISH,0.3,WEAK,-1.0,1622.3,-0.881464587314304,1.9047031991616756,2.1142821919496986
OBEROIRLTY,2025-10-17,BEARISH_TO_BULLISH,10.9,WEAK,1.0,1699.2,-0.011770244821094955,0.04119585687382565,0.5237758945385983
OBEROIRLTY,2025-10-24,BULLISH_TO_BEARISH,0.8,WEAK,-1.0,1736.0,1.6071428571428625,-0.8208525345622119,-4.115783410138252
OBEROIRLTY,2025-10-28,BEARISH_TO_BULLISH,2.0,WEAK,1.0,1713.4,2.150694525504839,5.489086027781017,3.91035368273608
OBEROIRLTY,2025-12-08,BULLISH_TO_BEARISH,38.7,MODERATE,-1.0,1628.0,0.09828009828009268,-1.9441031941031996,0.07371007371007651
OBEROIRLTY,2026-01-27,BEARISH_TO_BULLISH,29.8,WEAK,1.0,1483.2,1.2607874865156448,-0.6169093851132748,4.163295577130528
OBEROIRLTY,2026-02-18,BULLISH_TO_BEARISH,5.9,WEAK,-1.0,1502.75,-1.3608384628181698,-0.6088837131924865,-2.7715854267176905
OBEROIRLTY,2026-05-26,BEARISH_TO_BULLISH,3.3,WEAK,1.0,1692.6,0.868486352357323,-1.0575446059316949,-3.5861987474890595
OBEROIRLTY,2026-06-19,BULLISH_TO_BEARISH,24.4,WEAK,-1.0,1691.1,-0.7864703447460341,-3.435633611258952,-4.618295783809363
OBEROIRLTY,2026-06-25,BEARISH_TO_BULLISH,10.2,WEAK,1.0,1754.1,0.8608403169716741,6.305227752123605,11.361951998175714
OBEROIRLTY,2026-07-08,BULLISH_TO_BEARISH,19.3,WEAK,-1.0,1873.2,-2.7546444586803283,-2.3115524236600447,0.6406149903907752
OBEROIRLTY,2026-07-21,BEARISH_TO_BULLISH,7.6,WEAK,1.0,1851.5,,,
OFSS,2025-09-22,BULLISH_TO_BEARISH,0.6,WEAK,-1.0,9104.0,0.4668277680140598,6.469683655536028,7.699912126537786
OFSS,2025-12-29,BEARISH_TO_BULLISH,1.8,WEAK,1.0,7626.45,0.7946029935291041,1.3780985910876014,-0.4392607307462843
OFSS,2026-02-13,BULLISH_TO_BEARISH,11.2,WEAK,-1.0,6699.15,-2.1771418762081813,0.6993424538933962,0.4425934633498225
OFSS,2026-04-24,BEARISH_TO_BULLISH,9.5,WEAK,1.0,9360.0,2.2435897435897436,3.91025641025641,3.701923076923077
OIL,2025-07-29,BEARISH_TO_BULLISH,28.4,WEAK,1.0,444.8,-1.0791366906474844,-3.5858812949640257,-2.8776978417266212
OIL,2025-08-04,BULLISH_TO_BEARISH,31.9,WEAK,-1.0,433.0,0.23094688221709006,0.13856812933025928,1.8244803695150063
OIL,2025-09-29,BEARISH_TO_BULLISH,45.5,MODERATE,1.0,413.8,-0.5920734654422398,1.3170613823102921,0.7249879168680522
OIL,2025-10-13,BULLISH_TO_BEARISH,25.5,WEAK,-1.0,414.1,-2.1613136923448413,1.255735329630535,1.8111567254286403
OIL,2025-10-27,BEARISH_TO_BULLISH,33.3,WEAK,1.0,412.75,1.877649909145972,4.990914597213815,4.5427013930950935
OIL,2025-10-30,BULLISH_TO_BEARISH,20.6,WEAK,-1.0,433.35,-0.8422752971039522,0.0692281066112868,0.35767855082497085
OIL,2025-11-21,BEARISH_TO_BULLISH,21.7,WEAK,1.0,420.6,0.10699001426533253,-0.8083689966714299,-1.5216357584403313
OIL,2025-11-28,BULLISH_TO_BEARISH,29.9,WEAK,-1.0,414.2,-0.5915016900048259,1.4606470304200898,2.474649927571222
OIL,2025-12-19,BEARISH_TO_BULLISH,11.0,WEAK,1.0,406.0,1.0467980295566501,-0.8004926108374385,1.3423645320197015
OIL,2026-01-01,BULLISH_TO_BEARISH,0.4,WEAK,-1.0,428.85,2.0869767984143746,2.436749446193318,2.051999533636472
OIL,2026-01-13,BEARISH_TO_BULLISH,64.6,STRONG,1.0,458.0,-2.0414847161572105,-6.331877729257641,-4.7052401746724914
OIL,2026-01-19,BULLISH_TO_BEARISH,56.6,MODERATE,-1.0,429.0,-1.0606060606060632,-1.561771561771559,-14.335664335664337
OIL,2026-01-23,BEARISH_TO_BULLISH,7.8,WEAK,1.0,448.55,9.352357596700477,13.710846059525137,8.995652658566485
OIL,2026-02-03,BULLISH_TO_BEARISH,26.6,WEAK,-1.0,507.1,1.6959179648984464,3.3622559652928437,5.4920134095839135
OIL,2026-02-18,BEARISH_TO_BULLISH,11.6,WEAK,1.0,476.7,-0.24124187119781357,-0.9439899307740718,-0.6817705055590518
OIL,2026-02-27,BULLISH_TO_BEARISH,23.3,WEAK,-1.0,488.1,-0.8195041999590248,0.737553779963127,3.5955746773202235
OIL,2026-03-17,BEARISH_TO_BULLISH,39.9,MODERATE,1.0,470.45,1.4029121054309752,-1.2328621532575217,0.2019343182059706
OIL,2026-04-16,BULLISH_TO_BEARISH,25.6,WEAK,-1.0,470.1,-0.3403531163582144,0.07445224420336582,-0.7657945118059915
OIL,2026-04-20,BEARISH_TO_BULLISH,12.7,WEAK,1.0,465.15,0.9889283026980593,1.8381167365366036,6.890250456841882
OIL,2026-04-30,BULLISH_TO_BEARISH,31.9,WEAK,-1.0,475.1,-0.2946748053041417,4.683224584298042,4.009682172174282
OIL,2026-05-13,BEARISH_TO_BULLISH,75.0,STRONG,1.0,517.55,0.14491353492416195,-3.062506038063949,-2.714713554245958
OIL,2026-05-19,BULLISH_TO_BEARISH,8.7,WEAK,-1.0,504.4,0.17842981760507085,4.331879460745434,3.2513877874702573
OIL,2026-05-21,BEARISH_TO_BULLISH,8.6,WEAK,1.0,499.75,-3.4417208604302125,-2.351175587793897,-3.401700850425213
OIL,2026-06-08,BULLISH_TO_BEARISH,40.6,MODERATE,-1.0,475.95,10.211156634100213,12.217669923311268,11.828973631684004
OIL,2026-06-25,BEARISH_TO_BULLISH,28.6,WEAK,1.0,412.75,1.0175651120532982,1.804966686856448,3.1011508176862534
OIL,2026-07-02,BULLISH_TO_BEARISH,12.7,WEAK,-1.0,422.1,-0.8173418621179788,-1.9545131485429992,-0.6751954513148463
OIL,2026-07-10,BEARISH_TO_BULLISH,37.5,MODERATE,1.0,431.05,2.3315160654216474,-0.37118663728106316,5.208212504349841
OIL,2026-07-14,BULLISH_TO_BEARISH,6.0,WEAK,-1.0,437.2,1.7726440988106131,-3.728270814272647,-3.1793229643183976
OIL,2026-07-20,BEARISH_TO_BULLISH,43.4,MODERATE,1.0,445.15,1.3366281028866778,,
ONGC,2025-07-22,BEARISH_TO_BULLISH,42.8,MODERATE,1.0,245.55,-0.2932193036041535,-2.2520871512930163,-1.5231113826104699
ONGC,2025-08-01,BULLISH_TO_BEARISH,51.5,MODERATE,-1.0,234.83,0.14904398926884246,0.3875143720989759,0.4428735681131118
ONGC,2025-08-19,BEARISH_TO_BULLISH,33.4,WEAK,1.0,237.93,0.15130500567393151,-0.49174126844030425,-1.9081242382213341
ONGC,2025-08-28,BULLISH_TO_BEARISH,41.7,MODERATE,-1.0,233.71,-2.143682341363224,-2.293440588763846,-0.1797098968807443
ONGC,2025-09-02,BEARISH_TO_BULLISH,50.6,MODERATE,1.0,239.07,-1.4012632283431607,-2.73560045175053,-3.066047601121004
ONGC,2025-09-04,BULLISH_TO_BEARISH,22.4,WEAK,-1.0,234.13,0.6833810276342179,1.0208004100286108,0.3758595651988192
ONGC,2025-09-17,BEARISH_TO_BULLISH,15.0,WEAK,1.0,235.59,0.4669128570822167,0.4541788700708829,1.731822233541315
ONGC,2025-09-19,BULLISH_TO_BEARISH,25.6,WEAK,-1.0,237.48,0.3452922351355875,-0.9221829206670026,-1.052720229071922
ONGC,2025-09-25,BEARISH_TO_BULLISH,42.4,MODERATE,1.0,238.02,0.8234602134274344,2.109066465002933,3.289639526090238
ONGC,2025-10-03,BULLISH_TO_BEARISH,40.0,MODERATE,-1.0,245.85,0.22371364653243153,0.9965426072808576,0.7118161480577587
ONGC,2025-10-10,BEARISH_TO_BULLISH,45.3,MODERATE,1.0,244.1,0.245800901269969,1.7410897173289634,1.90495698484228
ONGC,2025-10-30,BULLISH_TO_BEARISH,22.6,WEAK,-1.0,255.35,-0.8615625611905295,1.5077344820834127,1.5468964166829797
ONGC,2025-11-24,BEARISH_TO_BULLISH,9.2,WEAK,1.0,245.35,0.9578153658039512,-0.8559201141226797,-0.733645812105149
ONGC,2025-11-27,BULLISH_TO_BEARISH,67.5,STRONG,-1.0,243.25,-0.6577595066803676,1.3360739979445015,0.8221993833504625
ONGC,2025-12-29,BEARISH_TO_BULLISH,5.5,WEAK,1.0,234.7,2.428632296548793,2.8760119301235623,3.0677460587984733
ONGC,2026-01-01,BULLISH_TO_BEARISH,65.1,STRONG,-1.0,241.45,1.3874508179747338,0.993994615862488,3.044108511078896
ONGC,2026-01-22,BEARISH_TO_BULLISH,63.4,STRONG,1.0,245.45,1.0185373803218578,12.202077816255851,3.4630270930943166
ONGC,2026-01-29,BULLISH_TO_BEARISH,40.0,MODERATE,-1.0,268.95,5.577244841048523,0.7436326454731362,-0.0
ONGC,2026-02-04,BEARISH_TO_BULLISH,75.0,STRONG,1.0,269.2,-0.09286775631500743,1.0958395245170833,2.6560178306092252
ONGC,2026-02-06,BULLISH_TO_BEARISH,40.5,MODERATE,-1.0,266.6,-2.0817704426106354,-3.6571642910727684,-1.8567141785446317
ONGC,2026-02-16,BEARISH_TO_BULLISH,34.8,WEAK,1.0,271.85,-2.6669118999448225,2.5013794371896094,1.7105021151370157
ONGC,2026-02-18,BULLISH_TO_BEARISH,53.3,MODERATE,-1.0,274.65,-1.4563990533406155,-0.6735845621700429,-1.9843437101766053
ONGC,2026-02-20,BEARISH_TO_BULLISH,67.3,STRONG,1.0,275.65,0.3083620533285045,1.6143660438962621,2.3762017050607698
ONGC,2026-02-27,BULLISH_TO_BEARISH,60.7,STRONG,-1.0,282.2,1.8603827072997876,1.151665485471297,4.606661941885188
ONGC,2026-03-12,BEARISH_TO_BULLISH,29.6,WEAK,1.0,264.25,-1.4380321665089921,0.28382213812677387,0.43519394512771137
ONGC,2026-03-16,BULLISH_TO_BEARISH,67.2,STRONG,-1.0,264.75,-0.09442870632672333,-0.24551463644947205,-1.2464589235127521
ONGC,2026-03-25,BEARISH_TO_BULLISH,44.0,MODERATE,1.0,281.95,0.9576165986877065,1.862032275226104,1.66696222734527
ONGC,2026-04-02,BULLISH_TO_BEARISH,61.5,STRONG,-1.0,281.85,-1.7030335284725755,-2.394890899414582,-2.0223523150611986
ONGC,2026-04-08,BEARISH_TO_BULLISH,34.0,WEAK,1.0,288.6,-0.7276507276507355,-0.3465003465003465,-1.5765765765765802
ONGC,2026-04-13,BULLISH_TO_BEARISH,60.0,STRONG,-1.0,287.6,1.6689847009735783,1.4777468706536856,1.373435326842853
ONGC,2026-04-21,BEARISH_TO_BULLISH,46.6,MODERATE,1.0,283.65,0.9166225982725271,0.7932310946589107,6.257711968975851
ONGC,2026-04-24,BULLISH_TO_BEARISH,42.5,MODERATE,-1.0,285.9,-5.386498775795745,-4.774396642182594,-1.4165792235047259
ONGC,2026-04-28,BEARISH_TO_BULLISH,55.0,MODERATE,1.0,301.4,-0.6138022561380113,-3.798938287989379,-5.806237558062375
ONGC,2026-04-30,BULLISH_TO_BEARISH,63.1,STRONG,-1.0,292.9,1.007169682485486,3.0727210652099695,4.062820075110952
ONGC,2026-05-08,BEARISH_TO_BULLISH,12.8,WEAK,1.0,281.0,4.822064056939506,7.08185053380782,5.765124555160138
ONGC,2026-05-12,BULLISH_TO_BEARISH,60.0,STRONG,-1.0,297.15,-1.2619888944977284,-0.016826518593306874,-0.3870099276459816
ONGC,2026-05-14,BEARISH_TO_BULLISH,46.3,MODERATE,1.0,299.35,-0.7182228161015647,-0.3507599799565764,-3.123434107232344
ONGC,2026-05-19,BULLISH_TO_BEARISH,38.9,MODERATE,-1.0,298.3,0.8213208179684843,4.475360375460953,8.129399932953401
ONGC,2026-07-13,BEARISH_TO_BULLISH,31.2,WEAK,1.0,248.9,-0.6950582563278498,-0.6468461229409456,0.4258738449176385
ONGC,2026-07-20,BULLISH_TO_BEARISH,40.0,MODERATE,-1.0,249.96,-0.776124179868778,,
ONGC,2026-07-22,BEARISH_TO_BULLISH,43.9,MODERATE,1.0,,,,
PAGEIND,2025-11-24,BEARISH_TO_BULLISH,0.4,WEAK,1.0,38535.0,1.206565459971447,-0.555209549759951,-2.4132606721162504
PATANJALI,2025-07-23,BEARISH_TO_BULLISH,27.9,WEAK,1.0,1898.5,-0.9533842507242513,-0.5952067421648646,-1.2904924940742692
PATANJALI,2025-08-06,BULLISH_TO_BEARISH,25.7,WEAK,-1.0,1820.4,0.8514612173148759,0.060426279938482555,3.037793891452438
PATANJALI,2025-09-16,BEARISH_TO_BULLISH,2.5,WEAK,1.0,602.3,0.6143118047484718,-0.7969450439980001,-0.24904532624937742
PATANJALI,2025-10-06,BULLISH_TO_BEARISH,16.3,WEAK,-1.0,597.35,-0.1506654390223449,0.5273290365782166,2.301833096174772
PATANJALI,2025-10-24,BEARISH_TO_BULLISH,8.2,WEAK,1.0,590.55,0.5249343832021036,3.2173397680128697,-2.082804165608324
PATANJALI,2025-10-30,BULLISH_TO_BEARISH,13.0,WEAK,-1.0,602.4,4.008964143426291,4.872177954847282,3.7184594953519223
PATANJALI,2025-11-10,BEARISH_TO_BULLISH,11.0,WEAK,1.0,582.6,0.9783728115344889,0.9011328527291452,0.7638173704085018
PATANJALI,2025-11-14,BULLISH_TO_BEARISH,27.6,WEAK,-1.0,586.95,-0.017037226339536422,0.45148649799814133,2.92188431723317
PATANJALI,2025-11-21,BEARISH_TO_BULLISH,15.0,WEAK,1.0,569.8,-0.052650052650044674,-0.06142506142504547,-0.08775008775008776
PATANJALI,2025-11-27,BULLISH_TO_BEARISH,2.4,WEAK,-1.0,568.3,-0.17596339961288054,2.305120534928719,3.0705613232447533
PATANJALI,2025-12-18,BEARISH_TO_BULLISH,46.4,MODERATE,1.0,559.45,-1.6355349003485726,-2.1539011529180563,-3.092322817052474
PATANJALI,2025-12-22,BULLISH_TO_BEARISH,11.2,WEAK,-1.0,553.35,1.0752688172043092,2.0240354206198687,1.4095960965031296
PATANJALI,2025-12-26,BEARISH_TO_BULLISH,2.6,WEAK,1.0,542.15,0.765470810661252,1.936733376371853,5.681084570690781
PATANJALI,2026-01-05,BULLISH_TO_BEARISH,25.0,WEAK,-1.0,574.6,-0.33066481030281536,4.081099895579541,5.342847198050825
PATANJALI,2026-01-23,BEARISH_TO_BULLISH,7.3,WEAK,1.0,503.1,0.5466110117272908,-0.526734247664487,0.5664877757900946
PATANJALI,2026-02-06,BULLISH_TO_BEARISH,1.5,WEAK,-1.0,531.55,1.8718841125011634,1.5802840748753604,1.1005549807167547
PATANJALI,2026-02-23,BEARISH_TO_BULLISH,5.5,WEAK,1.0,522.45,-0.7177720356014928,-2.7562446167097394,-3.6367116470475747
PATANJALI,2026-02-25,BULLISH_TO_BEARISH,9.3,WEAK,-1.0,516.95,1.7216365219073475,2.6114711287358654,3.172453815649489
PATANJALI,2026-03-12,BEARISH_TO_BULLISH,7.8,WEAK,1.0,481.6,0.4568106312292335,1.7857142857142787,-1.4327242524917012
PATANJALI,2026-04-09,BULLISH_TO_BEARISH,35.1,MODERATE,-1.0,467.4,1.5618314077877524,0.5134788189987115,1.6474112109542125
PATANJALI,2026-06-30,BEARISH_TO_BULLISH,9.7,WEAK,1.0,413.2,0.07260406582768911,0.5566311713455981,-0.9438528557599172
PATANJALI,2026-07-03,BULLISH_TO_BEARISH,30.4,WEAK,-1.0,415.5,0.24067388688327318,0.7821901323706378,1.5884476534296084
PATANJALI,2026-07-08,BEARISH_TO_BULLISH,5.5,WEAK,1.0,412.25,0.37598544572468434,-1.1400848999393542,-15.755003032140689
PATANJALI,2026-07-14,BULLISH_TO_BEARISH,26.3,WEAK,-1.0,347.95,0.1868084494898627,2.5147291277482395,3.3912918522776296
PAYTM,2025-07-18,BULLISH_TO_BEARISH,40.0,MODERATE,-1.0,1017.75,-3.2817489560304685,-8.695652173913043,-7.511667894866131
PAYTM,2025-07-24,BEARISH_TO_BULLISH,55.0,MODERATE,1.0,1067.75,2.4771716225708307,0.042144696792324556,0.8101147272301654
PAYTM,2025-07-30,BULLISH_TO_BEARISH,35.3,MODERATE,-1.0,1089.25,1.1797108101904896,3.327977966490705,2.1987606151021386
PAYTM,2025-08-08,BEARISH_TO_BULLISH,14.7,WEAK,1.0,1122.0,-0.17825311942959002,2.6114081996434897,9.286987522281644
PAYTM,2025-08-13,BULLISH_TO_BEARISH,16.5,WEAK,-1.0,1151.3,-1.9543125162859376,-8.399200903326678,-9.841049248675407
PAYTM,2025-08-19,BEARISH_TO_BULLISH,75.0,STRONG,1.0,1248.0,-0.18429487179486814,2.2516025641025568,-1.386217948717945
PAYTM,2025-08-21,BULLISH_TO_BEARISH,16.7,WEAK,-1.0,1264.6,-0.909378459591966,2.680689546101523,2.2773999683694415
PAYTM,2025-08-26,BEARISH_TO_BULLISH,20.6,WEAK,1.0,1230.7,-1.9257333224993942,2.210124319492975,0.845047533923772
PAYTM,2025-08-29,BULLISH_TO_BEARISH,42.9,MODERATE,-1.0,1235.8,-1.7883152613691646,-0.4288719857582096,-1.3918109726492998
PAYTM,2025-09-02,BEARISH_TO_BULLISH,19.1,WEAK,1.0,1288.3,-3.6637429170224363,-2.7400450205697395,-3.935418768920286
PAYTM,2025-09-04,BULLISH_TO_BEARISH,19.7,WEAK,-1.0,1254.7,0.1354905555112812,1.3628755877899208,2.8453016657368333
PAYTM,2025-09-16,BEARISH_TO_BULLISH,27.5,WEAK,1.0,1222.1,0.5891498240733202,-2.1193028393748357,-4.901399230832163
PAYTM,2025-09-22,BULLISH_TO_BEARISH,4.0,WEAK,-1.0,1179.4,1.4583686620315452,4.595557062913349,4.714261488892668
PAYTM,2025-09-29,BEARISH_TO_BULLISH,19.7,WEAK,1.0,1123.8,2.206798362697985,8.933974016728964,8.996262680192217
PAYTM,2025-10-14,BULLISH_TO_BEARISH,7.0,WEAK,-1.0,1277.3,0.2583574727941717,-2.219525561731789,-0.5323729742425393
PAYTM,2025-10-17,BEARISH_TO_BULLISH,35.1,MODERATE,1.0,1305.65,0.19530502048787612,-1.4284073067054792,0.310190326657217
PAYTM,2025-11-04,BULLISH_TO_BEARISH,44.2,MODERATE,-1.0,1320.6,-1.9612297440557394,-0.9086778736937756,0.9919733454490315
PAYTM,2025-11-07,BEARISH_TO_BULLISH,53.3,MODERATE,1.0,1330.7,0.1427819944390068,-1.7434433005185275,0.1690839407830465
PAYTM,2025-11-19,BULLISH_TO_BEARISH,40.2,MODERATE,-1.0,1283.9,1.4097671158189995,3.306332268868295,-0.7165667108030078
PAYTM,2025-12-01,BEARISH_TO_BULLISH,50.2,MODERATE,1.0,1364.2,-1.8545667790646498,-1.436739481014524,-3.4818941504178276
PAYTM,2025-12-04,BULLISH_TO_BEARISH,11.6,WEAK,-1.0,1344.6,1.7551688234419092,5.6745500520600896,2.967425256581873
PAYTM,2025-12-19,BEARISH_TO_BULLISH,75.0,STRONG,1.0,1328.9,0.8578523590939772,-1.0234028143577496,-2.581082097975783
PAYTM,2025-12-23,BULLISH_TO_BEARISH,1.6,WEAK,-1.0,1324.7,0.7095946251981649,2.27221257643241,2.491130067185023
PAYTM,2026-01-16,BEARISH_TO_BULLISH,35.6,MODERATE,1.0,1331.4,-2.59876821391018,-5.325221571278361,-14.01532221721497
PAYTM,2026-01-21,BULLISH_TO_BEARISH,59.4,MODERATE,-1.0,1260.5,9.646965489884959,6.624355414518049,9.75803252677509
PAYTM,2026-02-04,BEARISH_TO_BULLISH,8.0,WEAK,1.0,1211.75,-2.0094904064369636,-4.163400041262641,-5.20321848566123
PAYTM,2026-02-06,BULLISH_TO_BEARISH,55.8,MODERATE,-1.0,1179.9,1.5764047800661187,2.6442918891431515,4.813967285363181
PAYTM,2026-02-18,BEARISH_TO_BULLISH,42.6,MODERATE,1.0,1145.6,0.672136871508384,-1.2133379888268039,-1.990223463687147
PAYTM,2026-02-25,BULLISH_TO_BEARISH,15.2,WEAK,-1.0,1122.8,2.182044887780549,6.884574278589238,7.5258282864267905
PAYTM,2026-04-06,BEARISH_TO_BULLISH,35.7,MODERATE,1.0,1028.45,8.216247751470659,9.266371724439686,10.841557683893237
PAYTM,2026-04-22,BULLISH_TO_BEARISH,21.0,WEAK,-1.0,1159.55,1.0521322926997583,2.6217066965633102,5.4978224311155195
PAYTM,2026-05-08,BEARISH_TO_BULLISH,5.6,WEAK,1.0,1196.6,-3.509944843723885,-4.345645996991476,-7.646665552398463
PAYTM,2026-05-12,BULLISH_TO_BEARISH,27.9,WEAK,-1.0,1121.8,-2.03244785166696,1.4886789088964205,-2.8258156534141596
PAYTM,2026-05-21,BEARISH_TO_BULLISH,6.6,WEAK,1.0,1112.4,-1.3484358144552318,1.4203523912261735,-1.564185544768077
PAYTM,2026-05-25,BULLISH_TO_BEARISH,12.5,WEAK,-1.0,1131.6,0.3004595263343817,3.2343584305408193,6.088723930717556
PAYTM,2026-06-15,BEARISH_TO_BULLISH,75.0,STRONG,1.0,1108.5,1.0464591790708082,-1.659900766801993,-1.8493459630130809
PAYTM,2026-06-22,BULLISH_TO_BEARISH,29.6,WEAK,-1.0,1088.0,0.06433823529412183,-4.1452205882352855,-10.634191176470592
PAYTM,2026-06-25,BEARISH_TO_BULLISH,20.0,WEAK,1.0,1133.1,0.7413290971670718,7.086753155061352,7.5103697820139566
PAYTM,2026-07-13,BULLISH_TO_BEARISH,23.2,WEAK,-1.0,1381.4,0.9700304039380403,2.417836976979882,5.8636166208194584
PEL,2025-07-22,BULLISH_TO_BEARISH,31.3,WEAK,-1.0,1307.1,0.04590314436538208,0.8645092188814899,1.4918521918751435
PERSISTENT,2025-07-30,BEARISH_TO_BULLISH,13.0,WEAK,1.0,5160.5,-1.928107741497917,0.6007169847882957,0.42631527952717757
PERSISTENT,2025-09-22,BULLISH_TO_BEARISH,26.0,WEAK,-1.0,5240.5,0.9350252838469612,5.5242820341570456,7.976338135674077
PERSISTENT,2025-10-16,BEARISH_TO_BULLISH,35.5,MODERATE,1.0,5755.7,1.545424535677673,1.394270027972271,2.1257188526156745
PERSISTENT,2025-10-23,BULLISH_TO_BEARISH,1.8,WEAK,-1.0,5825.95,-0.8942747534736888,-1.1174143272771027,-1.5559694127138157
PERSISTENT,2025-12-19,BEARISH_TO_BULLISH,24.3,WEAK,1.0,6563.5,-1.1343033442523016,-4.007008455854346,-5.796450064752035
PERSISTENT,2025-12-29,BULLISH_TO_BEARISH,29.6,WEAK,-1.0,6183.05,-1.438610394546378,-1.7208335691931915,-1.0658170320472846
PERSISTENT,2026-05-18,BEARISH_TO_BULLISH,22.2,WEAK,1.0,5066.2,0.35332201650153067,-1.8929375074019903,0.7816509415340959
PERSISTENT,2026-06-12,BULLISH_TO_BEARISH,31.7,WEAK,-1.0,4890.5,-2.5764236785604746,-1.022390348635109,0.6134342091810653
PERSISTENT,2026-06-24,BEARISH_TO_BULLISH,33.7,WEAK,1.0,4841.5,-11.21553237632965,-10.562842094392225,-3.282040689868835
PERSISTENT,2026-06-29,BULLISH_TO_BEARISH,75.0,STRONG,-1.0,4326.5,-0.08320813590663038,-8.230671443430031,-12.904195076851963
PERSISTENT,2026-07-03,BEARISH_TO_BULLISH,38.7,MODERATE,1.0,4715.8,3.5836973578183975,2.4174053182917,10.10645065524406
PETRONET,2025-08-04,BEARISH_TO_BULLISH,18.6,WEAK,1.0,276.35,-1.3569748507327664,-1.1217658766057617,1.1579518726252898
PETRONET,2025-08-07,BULLISH_TO_BEARISH,9.8,WEAK,-1.0,273.25,0.05489478499541711,-0.6221408966148174,-0.18298261665141813
PETRONET,2025-08-20,BEARISH_TO_BULLISH,15.4,WEAK,1.0,278.2,-0.4493170381020849,-3.3788641265276698,-3.1272465851905067
PETRONET,2025-08-26,BULLISH_TO_BEARISH,39.6,MODERATE,-1.0,271.6,0.773195876288668,-2.153902798232682,-1.0309278350515296
PETRONET,2025-09-01,BEARISH_TO_BULLISH,19.4,WEAK,1.0,277.45,-0.10812759055686119,-1.531807532888809,-1.5678500630744157
PETRONET,2025-09-03,BULLISH_TO_BEARISH,28.5,WEAK,-1.0,274.4,0.4373177842565556,0.4737609329445899,-1.5852769679300376
PETRONET,2025-09-30,BEARISH_TO_BULLISH,23.0,WEAK,1.0,274.5,1.6211293260473547,4.754098360655742,3.0418943533697713
PETRONET,2025-10-03,BULLISH_TO_BEARISH,5.6,WEAK,-1.0,280.3,-2.5865144488048517,-0.9097395647520554,-0.32108455226542176
PETRONET,2025-10-23,BEARISH_TO_BULLISH,8.9,WEAK,1.0,281.05,-0.33801814623732024,0.9606831524639703,0.07116171499732739
PETRONET,2025-11-07,BULLISH_TO_BEARISH,15.2,WEAK,-1.0,277.65,0.036016567621093426,-0.4502070952638214,0.5762650819376791
PETRONET,2025-11-14,BEARISH_TO_BULLISH,40.0,MODERATE,1.0,276.05,-0.43470385799673555,-0.6158304654953771,-1.6844774497373787
PETRONET,2025-11-24,BULLISH_TO_BEARISH,13.5,WEAK,-1.0,272.15,-1.0839610508910695,0.11023332720924289,0.38581664523239195
PETRONET,2025-12-22,BEARISH_TO_BULLISH,28.1,WEAK,1.0,279.4,0.5905511811023745,-0.3400143163922651,1.6821760916249269
PETRONET,2025-12-24,BULLISH_TO_BEARISH,10.4,WEAK,-1.0,281.7,1.1537096201632944,-0.8519701810436757,-3.319133830315947
PETRONET,2025-12-31,BEARISH_TO_BULLISH,67.8,STRONG,1.0,288.1,1.0239500173550808,2.499132245748,-1.7181534189517684
PETRONET,2026-01-05,BULLISH_TO_BEARISH,47.7,MODERATE,-1.0,295.3,0.3217067389095796,2.6583135794107764,2.6583135794107764
PETRONET,2026-01-23,BEARISH_TO_BULLISH,38.9,MODERATE,1.0,277.7,4.663305725603165,4.339214980194458,7.093986316168524
PETRONET,2026-01-28,BULLISH_TO_BEARISH,60.0,STRONG,-1.0,296.0,2.1114864864864864,-0.47297297297296526,-0.9628378378378455
PETRONET,2026-01-30,BEARISH_TO_BULLISH,8.9,WEAK,1.0,290.2,2.4810475534114365,2.9807029634734783,3.3769813921433536
PETRONET,2026-02-03,BULLISH_TO_BEARISH,60.0,STRONG,-1.0,298.5,-0.11725293132329069,-0.5025125628140703,-1.8090452261306456
PETRONET,2026-02-17,BEARISH_TO_BULLISH,13.6,WEAK,1.0,304.0,-0.723684210526312,0.8059210526315752,3.2565789473684137
PETRONET,2026-03-02,BULLISH_TO_BEARISH,30.4,WEAK,-1.0,280.05,-4.642028209248348,0.5356186395286556,-3.4279592929833833
PETRONET,2026-03-11,BEARISH_TO_BULLISH,5.2,WEAK,1.0,296.7,-3.5052241321199786,-3.033367037411527,-8.712504213009762
PETRONET,2026-03-16,BULLISH_TO_BEARISH,43.6,MODERATE,-1.0,287.7,-1.3555787278415135,10.444907890163368,15.919360444907884
PETRONET,2026-04-24,BEARISH_TO_BULLISH,31.0,WEAK,1.0,279.9,-0.7788495891389604,-1.1218292247231108,0.9467667023937244
PETRONET,2026-04-30,BULLISH_TO_BEARISH,34.7,WEAK,-1.0,276.7,-2.1142031080592782,-1.9515720997470307,0.3433321286591936
PETRONET,2026-05-08,BEARISH_TO_BULLISH,40.8,MODERATE,1.0,275.75,-1.6681776971894915,-1.4505893019038985,-3.8440616500453393
PETRONET,2026-05-27,BULLISH_TO_BEARISH,7.4,WEAK,-1.0,271.05,0.22136137244051754,0.40582918280760844,0.5902969931746994
PETRONET,2026-06-17,BEARISH_TO_BULLISH,28.3,WEAK,1.0,288.25,0.1561144839548963,-1.1448395490026058,-2.0815264527320037
PETRONET,2026-06-22,BULLISH_TO_BEARISH,26.0,WEAK,-1.0,284.95,-1.0177224074399138,1.2984734163888363,2.0529917529391
PETRONET,2026-07-20,BEARISH_TO_BULLISH,7.2,WEAK,1.0,276.65,1.0844026748599314,,
PFC,2025-07-24,BEARISH_TO_BULLISH,13.1,WEAK,1.0,415.1,-2.39701276800772,-0.7708985786557565,-2.7101903155866056
PFC,2025-08-04,BULLISH_TO_BEARISH,0.1,WEAK,-1.0,413.5,-0.5441354292623942,2.140266021765423,-0.5320435308343382
PFC,2025-08-12,BEARISH_TO_BULLISH,24.0,WEAK,1.0,417.75,-0.2992220227408737,-1.8551765409934171,-4.189108318372233
PFC,2025-08-14,BULLISH_TO_BEARISH,4.9,WEAK,-1.0,408.7,-0.31808172253486944,2.0675311964766303,2.2999755321751842
PFC,2025-09-17,BEARISH_TO_BULLISH,26.6,WEAK,1.0,408.0,0.2696078431372605,1.2009803921568571,-0.6372549019607898
PFC,2025-10-03,BULLISH_TO_BEARISH,12.2,WEAK,-1.0,405.9,-0.7144616900714545,0.8745996550874487,0.6898250800689714
PFC,2025-10-23,BEARISH_TO_BULLISH,20.9,WEAK,1.0,393.6,0.8384146341463299,3.8744918699186988,2.451727642276417
PFC,2025-10-29,BULLISH_TO_BEARISH,25.4,WEAK,-1.0,405.05,0.4443895815331469,2.1849154425379638,6.122700901123321
PFC,2025-11-20,BEARISH_TO_BULLISH,40.0,MODERATE,1.0,369.7,-1.9069515823640821,-1.9745739789018155,-1.8799026237489826
PFC,2025-11-26,BULLISH_TO_BEARISH,60.0,STRONG,-1.0,365.15,0.6572641380254628,1.3282212789264594,3.587566753389009
PFC,2025-12-22,BEARISH_TO_BULLISH,43.4,MODERATE,1.0,354.9,-0.7326007326007231,-0.9439278670047806,0.14088475626937166
PFC,2026-01-01,BULLISH_TO_BEARISH,40.0,MODERATE,-1.0,375.95,0.23939353637451186,-0.26599281819390874,4.535177550206147
PFC,2026-01-12,BEARISH_TO_BULLISH,58.0,MODERATE,1.0,369.55,0.6223785685292954,0.7035583818157126,-3.220132593695044
PFC,2026-01-28,BULLISH_TO_BEARISH,20.1,WEAK,-1.0,386.8,1.9260599793174737,-1.499482936918307,-7.290589451913131
PFC,2026-02-16,BEARISH_TO_BULLISH,66.5,STRONG,1.0,416.95,0.8394291881520567,-1.642882839669017,0.5876004317064369
PFC,2026-02-26,BULLISH_TO_BEARISH,43.5,MODERATE,-1.0,413.8,1.8487191880135412,0.03624939584341085,5.074915418076365
PFC,2026-03-06,BEARISH_TO_BULLISH,38.2,MODERATE,1.0,392.8,4.926171079429727,5.880855397148667,3.4241344195519314
PFC,2026-03-12,BULLISH_TO_BEARISH,36.1,MODERATE,-1.0,405.6,-0.16025641025640464,-6.570512820512815,-1.7874753451676526
PFC,2026-03-27,BEARISH_TO_BULLISH,40.0,MODERATE,1.0,379.5,4.795783926218706,6.956521739130429,10.052700922266133
PFC,2026-04-09,BULLISH_TO_BEARISH,16.9,WEAK,-1.0,434.9,0.31041618762933226,-5.518510002299379,-8.726143941135904
PFC,2026-04-17,BEARISH_TO_BULLISH,40.5,MODERATE,1.0,472.85,-0.3700962250185048,-0.6450248493179679,0.4335412921645246
PFC,2026-04-22,BULLISH_TO_BEARISH,21.3,WEAK,-1.0,469.8,0.0957854406130244,-2.4691358024691286,4.5551298424861715
PFC,2026-05-19,BEARISH_TO_BULLISH,3.9,WEAK,1.0,429.35,0.3843018516361889,2.224292535227659,0.9665773844183014
PFC,2026-06-02,BULLISH_TO_BEARISH,43.7,MODERATE,-1.0,416.6,-1.8843014882381097,-2.8324531925107905,-3.5285645703312505
PFC,2026-06-15,BEARISH_TO_BULLISH,23.3,WEAK,1.0,427.5,0.9941520467836258,0.8187134502923977,0.7953216374268953
PFC,2026-07-08,BULLISH_TO_BEARISH,58.0,MODERATE,-1.0,404.1,-0.5939123979213009,-1.2496906706260713,0.6805246226181638
PGEL,2025-07-30,BEARISH_TO_BULLISH,3.2,WEAK,1.0,811.65,-4.065791905377934,-2.5503603770097865,-9.221955276289044
PGEL,2025-08-07,BULLISH_TO_BEARISH,34.3,WEAK,-1.0,588.8,14.062499999999995,17.4422554347826,10.224184782608685
PGEL,2025-08-18,BEARISH_TO_BULLISH,60.8,STRONG,1.0,540.3,-0.6848047381084457,4.330927262631888,3.137146029983352
PGEL,2025-09-04,BULLISH_TO_BEARISH,29.1,WEAK,-1.0,554.15,0.4330957322024682,-3.2752864747811925,-2.8421907425787243
PGEL,2025-09-10,BEARISH_TO_BULLISH,32.1,WEAK,1.0,570.05,-0.026313481273568504,-0.026313481273568504,-0.4648715024997768
PGEL,2025-09-17,BULLISH_TO_BEARISH,6.8,WEAK,-1.0,567.4,-0.6609094113500177,1.621431089178698,4.873105393020793
PGEL,2025-10-10,BEARISH_TO_BULLISH,75.0,STRONG,1.0,583.75,-2.526766595289079,-2.5524625267665915,0.042826552462526764
PGEL,2025-10-14,BULLISH_TO_BEARISH,34.4,WEAK,-1.0,571.3,0.4288464904603417,-2.223000175039392,-0.7789252581830992
PGEL,2025-10-24,BEARISH_TO_BULLISH,4.6,WEAK,1.0,571.95,-1.162689046245317,0.3234548474516844,0.6906198094238887
PGEL,2025-10-29,BULLISH_TO_BEARISH,10.9,WEAK,-1.0,573.8,0.49668874172183847,0.8800975949808217,7.929592192401534
PGEL,2025-11-14,BEARISH_TO_BULLISH,75.0,STRONG,1.0,580.35,0.43939002326181686,1.7575600930472872,-1.1113982941328586
PGEL,2025-11-19,BULLISH_TO_BEARISH,39.1,MODERATE,-1.0,590.55,-0.1439336212005796,3.4205401744136705,0.855135043603413
PGEL,2025-12-19,BEARISH_TO_BULLISH,32.3,WEAK,1.0,579.55,-0.6125442153394798,0.2588214994392201,-3.0195841601242344
PGEL,2026-01-05,BULLISH_TO_BEARISH,13.3,WEAK,-1.0,626.6,0.6702840727737066,4.923396105968723,5.569741461857641
PGEL,2026-01-28,BEARISH_TO_BULLISH,39.1,MODERATE,1.0,528.8,3.574130105900169,6.297276853252661,10.627836611195168
PGEL,2026-02-03,BULLISH_TO_BEARISH,60.6,STRONG,-1.0,591.35,1.0738141540542863,-0.3043882641413637,-4.464361207406777
PGEL,2026-02-10,BEARISH_TO_BULLISH,22.2,WEAK,1.0,617.75,0.9550789154188551,0.29138000809388176,1.5459328207203489
PGEL,2026-03-09,BULLISH_TO_BEARISH,59.7,MODERATE,-1.0,544.1,-1.1027384671935305,7.700790295901494,3.7217423267781657
PGEL,2026-04-09,BEARISH_TO_BULLISH,14.6,WEAK,1.0,486.75,0.020544427324093013,14.56599897277863,14.853620955315861
PGEL,2026-04-21,BULLISH_TO_BEARISH,2.2,WEAK,-1.0,568.65,3.191769981535211,0.7297986459157614,3.147806207684864
PGEL,2026-05-26,BEARISH_TO_BULLISH,21.2,WEAK,1.0,476.05,1.365402793824178,0.913769562020789,3.539544165528824
PGEL,2026-06-23,BULLISH_TO_BEARISH,9.6,WEAK,-1.0,553.75,1.4176072234763022,3.6749435665914265,-1.327313769751697
PGEL,2026-07-03,BEARISH_TO_BULLISH,29.8,WEAK,1.0,570.4,1.4375876577840194,2.3316970546984694,4.461781206171116
PGEL,2026-07-22,BULLISH_TO_BEARISH,55.0,MODERATE,-1.0,,,,
PHOENIXLTD,2025-07-15,BEARISH_TO_BULLISH,0.2,WEAK,1.0,1480.9,1.45181983928692,0.864339253156861,-1.836720912958339
PHOENIXLTD,2025-07-21,BULLISH_TO_BEARISH,0.2,WEAK,-1.0,1473.6,1.3504343105320213,-3.549131378935952,-2.3547774158523374
PHOENIXLTD,2025-08-26,BEARISH_TO_BULLISH,10.3,WEAK,1.0,1509.7,-0.43054911571835464,3.7093462277273628,-0.5696495992581397
PHOENIXLTD,2025-09-03,BULLISH_TO_BEARISH,41.3,MODERATE,-1.0,1501.1,-1.1325028312570782,-3.6240090600226567,-3.3908467124109047
PHOENIXLTD,2025-09-08,BEARISH_TO_BULLISH,5.3,WEAK,1.0,1555.5,0.3664416586306683,0.2957248473159697,3.8894246223079394
PHOENIXLTD,2025-12-16,BULLISH_TO_BEARISH,4.7,WEAK,-1.0,1781.5,-0.9261857984844233,-3.676676957619983,-4.035924782486674
PHOENIXLTD,2025-12-19,BEARISH_TO_BULLISH,35.4,MODERATE,1.0,1847.0,-0.2490525175960969,0.18137520303193877,0.2490525175960969
PHOENIXLTD,2026-01-14,BULLISH_TO_BEARISH,29.2,WEAK,-1.0,1859.0,0.9682625067240451,6.040882194728346,7.127487896718667
PHOENIXLTD,2026-03-25,BEARISH_TO_BULLISH,19.7,WEAK,1.0,1501.4,0.3263620620753872,1.585187158651922,6.360729985347009
PIDILITIND,2025-08-18,BEARISH_TO_BULLISH,1.2,WEAK,1.0,3095.2,-0.34246575342465463,-0.25846471956577927,0.16800206771776535
PIDILITIND,2025-08-28,BULLISH_TO_BEARISH,30.8,WEAK,-1.0,3050.3,-2.462052912828243,-2.0227518604727344,-1.4654296298724656
PIDILITIND,2025-09-25,BEARISH_TO_BULLISH,16.9,WEAK,1.0,1474.8,-0.5424464334147003,0.04068348250611178,0.9628424193110962
PIDILITIND,2025-10-09,BULLISH_TO_BEARISH,1.0,WEAK,-1.0,1510.6,-0.19197669800080042,0.6487488415199228,-2.124983450284664
PIDILITIND,2025-10-20,BEARISH_TO_BULLISH,20.7,WEAK,1.0,1532.0,-0.9725848563968729,-1.8015665796344589,-1.612271540469977
PIDILITIND,2025-10-29,BULLISH_TO_BEARISH,3.6,WEAK,-1.0,1486.4,2.8121636167922617,2.099031216361682,2.12257804090421
PIDILITIND,2025-11-25,BEARISH_TO_BULLISH,6.1,WEAK,1.0,1484.4,-0.815144165993003,-1.0644031258421034,-0.3907302613850836
PIDILITIND,2026-02-10,BULLISH_TO_BEARISH,4.1,WEAK,-1.0,1480.1,-1.1654617931220863,-0.48645361799878695,-0.6350922234984184
PIDILITIND,2026-04-21,BEARISH_TO_BULLISH,9.3,WEAK,1.0,1419.0,-1.1909795630725928,-1.3883016208597636,-2.1141649048625792
PIDILITIND,2026-05-11,BULLISH_TO_BEARISH,41.4,MODERATE,-1.0,1453.0,0.5092911218169367,-1.0116999311768786,-0.19270474879559218
PIDILITIND,2026-05-15,BEARISH_TO_BULLISH,7.0,WEAK,1.0,1450.2,0.38615363398151353,1.5584057371396987,1.8687077644462768
PIDILITIND,2026-06-11,BULLISH_TO_BEARISH,4.3,WEAK,-1.0,1535.5,-2.311950504721589,-2.780853142298928,-2.8915662650602467
PIDILITIND,2026-06-25,BEARISH_TO_BULLISH,9.3,WEAK,1.0,1599.6,-0.4313578394598565,0.3625906476619269,1.0815203800950353
PIDILITIND,2026-07-10,BULLISH_TO_BEARISH,11.7,WEAK,-1.0,1580.7,1.6005567153792595,1.3348516480040575,0.9426203580692155
PIDILITIND,2026-07-22,BEARISH_TO_BULLISH,9.9,WEAK,1.0,,,,
PIIND,2025-10-27,BEARISH_TO_BULLISH,4.6,WEAK,1.0,3587.25,0.4934141752038419,-0.27597742002927284,2.6775385044254008
PIIND,2025-12-15,BULLISH_TO_BEARISH,33.4,WEAK,-1.0,3259.3,1.632252324118684,0.29760991623969174,0.6412419844751968
PIIND,2026-02-11,BEARISH_TO_BULLISH,48.3,MODERATE,1.0,3222.35,-2.2266358403028845,-4.892392198240417,-6.4083665647741554
PIIND,2026-02-16,BULLISH_TO_BEARISH,40.2,MODERATE,-1.0,3064.7,1.1762978431820317,0.551440597774648,-1.390021861846196
PIIND,2026-04-16,BEARISH_TO_BULLISH,35.1,MODERATE,1.0,3139.8,-3.2740938913306636,-2.627555895279954,-1.8663609147079547
PIIND,2026-04-23,BULLISH_TO_BEARISH,31.4,WEAK,-1.0,3081.2,-0.07789173049461544,-0.3213033882902795,1.0937297156951777
PIIND,2026-05-14,BEARISH_TO_BULLISH,12.4,WEAK,1.0,3114.8,-0.5939386156414537,-6.8575831514062005,-10.71657891357391
PIIND,2026-05-21,BULLISH_TO_BEARISH,52.7,MODERATE,-1.0,2781.0,-2.44156778137361,-2.3876303487954007,2.819129809421075
PIIND,2026-06-10,BEARISH_TO_BULLISH,0.9,WEAK,1.0,2801.2,1.4458089390261317,2.741682136227338,1.5993145794659498
PIIND,2026-06-15,BULLISH_TO_BEARISH,4.1,WEAK,-1.0,2878.0,1.4836692147324466,2.5851285615010453,3.856845031271716
PIIND,2026-06-23,BEARISH_TO_BULLISH,4.8,WEAK,1.0,2746.8,-2.253531381971752,-6.979030144167768,-5.0349497597204085
PIIND,2026-07-07,BULLISH_TO_BEARISH,7.1,WEAK,-1.0,2572.3,-0.9796680013995186,0.12828985732613543,-1.834933716907041
PIIND,2026-07-16,BEARISH_TO_BULLISH,23.5,WEAK,1.0,2623.8,1.2805854104733556,2.8127143837182604,
PNB,2025-07-16,BEARISH_TO_BULLISH,52.2,MODERATE,1.0,113.79,-0.38667721240883374,-3.919500834871261,-2.7418929607171143
PNB,2025-07-18,BULLISH_TO_BEARISH,41.2,MODERATE,-1.0,112.6,2.904085257548842,1.7140319715808106,5.159857904085247
PNB,2025-08-07,BEARISH_TO_BULLISH,44.2,MODERATE,1.0,103.96,2.481723739899974,2.5779145825317498,2.702962677953061
PNB,2025-08-14,BULLISH_TO_BEARISH,41.7,MODERATE,-1.0,106.77,-1.0583497237051698,-0.36527114357965773,1.4517186475601735
PNB,2025-09-02,BEARISH_TO_BULLISH,42.8,MODERATE,1.0,104.3,-0.8437200383509066,-0.08628954937680097,1.8791946308724912
PNB,2025-09-05,BULLISH_TO_BEARISH,60.0,STRONG,-1.0,104.21,-0.06717205642453448,-3.4065828615296145,-4.126283466078123
PNB,2025-09-11,BEARISH_TO_BULLISH,47.1,MODERATE,1.0,107.31,1.1182555213866396,4.34255894138477,5.581958810921624
PNB,2025-09-23,BULLISH_TO_BEARISH,60.0,STRONG,-1.0,111.01,-0.3513197009278448,1.3512296189532473,-1.3872624087919936
PNB,2025-09-30,BEARISH_TO_BULLISH,55.0,MODERATE,1.0,112.55,1.6170590848511839,1.4215904042647787,1.5548645046645935
PNB,2025-10-17,BULLISH_TO_BEARISH,70.3,STRONG,-1.0,118.1,0.38103302286197177,0.9737510584250564,-2.582557154953439
PNB,2025-10-28,BEARISH_TO_BULLISH,66.3,STRONG,1.0,121.1,-0.8257638315441783,1.981833195706033,-0.5367464905037089
PNB,2025-11-07,BULLISH_TO_BEARISH,12.1,WEAK,-1.0,122.35,0.28606456885982373,1.0625255414793602,-0.531262770739686
PNB,2025-11-17,BEARISH_TO_BULLISH,63.3,STRONG,1.0,122.4,2.1650326797385553,-0.040849673202623664,0.5310457516339799
PNB,2025-11-21,BULLISH_TO_BEARISH,46.1,MODERATE,-1.0,121.75,-1.0677618069815173,-2.62833675564682,-2.9158110882956856
PNB,2025-12-02,BEARISH_TO_BULLISH,5.5,WEAK,1.0,119.8,-0.20868113522537562,-3.171953255425707,-2.2120200333889746
PNB,2025-12-04,BULLISH_TO_BEARISH,61.0,STRONG,-1.0,121.7,4.683648315529994,3.7387017255546398,3.204601479046841
PNB,2025-12-22,BEARISH_TO_BULLISH,66.3,STRONG,1.0,120.9,0.041356492969393845,-0.2894954507857804,2.233250620347385
PNB,2026-01-02,BULLISH_TO_BEARISH,14.7,WEAK,-1.0,125.1,-0.27977617905676144,1.8385291766586709,1.5587529976019094
PNB,2026-01-07,BEARISH_TO_BULLISH,8.7,WEAK,1.0,122.8,0.08143322475570727,1.384364820846908,7.776872964169379
PNB,2026-01-09,BULLISH_TO_BEARISH,60.0,STRONG,-1.0,123.15,-1.0962241169305678,-7.470564352415744,-2.1112464474218386
PNB,2026-01-16,BEARISH_TO_BULLISH,74.2,STRONG,1.0,128.05,-1.7961733697774394,-2.2647403358063296,-3.982819211245613
PNB,2026-01-20,BULLISH_TO_BEARISH,49.0,MODERATE,-1.0,124.0,-0.9274193548387143,0.8467741935483848,-1.0080645161290323
PNB,2026-01-28,BEARISH_TO_BULLISH,46.3,MODERATE,1.0,125.25,-0.039920159680636454,-1.117764471057889,-0.9181636726546951
PNB,2026-01-30,BULLISH_TO_BEARISH,17.7,WEAK,-1.0,122.0,-1.5163934426229462,-1.7213114754098313,-1.1885245901639367
PNB,2026-02-17,BEARISH_TO_BULLISH,55.0,MODERATE,1.0,128.15,-1.599687865782295,1.638704642996484,1.8728053062817056
PNB,2026-03-02,BULLISH_TO_BEARISH,73.1,STRONG,-1.0,121.35,-0.700453234445825,5.191594561186648,4.532344458178822
PNB,2026-03-18,BEARISH_TO_BULLISH,10.4,WEAK,1.0,109.5,1.8721461187214585,-2.054794520547945,-3.972602739726022
PNB,2026-03-20,BULLISH_TO_BEARISH,34.9,WEAK,-1.0,105.55,-1.6106110847939392,0.37896731406915346,1.4684983420179982
PNB,2026-03-25,BEARISH_TO_BULLISH,53.1,MODERATE,1.0,105.15,-4.374702805515938,-0.6181645268663868,-0.5420827389443722
PNB,2026-03-30,BULLISH_TO_BEARISH,75.0,STRONG,-1.0,104.0,-0.4807692307692308,-0.557692307692306,-5.3750000000000036
PNB,2026-04-13,BEARISH_TO_BULLISH,20.4,WEAK,1.0,113.07,0.433359865570009,0.5925532855753088,1.4150526222693982
PNB,2026-04-20,BULLISH_TO_BEARISH,21.6,WEAK,-1.0,114.11,-0.4907545350977148,0.9026378056261513,2.383664884760318
PNB,2026-04-27,BEARISH_TO_BULLISH,10.9,WEAK,1.0,111.39,-0.1885267977376728,-2.423915970913011,-1.0862734536313796
PNB,2026-04-30,BULLISH_TO_BEARISH,48.2,MODERATE,-1.0,108.69,0.7360382739902449,-0.3864200938448815,3.744594718925378
PNB,2026-05-20,BEARISH_TO_BULLISH,44.5,MODERATE,1.0,101.92,0.7260596546310781,3.91483516483516,4.052197802197798
PNB,2026-05-29,BULLISH_TO_BEARISH,41.5,MODERATE,-1.0,103.78,-0.29870880709192743,-1.8211601464636735,-1.8597032183464952
PNB,2026-06-15,BEARISH_TO_BULLISH,65.1,STRONG,1.0,107.97,0.8335648791330977,0.7409465592294129,-0.5001389274798482
PNB,2026-06-22,BULLISH_TO_BEARISH,40.0,MODERATE,-1.0,107.43,-0.26063483198360504,0.43749418225822684,-0.10239225542213481
PNB,2026-06-25,BEARISH_TO_BULLISH,60.7,STRONG,1.0,106.96,-0.2524308152580367,-0.04674644727000483,-2.496260284218388
PNB,2026-07-02,BULLISH_TO_BEARISH,62.9,STRONG,-1.0,105.35,1.0061699098243835,4.176554342667291,-0.05695301376364715
PNB,2026-07-09,BEARISH_TO_BULLISH,52.3,MODERATE,1.0,105.41,0.8822692344179934,0.2846029788445092,0.34152357461341376
PNB,2026-07-15,BULLISH_TO_BEARISH,40.0,MODERATE,-1.0,105.22,-0.5227143128682733,-6.519673065957042,
PNB,2026-07-21,BEARISH_TO_BULLISH,61.4,STRONG,1.0,110.73,,,
PNBHOUSING,2025-08-20,BULLISH_TO_BEARISH,15.5,WEAK,-1.0,804.25,0.5595275101025801,2.6546471868200214,6.2977929748212595
PNBHOUSING,2025-08-28,BEARISH_TO_BULLISH,32.1,WEAK,1.0,753.6,1.015127388535029,5.075636942675159,5.055732484076437
PNBHOUSING,2025-09-01,BULLISH_TO_BEARISH,56.9,MODERATE,-1.0,785.45,-0.8148195302056117,-0.7957221974664204,-1.903367496339669
PNBHOUSING,2025-09-09,BEARISH_TO_BULLISH,9.9,WEAK,1.0,808.8,0.4389218595450134,3.2764589515331357,3.9317507418397715
PNBHOUSING,2025-09-16,BULLISH_TO_BEARISH,7.6,WEAK,-1.0,840.6,-2.456578634308824,-2.194860813704489,-5.85296216987865
PNBHOUSING,2025-09-19,BEARISH_TO_BULLISH,37.6,MODERATE,1.0,859.05,3.800710086723717,5.6690530236889645,1.280484255864036
PNBHOUSING,2025-09-23,BULLISH_TO_BEARISH,9.3,WEAK,-1.0,889.8,-2.017307260058445,2.2195999100921555,0.8428860418071477
PNBHOUSING,2025-10-01,BEARISH_TO_BULLISH,16.5,WEAK,1.0,888.05,0.7882439051855188,-1.328754011598441,-3.8792860762344388
PNBHOUSING,2025-10-06,BULLISH_TO_BEARISH,1.4,WEAK,-1.0,890.0,1.544943820224719,4.089887640449436,5.269662921348313
PNBHOUSING,2025-10-29,BEARISH_TO_BULLISH,41.1,MODERATE,1.0,934.55,-0.6259697180461088,-0.31030977475790245,-4.108929431277083
PNBHOUSING,2025-11-07,BULLISH_TO_BEARISH,23.5,WEAK,-1.0,898.95,0.05005840146838483,-1.5128761332665785,-2.080204683241552
PNBHOUSING,2025-12-22,BEARISH_TO_BULLISH,32.5,WEAK,1.0,932.85,3.5857854960604527,-0.005359918529245668,1.9992496114059042
PNBHOUSING,2025-12-29,BULLISH_TO_BEARISH,23.3,WEAK,-1.0,944.9,-0.6984866123399326,-5.619642290189441,-6.662080643454339
PNBHOUSING,2026-01-05,BEARISH_TO_BULLISH,25.9,WEAK,1.0,1007.85,-0.3423128441732446,-3.433050553157714,-3.745597063055018
PNBHOUSING,2026-01-23,BULLISH_TO_BEARISH,47.1,MODERATE,-1.0,825.4,-2.4412406106130335,0.36346014053792103,0.314998788466201
PNBHOUSING,2026-02-04,BEARISH_TO_BULLISH,41.5,MODERATE,1.0,846.4,0.3367202268431029,0.9865311909262786,0.762051039697548
PNBHOUSING,2026-03-04,BULLISH_TO_BEARISH,39.3,MODERATE,-1.0,790.75,2.2510275055327162,-0.06955422067656712,1.34049952576668
PNBHOUSING,2026-03-11,BEARISH_TO_BULLISH,5.8,WEAK,1.0,780.15,-2.0829327693392297,-0.025636095622627926,1.0126257770941456
PNBHOUSING,2026-03-16,BULLISH_TO_BEARISH,28.6,WEAK,-1.0,779.95,-3.5450990448105615,-1.5321494967626041,-0.301301365472134
PNBHOUSING,2026-03-25,BEARISH_TO_BULLISH,24.6,WEAK,1.0,794.65,-4.977033914301889,-1.289876046058013,2.8125589882338167
PNBHOUSING,2026-03-30,BULLISH_TO_BEARISH,39.9,MODERATE,-1.0,780.05,-0.5576565604768955,-4.736875841292231,-10.627523876674584
PNBHOUSING,2026-04-23,BEARISH_TO_BULLISH,33.8,WEAK,1.0,1033.65,1.2915396894499984,1.8720069656073048,0.8271658685241575
PNBHOUSING,2026-07-13,BULLISH_TO_BEARISH,5.0,WEAK,-1.0,1095.5,-0.7850296668187959,-0.39251483340939797,0.13692377909630307
POLICYBZR,2025-08-22,BULLISH_TO_BEARISH,2.1,WEAK,-1.0,1901.9,3.512277196487732,6.8931068931069,3.9749723960250347
POLICYBZR,2025-11-20,BEARISH_TO_BULLISH,22.5,WEAK,1.0,1810.8,-1.6291142036668875,-1.3088137839628917,0.4473161033797292
POLICYBZR,2025-11-27,BULLISH_TO_BEARISH,0.2,WEAK,-1.0,1818.9,-2.457529275935995,-1.1105613282753213,-4.117873439991196
POLICYBZR,2025-12-19,BEARISH_TO_BULLISH,49.1,MODERATE,1.0,1882.1,1.694915254237293,1.4505074119334884,-1.2326656394452908
POLICYBZR,2025-12-30,BULLISH_TO_BEARISH,38.0,MODERATE,-1.0,1825.6,1.098269062226115,2.9387598597721225,5.811787905346183
POLICYBZR,2026-01-22,BEARISH_TO_BULLISH,23.8,WEAK,1.0,1673.9,-2.6345659836310493,-1.7145588147440136,-6.607324212915952
POLICYBZR,2026-02-03,BULLISH_TO_BEARISH,64.6,STRONG,-1.0,1439.9,-7.840822279324944,-6.4032224460031815,-7.962358497117846
POLICYBZR,2026-02-24,BEARISH_TO_BULLISH,4.9,WEAK,1.0,1519.4,0.35540344872975277,-3.323680400157957,-3.063709358957495
POLICYBZR,2026-03-20,BULLISH_TO_BEARISH,0.6,WEAK,-1.0,1434.45,-1.878768866115936,-1.7253999790860608,0.09411272613197647
POLICYBZR,2026-04-24,BEARISH_TO_BULLISH,30.9,WEAK,1.0,1663.0,0.26458208057727545,0.19242333132892636,1.0523150932050511
POLICYBZR,2026-05-06,BULLISH_TO_BEARISH,21.6,WEAK,-1.0,1684.1,2.3217148625378488,4.797814856599962,0.16032302119825534
POLICYBZR,2026-05-22,BEARISH_TO_BULLISH,2.7,WEAK,1.0,1791.5,-0.13954786491766677,-4.967903991068937,-8.222160200948924
POLICYBZR,2026-06-01,BULLISH_TO_BEARISH,36.1,MODERATE,-1.0,1644.2,3.9958642500912323,6.696265661111794,8.934436199975677
POLICYBZR,2026-06-15,BEARISH_TO_BULLISH,15.7,WEAK,1.0,1596.8,1.740981963927853,2.4987474949899857,1.6032064128256598
POLICYBZR,2026-07-06,BULLISH_TO_BEARISH,4.5,WEAK,-1.0,1608.0,2.82338308457712,1.7164179104477557,2.5559701492537257
POLYCAB,2025-08-22,BULLISH_TO_BEARISH,0.6,WEAK,-1.0,7071.0,0.09899589874133786,-0.282845424975251,-1.5202941592419743
POLYCAB,2025-08-26,BEARISH_TO_BULLISH,21.0,WEAK,1.0,7106.5,-0.2181101808203757,1.0131569689720679,2.117779497643003
POLYCAB,2025-09-23,BULLISH_TO_BEARISH,4.5,WEAK,-1.0,7532.5,1.659475605708596,3.3786923332227015,2.4095585794888814
POLYCAB,2025-12-22,BEARISH_TO_BULLISH,34.7,WEAK,1.0,7645.0,-0.19032047089601284,-1.9816873773708306,-0.3394375408763874
POLYCAB,2025-12-29,BULLISH_TO_BEARISH,5.7,WEAK,-1.0,7497.0,-1.6279845271441935,-4.015606242497001,-3.9822595704948673
POLYCAB,2026-02-17,BEARISH_TO_BULLISH,9.8,WEAK,1.0,7829.95,-0.6641166290972484,1.8397307773357452,6.622647654199583
POLYCAB,2026-03-10,BULLISH_TO_BEARISH,45.2,MODERATE,-1.0,7429.6,-0.3398567890599763,4.072224615053303,0.7416280822655373
POLYCAB,2026-03-25,BEARISH_TO_BULLISH,9.9,WEAK,1.0,7066.9,-3.16192389873919,-2.675855042522173,2.265491233780022
POLYCAB,2026-03-30,BULLISH_TO_BEARISH,40.0,MODERATE,-1.0,6925.1,0.6830226278320917,-4.359503833879649,-9.846789216040195
POLYCAB,2026-04-08,BEARISH_TO_BULLISH,39.2,MODERATE,1.0,7607.0,1.590640199815959,2.4188247666622846,7.565400289207309
POLYCAB,2026-04-21,BULLISH_TO_BEARISH,20.3,WEAK,-1.0,8038.0,0.9268474744961434,-0.3421249066932073,-1.3747200796217964
POLYCAB,2026-04-27,BEARISH_TO_BULLISH,24.5,WEAK,1.0,8254.5,-1.2841480404627779,1.0903143739778303,1.9504512690047853
POLYCAB,2026-05-18,BULLISH_TO_BEARISH,6.9,WEAK,-1.0,9162.5,-0.39836289222373805,-1.1023192360163712,-4.922237380627558
POLYCAB,2026-05-27,BEARISH_TO_BULLISH,23.9,WEAK,1.0,9477.5,0.031653917172250065,0.9918227380638354,2.337114217884463
POLYCAB,2026-06-23,BULLISH_TO_BEARISH,30.6,WEAK,-1.0,9692.5,1.6662367810162497,-2.770183131287078,0.5932421975754449
POLYCAB,2026-06-30,BEARISH_TO_BULLISH,20.8,WEAK,1.0,9713.5,-0.8081536006588768,-1.333196067328975,-4.93642868173161
POONAWALLA,2025-07-18,BULLISH_TO_BEARISH,4.2,WEAK,-1.0,458.85,1.4165849406124005,5.753514220333449,8.325160727906733
POONAWALLA,2025-07-23,BEARISH_TO_BULLISH,6.9,WEAK,1.0,432.45,-4.428257602034912,-3.8732801479939876,-2.3470921493814263
POONAWALLA,2025-07-28,BULLISH_TO_BEARISH,50.5,MODERATE,-1.0,415.7,0.4209766658648063,-0.8780370459466043,-5.460668751503485
POONAWALLA,2025-08-05,BEARISH_TO_BULLISH,37.5,MODERATE,1.0,440.4,0.9309718437783885,0.46548592188919424,2.577202543142603
POONAWALLA,2025-08-13,BULLISH_TO_BEARISH,0.0,WEAK,-1.0,455.75,-2.665935271530439,-1.5469007131102603,-2.1393307734503564
POWERGRID,2025-07-22,BEARISH_TO_BULLISH,35.0,MODERATE,1.0,299.25,0.033416875522146276,-2.4561403508772006,-3.441938178780288
POWERGRID,2025-08-04,BULLISH_TO_BEARISH,45.7,MODERATE,-1.0,286.0,0.4195804195804156,0.4020979020978942,0.47202797202798
POWERGRID,2025-08-21,BEARISH_TO_BULLISH,2.3,WEAK,1.0,283.35,0.2823363331568571,-3.1409917063702255,-1.2352214575613198
POWERGRID,2025-08-28,BULLISH_TO_BEARISH,60.1,STRONG,-1.0,275.25,-1.6712079927338868,-3.9237057220708484,-3.669391462307002
POWERGRID,2025-09-17,BEARISH_TO_BULLISH,0.7,WEAK,1.0,289.1,-1.0031131096506516,-0.17295053614666203,-1.6257350397786388
POWERGRID,2025-09-19,BULLISH_TO_BEARISH,42.2,MODERATE,-1.0,286.65,-0.6802721088435534,0.7849293563579279,2.1105878248735235
POWERGRID,2025-09-24,BEARISH_TO_BULLISH,49.4,MODERATE,1.0,284.4,-0.7559774964838176,-1.459212376933888,1.8635724331926906
POWERGRID,2025-09-26,BULLISH_TO_BEARISH,10.5,WEAK,-1.0,280.6,0.12473271560941651,-3.2430506058446067,-2.9935851746257933
POWERGRID,2025-10-16,BEARISH_TO_BULLISH,3.6,WEAK,1.0,289.75,-0.534943917169978,-0.03451251078516747,0.44866264020707897
POWERGRID,2025-10-29,BULLISH_TO_BEARISH,31.0,WEAK,-1.0,291.5,1.1492281303602137,4.271012006861059,6.689536878216123
POWERGRID,2025-11-17,BEARISH_TO_BULLISH,44.0,MODERATE,1.0,274.2,0.3464624361779682,1.2399708242159133,-0.2735229759299781
POWERGRID,2025-11-25,BULLISH_TO_BEARISH,33.1,WEAK,-1.0,275.05,0.4908198509362017,1.963279403744786,2.399563715688065
POWERGRID,2025-12-22,BEARISH_TO_BULLISH,8.2,WEAK,1.0,267.0,0.3932584269662964,-2.3970037453183437,-0.8988764044943734
POWERGRID,2025-12-30,BULLISH_TO_BEARISH,40.5,MODERATE,-1.0,264.6,-0.8314436885865414,-2.664399092970504,0.18896447467876037
POWERGRID,2026-01-20,BEARISH_TO_BULLISH,40.0,MODERATE,1.0,255.8,1.348709929632521,-0.5668491008600536,1.8373729476153198
POWERGRID,2026-01-29,BULLISH_TO_BEARISH,60.0,STRONG,-1.0,256.5,-5.419103313840147,-12.826510721247555,-14.132553606237815
POWERGRID,2026-02-17,BEARISH_TO_BULLISH,40.5,MODERATE,1.0,300.55,-1.9630677091998117,0.9316253535185531,2.2292463816336676
POWERGRID,2026-02-26,BULLISH_TO_BEARISH,11.9,WEAK,-1.0,298.65,0.6194542106144203,-0.26787209107651483,1.1551983927674498
POWERGRID,2026-03-11,BEARISH_TO_BULLISH,13.1,WEAK,1.0,303.6,-0.8728590250329493,-1.679841897233209,-2.272727272727284
POWERGRID,2026-03-16,BULLISH_TO_BEARISH,45.3,MODERATE,-1.0,298.5,-0.30150753768843463,0.30150753768843463,-0.16750418760469013
POWERGRID,2026-03-23,BEARISH_TO_BULLISH,47.6,MODERATE,1.0,299.0,-1.3377926421404682,-0.9698996655518318,-3.026755852842813
POWERGRID,2026-03-25,BULLISH_TO_BEARISH,66.7,STRONG,-1.0,295.5,-0.2030456852791955,1.8781725888324914,0.033840947546539
POWERGRID,2026-04-10,BEARISH_TO_BULLISH,60.0,STRONG,1.0,300.35,4.028633261195261,5.90977193274513,6.325953054769435
POWERGRID,2026-04-30,BULLISH_TO_BEARISH,38.7,MODERATE,-1.0,319.05,-0.12537219871492783,1.6455101081335213,2.5544585488168106
POWERGRID,2026-05-21,BEARISH_TO_BULLISH,40.0,MODERATE,1.0,294.3,0.3567787971457735,1.9877675840978475,-2.769283044512414
POWERGRID,2026-05-27,BULLISH_TO_BEARISH,24.0,WEAK,-1.0,290.55,1.5143692996042106,1.8929616245052485,1.6864567200137786
POWERGRID,2026-06-19,BEARISH_TO_BULLISH,46.1,MODERATE,1.0,289.75,0.7592752372735078,-2.018981880931846,-1.190681622088003
POWERGRID,2026-07-02,BULLISH_TO_BEARISH,40.0,MODERATE,-1.0,287.85,0.8511377453534984,2.8313357651554747,1.65016501650165
POWERGRID,2026-07-17,BEARISH_TO_BULLISH,53.5,MODERATE,1.0,288.7,-0.6927606511950122,,
PPLPHARMA,2025-07-18,BEARISH_TO_BULLISH,4.7,WEAK,1.0,211.7,-3.0231459612659317,-4.019839395370804,-3.471894189891353
PPLPHARMA,2025-07-24,BULLISH_TO_BEARISH,7.7,WEAK,-1.0,202.21,-1.058305721774386,0.41540972256565123,5.71682903911775
PPLPHARMA,2025-08-20,BEARISH_TO_BULLISH,22.5,WEAK,1.0,192.05,0.3644884144753911,-1.400676907055453,-4.472793543348088
PPLPHARMA,2025-09-03,BULLISH_TO_BEARISH,19.7,WEAK,-1.0,198.98,-0.8443059603980334,0.4020504573323867,-0.5879987938486361
PPLPHARMA,2025-09-15,BEARISH_TO_BULLISH,38.1,MODERATE,1.0,205.63,-1.2157759081846033,1.2887224626756824,-2.723338034333509
PPLPHARMA,2025-09-22,BULLISH_TO_BEARISH,53.3,MODERATE,-1.0,200.03,1.8447232915062728,6.149077638354253,4.4393340998850155
PPLPHARMA,2025-09-25,BEARISH_TO_BULLISH,4.5,WEAK,1.0,187.73,2.082778458424331,6.029936611090408,4.192190912480693
PPLPHARMA,2025-10-03,BULLISH_TO_BEARISH,8.4,WEAK,-1.0,195.6,0.025562372188130338,-1.0480572597137072,-1.0224948875255624
PPLPHARMA,2025-10-10,BEARISH_TO_BULLISH,70.2,STRONG,1.0,197.6,-2.707489878542507,-1.7459514170040429,-1.037449392712542
PPLPHARMA,2025-10-14,BULLISH_TO_BEARISH,61.8,STRONG,-1.0,193.5,-0.33591731266150165,-1.0594315245478094,-5.219638242894054
PPLPHARMA,2025-10-20,BEARISH_TO_BULLISH,14.4,WEAK,1.0,197.25,3.2192648922686917,2.9911280101394198,3.4727503168567777
PPLPHARMA,2025-10-30,BULLISH_TO_BEARISH,34.1,WEAK,-1.0,199.65,-0.9516654144753346,0.15026296018032123,2.103681442524426
PPLPHARMA,2025-12-22,BEARISH_TO_BULLISH,55.0,MODERATE,1.0,178.0,-0.39325842696628577,-2.893258426966295,-3.258426966292141
PPLPHARMA,2025-12-24,BULLISH_TO_BEARISH,16.0,WEAK,-1.0,174.2,0.7749712973593539,1.1481056257175661,-2.468427095292774
PPLPHARMA,2026-01-20,BEARISH_TO_BULLISH,7.6,WEAK,1.0,155.1,0.902643455834949,-1.7085751128304356,-0.902643455834949
PPLPHARMA,2026-02-06,BULLISH_TO_BEARISH,9.8,WEAK,-1.0,162.85,-0.33773411114523266,-0.2763279091188315,-0.7368744243168664
PPLPHARMA,2026-02-17,BEARISH_TO_BULLISH,3.2,WEAK,1.0,166.05,-1.8066847335140017,-2.3486901535682057,-3.011141222523336
PPLPHARMA,2026-02-26,BULLISH_TO_BEARISH,3.1,WEAK,-1.0,156.15,2.145373038744793,1.825168107588853,3.041946845981428
PPLPHARMA,2026-03-18,BEARISH_TO_BULLISH,25.9,WEAK,1.0,135.7,1.9528371407516625,0.2947678703021413,5.784819454679457
PPLPHARMA,2026-04-08,BULLISH_TO_BEARISH,25.8,WEAK,-1.0,142.95,-2.1196222455403997,-3.882476390346283,-4.1273172437915395
PPLPHARMA,2026-04-24,BEARISH_TO_BULLISH,32.8,WEAK,1.0,168.78,-2.553620097167912,,
PREMIERENE,2026-02-03,BEARISH_TO_BULLISH,44.2,MODERATE,1.0,781.7,0.6908020979915539,3.166176282461302,-0.13432263016503365
PREMIERENE,2026-02-10,BULLISH_TO_BEARISH,18.1,WEAK,-1.0,780.65,1.1785050919105786,2.267341318132317,2.1776724524434767
PREMIERENE,2026-02-18,BEARISH_TO_BULLISH,27.3,WEAK,1.0,752.85,2.1119744969117322,3.2210931792521746,-3.666068938035468
PREMIERENE,2026-03-04,BULLISH_TO_BEARISH,6.2,WEAK,-1.0,720.1,-0.49298708512705935,-3.8397444799333393,-9.616719900013887
PREMIERENE,2026-03-18,BEARISH_TO_BULLISH,44.0,MODERATE,1.0,864.35,0.04627754960374585,2.89234685023428,3.4071845895759743
PREMIERENE,2026-04-21,BULLISH_TO_BEARISH,15.3,WEAK,-1.0,990.8,-0.9991925716592744,-3.209527654420677,-4.879895034315719
PREMIERENE,2026-04-24,BEARISH_TO_BULLISH,6.8,WEAK,1.0,1022.6,1.4375122237433926,-0.43516526501076136,1.9851359280266057
PREMIERENE,2026-05-12,BULLISH_TO_BEARISH,60.1,STRONG,-1.0,967.4,-1.0336985734959687,-2.0157122183171388,-2.5842464337399216
PREMIERENE,2026-05-15,BEARISH_TO_BULLISH,6.7,WEAK,1.0,986.9,-0.3951768162934418,2.8675651028473066,-0.19252203870706022
PREMIERENE,2026-06-01,BULLISH_TO_BEARISH,9.0,WEAK,-1.0,1074.4,-1.3588979895755684,-0.5305286671630507,-1.1448250186150366
PREMIERENE,2026-06-25,BEARISH_TO_BULLISH,10.2,WEAK,1.0,1029.3,2.108228893422719,2.020790828718542,-0.6217817934518582
PREMIERENE,2026-07-06,BULLISH_TO_BEARISH,20.8,WEAK,-1.0,1024.5,-1.8936066373840987,-9.048316251830165,-7.457296242069312
PREMIERENE,2026-07-10,BEARISH_TO_BULLISH,19.7,WEAK,1.0,1109.5,-0.775123929698054,-0.8021631365480028,-2.0820189274447864
PRESTIGE,2025-07-07,BEARISH_TO_BULLISH,7.1,WEAK,1.0,1659.1,-0.5484901452594726,2.1638237598698145,3.947923573021518
PRESTIGE,2025-07-25,BULLISH_TO_BEARISH,34.0,WEAK,-1.0,1611.3,-1.793582821324402,-0.9433376776515885,-1.3343263203624403
PRESTIGE,2025-08-25,BEARISH_TO_BULLISH,9.1,WEAK,1.0,1609.0,-1.8085767557489068,-1.9080174021131164,-1.4978247358607775
PRESTIGE,2025-10-09,BULLISH_TO_BEARISH,24.2,WEAK,-1.0,1621.6,0.43167242229896396,-3.354711396151955,-5.213986186482498
PRESTIGE,2025-10-17,BEARISH_TO_BULLISH,25.3,WEAK,1.0,1717.5,-0.23871906841338628,2.131004366812222,2.3697234352256213
PRESTIGE,2025-12-08,BULLISH_TO_BEARISH,54.1,MODERATE,-1.0,1632.9,0.8879906914079244,-1.7147406454773715,0.30620368669238773
PRESTIGE,2025-12-29,BEARISH_TO_BULLISH,2.7,WEAK,1.0,1569.6,1.6055045871559661,3.1345565749235504,5.3261977573904264
PRESTIGE,2026-01-07,BULLISH_TO_BEARISH,19.0,WEAK,-1.0,1589.4,1.5917956461557934,4.511136277840698,4.165093746067701
PRESTIGE,2026-04-30,BEARISH_TO_BULLISH,21.9,WEAK,1.0,1454.4,-1.5264026402640294,2.0008250825082445,0.07563256325631937
PRESTIGE,2026-05-12,BULLISH_TO_BEARISH,45.0,MODERATE,-1.0,1362.4,-0.5431591309453804,1.445977686435705,-1.8643570170287627
PRESTIGE,2026-06-15,BEARISH_TO_BULLISH,24.2,WEAK,1.0,1521.1,0.02629675892446854,-1.5646571560055196,-0.5522319374137048
PRESTIGE,2026-07-16,BULLISH_TO_BEARISH,20.9,WEAK,-1.0,1693.0,1.4116952155936262,1.7660956881275895,
RADICO,2026-06-24,BEARISH_TO_BULLISH,36.8,MODERATE,1.0,3829.7,1.2324725174295708,3.203906311199318,1.6345927879468463
RBLBANK,2025-07-02,BEARISH_TO_BULLISH,11.6,WEAK,1.0,252.68,0.4590786765869861,-1.0804179198986934,0.7717270856419142
RBLBANK,2025-07-18,BULLISH_TO_BEARISH,29.4,WEAK,-1.0,261.12,2.1484375000000053,1.807598039215697,3.0101102941176525
RBLBANK,2025-07-22,BEARISH_TO_BULLISH,4.5,WEAK,1.0,258.92,-0.9732735980225701,-2.186003398733209,1.0930016993665934
RBLBANK,2025-08-04,BULLISH_TO_BEARISH,0.9,WEAK,-1.0,265.7,2.1264584117425582,1.5054572826496049,4.648099360180653
RBLBANK,2025-08-12,BEARISH_TO_BULLISH,11.4,WEAK,1.0,253.8,-0.7683215130023707,3.1323877068557873,0.13790386130811438
RBLBANK,2025-08-29,BULLISH_TO_BEARISH,40.0,MODERATE,-1.0,264.9,-1.6610041525103942,-0.3208758021895141,-3.05775764439412
RBLBANK,2025-09-05,BEARISH_TO_BULLISH,75.0,STRONG,1.0,273.0,0.16483516483516067,-1.0805860805860763,-0.6043956043955961
RBLBANK,2025-10-01,BULLISH_TO_BEARISH,43.7,MODERATE,-1.0,275.9,0.10873504893075553,-3.823849220732154,-5.690467560710419
RBLBANK,2025-10-06,BEARISH_TO_BULLISH,29.4,WEAK,1.0,273.55,4.715774081520737,6.598428075306163,6.561871687077312
RBLBANK,2025-10-27,BULLISH_TO_BEARISH,11.0,WEAK,-1.0,325.1,0.46139649338665023,-0.38449707782220854,0.38449707782220854
RBLBANK,2025-10-29,BEARISH_TO_BULLISH,27.8,WEAK,1.0,324.95,0.43083551315588065,-0.33851361747960174,1.0155408524388403
RBLBANK,2025-11-03,BULLISH_TO_BEARISH,13.6,WEAK,-1.0,323.85,-0.5403736297668673,-0.046317739694295895,1.3277752045700204
RBLBANK,2025-11-14,BEARISH_TO_BULLISH,7.9,WEAK,1.0,316.7,-0.8367540258920041,-0.9630565203662808,-2.652352383959576
RBLBANK,2025-11-18,BULLISH_TO_BEARISH,36.9,MODERATE,-1.0,309.6,-1.3081395348837062,0.41989664082687705,-2.5516795865633
RBLBANK,2025-12-10,BEARISH_TO_BULLISH,9.4,WEAK,1.0,311.2,-1.1568123393316085,-3.374035989717224,-4.000642673521847
RBLBANK,2025-12-15,BULLISH_TO_BEARISH,36.9,MODERATE,-1.0,300.7,1.2470901230462255,0.14965081476554326,-0.9644163618224257
RBLBANK,2025-12-19,BEARISH_TO_BULLISH,24.9,WEAK,1.0,303.1,0.16496205872649292,0.04948861761794037,2.177499175189695
RBLBANK,2025-12-26,BULLISH_TO_BEARISH,14.4,WEAK,-1.0,304.2,-1.8080210387902695,-3.6489151873767334,-3.8954635108481335
RBLBANK,2025-12-30,BEARISH_TO_BULLISH,31.2,WEAK,1.0,315.8,-0.1583280557314756,0.0791640278657378,0.9024699176694002
RBLBANK,2026-01-02,BULLISH_TO_BEARISH,28.6,WEAK,-1.0,316.05,-1.3289036544850463,1.961714918525546,3.5279227970257976
RBLBANK,2026-01-07,BEARISH_TO_BULLISH,37.6,MODERATE,1.0,309.85,-1.2748103921252365,-1.3393577537518262,4.760367919961271
RBLBANK,2026-01-20,BULLISH_TO_BEARISH,75.0,STRONG,-1.0,297.5,0.43697478991597016,0.7226890756302445,0.43697478991597016
RBLBANK,2026-01-23,BEARISH_TO_BULLISH,40.0,MODERATE,1.0,295.35,0.6771626883358727,1.1511765701709757,3.182664635178593
RBLBANK,2026-01-28,BULLISH_TO_BEARISH,60.0,STRONG,-1.0,296.2,-0.8609047940580727,-2.886563133018235,-2.768399729912218
RBLBANK,2026-02-09,BEARISH_TO_BULLISH,58.2,MODERATE,1.0,306.7,0.6847081838930625,2.331268340397794,5.070101075970007
RBLBANK,2026-02-23,BULLISH_TO_BEARISH,48.8,MODERATE,-1.0,326.0,-1.1656441717791446,1.9171779141104295,6.119631901840488
RBLBANK,2026-03-09,BEARISH_TO_BULLISH,40.0,MODERATE,1.0,308.45,-3.485167774355649,-4.441562651969521,-3.485167774355649
RBLBANK,2026-04-01,BULLISH_TO_BEARISH,40.0,MODERATE,-1.0,301.0,-5.6976744186046435,-7.259136212624592,-7.026578073089694
RBLBANK,2026-04-06,BEARISH_TO_BULLISH,58.1,MODERATE,1.0,312.6,3.2789507357645546,3.055022392834278,2.255278310940484
RBLBANK,2026-04-10,BULLISH_TO_BEARISH,31.6,WEAK,-1.0,316.15,-1.1070694290684802,0.18978333069744296,-1.3442985924402973
RBLBANK,2026-04-20,BEARISH_TO_BULLISH,11.8,WEAK,1.0,320.4,-0.8583021223470662,0.31210986267166047,0.10923845193508824
RBLBANK,2026-04-22,BULLISH_TO_BEARISH,21.7,WEAK,-1.0,312.5,-2.8479999999999928,-2.64,-7.696000000000004
RBLBANK,2026-04-29,BEARISH_TO_BULLISH,55.0,MODERATE,1.0,336.55,-1.8867924528301951,-0.20799286881592294,2.0502154211855523
RBLBANK,2026-05-04,BULLISH_TO_BEARISH,33.8,WEAK,-1.0,332.95,-0.8710016518996949,-3.1536266706712723,2.3126595584922627
RBLBANK,2026-05-07,BEARISH_TO_BULLISH,71.5,STRONG,1.0,343.45,-1.732421021982818,-5.153588586402676,-1.5577231037996697
RBLBANK,2026-05-11,BULLISH_TO_BEARISH,68.7,STRONG,-1.0,325.25,-0.15372790161414296,-3.9508070714834815,0.49192928516526446
RBLBANK,2026-05-14,BEARISH_TO_BULLISH,75.0,STRONG,1.0,338.1,-3.6971310263235724,-2.8393966282165106,-1.109139307897072
RBLBANK,2026-05-18,BULLISH_TO_BEARISH,55.0,MODERATE,-1.0,323.65,-1.4985323652093383,-3.306040475822662,-6.364900355322114
RBLBANK,2026-05-20,BEARISH_TO_BULLISH,67.5,STRONG,1.0,328.75,1.7034220532319462,4.714828897338403,4.942965779467681
RBLBANK,2026-06-01,BULLISH_TO_BEARISH,25.4,WEAK,-1.0,344.15,-1.1768124364376031,-2.092110998111302,-4.896120877524343
RBLBANK,2026-06-03,BEARISH_TO_BULLISH,39.0,MODERATE,1.0,353.7,-0.6644048628781357,2.063895957025731,1.526717557251918
RBLBANK,2026-06-08,BULLISH_TO_BEARISH,19.0,WEAK,-1.0,361.0,1.1218836565096983,-1.3434903047091475,-2.409972299168972
RBLBANK,2026-06-16,BEARISH_TO_BULLISH,44.0,MODERATE,1.0,369.15,0.027089259108769536,2.532845726669382,2.1400514695923163
RBLBANK,2026-06-23,BULLISH_TO_BEARISH,32.0,WEAK,-1.0,377.05,1.5913008884763293,2.1217345179684393,5.715422357777486
RBLBANK,2026-07-03,BEARISH_TO_BULLISH,47.3,MODERATE,1.0,368.6,1.7634291915355398,-1.5735214324470999,3.2555615843733046
RBLBANK,2026-07-14,BULLISH_TO_BEARISH,43.5,MODERATE,-1.0,372.8,2.682403433476395,1.1668454935622379,4.653969957081551
RECLTD,2025-07-18,BEARISH_TO_BULLISH,19.3,WEAK,1.0,398.65,-1.3420293490530457,1.5677912956227267,-1.517621974162788
RECLTD,2025-07-25,BULLISH_TO_BEARISH,45.1,MODERATE,-1.0,392.6,-1.9103413143148242,-0.6622516556291304,-0.2419765664798748
RECLTD,2025-07-30,BEARISH_TO_BULLISH,21.1,WEAK,1.0,395.2,-1.644736842105263,-0.16447368421052055,-2.5936234817813766
RECLTD,2025-08-04,BULLISH_TO_BEARISH,27.7,WEAK,-1.0,394.55,1.3052845013306384,3.345583576226077,2.3064250411861673
RECLTD,2025-08-22,BEARISH_TO_BULLISH,40.0,MODERATE,1.0,375.05,-3.066257832289028,-6.679109452073059,-2.746300493267567
RECLTD,2025-08-28,BULLISH_TO_BEARISH,71.9,STRONG,-1.0,350.0,-3.1142857142857077,-5.085714285714289,-4.614285714285708
RECLTD,2025-09-03,BEARISH_TO_BULLISH,26.4,WEAK,1.0,364.3,0.5078232226187115,1.043096349162781,2.841065056272294
RECLTD,2025-09-05,BULLISH_TO_BEARISH,20.2,WEAK,-1.0,369.0,0.24390243902438408,-1.5311653116531103,-2.5609756097560945
RECLTD,2025-09-11,BEARISH_TO_BULLISH,36.9,MODERATE,1.0,373.3,1.379587463166348,2.9734797749798996,3.0002678810608057
RECLTD,2025-09-17,BULLISH_TO_BEARISH,36.7,MODERATE,-1.0,384.4,-0.026014568158174493,-0.5983350676378802,2.3803329864724185
RECLTD,2025-09-19,BEARISH_TO_BULLISH,28.3,WEAK,1.0,384.0,0.7031249999999971,-2.278645833333333,-3.125
RECLTD,2025-10-09,BULLISH_TO_BEARISH,37.0,MODERATE,-1.0,372.95,0.49604504625283974,-0.7641775036868274,-0.5362649148679448
RECLTD,2025-10-23,BEARISH_TO_BULLISH,32.3,WEAK,1.0,372.6,0.29522275899086575,3.4889962426194305,0.6038647342995169
RECLTD,2025-10-30,BULLISH_TO_BEARISH,49.5,MODERATE,-1.0,374.85,-1.1604641856742604,3.241296518607452,3.321328531412577
RECLTD,2025-11-04,BEARISH_TO_BULLISH,10.6,WEAK,1.0,362.7,0.620347394540943,-0.1792114695340439,-1.0063413289219678
RECLTD,2025-11-11,BULLISH_TO_BEARISH,60.5,STRONG,-1.0,362.25,0.8833678398895759,0.23464458247067568,0.7729468599033847
RECLTD,2025-11-18,BEARISH_TO_BULLISH,40.0,MODERATE,1.0,359.45,0.5424954792043368,-1.0015301154541567,-0.8485185700375606
RECLTD,2025-11-26,BULLISH_TO_BEARISH,38.8,MODERATE,-1.0,362.25,0.3726708074534224,1.3250517598343716,2.6224982746721874
RECLTD,2025-12-19,BEARISH_TO_BULLISH,31.2,WEAK,1.0,344.3,2.8753993610223576,3.7176880627359896,2.0621550972988576
RECLTD,2026-01-01,BULLISH_TO_BEARISH,32.9,WEAK,-1.0,380.65,-0.09194798371207744,-1.2084592145015167,4.479180349402326
RECLTD,2026-01-22,BEARISH_TO_BULLISH,48.3,MODERATE,1.0,361.35,0.7195240071952306,3.860523038605227,0.48429500484295
RECLTD,2026-01-29,BULLISH_TO_BEARISH,62.9,STRONG,-1.0,364.1,0.274649821477616,-4.8063718758582805,-2.3070585004119684
RECLTD,2026-02-16,BEARISH_TO_BULLISH,17.8,WEAK,1.0,358.6,1.5895147796988256,-1.2269938650306842,-1.2827663134411664
RECLTD,2026-03-04,BULLISH_TO_BEARISH,75.0,STRONG,-1.0,341.85,0.7898200965335805,2.1793184145093005,-0.4826678367705067
RECLTD,2026-03-25,BEARISH_TO_BULLISH,17.6,WEAK,1.0,318.45,-4.192180876118689,1.994033600251224,3.4228293295650922
RECLTD,2026-04-06,BULLISH_TO_BEARISH,13.4,WEAK,-1.0,329.35,-4.038257173219964,-6.209199939274324,-7.0745407621071665
RECLTD,2026-05-13,BEARISH_TO_BULLISH,8.8,WEAK,1.0,348.3,-0.7034165948894598,-4.033878840080394,-4.191788687912725
RECLTD,2026-05-19,BULLISH_TO_BEARISH,49.8,MODERATE,-1.0,333.0,-0.2102102102102068,-2.7627627627627596,-1.99699699699699
RECLTD,2026-05-21,BEARISH_TO_BULLISH,19.2,WEAK,1.0,336.95,1.5580946728001188,0.801305831725772,-1.6471286541029861
RECLTD,2026-05-29,BULLISH_TO_BEARISH,30.9,WEAK,-1.0,331.4,1.9161134580567187,-1.14665057332529,-3.621001810500905
RECLTD,2026-06-09,BEARISH_TO_BULLISH,44.3,MODERATE,1.0,348.8,-3.4260321100917395,0.8744266055045904,2.852637614678896
RECLTD,2026-06-11,BULLISH_TO_BEARISH,61.6,STRONG,-1.0,348.05,-1.091797155581098,-3.0742709380836053,-2.0973997988794744
RECLTD,2026-06-24,BEARISH_TO_BULLISH,47.5,MODERATE,1.0,364.65,0.08227067050596774,1.4945838475250366,0.13711778417660772
RECLTD,2026-07-02,BULLISH_TO_BEARISH,28.5,WEAK,-1.0,365.15,0.1095440230042386,4.491304943174032,3.6149527591400763
RECLTD,2026-07-14,BEARISH_TO_BULLISH,7.3,WEAK,1.0,351.7,-0.5970998009667233,3.355132214955932,2.544782485072502
RELIANCE,2025-07-28,BEARISH_TO_BULLISH,18.1,WEAK,1.0,1417.2,-0.5009878633926147,-1.6581992661586227,-1.7993226079593565
RELIANCE,2025-08-01,BULLISH_TO_BEARISH,34.1,WEAK,-1.0,1411.5,1.402763018065884,1.5657102373361609,1.792419411973075
RELIANCE,2025-08-26,BEARISH_TO_BULLISH,24.4,WEAK,1.0,1385.9,-2.0708564831517458,-1.399812396276794,-1.9193303990186978
RELIANCE,2025-08-29,BULLISH_TO_BEARISH,70.4,STRONG,-1.0,1353.9,-0.9306448038998381,-0.3988477730999234,-1.816973188566357
RELIANCE,2025-09-08,BEARISH_TO_BULLISH,32.0,WEAK,1.0,1376.2,0.05813108559802023,1.36608051155355,2.1145182386281
RELIANCE,2025-09-10,BULLISH_TO_BEARISH,24.1,WEAK,-1.0,1383.3,-0.8458035133376741,-1.5903997686691245,-2.2916214848550602
RELIANCE,2025-09-17,BEARISH_TO_BULLISH,59.4,MODERATE,1.0,1415.0,-0.5371024734982268,-1.7809187279151977,-3.0106007067137743
RELIANCE,2025-09-19,BULLISH_TO_BEARISH,35.9,MODERATE,-1.0,1390.6,0.057529124119082016,1.3087875737091774,1.2800230116496443
RELIANCE,2025-09-29,BEARISH_TO_BULLISH,37.4,MODERATE,1.0,1364.0,0.34457478005865433,0.8064516129032258,0.24926686217009464
RELIANCE,2025-10-03,BULLISH_TO_BEARISH,61.9,STRONG,-1.0,1375.0,-0.7127272727272694,-0.20727272727272067,-0.0
RELIANCE,2025-10-27,BEARISH_TO_BULLISH,51.2,MODERATE,1.0,1486.9,1.163494518797495,-0.033627009213800525,-0.9314681552222837
RELIANCE,2025-10-31,BULLISH_TO_BEARISH,30.7,WEAK,-1.0,1484.7,0.7846703037650764,0.45126961675759714,-0.5859769650434461
RELIANCE,2025-11-25,BEARISH_TO_BULLISH,41.2,MODERATE,1.0,1569.9,-0.41085419453468663,-0.24205363398943766,-1.9810178992292589
RELIANCE,2025-11-28,BULLISH_TO_BEARISH,36.0,MODERATE,-1.0,1566.1,1.264287082561775,1.9187791328778465,1.4750015963220682
RELIANCE,2025-12-08,BEARISH_TO_BULLISH,8.5,WEAK,1.0,1529.4,0.48711913168561644,1.7719367072054342,0.8434680266771194
RELIANCE,2025-12-10,BULLISH_TO_BEARISH,9.8,WEAK,-1.0,1544.95,-0.7475970096119585,0.17152658662093212,0.03559985760056665
RELIANCE,2025-12-18,BEARISH_TO_BULLISH,7.8,WEAK,1.0,1565.1,0.6581049134240741,-0.4408663983131981,-1.2459267778416716
RELIANCE,2025-12-24,BULLISH_TO_BEARISH,44.0,MODERATE,-1.0,1559.2,0.872242175474611,-0.7151103129810071,-2.1228835300153865
RELIANCE,2025-12-29,BEARISH_TO_BULLISH,6.4,WEAK,1.0,1539.8,1.9840238992076864,3.409533705676062,-2.0911806728146543
RELIANCE,2025-12-31,BULLISH_TO_BEARISH,35.7,MODERATE,-1.0,1575.45,-1.0695356882160594,4.306706020502087,6.658415056015747
RELIANCE,2026-01-21,BEARISH_TO_BULLISH,43.8,MODERATE,1.0,1402.45,-1.1658169631716022,-0.40999679132945915,-0.5026917180648118
RELIANCE,2026-01-29,BULLISH_TO_BEARISH,42.0,MODERATE,-1.0,1395.4,0.35832019492618605,-4.400171993693554,-3.970187759782131
RELIANCE,2026-02-04,BEARISH_TO_BULLISH,66.9,STRONG,1.0,1443.4,0.5126783982264004,1.0461410558403705,0.3949009283635734
RELIANCE,2026-02-06,BULLISH_TO_BEARISH,40.0,MODERATE,-1.0,1461.6,0.21209633278598175,0.8552271483305967,1.6796661193212887
RELIANCE,2026-02-23,BEARISH_TO_BULLISH,63.0,STRONG,1.0,1428.8,-2.120660694288911,-2.4426091825307856,-5.861562150055991
RELIANCE,2026-02-26,BULLISH_TO_BEARISH,31.9,WEAK,-1.0,1393.9,2.575507568692165,0.3192481526651873,-2.1594088528588786
RELIANCE,2026-03-06,BEARISH_TO_BULLISH,10.0,WEAK,1.0,1424.0,-1.067415730337082,-2.23665730337078,-2.0294943820224782
RELIANCE,2026-03-10,BULLISH_TO_BEARISH,45.3,MODERATE,-1.0,1390.25,-0.13666606725409755,-0.34885811904333097,-1.2839417370976376
RELIANCE,2026-03-19,BEARISH_TO_BULLISH,40.0,MODERATE,1.0,1414.4,-0.4666289592760277,-0.09544683257919516,-4.9844457013574655
RELIANCE,2026-04-02,BULLISH_TO_BEARISH,66.8,STRONG,-1.0,1304.7,0.0076645972254262605,-1.9314785008047861,-0.7971181114432333
RELIANCE,2026-04-20,BEARISH_TO_BULLISH,45.8,MODERATE,1.0,1353.3,0.650262321732059,-1.8842828641099534,2.630606665188808
RELIANCE,2026-05-07,BULLISH_TO_BEARISH,21.2,WEAK,-1.0,1435.2,3.274804905239688,5.323299888517286,6.8840579710144905
RELIANCE,2026-05-25,BEARISH_TO_BULLISH,40.4,MODERATE,1.0,1356.3,-0.43500700435006,-2.676399026763987,-3.1777630317776238
RELIANCE,2026-05-29,BULLISH_TO_BEARISH,70.8,STRONG,-1.0,1320.0,0.409090909090916,1.2348484848484813,4.287878787878781
RELIANCE,2026-06-24,BEARISH_TO_BULLISH,61.6,STRONG,1.0,1318.1,-1.297321902738784,-0.7662544571731971,-1.069721568924961
RELIANCE,2026-07-02,BULLISH_TO_BEARISH,41.7,MODERATE,-1.0,1304.0,-1.3266871165644136,2.154907975460116,-0.29141104294478176
RVNL,2025-07-24,BEARISH_TO_BULLISH,23.7,WEAK,1.0,365.6,-3.0497811816192653,-1.9693654266958547,-5.5251641137855705
RVNL,2025-07-28,BULLISH_TO_BEARISH,39.4,MODERATE,-1.0,359.5,0.3059805285118283,3.9221140472879066,2.211404728789983
RVNL,2025-07-30,BEARISH_TO_BULLISH,26.1,WEAK,1.0,348.15,-0.7898894154818327,0.9765905500502756,-0.47393364928909304
RVNL,2025-08-06,BULLISH_TO_BEARISH,30.4,WEAK,-1.0,346.5,2.8571428571428505,4.935064935064942,6.464646464646457
RVNL,2025-09-17,BEARISH_TO_BULLISH,68.3,STRONG,1.0,362.5,0.26206896551723824,-1.3517241379310283,-4.399999999999997
RVNL,2025-09-25,BULLISH_TO_BEARISH,35.0,MODERATE,-1.0,337.8,-1.1397276494967337,-1.9538188277086932,-2.6050917702782743
RVNL,2025-10-21,BEARISH_TO_BULLISH,25.2,WEAK,1.0,329.95,-0.15153811183512653,-0.33338384603726806,0.4849219578724118
RVNL,2025-10-31,BULLISH_TO_BEARISH,26.0,WEAK,-1.0,328.7,0.8822634621235099,3.2552479464557313,3.3313051414663795
RVNL,2025-11-20,BEARISH_TO_BULLISH,26.0,WEAK,1.0,314.0,3.471337579617827,3.0573248407643385,3.216560509554147
RVNL,2025-11-24,BULLISH_TO_BEARISH,20.0,WEAK,-1.0,322.9,-0.21678538247136744,-0.37163208423661986,1.5484670176525241
RVNL,2025-12-22,BEARISH_TO_BULLISH,55.0,MODERATE,1.0,341.85,1.1262249524645211,7.532543513236798,4.504899809858117
RVNL,2026-01-06,BULLISH_TO_BEARISH,43.7,MODERATE,-1.0,357.4,4.155008393956342,7.204812534974818,5.344152210408497
RVNL,2026-01-22,BEARISH_TO_BULLISH,55.0,MODERATE,1.0,325.15,-0.38443795171459333,5.0130708903583,-0.691988313086268
RVNL,2026-01-30,BULLISH_TO_BEARISH,60.0,STRONG,-1.0,322.9,-0.5419634561783835,1.9510684422421665,1.7497677299473453
RVNL,2026-02-04,BEARISH_TO_BULLISH,40.0,MODERATE,1.0,316.6,-0.7896399241945672,0.9001895135817959,-0.9159823120657088
RVNL,2026-02-06,BULLISH_TO_BEARISH,43.9,MODERATE,-1.0,317.25,-0.6934594168636686,1.1189913317572928,2.3955870764381477
RVNL,2026-02-17,BEARISH_TO_BULLISH,29.3,WEAK,1.0,309.65,-0.9042467301792201,3.0841272404327507,2.5674148231874847
RVNL,2026-02-26,BULLISH_TO_BEARISH,6.2,WEAK,-1.0,316.35,5.342184289552721,11.711711711711715,12.675833728465314
RVNL,2026-03-25,BEARISH_TO_BULLISH,34.2,WEAK,1.0,264.05,-5.453512592312064,-1.2876349176292496,-1.0604052262829053
RVNL,2026-04-06,BULLISH_TO_BEARISH,22.6,WEAK,-1.0,261.25,-5.240191387559808,-5.263157894736842,-9.879425837320575
RVNL,2026-04-16,BEARISH_TO_BULLISH,45.8,MODERATE,1.0,303.06,-2.2206823731274397,1.4353593347851985,0.12208803537253499
RVNL,2026-04-20,BULLISH_TO_BEARISH,21.2,WEAK,-1.0,298.86,-2.8608713109817345,-1.529144080840525,-3.2657431573311886
RVNL,2026-04-22,BEARISH_TO_BULLISH,74.3,STRONG,1.0,307.21,-1.2304286969825113,0.45896943458872597,-3.111877868558967
RVNL,2026-04-24,BULLISH_TO_BEARISH,18.9,WEAK,-1.0,305.95,-0.8726916162771747,2.712861578689332,1.7976793593724467
RVNL,2026-04-28,BEARISH_TO_BULLISH,64.4,STRONG,1.0,302.3,-1.538207079060547,-0.6119748594111885,2.117102216341375
RVNL,2026-04-30,BULLISH_TO_BEARISH,10.9,WEAK,-1.0,296.65,-1.2809708410584904,-4.0620259565144154,0.4213719871902917
RVNL,2026-06-15,BEARISH_TO_BULLISH,34.0,WEAK,1.0,241.15,1.6587186398507152,1.1818370308936323,-0.4229732531619367
RVNL,2026-06-17,BULLISH_TO_BEARISH,7.6,WEAK,-1.0,247.58,1.4459972534130432,3.0091283625494856,2.7223523709508073
RVNL,2026-06-24,BEARISH_TO_BULLISH,11.4,WEAK,1.0,240.84,-1.3826606875934282,-1.3411393456236462,-2.146653379837243
RVNL,2026-07-02,BULLISH_TO_BEARISH,33.1,WEAK,-1.0,235.67,0.772266304578433,4.637841048924334,1.2687232146645653
SAIL,2025-07-03,BEARISH_TO_BULLISH,60.0,STRONG,1.0,134.72,-0.9278503562945368,-0.6235154394299313,-0.2894893111638853
SAIL,2025-07-07,BULLISH_TO_BEARISH,64.6,STRONG,-1.0,135.05,0.8663457978526589,0.5331358756016281,0.1258793039615075
SAIL,2025-07-09,BEARISH_TO_BULLISH,9.1,WEAK,1.0,134.78,-0.33387742988573127,0.07419498441904905,-0.8755008161448338
SAIL,2025-07-11,BULLISH_TO_BEARISH,41.7,MODERATE,-1.0,134.19,-0.5141962888441745,0.439675087562414,-2.049333035248528
SAIL,2025-07-18,BEARISH_TO_BULLISH,70.7,STRONG,1.0,136.94,-0.6791295457864808,-0.5622900540382724,-8.288301445888706
SAIL,2025-07-28,BULLISH_TO_BEARISH,55.0,MODERATE,-1.0,126.01,1.4681374494087838,4.67423220379335,0.6745496389175529
SAIL,2025-07-30,BEARISH_TO_BULLISH,6.6,WEAK,1.0,124.2,-3.2850241545893706,0.7729468599033766,-0.6763285024154617
SAIL,2025-08-01,BULLISH_TO_BEARISH,75.0,STRONG,-1.0,125.48,0.2550207204335411,1.6895122728721745,3.0363404526617805
SAIL,2025-08-05,BEARISH_TO_BULLISH,9.4,WEAK,1.0,123.45,-0.07290400972053739,-1.441879303361686,0.48602673147022624
SAIL,2025-08-07,BULLISH_TO_BEARISH,48.1,MODERATE,-1.0,121.07,-0.49558106880317876,-2.461385975055756,-1.131576773767246
SAIL,2025-08-19,BEARISH_TO_BULLISH,16.2,WEAK,1.0,124.09,-0.6769280361028313,-1.0073333870577805,-3.9003948746877293
SAIL,2025-08-22,BULLISH_TO_BEARISH,44.2,MODERATE,-1.0,122.84,2.3607945294692327,3.402800390752204,-0.20351676978183
SAIL,2025-08-26,BEARISH_TO_BULLISH,6.9,WEAK,1.0,119.25,-0.4947589098532524,3.220125786163525,6.976939203354291
SAIL,2025-08-29,BULLISH_TO_BEARISH,53.5,MODERATE,-1.0,121.09,-1.6516640515319183,-5.351391526963407,-8.555619786935324
SAIL,2025-09-02,BEARISH_TO_BULLISH,37.3,MODERATE,1.0,129.68,-1.627082048118456,1.3648982109808618,0.030845157310296148
SAIL,2025-09-04,BULLISH_TO_BEARISH,48.1,MODERATE,-1.0,129.26,-1.6942596317499596,-0.3558718861210026,-2.3209036051369334
SAIL,2025-09-22,BEARISH_TO_BULLISH,0.8,WEAK,1.0,137.3,-0.6991988346686147,-4.573925710123817,-2.0466132556445755
SAIL,2025-09-24,BULLISH_TO_BEARISH,43.5,MODERATE,-1.0,136.52,4.0287137415763254,1.4869616173454445,1.1426897157925595
SAIL,2025-09-30,BEARISH_TO_BULLISH,13.1,WEAK,1.0,134.92,0.029647198339772064,-1.4971835161577098,1.1710643344204066
SAIL,2025-10-03,BULLISH_TO_BEARISH,40.0,MODERATE,-1.0,132.6,-0.2262443438914113,-2.94117647058824,0.11312217194570565
SAIL,2025-10-16,BEARISH_TO_BULLISH,64.2,STRONG,1.0,128.7,0.8935508935508981,0.5050505050505095,0.9324009324009458
SAIL,2025-10-20,BULLISH_TO_BEARISH,31.5,WEAK,-1.0,129.95,0.4617160446325467,0.03847633705269946,-8.156983455175085
SAIL,2025-10-23,BEARISH_TO_BULLISH,13.7,WEAK,1.0,129.45,0.34762456546930637,8.574739281575916,5.755117806102756
SAIL,2025-10-30,BULLISH_TO_BEARISH,72.5,STRONG,-1.0,136.9,-0.7669831994156193,-0.7304601899196493,-5.441928414901379
SAIL,2025-11-10,BEARISH_TO_BULLISH,26.4,WEAK,1.0,144.4,-0.6232686980609458,-1.6620498614958488,-3.8088642659279777
SAIL,2025-11-25,BULLISH_TO_BEARISH,60.0,STRONG,-1.0,136.9,0.511322132943767,1.351351351351347,3.6157779401022765
SAIL,2025-12-12,BEARISH_TO_BULLISH,37.3,MODERATE,1.0,132.3,-1.9652305366591252,-3.817082388510968,-1.7006802721088434
SAIL,2025-12-16,BULLISH_TO_BEARISH,49.8,MODERATE,-1.0,130.2,2.265745007680483,0.11520737327187194,-1.305683563748093
SAIL,2025-12-23,BEARISH_TO_BULLISH,70.2,STRONG,1.0,131.9,0.3032600454890111,6.899166034874901,12.547384382107643
SAIL,2026-01-29,BULLISH_TO_BEARISH,40.0,MODERATE,-1.0,151.15,1.6209063843863825,-4.0688058220310985,-6.185908038372474
SAIL,2026-02-02,BEARISH_TO_BULLISH,40.0,MODERATE,1.0,154.35,1.9112406867509018,3.9844509232264373,4.308390022675741
SAIL,2026-02-09,BULLISH_TO_BEARISH,46.5,MODERATE,-1.0,161.0,-0.6832298136645928,1.0559006211180053,2.298136645962726
SAIL,2026-02-11,BEARISH_TO_BULLISH,42.3,MODERATE,1.0,160.35,-0.6548175865294561,-1.9020891799189168,-2.837542874961012
SAIL,2026-02-26,BULLISH_TO_BEARISH,6.6,WEAK,-1.0,165.8,0.1206272617611683,5.669481302774431,9.80096501809409
SAIL,2026-04-10,BEARISH_TO_BULLISH,37.5,MODERATE,1.0,167.88,-0.5539671193709833,3.252323087919948,4.276864426971651
SAIL,2026-05-06,BULLISH_TO_BEARISH,8.4,WEAK,-1.0,187.28,1.2815036309269574,5.975010679196923,-6.3007261853908645
SAIL,2026-06-25,BEARISH_TO_BULLISH,14.7,WEAK,1.0,175.23,-0.992980653997592,-4.074644752610847,-3.4297780060491876
SAIL,2026-07-03,BULLISH_TO_BEARISH,15.7,WEAK,-1.0,169.22,2.1037702399243603,1.9619430327384428,1.3059921995036095
SAIL,2026-07-22,BEARISH_TO_BULLISH,15.2,WEAK,1.0,,,,
SAMMAANCAP,2025-09-10,BULLISH_TO_BEARISH,60.0,STRONG,-1.0,136.93,0.5331191119550268,0.5769371211568104,-1.650478346600446
SAMMAANCAP,2025-09-19,BEARISH_TO_BULLISH,74.4,STRONG,1.0,141.16,-4.349674128648333,-3.3508075942193183,9.29441768206291
SAMMAANCAP,2025-10-10,BULLISH_TO_BEARISH,11.1,WEAK,-1.0,162.4,-1.4470443349753659,-2.7709359605911326,-5.91133004926108
SAMMAANCAP,2025-10-17,BEARISH_TO_BULLISH,26.4,WEAK,1.0,172.0,1.8023255813953456,9.44767441860465,8.866279069767442
SAMMAANCAP,2025-11-06,BULLISH_TO_BEARISH,31.9,WEAK,-1.0,185.4,3.3171521035598737,4.557713052858693,4.989212513484358
SAMMAANCAP,2025-11-24,BEARISH_TO_BULLISH,35.6,MODERATE,1.0,151.75,3.327841845140041,1.3179571663920924,-1.1532125205930808
SAMMAANCAP,2025-11-26,BULLISH_TO_BEARISH,60.0,STRONG,-1.0,155.5,1.1254019292604502,3.536977491961415,3.729903536977499
SAMMAANCAP,2025-12-04,BEARISH_TO_BULLISH,4.3,WEAK,1.0,148.3,-4.652730950775458,-3.944706675657466,0.809170600134854
SAMMAANCAP,2025-12-16,BULLISH_TO_BEARISH,44.5,MODERATE,-1.0,145.8,1.6117969821673679,2.7091906721536465,2.983539094650221
SAMMAANCAP,2025-12-18,BEARISH_TO_BULLISH,40.0,MODERATE,1.0,145.05,-2.206135815236137,-2.4819027921406565,-2.206135815236137
SAMMAANCAP,2025-12-30,BULLISH_TO_BEARISH,37.2,MODERATE,-1.0,145.65,0.9955372468245911,-4.016477857878472,-2.952282869893569
SAMMAANCAP,2026-01-07,BEARISH_TO_BULLISH,7.7,WEAK,1.0,146.35,-1.2299282541851608,-2.97232661428083,-4.270584215920739
SAMMAANCAP,2026-01-28,BULLISH_TO_BEARISH,40.0,MODERATE,-1.0,147.55,-2.1348695357505774,-0.609962724500154,1.2199254490003464
SAMMAANCAP,2026-02-18,BEARISH_TO_BULLISH,15.8,WEAK,1.0,151.4,1.7503302509907566,1.3210039630118888,1.486129458388375
SAMMAANCAP,2026-02-25,BULLISH_TO_BEARISH,40.0,MODERATE,-1.0,153.65,2.440611780019525,7.419459811259359,7.321835340058574
SAMMAANCAP,2026-03-09,BEARISH_TO_BULLISH,11.2,WEAK,1.0,145.05,0.44812133746982225,-3.4126163391933932,-3.92967942088936
SAMMAANCAP,2026-04-22,BULLISH_TO_BEARISH,52.8,MODERATE,-1.0,144.26,0.4990988492998744,0.6238735616248283,-0.24954942464994712
SAMMAANCAP,2026-04-28,BEARISH_TO_BULLISH,20.8,WEAK,1.0,141.09,2.5019491104968465,2.33893259621517,7.5767240768303905
SAMMAANCAP,2026-04-30,BULLISH_TO_BEARISH,60.0,STRONG,-1.0,146.9,1.708645336963934,-3.3219877467665047,1.2729748127978247
SAMMAANCAP,2026-05-14,BEARISH_TO_BULLISH,39.4,MODERATE,1.0,142.68,-2.1236333052985708,-0.6167647883375353,13.162321278385198
SAMMAANCAP,2026-05-19,BULLISH_TO_BEARISH,44.9,MODERATE,-1.0,141.8,-8.78702397743299,-18.878702397743286,-22.228490832157956
SAMMAANCAP,2026-05-21,BEARISH_TO_BULLISH,75.0,STRONG,1.0,161.46,4.403567447045698,7.345472562863857,9.841446797968528
SAMMAANCAP,2026-06-04,BULLISH_TO_BEARISH,40.0,MODERATE,-1.0,184.27,4.097248602594026,5.562489824713735,5.345417051066382
SAMMAANCAP,2026-06-16,BEARISH_TO_BULLISH,20.1,WEAK,1.0,176.11,-0.9709840440633739,1.294645392084477,-2.515473283743119
SAMMAANCAP,2026-06-22,BULLISH_TO_BEARISH,2.0,WEAK,-1.0,172.69,0.5848630493948642,2.924315246974354,
SAMMAANCAP,2026-06-24,BEARISH_TO_BULLISH,23.2,WEAK,1.0,169.81,-1.2778988281020058,,
SBICARD,2025-07-22,BEARISH_TO_BULLISH,6.9,WEAK,1.0,895.55,-1.08871643124337,-6.5267154262743485,-9.027971637541166
SBICARD,2025-07-29,BULLISH_TO_BEARISH,35.1,MODERATE,-1.0,814.7,0.8960353504357514,1.2519945992389891,2.663557137596667
SBICARD,2025-08-19,BEARISH_TO_BULLISH,10.0,WEAK,1.0,818.1,0.867864564234204,0.4828260603838079,-1.7723994621684391
SBICARD,2025-08-29,BULLISH_TO_BEARISH,6.9,WEAK,-1.0,810.85,2.1520626503052407,2.1828944934328227,0.8632916075723007
SBICARD,2025-09-26,BEARISH_TO_BULLISH,3.5,WEAK,1.0,863.3,1.581142129039742,3.330244410981119,4.847677516506431
SBICARD,2025-10-03,BULLISH_TO_BEARISH,17.8,WEAK,-1.0,902.6,-0.28251717261244785,-2.2712164857079546,-2.027476179924657
SBICARD,2025-10-07,BEARISH_TO_BULLISH,10.4,WEAK,1.0,920.2,0.315148880678111,0.07607041947401998,0.978048250380352
SBICARD,2025-10-10,BULLISH_TO_BEARISH,5.5,WEAK,-1.0,920.9,0.5320881746117904,-1.5148224562927621,-1.8514496688022661
SBICARD,2025-11-20,BEARISH_TO_BULLISH,24.4,WEAK,1.0,878.05,-0.9509709014292933,-0.03416661921302369,0.2391663344912047
SBICARD,2025-12-04,BULLISH_TO_BEARISH,31.5,WEAK,-1.0,885.15,1.7002767892447554,2.23690899847483,1.191888380500475
SBICARD,2025-12-19,BEARISH_TO_BULLISH,30.2,WEAK,1.0,872.2,-0.6019261637239165,-0.8713597798670055,-3.301994955285493
SBICARD,2025-12-26,BULLISH_TO_BEARISH,18.9,WEAK,-1.0,849.95,0.770633566680401,-1.123595505617972,-2.7707512206600335
SBICARD,2025-12-31,BEARISH_TO_BULLISH,20.1,WEAK,1.0,859.5,1.9139034322280448,4.892379290285044,1.4717859220476996
SBICARD,2026-01-07,BULLISH_TO_BEARISH,19.2,WEAK,-1.0,872.15,1.0261996216247127,1.639626211087537,3.7264232070171417
SBICARD,2026-02-04,BEARISH_TO_BULLISH,0.8,WEAK,1.0,749.7,0.8803521408563303,2.160864345738286,3.0812324929971866
SBICARD,2026-02-06,BULLISH_TO_BEARISH,13.5,WEAK,-1.0,765.55,-0.04571876428711681,-0.9470315459473583,-0.8686565214551748
SBICARD,2026-02-10,BEARISH_TO_BULLISH,2.9,WEAK,1.0,768.85,0.5137543083826406,0.4357156792612372,2.65331339012811
SBICARD,2026-03-05,BULLISH_TO_BEARISH,25.0,WEAK,-1.0,724.05,0.46267522961120217,1.2499136799944692,2.644844969270075
SBICARD,2026-03-25,BEARISH_TO_BULLISH,23.0,WEAK,1.0,673.95,-5.712589954744416,-5.3045478151198155,-5.089398323317764
SBICARD,2026-04-07,BULLISH_TO_BEARISH,5.6,WEAK,-1.0,671.25,0.35009310986964953,0.02979515828678517,-2.1378026070763534
SBICARD,2026-04-22,BEARISH_TO_BULLISH,11.6,WEAK,1.0,680.55,-1.5061347439570936,-4.8637131731687475,-5.385350084490483
SBICARD,2026-04-29,BULLISH_TO_BEARISH,12.5,WEAK,-1.0,643.9,-0.13977325671687799,-0.8929958068022985,-0.2329554278614692
SBICARD,2026-05-25,BEARISH_TO_BULLISH,33.4,WEAK,1.0,628.7,-0.5487513917607834,-2.0279942738985204,-5.113726737712755
SBICARD,2026-05-29,BULLISH_TO_BEARISH,16.6,WEAK,-1.0,615.95,1.6965662797305048,4.29417972238007,6.721324782855766
SBICARD,2026-06-15,BEARISH_TO_BULLISH,36.2,MODERATE,1.0,621.65,0.651491997104491,-0.7640955521595754,-2.324459100780171
SBICARD,2026-06-22,BULLISH_TO_BEARISH,7.6,WEAK,-1.0,607.2,-0.06587615283267083,0.8728590250329493,1.8198287220026463
SBICARD,2026-07-15,BEARISH_TO_BULLISH,38.2,MODERATE,1.0,644.6,1.5668631709587377,0.06981073533973499,
SBILIFE,2025-07-28,BEARISH_TO_BULLISH,10.6,WEAK,1.0,1833.4,0.31089778553506153,-2.029017126649942,1.2872259190574837
SBILIFE,2025-07-30,BULLISH_TO_BEARISH,2.7,WEAK,-1.0,1840.6,2.4122568727588756,-0.8910137998478806,-1.1137672498098448
SBILIFE,2025-08-14,BEARISH_TO_BULLISH,0.6,WEAK,1.0,1863.0,-0.4777241009125116,0.7675791733762724,-0.8695652173913068
SBILIFE,2025-08-21,BULLISH_TO_BEARISH,5.0,WEAK,-1.0,1859.0,0.6562668101129664,2.2700376546530414,2.646584185045726
SBILIFE,2025-09-10,BEARISH_TO_BULLISH,14.1,WEAK,1.0,1814.2,0.8819314298313307,0.2535552860765025,0.41891742916987706
SBILIFE,2025-10-03,BULLISH_TO_BEARISH,38.4,MODERATE,-1.0,1770.9,-0.7453837032017515,-2.196623185950639,-2.5071997289513726
SBILIFE,2025-10-28,BEARISH_TO_BULLISH,47.4,MODERATE,1.0,1970.4,-0.10150223304912709,-0.04060089321966007,0.02030044660981849
SBILIFE,2025-11-10,BULLISH_TO_BEARISH,20.4,WEAK,-1.0,1997.3,0.03004055474890648,-0.18024332849347302,0.2002703649927402
SBILIFE,2025-11-24,BEARISH_TO_BULLISH,14.1,WEAK,1.0,2031.0,-0.0935499753815899,-3.1979320531757773,-2.4372230428360413
SBILIFE,2025-11-28,BULLISH_TO_BEARISH,37.1,MODERATE,-1.0,1971.6,-0.5021302495435226,-1.5850071008318118,-2.4903631568269495
SBILIFE,2025-12-15,BEARISH_TO_BULLISH,6.2,WEAK,1.0,2036.0,-1.267190569744595,-0.37328094302553577,-0.5500982318271141
SBILIFE,2025-12-17,BULLISH_TO_BEARISH,9.2,WEAK,-1.0,2014.4,-0.6949960285941222,-0.5162827640984841,-0.23332009531373202
SBILIFE,2026-02-10,BEARISH_TO_BULLISH,0.5,WEAK,1.0,2026.3,-0.20727434239747547,0.7945516458569875,1.638454325618124
SBILIFE,2026-02-13,BULLISH_TO_BEARISH,2.2,WEAK,-1.0,2042.4,0.14198981590286383,-0.02937720329024231,-3.2902467685076293
SBILIFE,2026-02-18,BEARISH_TO_BULLISH,33.0,WEAK,1.0,2043.0,1.811062163485071,1.9530102790014727,1.9481155163974635
SBILIFE,2026-02-26,BULLISH_TO_BEARISH,25.4,WEAK,-1.0,2037.2,0.2454349106616925,4.5233654034949975,6.121146671902614
SBILIFE,2026-03-18,BEARISH_TO_BULLISH,11.6,WEAK,1.0,1903.1,-0.32578424675528445,-3.52582628343229,-3.441752929430929
SBILIFE,2026-04-13,BULLISH_TO_BEARISH,26.2,WEAK,-1.0,1971.0,-0.18772196854388865,-0.5834601725012684,4.3734145104008135
SBILIFE,2026-04-28,BEARISH_TO_BULLISH,5.3,WEAK,1.0,1816.4,0.14314027747191746,0.2642589737943159,3.077515965646326
SBILIFE,2026-05-05,BULLISH_TO_BEARISH,19.6,WEAK,-1.0,1859.0,-0.7154384077460976,-1.3663259817106022,1.1565357719203873
SBILIFE,2026-05-25,BEARISH_TO_BULLISH,42.8,MODERATE,1.0,1883.2,-0.9929906542056098,-3.7542480883602405,-5.257009345794392
SBILIFE,2026-06-25,BULLISH_TO_BEARISH,30.3,WEAK,-1.0,1755.5,-0.5810310452862458,-1.6462546283110275,-1.8342352606095156
SBIN,2025-07-14,BEARISH_TO_BULLISH,21.5,WEAK,1.0,816.45,1.8678424888235654,0.8451221752709873,-0.17759813828159046
SBIN,2025-07-18,BULLISH_TO_BEARISH,43.4,MODERATE,-1.0,824.2,1.1162339238049073,1.0313030817762678,3.281970395535072
SBIN,2025-07-22,BEARISH_TO_BULLISH,4.6,WEAK,1.0,820.65,-0.603180405775901,-2.863583744592701,-2.315237921160056
SBIN,2025-07-25,BULLISH_TO_BEARISH,64.1,STRONG,-1.0,797.15,-0.2571661544251481,0.07526814275858029,0.18189801166655356
SBIN,2025-07-30,BEARISH_TO_BULLISH,17.5,WEAK,1.0,796.55,-0.3201305630531611,0.508442658966803,1.0796560165714673
SBIN,2025-08-04,BULLISH_TO_BEARISH,60.0,STRONG,-1.0,800.6,-0.5683237571821077,-0.46215338496127056,-2.498126405196103
SBIN,2025-08-19,BEARISH_TO_BULLISH,29.5,WEAK,1.0,828.95,-0.3920622474214368,-1.5199951746184959,-3.2571325170396284
SBIN,2025-08-21,BULLISH_TO_BEARISH,33.9,WEAK,-1.0,816.25,-0.012251148545178897,1.751914241960178,1.2496171516079688
SBIN,2025-08-26,BEARISH_TO_BULLISH,29.6,WEAK,1.0,801.95,0.06858282935344528,0.2431573040713176,0.9289855976058272
SBIN,2025-08-29,BULLISH_TO_BEARISH,31.6,WEAK,-1.0,806.05,0.26673283295080674,-0.4156069722721944,-0.34116990261150054
SBIN,2025-09-11,BEARISH_TO_BULLISH,20.1,WEAK,1.0,823.55,0.14571064294821753,4.079898002549939,4.711310788658864
SBIN,2025-10-03,BULLISH_TO_BEARISH,36.8,MODERATE,-1.0,874.05,1.0697328528116137,1.3671986728447951,-1.0182483839597383
SBIN,2025-10-10,BEARISH_TO_BULLISH,70.8,STRONG,1.0,882.95,-0.6795401778130132,0.45302678520867545,2.7804518942182406
SBIN,2025-10-14,BULLISH_TO_BEARISH,43.4,MODERATE,-1.0,886.1,-0.09592596772373577,-2.415077305044575,-2.8721363277282395
SBIN,2025-10-16,BEARISH_TO_BULLISH,40.5,MODERATE,1.0,889.15,2.063768767924425,2.5192599673845786,3.778889951076874
SBIN,2025-10-31,BULLISH_TO_BEARISH,40.0,MODERATE,-1.0,949.7,-0.8318416342002712,-0.6475729177635018,-0.3790670738127734
SBIN,2025-11-07,BEARISH_TO_BULLISH,40.0,MODERATE,1.0,951.15,0.2260421594911399,0.3101508699994791,2.3340167166062185
SBIN,2025-11-18,BULLISH_TO_BEARISH,13.2,WEAK,-1.0,982.75,0.11701857033833399,1.2363266344441595,-0.11701857033833399
SBIN,2025-11-25,BEARISH_TO_BULLISH,46.7,MODERATE,1.0,983.9,-1.1230816139851565,-1.0976725276958996,-3.3387539384083773
SBIN,2025-11-27,BULLISH_TO_BEARISH,45.6,MODERATE,-1.0,979.0,0.6026557711950947,2.85495403472932,0.7660878447395302
SBIN,2025-12-18,BEARISH_TO_BULLISH,47.5,MODERATE,1.0,980.3,-0.6120575334081404,-1.1578088340303896,-1.5556462307456902
SBIN,2025-12-22,BULLISH_TO_BEARISH,43.1,MODERATE,-1.0,971.9,0.30352916966765425,0.7048050210927074,-1.059779812737943
SBIN,2025-12-29,BEARISH_TO_BULLISH,21.1,WEAK,1.0,973.45,0.8988648620884483,2.6195490266577632,4.6689609122194184
SBIN,2026-01-06,BULLISH_TO_BEARISH,10.0,WEAK,-1.0,1007.15,0.908504195005707,-0.7943206076552649,-2.104949610286445
SBIN,2026-01-12,BEARISH_TO_BULLISH,64.5,STRONG,1.0,1028.45,-0.009723370120096886,0.9674753269483246,0.014585055180112166
SBIN,2026-01-20,BULLISH_TO_BEARISH,40.9,MODERATE,-1.0,1028.6,-1.9200855531790784,-2.3867392572428723,-3.6311491347462708
SBIN,2026-01-22,BEARISH_TO_BULLISH,69.6,STRONG,1.0,1029.5,2.297231665857221,3.540553666828562,-0.07770762506070467
SBIN,2026-02-06,BULLISH_TO_BEARISH,43.3,MODERATE,-1.0,1146.0,0.16579406631763446,-4.048865619546256,-5.4188481675392595
SBIN,2026-02-23,BEARISH_TO_BULLISH,44.8,MODERATE,1.0,1223.3,-1.896509441674164,-1.7657156870759347,-3.9892095152456433
SBIN,2026-03-04,BULLISH_TO_BEARISH,51.6,MODERATE,-1.0,1169.65,2.274184585132316,4.91172572991921,7.220108579489594
SBIN,2026-04-20,BEARISH_TO_BULLISH,52.8,MODERATE,1.0,1111.85,-0.7689886225659897,-0.9668570400683547,-1.8482708998515947
SBIN,2026-04-22,BULLISH_TO_BEARISH,43.8,MODERATE,-1.0,1094.2,-0.6305976969475291,0.26503381465911996,2.3578870407603687
SBIN,2026-04-27,BEARISH_TO_BULLISH,64.9,STRONG,1.0,1091.3,-0.4031888573261123,-2.098414734720046,0.43067900668927384
SBIN,2026-04-29,BULLISH_TO_BEARISH,49.4,MODERATE,-1.0,1068.4,-0.0,-2.583302134032189,4.5956570572819295
SBIN,2026-05-15,BEARISH_TO_BULLISH,26.5,WEAK,1.0,939.4,1.000638705556736,1.2241856504151585,3.2148179689163343
SBIN,2026-05-29,BULLISH_TO_BEARISH,24.8,WEAK,-1.0,954.1,-0.26726758201445916,-2.6359920343779453,-2.918981238863853
SBIN,2026-06-04,BEARISH_TO_BULLISH,64.5,STRONG,1.0,977.7,0.43469366881456484,2.613276056049908,4.034980055231658
SBIN,2026-06-15,BULLISH_TO_BEARISH,40.0,MODERATE,-1.0,1015.3,-1.0981975770708257,-1.950162513542791,-0.8765882005318715
SBIN,2026-06-18,BEARISH_TO_BULLISH,67.9,STRONG,1.0,1035.1,0.5458409815476853,-0.04830451164138731,0.09660902328277463
SBIN,2026-07-02,BULLISH_TO_BEARISH,19.5,WEAK,-1.0,1040.0,0.22115384615384176,2.2211538461538485,0.38461538461538464
SBIN,2026-07-13,BEARISH_TO_BULLISH,8.8,WEAK,1.0,1015.4,1.4477053377979054,2.8461689974394306,2.856017333070722
SBIN,2026-07-22,BULLISH_TO_BEARISH,61.0,STRONG,-1.0,,,,
SHRIRAMFIN,2025-07-29,BEARISH_TO_BULLISH,54.7,MODERATE,1.0,632.8,-0.3081542351453748,-1.2484197218710458,-0.3476611883691422
SHRIRAMFIN,2025-08-20,BULLISH_TO_BEARISH,29.3,WEAK,-1.0,619.8,0.6373023555985693,4.0496934494998245,6.373023555985801
SHRIRAMFIN,2025-09-08,BEARISH_TO_BULLISH,15.8,WEAK,1.0,595.0,1.6470588235294041,6.361344537815129,3.882352941176474
SHRIRAMFIN,2025-09-16,BULLISH_TO_BEARISH,28.9,WEAK,-1.0,623.25,-0.585639791415961,-0.7380665864420414,-0.30485359005214235
SHRIRAMFIN,2025-09-18,BEARISH_TO_BULLISH,30.8,WEAK,1.0,633.2,-0.8449147188881906,-1.271320277953264,-4.287744788376514
SHRIRAMFIN,2025-10-13,BULLISH_TO_BEARISH,8.9,WEAK,-1.0,674.45,-0.400326191711755,-0.1556824078879019,-3.083994365779517
SHRIRAMFIN,2025-10-20,BEARISH_TO_BULLISH,57.5,MODERATE,1.0,695.25,2.071197411003233,3.502337288745059,6.213592233009716
SHRIRAMFIN,2025-10-30,BULLISH_TO_BEARISH,18.5,WEAK,-1.0,748.9,-6.349312324742966,-5.8218720790492755,-9.640806516223801
SHRIRAMFIN,2025-11-04,BEARISH_TO_BULLISH,5.6,WEAK,1.0,792.5,3.009463722397479,5.022082018927438,2.7129337539432177
SHRIRAMFIN,2025-11-14,BULLISH_TO_BEARISH,37.7,MODERATE,-1.0,817.85,-0.2873387540502565,-1.069878339548817,-1.2655132359234604
SHRIRAMFIN,2025-11-26,BEARISH_TO_BULLISH,41.2,MODERATE,1.0,867.65,-1.8671123148735012,-2.794905779980407,-4.552526940586643
SHRIRAMFIN,2025-12-01,BULLISH_TO_BEARISH,7.1,WEAK,-1.0,843.4,1.8259426132321528,-1.36352857481622,-0.39127341712118424
SHRIRAMFIN,2025-12-19,BEARISH_TO_BULLISH,55.0,MODERATE,1.0,934.85,2.4549392950740687,2.717013424613572,4.76547039632026
SHRIRAMFIN,2025-12-29,BULLISH_TO_BEARISH,12.3,WEAK,-1.0,979.4,-1.7153359199509974,-3.1498876863385767,-2.3739023892178883
SHRIRAMFIN,2025-12-31,BEARISH_TO_BULLISH,48.6,MODERATE,1.0,1019.7,-0.9267431597528729,-1.6720604099244942,-2.6282239874472952
SHRIRAMFIN,2026-01-07,BULLISH_TO_BEARISH,6.1,WEAK,-1.0,992.9,1.762513848323094,1.3949038171014223,-0.25682344646994343
SHRIRAMFIN,2026-01-19,BEARISH_TO_BULLISH,42.7,MODERATE,1.0,987.5,-0.1518987341772152,1.625316455696198,3.1696202531645525
SHRIRAMFIN,2026-01-21,BULLISH_TO_BEARISH,25.8,WEAK,-1.0,1005.5,0.19393336648434067,-1.3227250124316214,-1.4420686225758328
SHRIRAMFIN,2026-01-23,BEARISH_TO_BULLISH,9.2,WEAK,1.0,1001.05,1.773138204884871,1.893012337046106,-0.06493182158733103
SHRIRAMFIN,2026-01-28,BULLISH_TO_BEARISH,13.4,WEAK,-1.0,1022.8,0.2737583105201364,2.1900664841611244,3.0113414157215446
SHRIRAMFIN,2026-02-12,BEARISH_TO_BULLISH,63.1,STRONG,1.0,1065.75,1.8437719915552515,0.9805301430917237,-0.6052076002814962
SHRIRAMFIN,2026-02-25,BULLISH_TO_BEARISH,7.3,WEAK,-1.0,1104.6,2.2813688212927596,8.564186130726046,8.790512402679695
SHRIRAMFIN,2026-04-20,BEARISH_TO_BULLISH,30.0,WEAK,1.0,1045.3,-0.07174973691763131,-3.2526547402659527,-8.806084377690611
SHRIRAMFIN,2026-04-24,BULLISH_TO_BEARISH,40.0,MODERATE,-1.0,974.65,2.1956599805058206,3.8270148258349104,1.051659570102088
SHRIRAMFIN,2026-05-06,BEARISH_TO_BULLISH,55.0,MODERATE,1.0,1015.65,-0.7778270073352018,-8.38871658543789,-7.9308817013735
SHRIRAMFIN,2026-05-11,BULLISH_TO_BEARISH,44.3,MODERATE,-1.0,930.45,1.0640012896985427,-0.8006878392175756,0.3331721210167148
SHRIRAMFIN,2026-05-25,BEARISH_TO_BULLISH,71.1,STRONG,1.0,952.15,1.1605314288715085,-3.4763430131806987,-4.116998372105229
SHRIRAMFIN,2026-06-02,BULLISH_TO_BEARISH,33.3,WEAK,-1.0,912.95,-0.3121748178980129,1.7854208883290505,1.7087463716523383
SHRIRAMFIN,2026-06-30,BEARISH_TO_BULLISH,64.6,STRONG,1.0,1048.1,1.7746398244442456,1.3548325541456012,-3.215342047514544
SHRIRAMFIN,2026-07-02,BULLISH_TO_BEARISH,33.8,WEAK,-1.0,1063.6,0.1222264009025907,4.625799172621281,1.8333960135389245
SIEMENS,2025-09-05,BULLISH_TO_BEARISH,35.0,MODERATE,-1.0,3121.6,-2.1943874935930294,-2.040620194771921,-5.513198359815476
SIEMENS,2025-09-17,BEARISH_TO_BULLISH,6.9,WEAK,1.0,3317.8,0.2441376815962357,-2.3328711796973924,-4.867683404665742
SIEMENS,2025-10-08,BULLISH_TO_BEARISH,6.6,WEAK,-1.0,3178.4,0.9753335011326454,2.2369745784042254,1.8751573118550184
SIEMENS,2025-10-23,BEARISH_TO_BULLISH,11.2,WEAK,1.0,3152.25,0.24109762867792559,-0.10785946546118141,-1.7749226742802702
SIEMENS,2025-10-30,BULLISH_TO_BEARISH,5.3,WEAK,-1.0,3096.3,-1.0044246358556959,0.4133966346930265,1.3532280463779378
SIEMENS,2025-12-11,BEARISH_TO_BULLISH,3.6,WEAK,1.0,3144.55,0.42136394714665054,-0.14151468413605356,-1.0478446836590378
SIEMENS,2026-01-08,BULLISH_TO_BEARISH,41.3,MODERATE,-1.0,3044.0,2.0745729303547993,2.403088042049937,3.002628120893564
SIEMENS,2026-02-23,BEARISH_TO_BULLISH,19.7,WEAK,1.0,3365.5,-0.4382706878621304,1.5792601396523573,-6.0778487594711095
SIEMENS,2026-03-18,BULLISH_TO_BEARISH,10.2,WEAK,-1.0,3079.0,-1.645014615134787,2.5073075673920044,0.9759662227996162
SIEMENS,2026-03-25,BEARISH_TO_BULLISH,19.9,WEAK,1.0,3048.95,-3.738992112038571,-0.7363190606602213,0.8675117663458002
SIEMENS,2026-06-01,BULLISH_TO_BEARISH,21.1,WEAK,-1.0,3729.7,0.5389173391961796,0.7748612488940032,2.9466176904308563
SIEMENS,2026-06-18,BEARISH_TO_BULLISH,26.1,WEAK,1.0,3759.7,0.21544272149374588,-5.269037423198657,-4.963161954411254
SIEMENS,2026-06-24,BULLISH_TO_BEARISH,46.8,MODERATE,-1.0,3628.0,1.5132304299889772,1.8550165380374912,2.524807056229325
SIEMENS,2026-06-29,BEARISH_TO_BULLISH,10.2,WEAK,1.0,3599.9,-1.088919136642692,-1.7639378871635323,-2.91396983249535
SIEMENS,2026-07-06,BULLISH_TO_BEARISH,1.8,WEAK,-1.0,3495.0,1.39914163090129,-0.04864091559370009,-0.4377682403433529
SIEMENS,2026-07-15,BEARISH_TO_BULLISH,31.8,WEAK,1.0,3657.6,0.03280839895013869,0.27887139107612297,
SJVN,2025-07-03,BULLISH_TO_BEARISH,49.7,MODERATE,-1.0,98.45,-0.1523616048755627,0.15236160487557712,0.6297613001523662
SJVN,2025-07-15,BEARISH_TO_BULLISH,19.3,WEAK,1.0,99.08,-0.03027856277755464,0.010092854259189661,-0.3027856277755321
SJVN,2025-07-17,BULLISH_TO_BEARISH,27.1,WEAK,-1.0,98.87,-0.2225144128653776,0.09102862344493112,3.722059269748161
SJVN,2025-07-30,BEARISH_TO_BULLISH,20.1,WEAK,1.0,93.62,-1.3458662678914817,-0.2883999145481844,-0.33112582781457195
SJVN,2025-08-07,BULLISH_TO_BEARISH,26.5,WEAK,-1.0,92.1,-0.9880564603691757,-1.4657980456026152,-0.6297502714440961
SJVN,2025-08-19,BEARISH_TO_BULLISH,51.9,MODERATE,1.0,97.57,-0.22547914317925477,1.844829353284833,-1.4348672747770745
SONACOMS,2025-07-09,BEARISH_TO_BULLISH,0.2,WEAK,1.0,454.65,-1.6496205872649292,0.16496205872649292,6.895414054767408
SONACOMS,2025-07-14,BULLISH_TO_BEARISH,23.4,WEAK,-1.0,455.4,0.07685551163811284,-5.346947738252092,-3.853754940711465
SONACOMS,2025-07-24,BEARISH_TO_BULLISH,11.0,WEAK,1.0,469.45,-0.8307593992970449,-1.7360741293002402,-6.7951858557886835
SONACOMS,2025-07-29,BULLISH_TO_BEARISH,0.7,WEAK,-1.0,461.3,2.5471493605029263,3.9670496423151986,3.3167136353782807
SONACOMS,2025-07-31,BEARISH_TO_BULLISH,4.9,WEAK,1.0,437.55,1.2455719346360388,1.9312078619586306,1.7026625528511001
SONACOMS,2025-08-04,BULLISH_TO_BEARISH,25.1,WEAK,-1.0,447.1,0.24602997092373577,0.4696935808544,1.5320957280250553
SONACOMS,2025-09-18,BEARISH_TO_BULLISH,19.5,WEAK,1.0,436.2,-3.5763411279229635,-4.447501146263177,-6.671251719394765
SONACOMS,2025-09-22,BULLISH_TO_BEARISH,45.2,MODERATE,-1.0,421.35,1.0798623472172804,3.3819864720541117,2.2783908864364597
SONACOMS,2025-10-16,BEARISH_TO_BULLISH,55.0,MODERATE,1.0,462.2,-0.21635655560363481,3.4292514063176163,4.6841194288187005
SONACOMS,2025-11-06,BULLISH_TO_BEARISH,8.2,WEAK,-1.0,491.05,1.0895020873638168,-1.3644231748294446,1.1098666123612644
SONACOMS,2025-11-20,BEARISH_TO_BULLISH,29.7,WEAK,1.0,503.15,0.5266819040047768,0.7949915532147472,1.709231839411711
SONACOMS,2025-11-28,BULLISH_TO_BEARISH,1.3,WEAK,-1.0,508.75,0.4619164619164664,1.788697788697793,4.4029484029483985
SONACOMS,2025-12-02,BEARISH_TO_BULLISH,20.4,WEAK,1.0,491.65,1.6271738025017797,-1.07800264415742,-4.088274178785714
SONACOMS,2025-12-04,BULLISH_TO_BEARISH,1.5,WEAK,-1.0,492.85,1.318859693618748,4.321801765242976,0.07101552196409104
SONACOMS,2025-12-12,BEARISH_TO_BULLISH,16.8,WEAK,1.0,486.9,-0.4004929143561283,-0.09242144177448935,1.3452454302731591
SONACOMS,2025-12-23,BULLISH_TO_BEARISH,34.4,WEAK,-1.0,484.0,0.39256198347106974,1.0743801652892537,2.0041322314049563
SONACOMS,2025-12-29,BEARISH_TO_BULLISH,32.7,WEAK,1.0,478.8,0.12531328320801294,1.5768588137009214,-0.5012531328320873
SONACOMS,2026-01-07,BULLISH_TO_BEARISH,29.8,WEAK,-1.0,462.85,0.6913686939613364,1.253105757804907,0.594144971373015
SONACOMS,2026-01-28,BEARISH_TO_BULLISH,29.5,WEAK,1.0,494.05,0.34409472725432416,7.317073170731714,6.112741625341562
SONACOMS,2026-02-03,BULLISH_TO_BEARISH,17.5,WEAK,-1.0,532.85,1.6139626536548788,0.42225767101435674,-0.9665008914328567
SONACOMS,2026-02-10,BEARISH_TO_BULLISH,1.2,WEAK,1.0,538.0,-0.9665427509293765,-2.39776951672862,-1.1524163568773318
SONACOMS,2026-02-12,BULLISH_TO_BEARISH,17.5,WEAK,-1.0,527.95,0.5398238469552084,-0.7292357230798199,-0.7860592859172226
SONACOMS,2026-02-23,BEARISH_TO_BULLISH,55.9,MODERATE,1.0,529.45,2.370384361129465,0.9538200018887438,-5.297950703560311
SONACOMS,2026-02-26,BULLISH_TO_BEARISH,0.6,WEAK,-1.0,534.5,3.236669784845642,4.405986903648271,6.323666978484567
SONACOMS,2026-03-25,BEARISH_TO_BULLISH,47.6,MODERATE,1.0,488.75,-1.4833759590792839,1.5959079283887492,5.401534526854215
SONACOMS,2026-04-08,BULLISH_TO_BEARISH,24.3,WEAK,-1.0,523.05,-5.965012905076006,-11.977822387917044,-13.545550138610082
SONACOMS,2026-06-24,BEARISH_TO_BULLISH,19.0,WEAK,1.0,619.25,0.24222850222042794,0.02422285022203912,6.5966895438029916
SONACOMS,2026-07-03,BULLISH_TO_BEARISH,13.6,WEAK,-1.0,667.5,-0.5543071161048757,-0.48689138576779023,-0.5018726591760334
SONACOMS,2026-07-08,BEARISH_TO_BULLISH,16.4,WEAK,1.0,670.75,-0.3279910547894216,-0.5888930301900925,1.8784942228848338
SRF,2025-07-30,BEARISH_TO_BULLISH,0.4,WEAK,1.0,3040.8,-1.8284661931070887,0.06577216521967903,-4.495527492765071
SRF,2025-08-07,BULLISH_TO_BEARISH,35.5,MODERATE,-1.0,2861.2,-0.6570669649098345,0.20970222284356216,-2.3941003774640013
SRF,2025-09-30,BEARISH_TO_BULLISH,6.6,WEAK,1.0,2907.1,0.4231020604726422,1.984795844656196,3.088989026865267
SRF,2025-10-10,BULLISH_TO_BEARISH,0.8,WEAK,-1.0,3047.4,0.11157051913106553,-4.6793988317910316,-4.347968760254643
SRF,2025-11-21,BEARISH_TO_BULLISH,22.4,WEAK,1.0,2807.4,-0.48443399586805974,1.1612167842131478,4.117688964878532
SRF,2025-12-03,BULLISH_TO_BEARISH,30.2,WEAK,-1.0,2840.1,-1.595014260061272,-1.9259885215309418,-3.6477588817295135
SRF,2025-12-10,BEARISH_TO_BULLISH,31.2,WEAK,1.0,2943.7,2.714271155348714,2.4442028739341737,3.634881271868737
SRF,2026-01-20,BULLISH_TO_BEARISH,23.2,WEAK,-1.0,2676.9,-2.20404198886772,-0.2241398632746834,-5.342000074713288
SRF,2026-01-23,BEARISH_TO_BULLISH,2.8,WEAK,1.0,2682.9,4.99459540049946,4.972231540497226,8.546721830854661
SRF,2026-02-06,BULLISH_TO_BEARISH,1.5,WEAK,-1.0,2986.7,0.8303478755817366,4.861552884454409,4.650617738641298
SRF,2026-02-25,BEARISH_TO_BULLISH,7.9,WEAK,1.0,2617.2,-2.101482500382088,-3.0796270823781104,0.21014825003820878
SRF,2026-03-20,BULLISH_TO_BEARISH,30.1,WEAK,-1.0,2391.45,-3.3515231344999936,-4.325827426874921,-6.8473102092872535
SRF,2026-03-25,BEARISH_TO_BULLISH,21.1,WEAK,1.0,2494.9,-2.2806525311635775,-3.1584432241773293,-3.964086736943368
SRF,2026-04-08,BULLISH_TO_BEARISH,23.9,WEAK,-1.0,2399.8,-3.0627552296024665,-4.19201600133344,-3.946162180181674
SRF,2026-04-24,BEARISH_TO_BULLISH,0.3,WEAK,1.0,2508.2,0.9807830316561824,0.4146399808627738,0.5860776652579648
SRF,2026-05-05,BULLISH_TO_BEARISH,9.7,WEAK,-1.0,2719.6,-1.9010148551257637,-2.9011619355787652,0.8971907633475544
SRF,2026-05-07,BEARISH_TO_BULLISH,31.1,WEAK,1.0,2780.8,0.6365074798619036,-3.078250863061003,-3.283227848101272
SRF,2026-05-12,BULLISH_TO_BEARISH,18.6,WEAK,-1.0,2695.2,-1.2689225289403485,2.051795785099426,3.038735529830797
SRF,2026-05-26,BEARISH_TO_BULLISH,31.7,WEAK,1.0,2736.9,-0.7709452300047466,0.3069165844568706,-0.3763381928459272
SRF,2026-06-16,BULLISH_TO_BEARISH,2.4,WEAK,-1.0,2705.5,0.09240436148586213,-0.561818517834035,-2.2287931990390013
SUNPHARMA,2025-07-28,BEARISH_TO_BULLISH,8.1,WEAK,1.0,1710.5,1.3621748026892695,-4.723764980999705,-4.58345513007893
SUNPHARMA,2025-08-01,BULLISH_TO_BEARISH,38.8,MODERATE,-1.0,1641.6,0.5787037037037037,2.63157894736841,2.016325536062373
SUNPHARMA,2025-08-06,BEARISH_TO_BULLISH,3.5,WEAK,1.0,1598.4,-0.7194694694694694,1.4889889889889862,2.69019019019019
SUNPHARMA,2025-09-01,BULLISH_TO_BEARISH,60.6,STRONG,-1.0,1565.2,-0.8625095834398159,-1.8208535650396114,-1.6994633273702981
SUNPHARMA,2025-09-18,BEARISH_TO_BULLISH,42.8,MODERATE,1.0,1656.0,-0.7246376811594203,-1.7451690821256094,-4.18478260869565
SUNPHARMA,2025-09-24,BULLISH_TO_BEARISH,6.8,WEAK,-1.0,1627.4,2.5009217156200103,2.0339191348162795,-0.2396460612019088
SUNPHARMA,2025-09-26,BEARISH_TO_BULLISH,40.0,MODERATE,1.0,1589.3,0.3146039136726861,2.6426728748505632,4.014345938463472
SUNPHARMA,2025-10-01,BULLISH_TO_BEARISH,4.6,WEAK,-1.0,1631.3,-1.4344387911481695,-0.018390240912153164,-2.4275118004045937
SUNPHARMA,2025-10-27,BEARISH_TO_BULLISH,0.2,WEAK,1.0,1687.0,1.7131001778304737,0.21932424422051247,0.18079430942501212
SUNPHARMA,2025-11-03,BULLISH_TO_BEARISH,5.4,WEAK,-1.0,1690.05,0.24851335759297333,-0.4585663146060768,-2.488092068282001
SUNPHARMA,2025-11-14,BEARISH_TO_BULLISH,29.5,WEAK,1.0,1763.9,-0.28346278133681047,0.7681841374227538,0.9581042009184116
SUNPHARMA,2025-11-19,BULLISH_TO_BEARISH,10.4,WEAK,-1.0,1777.45,-0.12658583926411432,0.047821317055339756,-1.8425272159554418
SUNPHARMA,2025-11-24,BEARISH_TO_BULLISH,9.5,WEAK,1.0,1776.6,1.5929303163345818,3.095800968141394,1.2861645840369322
SUNPHARMA,2025-11-28,BULLISH_TO_BEARISH,2.4,WEAK,-1.0,1807.4,0.4398583600752487,-0.6030762421157387,0.6224410755781786
SUNPHARMA,2025-12-22,BEARISH_TO_BULLISH,19.9,WEAK,1.0,1755.9,-1.0763710917478269,-2.203997949769352,-2.06162082123128
SUNPHARMA,2026-01-01,BULLISH_TO_BEARISH,25.3,WEAK,-1.0,1728.1,-0.049186968346747094,-3.1537526763497485,-0.10416063885192882
SUNPHARMA,2026-02-13,BEARISH_TO_BULLISH,0.7,WEAK,1.0,1700.5,0.9761834754483922,0.7586004116436396,1.8700382240517468
SUNPHARMA,2026-02-19,BULLISH_TO_BEARISH,6.9,WEAK,-1.0,1724.4,-0.458130364184636,-2.3051496172581767,-0.7306889352818319
SUNPHARMA,2026-02-24,BEARISH_TO_BULLISH,22.6,WEAK,1.0,1764.15,1.2187172292605504,-0.66037468469235,1.1506958025111216
SUNPHARMA,2026-02-26,BULLISH_TO_BEARISH,30.2,WEAK,-1.0,1737.0,-0.8923431203223949,-2.7317213586643665,-4.052964881980431
SUNPHARMA,2026-03-06,BEARISH_TO_BULLISH,28.3,WEAK,1.0,1807.4,0.2987717162775182,0.9903729113643832,-1.3389399136881732
SUNPHARMA,2026-03-10,BULLISH_TO_BEARISH,23.7,WEAK,-1.0,1825.9,0.032860507147167775,2.3385727586395775,2.606933567008058
SUNPHARMA,2026-03-25,BEARISH_TO_BULLISH,72.0,STRONG,1.0,1793.65,-2.032169040782764,-5.575223705851197,-4.217656733476435
SUNPHARMA,2026-04-06,BULLISH_TO_BEARISH,24.7,WEAK,-1.0,1718.0,0.19790454016298548,3.6728754365541274,1.2456344586728807
SUNPHARMA,2026-04-28,BEARISH_TO_BULLISH,52.3,MODERATE,1.0,1778.7,1.6641367290717888,2.366897172091972,3.131500534097939
SUNPHARMA,2026-04-30,BULLISH_TO_BEARISH,6.1,WEAK,-1.0,1823.5,0.14806690430491065,-0.5977515766383379,-2.6981080340005508
SUNPHARMA,2026-05-15,BEARISH_TO_BULLISH,9.0,WEAK,1.0,1905.8,-1.2330779725049847,-0.7608353447371182,-3.4211354811627688
SUNPHARMA,2026-05-19,BULLISH_TO_BEARISH,47.6,MODERATE,-1.0,1880.3,-0.5850130298356645,2.1113652076796283,1.9145880976439928
SUNPHARMA,2026-05-22,BEARISH_TO_BULLISH,12.4,WEAK,1.0,1840.6,0.01086602194936681,-2.2492665435184107,-2.7545365641638497
SUNPHARMA,2026-05-27,BULLISH_TO_BEARISH,31.7,WEAK,-1.0,1799.2,0.15006669630947342,0.5947087594486464,0.9448643841707426
SUNPHARMA,2026-06-19,BEARISH_TO_BULLISH,35.4,MODERATE,1.0,1862.9,0.2737667078211342,-0.01073594932632162,-0.02147189865264324
SUNPHARMA,2026-07-14,BULLISH_TO_BEARISH,24.7,WEAK,-1.0,1951.5,0.07173968741993804,-0.2510889059697715,0.4355623879067384
SUPREMEIND,2025-11-25,BEARISH_TO_BULLISH,7.3,WEAK,1.0,3463.75,-1.3525802959220472,-3.7315048718874055,-4.8025983399494745
SUPREMEIND,2025-12-12,BULLISH_TO_BEARISH,6.1,WEAK,-1.0,3272.0,-4.089242053789737,-2.105745721271396,-2.1607579462102633
SUPREMEIND,2026-05-25,BEARISH_TO_BULLISH,12.7,WEAK,1.0,3571.0,1.7726127135256282,-1.4085690282833991,0.05040604872585219
SUPREMEIND,2026-07-16,BULLISH_TO_BEARISH,20.5,WEAK,-1.0,3433.7,-0.08445699973789472,-0.5562512741357826,
SUZLON,2025-08-08,BULLISH_TO_BEARISH,67.9,STRONG,-1.0,63.32,0.30006317119393194,5.148452305748576,5.890713834491467
SUZLON,2025-08-20,BEARISH_TO_BULLISH,42.2,MODERATE,1.0,58.16,0.6017881705639639,-2.0460797799174655,-2.974552957359004
SUZLON,2025-08-22,BULLISH_TO_BEARISH,60.0,STRONG,-1.0,57.43,0.800975100121889,1.7412502176562772,-1.4278251784781477
SUZLON,2025-09-16,BEARISH_TO_BULLISH,67.8,STRONG,1.0,59.29,-0.3541912632821738,1.0794400404790025,-3.019058863214706
SUZLON,2025-09-18,BULLISH_TO_BEARISH,41.8,MODERATE,-1.0,60.4,0.7781456953642365,4.801324503311256,8.476821192052975
SUZLON,2025-10-21,BEARISH_TO_BULLISH,37.6,MODERATE,1.0,54.53,-1.3020355767467464,3.0992114432422477,7.298734641481746
SUZLON,2025-10-27,BULLISH_TO_BEARISH,40.0,MODERATE,-1.0,56.22,-3.50409107079331,-5.478477410174312,-6.705798648167917
SUZLON,2025-11-12,BEARISH_TO_BULLISH,45.7,MODERATE,1.0,57.58,0.17367141368530986,-1.1809656130600898,-1.5283084404306972
SUZLON,2025-11-18,BULLISH_TO_BEARISH,46.9,MODERATE,-1.0,56.53,-0.3007252786131288,3.396426676101188,1.6805236157792374
SUZLON,2025-11-20,BEARISH_TO_BULLISH,41.5,MODERATE,1.0,55.1,-0.8892921960072631,0.8711433756805751,-1.9782214156079916
SUZLON,2025-11-28,BULLISH_TO_BEARISH,68.4,STRONG,-1.0,53.72,0.5584512285926977,5.342516753536853,3.6113179448994748
SUZLON,2025-12-12,BEARISH_TO_BULLISH,49.4,MODERATE,1.0,53.14,-0.8844561535566406,-2.559277380504327,0.6962739932254375
SUZLON,2025-12-16,BULLISH_TO_BEARISH,49.9,MODERATE,-1.0,51.94,0.30804774740084057,-3.022718521370813,-2.6184058529071996
SUZLON,2025-12-19,BEARISH_TO_BULLISH,47.8,MODERATE,1.0,53.51,0.20556905251354782,-0.5793309661745378,-2.821902448140531
SUZLON,2025-12-26,BULLISH_TO_BEARISH,60.9,STRONG,-1.0,52.73,1.3844111511473487,0.49307794424425944,-1.7826664138061918
SUZLON,2026-01-23,BEARISH_TO_BULLISH,40.0,MODERATE,1.0,45.79,4.389604717187154,4.105699934483517,7.359685520856077
SUZLON,2026-01-28,BULLISH_TO_BEARISH,40.0,MODERATE,-1.0,47.44,-0.48482293423272343,-3.625632377740301,-0.8642495784148477
SUZLON,2026-02-17,BEARISH_TO_BULLISH,8.8,WEAK,1.0,46.09,-1.822521154263405,-3.992189195053164,-6.313733998698207
SUZLON,2026-02-19,BULLISH_TO_BEARISH,69.1,STRONG,-1.0,44.46,0.4723346828610006,2.878992352676566,4.026090868196129
SUZLON,2026-03-18,BEARISH_TO_BULLISH,49.6,MODERATE,1.0,41.09,2.092966658554391,-0.12168410805549833,-0.6570941834996424
SUZLON,2026-03-20,BULLISH_TO_BEARISH,40.0,MODERATE,-1.0,39.94,-2.7541311967951962,-2.2033049574361607,-2.954431647471206
SUZLON,2026-03-25,BEARISH_TO_BULLISH,55.0,MODERATE,1.0,40.82,-3.086722195002445,-0.09799118079372648,1.7883390494855385
SUZLON,2026-04-01,BULLISH_TO_BEARISH,40.0,MODERATE,-1.0,40.78,-1.9862677783227127,-8.460029426189298,-11.132908288376653
SUZLON,2026-04-13,BEARISH_TO_BULLISH,66.0,STRONG,1.0,49.12,2.2801302931596186,6.8811074918566835,11.095276872964176
SUZLON,2026-04-24,BULLISH_TO_BEARISH,40.0,MODERATE,-1.0,56.93,-0.6850518180221334,2.371333216230461,3.653609696118037
SUZLON,2026-04-28,BEARISH_TO_BULLISH,43.4,MODERATE,1.0,56.81,-2.165111776095765,-3.4500968139412085,-2.0418940327407213
SUZLON,2026-04-30,BULLISH_TO_BEARISH,70.8,STRONG,-1.0,54.96,0.2001455604075681,-1.2554585152838387,3.0203784570596865
SUZLON,2026-05-15,BEARISH_TO_BULLISH,43.5,MODERATE,1.0,53.25,-0.6384976525821661,-0.7136150234741832,1.370892018779337
SUZLON,2026-05-26,BULLISH_TO_BEARISH,20.6,WEAK,-1.0,57.54,0.9384775808133458,5.248522766770935,3.3368091762252376
SUZLON,2026-06-30,BEARISH_TO_BULLISH,54.8,MODERATE,1.0,58.35,-1.1653813196229645,-4.935732647814914,-8.946015424164521
SUZLON,2026-07-02,BULLISH_TO_BEARISH,65.8,STRONG,-1.0,56.87,2.461754879549848,6.5764023210831635,5.187269210480035
SWIGGY,2026-01-21,BEARISH_TO_BULLISH,24.4,WEAK,1.0,320.3,-2.669372463315645,0.9990633780830436,-3.2781767093349985
SWIGGY,2026-02-13,BULLISH_TO_BEARISH,10.6,WEAK,-1.0,342.0,3.3040935672514657,4.488304093567258,6.1111111111111045
SWIGGY,2026-05-27,BEARISH_TO_BULLISH,46.7,MODERATE,1.0,257.9,-3.1601395889879718,-2.326483132997275,-2.8305544784800247
SWIGGY,2026-06-01,BULLISH_TO_BEARISH,55.1,MODERATE,-1.0,254.15,0.8853039543576628,1.3968129057643168,1.6525673814676438
SWIGGY,2026-06-15,BEARISH_TO_BULLISH,42.7,MODERATE,1.0,259.65,-0.07702676680145915,-2.1567494704409653,-3.7743115732717056
SWIGGY,2026-07-13,BULLISH_TO_BEARISH,44.1,MODERATE,-1.0,258.8,-4.362442040185457,-6.978361669242659,-4.416537867078827
SWIGGY,2026-07-17,BEARISH_TO_BULLISH,54.7,MODERATE,1.0,270.53,-0.11089343141239588,,
SYNGENE,2025-07-30,BEARISH_TO_BULLISH,30.7,WEAK,1.0,714.0,-1.5056022408963585,-2.2689075630252167,-5.714285714285708
SYNGENE,2025-08-07,BULLISH_TO_BEARISH,24.8,WEAK,-1.0,655.25,1.9305608546356317,-0.5951926745516944,-1.2819534528805765
SYNGENE,2025-08-20,BEARISH_TO_BULLISH,0.2,WEAK,1.0,667.8,-0.05989817310571687,-2.8451632225217134,-6.274333632824196
SYNGENE,2025-09-11,BULLISH_TO_BEARISH,4.0,WEAK,-1.0,664.15,-1.0012798313633935,1.949860724233973,-0.19573891440187735
SYNGENE,2025-09-26,BEARISH_TO_BULLISH,7.3,WEAK,1.0,614.3,1.3918280970210106,3.451082532964357,2.995279179553979
SYNGENE,2025-10-03,BULLISH_TO_BEARISH,1.7,WEAK,-1.0,634.5,0.28368794326240415,-0.6461780929866072,0.0945626477541407
SYNGENE,2025-10-24,BEARISH_TO_BULLISH,10.3,WEAK,1.0,660.4,-0.4391278013325223,-1.4763779527559056,-0.39370078740157827
SYNGENE,2025-11-04,BULLISH_TO_BEARISH,31.3,WEAK,-1.0,620.6,0.6928778601353639,-3.9155655816951263,-6.687077022236545
SYNGENE,2025-11-20,BEARISH_TO_BULLISH,5.0,WEAK,1.0,629.25,1.6607071911005238,2.7969805323798207,3.0274135876042836
SYNGENE,2025-12-05,BULLISH_TO_BEARISH,8.7,WEAK,-1.0,632.15,0.7909515146721507,-1.3762556355295492,-4.460966542750937
SYNGENE,2025-12-22,BEARISH_TO_BULLISH,31.5,WEAK,1.0,658.55,-0.850353048363816,-0.45554627590919444,-1.1464581277047992
SYNGENE,2025-12-24,BULLISH_TO_BEARISH,5.5,WEAK,-1.0,654.65,-0.13747804170166916,0.5575498357901134,-0.5728251737569694
SYNGENE,2026-01-22,BEARISH_TO_BULLISH,5.6,WEAK,1.0,543.8,-9.948510481794772,-13.074659801397567,-13.98492092681132
SYNGENE,2026-01-27,BULLISH_TO_BEARISH,75.0,STRONG,-1.0,480.3,1.5823443681032734,2.6129502394336894,1.6135748490526753
SYNGENE,2026-02-23,BEARISH_TO_BULLISH,21.8,WEAK,1.0,437.1,-0.8007320979180965,-3.4088309311370475,-8.327613818348212
SYNGENE,2026-03-05,BULLISH_TO_BEARISH,29.4,WEAK,-1.0,399.7,0.2626970227670782,-2.114085564173127,-5.291468601451097
SYNGENE,2026-03-27,BEARISH_TO_BULLISH,14.3,WEAK,1.0,389.9,,,
TATACHEM,2025-09-12,BULLISH_TO_BEARISH,12.9,WEAK,-1.0,975.4,-0.7330326020094297,-1.4199302850112798,0.14865696124666106
TATACHEM,2025-09-25,BEARISH_TO_BULLISH,7.6,WEAK,1.0,930.8,-0.5801461108723655,,
TATACONSUM,2025-07-03,BULLISH_TO_BEARISH,25.3,WEAK,-1.0,1089.7,-1.1195741947324993,-0.7525006882628288,1.1838120583646958
TATACONSUM,2025-08-19,BEARISH_TO_BULLISH,9.4,WEAK,1.0,1105.3,-1.5561386049036503,-2.1442142404777025,-3.881299194788733
TATACONSUM,2025-08-25,BULLISH_TO_BEARISH,5.9,WEAK,-1.0,1079.9,1.620520418557274,0.3889249004537499,-2.2687285859801833
TATACONSUM,2025-09-10,BEARISH_TO_BULLISH,13.0,WEAK,1.0,1105.3,-0.12666244458516815,-1.1942459060888488,2.1713561928888088
TATACONSUM,2025-09-19,BULLISH_TO_BEARISH,2.7,WEAK,-1.0,1130.1,0.1415803911158224,-0.36279975223432764,0.6194142111317583
TATACONSUM,2025-09-26,BEARISH_TO_BULLISH,31.1,WEAK,1.0,1123.1,0.5520434511619665,1.2821654349568241,-0.2760217255809731
TATACONSUM,2025-10-03,BULLISH_TO_BEARISH,8.4,WEAK,-1.0,1142.1,1.9350319586726128,2.110147973032126,2.197705980211883
TATACONSUM,2025-10-17,BEARISH_TO_BULLISH,15.0,WEAK,1.0,1176.4,-0.1530091805508485,-1.7936076164569987,-0.6375382522951376
TATACONSUM,2025-10-30,BULLISH_TO_BEARISH,26.5,WEAK,-1.0,1165.0,-2.7982832618025673,-2.1802575107296214,1.909871244635193
TATACONSUM,2025-11-12,BEARISH_TO_BULLISH,7.1,WEAK,1.0,1154.8,0.25978524419812954,-0.060616556979567505,1.6539660547281034
TATACONSUM,2025-11-14,BULLISH_TO_BEARISH,0.3,WEAK,-1.0,1178.9,2.103655950462311,0.4241241835609466,-0.6022563406565364
TATACONSUM,2025-11-19,BEARISH_TO_BULLISH,21.7,WEAK,1.0,1173.9,0.7837124116193728,0.3237073004514826,0.3237073004514826
TATACONSUM,2025-11-21,BULLISH_TO_BEARISH,12.9,WEAK,-1.0,1186.0,0.6998313659359152,0.6998313659359152,1.871838111298486
TATACONSUM,2025-11-27,BEARISH_TO_BULLISH,8.0,WEAK,1.0,1172.4,-0.7335380416240307,-2.76356192425794,-0.8103036506311839
TATACONSUM,2025-12-23,BULLISH_TO_BEARISH,10.0,WEAK,-1.0,1179.15,0.2925836407581771,0.012721027859058723,0.19081541788576517
TATACONSUM,2026-01-05,BEARISH_TO_BULLISH,10.8,WEAK,1.0,1210.4,0.18175809649701075,-2.850297422339722,-1.7349636483807003
TATACONSUM,2026-01-08,BULLISH_TO_BEARISH,12.4,WEAK,-1.0,1175.9,-1.3946764180627487,0.38268560251722084,-0.3656773535164516
TATACONSUM,2026-01-23,BEARISH_TO_BULLISH,3.4,WEAK,1.0,1187.4,-4.682499578911919,-4.505642580427825,-2.762337881084738
TATACONSUM,2026-01-29,BULLISH_TO_BEARISH,21.4,WEAK,-1.0,1133.9,0.7496251874062968,-1.6844518917012001,-2.2400564423670395
TATACONSUM,2026-02-17,BEARISH_TO_BULLISH,11.0,WEAK,1.0,1169.65,-0.7822852990210825,0.18381567135466706,0.2265635019022668
TATACONSUM,2026-02-25,BULLISH_TO_BEARISH,29.8,WEAK,-1.0,1159.5,1.5955153083225526,4.217335058214756,3.691246226821902
TATACONSUM,2026-03-16,BEARISH_TO_BULLISH,6.6,WEAK,1.0,1078.0,-0.2736549165120636,-2.5788497217068604,-2.309833024118747
TATACONSUM,2026-03-19,BULLISH_TO_BEARISH,39.7,MODERATE,-1.0,1050.2,2.5328508855456127,-0.5617977528089757,3.370786516853941
TATACONSUM,2026-04-02,BEARISH_TO_BULLISH,16.7,WEAK,1.0,1055.2,0.6444275966641352,2.1607278241091694,3.3263836239575353
TATACONSUM,2026-04-17,BULLISH_TO_BEARISH,5.7,WEAK,-1.0,1120.3,-1.936981165759176,-5.721681692403833,-3.588324555922525
TATACONSUM,2026-04-23,BEARISH_TO_BULLISH,10.8,WEAK,1.0,1174.0,-1.1499148211243613,-0.5110732538330494,-1.1584327086882376
TATACONSUM,2026-05-07,BULLISH_TO_BEARISH,27.1,WEAK,-1.0,1176.2,-8.076857677265771,-4.999149804455021,-4.914130249957486
TATACONSUM,2026-06-24,BEARISH_TO_BULLISH,0.3,WEAK,1.0,1131.3,-1.6352868381508001,-3.571112878988762,-1.2905506938919746
TATAELXSI,2025-07-17,BULLISH_TO_BEARISH,13.5,WEAK,-1.0,6166.0,-0.527084009082063,-1.1271488809601038,1.6866688290626013
TATAELXSI,2025-10-16,BEARISH_TO_BULLISH,6.8,WEAK,1.0,5369.5,0.5223950088462647,1.8912375453952917,4.023652109134932
TATAELXSI,2025-12-09,BULLISH_TO_BEARISH,27.9,WEAK,-1.0,4863.0,-3.156487764754267,-3.814517787374049,-2.169442730824594
TATAELXSI,2025-12-19,BEARISH_TO_BULLISH,40.9,MODERATE,1.0,5458.45,-0.539530452784212,-2.0289642664126264,-4.864018173657357
TATAELXSI,2025-12-26,BULLISH_TO_BEARISH,28.6,WEAK,-1.0,5315.5,2.3055215878092405,1.9565421879409275,-0.9020788260746837
TATAELXSI,2026-02-20,BEARISH_TO_BULLISH,4.9,WEAK,1.0,4713.95,-4.581083804452738,-4.380614983188197,-5.613126995407238
TATAELXSI,2026-03-05,BULLISH_TO_BEARISH,10.1,WEAK,-1.0,4330.2,0.6142903330100101,-0.3048358043508341,1.7377950210151958
TATAELXSI,2026-05-25,BEARISH_TO_BULLISH,3.6,WEAK,1.0,4335.6,-0.10148537687979854,-0.7565273549220449,0.2629393855521643
TATAELXSI,2026-06-12,BULLISH_TO_BEARISH,30.3,WEAK,-1.0,4068.2,-1.2462514134015,-1.174966815790772,-1.1577601887812883
TATAMOTORS,2025-07-24,BEARISH_TO_BULLISH,47.5,MODERATE,1.0,687.4,-0.6619144602851258,-2.756764620308399,-5.608088449228972
TATAMOTORS,2025-07-28,BULLISH_TO_BEARISH,28.0,WEAK,-1.0,692.35,3.4520112659781867,6.282949375315952,5.45244457283166
TATAMOTORS,2025-08-19,BEARISH_TO_BULLISH,55.0,MODERATE,1.0,689.6,-0.6090487238979184,-0.40603248259861774,-2.0519141531322473
TATAMOTORS,2025-08-21,BULLISH_TO_BEARISH,49.4,MODERATE,-1.0,680.3,-0.9554608261061297,0.7129207702484065,-1.4478906364839075
TATAMOTORS,2025-08-26,BEARISH_TO_BULLISH,15.4,WEAK,1.0,675.45,-0.9549189429269442,1.325042564216438,1.7839958546154346
TATAMOTORS,2025-09-01,BULLISH_TO_BEARISH,60.0,STRONG,-1.0,684.4,-1.1177673874926912,-1.0666277030976137,-4.551431911163059
TATAMOTORS,2025-09-29,BEARISH_TO_BULLISH,40.0,MODERATE,1.0,680.2,5.608644516318726,4.7706556895030765,0.1984710379300072
TATAMOTORS,2025-10-06,BULLISH_TO_BEARISH,42.4,MODERATE,-1.0,698.05,2.36372752668147,2.7361936824009616,43.34933027720077
TATAMOTORS,2025-10-13,BEARISH_TO_BULLISH,40.0,MODERATE,1.0,395.45,-1.163231761284604,0.29080794032116175,1.6184094070046866
TATAMOTORS,2025-10-15,BULLISH_TO_BEARISH,65.8,STRONG,-1.0,396.8,0.05040322580644875,-1.2726814516129061,
TATAMOTORS,2025-10-21,BEARISH_TO_BULLISH,16.4,WEAK,1.0,405.85,,,
TATAPOWER,2025-08-12,BEARISH_TO_BULLISH,14.6,WEAK,1.0,387.2,-0.4907024793388371,0.503615702479336,0.2195247933884356
TATAPOWER,2025-08-21,BULLISH_TO_BEARISH,11.9,WEAK,-1.0,385.6,0.6094398340249022,3.7603734439834025,1.3096473029045672
TATAPOWER,2025-08-25,BEARISH_TO_BULLISH,18.9,WEAK,1.0,377.75,-1.760423560555917,0.7412309728656549,3.017868960953005
TATAPOWER,2025-08-29,BULLISH_TO_BEARISH,36.2,MODERATE,-1.0,380.55,-1.4452765733806332,-0.5386939955327845,-0.7094994087504897
TATAPOWER,2025-09-02,BEARISH_TO_BULLISH,13.6,WEAK,1.0,389.15,-1.683155595528705,-1.5161248875754791,-0.6809713478093222
TATAPOWER,2025-09-11,BULLISH_TO_BEARISH,1.8,WEAK,-1.0,386.25,-0.45307443365695793,-2.174757281553392,-2.6019417475728184
TATAPOWER,2025-09-30,BEARISH_TO_BULLISH,28.2,WEAK,1.0,391.15,0.9587114917550812,0.34513613703183504,-0.7541863735139943
TATAPOWER,2025-10-03,BULLISH_TO_BEARISH,20.3,WEAK,-1.0,395.55,0.7710782454809787,1.8581721653394068,1.1123751738086294
TATAPOWER,2025-10-16,BEARISH_TO_BULLISH,13.3,WEAK,1.0,397.8,0.5027652086475616,-0.037707390648575694,0.6158873805932601
TATAPOWER,2025-10-23,BULLISH_TO_BEARISH,4.2,WEAK,-1.0,396.85,-0.8567468816933291,-3.4899836210154884,-2.0284742345974434
TATAPOWER,2025-10-27,BEARISH_TO_BULLISH,44.3,MODERATE,1.0,398.65,3.02270161796062,1.5677912956227267,0.4891508842343022
TATAPOWER,2025-10-30,BULLISH_TO_BEARISH,20.4,WEAK,-1.0,404.9,-0.9138058779945779,3.247715485305008,2.235119782662375
TATAPOWER,2025-11-20,BEARISH_TO_BULLISH,40.0,MODERATE,1.0,387.0,-1.1498708010335887,1.1627906976744187,0.8010335917312721
TATAPOWER,2025-11-27,BULLISH_TO_BEARISH,37.9,MODERATE,-1.0,390.1,0.08972058446552748,1.6534221994360536,1.4355293514483523
TATAPOWER,2025-12-10,BEARISH_TO_BULLISH,31.1,WEAK,1.0,380.15,0.4734973036959125,-0.07891621728263963,-1.3678810995659578
TATAPOWER,2025-12-12,BULLISH_TO_BEARISH,29.5,WEAK,-1.0,381.65,0.47163631599631983,1.7555351762085651,0.2096161404428022
TATAPOWER,2025-12-29,BEARISH_TO_BULLISH,11.5,WEAK,1.0,374.35,1.4024308801923333,5.008681714972619,3.245625751302251
TATAPOWER,2026-01-02,BULLISH_TO_BEARISH,32.6,WEAK,-1.0,388.85,0.6043461489006101,3.7675196091037764,4.693326475504693
TATAPOWER,2026-01-19,BEARISH_TO_BULLISH,14.4,WEAK,1.0,353.0,-1.033994334277614,-2.1954674220963173,0.5807365439093517
TATAPOWER,2026-01-29,BULLISH_TO_BEARISH,40.0,MODERATE,-1.0,366.3,2.0475020475020473,-1.4196014196014164,0.09555009555010176
TATAPOWER,2026-02-09,BEARISH_TO_BULLISH,37.0,MODERATE,1.0,369.95,1.5407487498310553,1.121773212596306,2.284092444924987
TATAPOWER,2026-02-16,BULLISH_TO_BEARISH,17.0,WEAK,-1.0,378.4,-0.3171247357293989,0.10570824524312296,-0.3567653276955663
TATAPOWER,2026-03-05,BEARISH_TO_BULLISH,48.8,MODERATE,1.0,375.5,-0.692410119840219,2.716378162450064,5.179760319573899
TATAPOWER,2026-03-09,BULLISH_TO_BEARISH,29.7,WEAK,-1.0,381.3,-1.153947023341195,-3.579858379228947,-5.127196433254658
TATAPOWER,2026-03-11,BEARISH_TO_BULLISH,65.8,STRONG,1.0,402.15,-1.7903767251025708,-0.3232624642546201,-0.9076215342533824
TATAPOWER,2026-03-16,BULLISH_TO_BEARISH,45.6,MODERATE,-1.0,400.85,0.12473493825620556,-0.3866783085942259,4.016465011849825
TATAPOWER,2026-03-25,BEARISH_TO_BULLISH,47.7,MODERATE,1.0,385.7,-1.8019185895773888,-0.18148820326678472,0.5185377236193933
TATAPOWER,2026-03-30,BULLISH_TO_BEARISH,48.4,MODERATE,-1.0,380.2,-1.2624934245134172,-1.9726459758022095,-3.8137822198842715
TATAPOWER,2026-04-17,BEARISH_TO_BULLISH,61.2,STRONG,1.0,433.6,0.5650369003690011,-0.7610701107011096,4.520295202952021
TATAPOWER,2026-04-21,BULLISH_TO_BEARISH,8.1,WEAK,-1.0,436.05,1.3186561174177274,-3.933035202385042,-3.5431716546267604
TATAPOWER,2026-04-27,BEARISH_TO_BULLISH,55.0,MODERATE,1.0,461.8,-2.23040277176267,-4.4174967518406305,-4.02771762667822
TATAPOWER,2026-04-30,BULLISH_TO_BEARISH,57.8,MODERATE,-1.0,441.4,-0.28318985047575895,0.4870865428183002,1.8577254191209762
TATAPOWER,2026-05-22,BEARISH_TO_BULLISH,13.0,WEAK,1.0,413.55,1.7893845967839384,1.7410228509249157,0.32644178454841394
TATAPOWER,2026-06-01,BULLISH_TO_BEARISH,36.0,MODERATE,-1.0,414.9,0.7592190889370879,1.3738250180766423,3.9166064111834182
TATAPOWER,2026-06-29,BEARISH_TO_BULLISH,40.0,MODERATE,1.0,385.5,-2.6070038910505864,-2.6718547341115464,-2.153047989623868
TATAPOWER,2026-07-01,BULLISH_TO_BEARISH,73.0,STRONG,-1.0,376.4,0.3188097768331532,-0.21253985122210717,0.23910733262486114
TATAPOWER,2026-07-09,BEARISH_TO_BULLISH,19.9,WEAK,1.0,381.3,-0.9047993705743478,-0.10490427484920904,-1.062155782848154
TATAPOWER,2026-07-14,BULLISH_TO_BEARISH,31.0,WEAK,-1.0,380.9,0.997637175111566,-0.8926227356261576,0.6169598319768879
TATAPOWER,2026-07-20,BEARISH_TO_BULLISH,69.3,STRONG,1.0,381.45,-0.7602569144055519,,
TATAPOWER,2026-07-22,BULLISH_TO_BEARISH,9.9,WEAK,-1.0,,,,
TATASTEEL,2025-07-18,BEARISH_TO_BULLISH,53.0,MODERATE,1.0,163.02,0.012268433321053741,0.2821739663844801,-2.0488283646178402
TATASTEEL,2025-07-31,BULLISH_TO_BEARISH,70.6,STRONG,-1.0,153.01,-4.280765963008961,-3.692569113129865,-3.2285471537807977
TATASTEEL,2025-08-13,BEARISH_TO_BULLISH,15.7,WEAK,1.0,155.3,1.7128139085640672,4.262717321313571,2.0927237604636186
TATASTEEL,2025-08-22,BULLISH_TO_BEARISH,69.2,STRONG,-1.0,159.63,2.881663847647682,3.226210612040347,0.7705318549144834
TATASTEEL,2025-09-03,BEARISH_TO_BULLISH,75.0,STRONG,1.0,166.81,0.5215514657394668,1.4027935975061467,1.5586595527846019
TATASTEEL,2025-09-09,BULLISH_TO_BEARISH,40.0,MODERATE,-1.0,169.42,0.005902490851133813,0.11214732617164311,-1.1450832251210166
TATASTEEL,2025-09-24,BEARISH_TO_BULLISH,31.1,WEAK,1.0,172.38,-2.888966237382521,-2.0942104652511806,0.48149437289709507
TATASTEEL,2025-09-26,BULLISH_TO_BEARISH,74.4,STRONG,-1.0,168.98,0.12427506213751897,-2.5032548230559937,-1.4617114451414364
TATASTEEL,2025-09-30,BEARISH_TO_BULLISH,19.6,WEAK,1.0,167.51,3.402781923467266,2.3520983821861368,5.30714584203929
TATASTEEL,2025-10-13,BULLISH_TO_BEARISH,62.3,STRONG,-1.0,170.5,-1.6129032258064515,-0.9970674486803452,-1.3489736070381297
TATASTEEL,2025-10-16,BEARISH_TO_BULLISH,42.2,MODERATE,1.0,172.2,-0.14518002322880372,1.132404181184679,2.5842044134727162
TATASTEEL,2025-10-30,BULLISH_TO_BEARISH,42.3,MODERATE,-1.0,182.85,0.1093792726278308,3.062619633579434,0.7383100902378968
TATASTEEL,2025-11-19,BEARISH_TO_BULLISH,42.2,MODERATE,1.0,172.45,-2.580458103798196,-3.5372571759930382,-2.4934763699622984
TATASTEEL,2025-11-27,BULLISH_TO_BEARISH,64.6,STRONG,-1.0,167.95,-0.41679071152129626,0.6251860672819191,0.5061030068472726
TATASTEEL,2025-12-11,BEARISH_TO_BULLISH,52.8,MODERATE,1.0,171.9,0.5526468877254151,-0.9016870273414843,-1.8615474112856412
TATASTEEL,2025-12-19,BULLISH_TO_BEARISH,31.2,WEAK,-1.0,169.2,-1.004728132387717,0.05910165484633235,-3.90070921985817
TATASTEEL,2025-12-31,BEARISH_TO_BULLISH,52.2,MODERATE,1.0,181.9,0.5497526113249038,2.3639362286970766,-0.9895547003848331
TATASTEEL,2026-01-08,BULLISH_TO_BEARISH,50.1,MODERATE,-1.0,178.4,-2.7186098654708486,-6.0818385650224185,-5.52130044843049
TATASTEEL,2026-01-22,BEARISH_TO_BULLISH,52.7,MODERATE,1.0,187.6,2.505330490405126,7.835820895522397,0.47974413646055747
TATASTEEL,2026-02-02,BULLISH_TO_BEARISH,52.0,MODERATE,-1.0,192.95,-1.269759004923564,-2.124902824565962,-7.799948173101846
TATASTEEL,2026-02-04,BEARISH_TO_BULLISH,66.3,STRONG,1.0,197.75,-0.35398230088495003,5.183312262958281,5.2338811630847
TATASTEEL,2026-02-06,BULLISH_TO_BEARISH,41.8,MODERATE,-1.0,202.0,-2.9702970297029703,-3.019801980198017,-1.8811881188118866
TATASTEEL,2026-02-10,BEARISH_TO_BULLISH,74.9,STRONG,1.0,207.6,0.24084778420038538,-0.8670520231213791,0.6984585741811258
TATASTEEL,2026-02-16,BULLISH_TO_BEARISH,40.0,MODERATE,-1.0,203.1,-2.9295913343180784,-2.58493353028065,-2.9788281634662783
TATASTEEL,2026-02-23,BEARISH_TO_BULLISH,40.0,MODERATE,1.0,209.15,2.629691608893139,1.53000239062873,-5.928759263686352
TATASTEEL,2026-02-27,BULLISH_TO_BEARISH,47.3,MODERATE,-1.0,211.0,6.753554502369669,5.947867298578204,7.5829383886255926
TATASTEEL,2026-03-18,BEARISH_TO_BULLISH,22.6,WEAK,1.0,190.5,3.2808398950131235,0.1574803149606359,1.4173228346456634
TATASTEEL,2026-03-30,BULLISH_TO_BEARISH,43.5,MODERATE,-1.0,194.6,0.23124357656731173,-1.8139773895169586,-5.447070914696811
TATASTEEL,2026-04-09,BEARISH_TO_BULLISH,62.5,STRONG,1.0,206.61,-0.10648080925416353,1.9747350079860528,2.473258796766848
TATASTEEL,2026-04-21,BULLISH_TO_BEARISH,40.0,MODERATE,-1.0,213.03,0.9951650002347108,-0.12204853776462982,-1.3378397408815632
TATASTEEL,2026-04-27,BEARISH_TO_BULLISH,67.7,STRONG,1.0,215.05,0.3859567542431918,-1.3066728667751695,0.19530341780980584
TATASTEEL,2026-05-11,BULLISH_TO_BEARISH,45.6,MODERATE,-1.0,212.0,-3.594339622641512,-2.28301886792453,1.2783018867924565
TATASTEEL,2026-05-20,BEARISH_TO_BULLISH,5.4,WEAK,1.0,208.58,0.29245373477801573,0.906127145459769,-0.2636877936523211
TATASTEEL,2026-05-29,BULLISH_TO_BEARISH,75.0,STRONG,-1.0,210.57,-0.014247043738424815,-0.0,3.7184784157287285
TATASTEEL,2026-06-18,BEARISH_TO_BULLISH,43.8,MODERATE,1.0,198.96,0.005026135906710346,-4.422999597909133,-4.719541616405315
TATASTEEL,2026-06-22,BULLISH_TO_BEARISH,3.8,WEAK,-1.0,193.56,1.7565612729902904,2.0613763174209594,4.334573258937804
TATASTEEL,2026-06-30,BEARISH_TO_BULLISH,40.0,MODERATE,1.0,185.17,1.3393098234055292,3.0782524166981786,1.6363341794027118
TATASTEEL,2026-07-02,BULLISH_TO_BEARISH,48.6,MODERATE,-1.0,189.8,-0.563751317175971,0.8429926238145535,-0.7323498419388759
TATASTEEL,2026-07-08,BEARISH_TO_BULLISH,40.0,MODERATE,1.0,187.9,1.7509313464608791,0.19691325172964586,-1.2825971261309188
TATATECH,2025-07-11,BEARISH_TO_BULLISH,30.7,WEAK,1.0,716.8,2.1135602678571557,1.1090959821428636,-0.06277901785713334
TATATECH,2025-07-18,BULLISH_TO_BEARISH,39.8,MODERATE,-1.0,716.35,0.10469742444335868,-0.2512738186640545,2.3801214490123637
TATATECH,2025-07-30,BEARISH_TO_BULLISH,6.1,WEAK,1.0,702.25,-1.189035243859028,-2.014951940192236,-4.848700605197573
TATATECH,2025-08-04,BULLISH_TO_BEARISH,34.4,WEAK,-1.0,688.1,2.848423194303157,4.199970934457198,4.199970934457198
TATATECH,2025-09-26,BEARISH_TO_BULLISH,4.4,WEAK,1.0,676.25,-0.9981515711645103,4.554528650646943,5.426987060998158
TATATECH,2025-10-14,BULLISH_TO_BEARISH,33.9,WEAK,-1.0,695.3,0.4602329929526725,2.071048468287067,0.5609089601610783
TATATECH,2025-10-27,BEARISH_TO_BULLISH,6.6,WEAK,1.0,695.5,0.8123652048885661,-0.46728971962616817,-1.2508986340762107
TATATECH,2025-10-30,BULLISH_TO_BEARISH,19.5,WEAK,-1.0,692.25,-0.577825929938606,2.2101841820151615,1.9284940411701008
TATATECH,2025-11-19,BEARISH_TO_BULLISH,12.5,WEAK,1.0,679.8,-1.3754045307443235,-1.522506619593985,-0.33097969991173876
TATATECH,2025-11-27,BULLISH_TO_BEARISH,6.9,WEAK,-1.0,679.05,-0.17671747294014367,1.1633900301892317,1.8555334658714246
TATATECH,2025-12-22,BEARISH_TO_BULLISH,18.0,WEAK,1.0,663.3,-0.8593396653098044,-1.8242122719734526,-3.0755314337403856
TATATECH,2025-12-31,BULLISH_TO_BEARISH,24.1,WEAK,-1.0,644.25,-1.8160651920838256,-0.7605743112145871,-2.7008149010477265
TATATECH,2026-01-20,BEARISH_TO_BULLISH,5.2,WEAK,1.0,643.75,1.3048543689320353,1.1883495145631033,1.1650485436893203
TATATECH,2026-02-06,BULLISH_TO_BEARISH,38.5,MODERATE,-1.0,619.15,-1.8654607122668285,0.7106516999111648,3.5048049745618886
TATATECH,2026-03-25,BEARISH_TO_BULLISH,23.9,WEAK,1.0,539.35,-5.58079169370539,0.32446463335496434,1.742838602020947
TATATECH,2026-04-13,BULLISH_TO_BEARISH,10.8,WEAK,-1.0,575.7,-1.9107173875282264,-0.13027618551328815,0.06948063227376948
TATATECH,2026-04-22,BEARISH_TO_BULLISH,3.5,WEAK,1.0,563.5,1.002661934338949,1.1180124223602403,
TCS,2025-07-23,BEARISH_TO_BULLISH,9.6,WEAK,1.0,3148.2,-0.39387586557396725,-2.928657645638772,-3.538529953624282
TCS,2025-08-06,BULLISH_TO_BEARISH,42.0,MODERATE,-1.0,3047.0,0.3511650804069517,0.3807023301608109,0.8106334099113823
TCS,2025-08-21,BEARISH_TO_BULLISH,6.4,WEAK,1.0,3054.0,2.8356254092992765,1.2999345121152528,1.9187950229207569
TCS,2025-09-01,BULLISH_TO_BEARISH,1.4,WEAK,-1.0,3111.5,0.44994375703037126,2.0311746745942414,1.9958219508275723
TCS,2025-09-10,BEARISH_TO_BULLISH,23.5,WEAK,1.0,3124.1,0.29768573349125127,0.691399122947406,1.680483979386063
TCS,2025-09-23,BULLISH_TO_BEARISH,32.4,WEAK,-1.0,3035.4,2.559794425775854,4.5891809975621065,3.9928839691638753
TCS,2025-09-30,BEARISH_TO_BULLISH,13.8,WEAK,1.0,2914.2,-0.4220712373893256,2.041726717452474,5.063139111934671
TCS,2025-10-03,BULLISH_TO_BEARISH,17.6,WEAK,-1.0,2988.4,0.4919020211484497,-2.454490697363134,-0.6290991835095612
TCS,2025-10-16,BEARISH_TO_BULLISH,12.5,WEAK,1.0,2962.2,1.7875227871176922,3.7657821889136516,4.142191614340702
TCS,2025-10-30,BULLISH_TO_BEARISH,31.4,WEAK,-1.0,3058.0,1.3472858077174565,1.5385873119686129,1.0709614126880314
TCS,2025-11-20,BEARISH_TO_BULLISH,28.2,WEAK,1.0,3150.6,-0.2983558687234206,0.39040182822320135,-0.41420681774899154
TCS,2025-11-27,BULLISH_TO_BEARISH,33.3,WEAK,-1.0,3137.55,0.11473920734332087,-1.3529664865898492,-3.207917005306676
TCS,2025-12-15,BEARISH_TO_BULLISH,24.2,WEAK,1.0,3205.1,0.3962434869426937,2.3993011138498046,3.272908801597457
TCS,2025-12-17,BULLISH_TO_BEARISH,0.6,WEAK,-1.0,3280.65,-0.04115038178409489,-0.894639781750565,0.019813146784938684
TCS,2026-01-23,BEARISH_TO_BULLISH,20.1,WEAK,1.0,3158.0,1.3331222292590217,-1.0797973400886607,2.1310956301456674
TCS,2026-01-29,BULLISH_TO_BEARISH,34.8,WEAK,-1.0,3123.9,-1.4629149460610076,3.995006242197259,5.835654150260897
TCS,2026-02-18,BEARISH_TO_BULLISH,10.1,WEAK,1.0,2678.05,0.30432590877689497,-3.89649185041356,-1.1332872799238387
TCS,2026-02-25,BULLISH_TO_BEARISH,0.3,WEAK,-1.0,2647.7,0.38901688257732103,2.262340899648738,3.402953506817234
TCS,2026-03-18,BEARISH_TO_BULLISH,23.2,WEAK,1.0,2356.15,1.4621310188230723,1.8101563992105805,1.4281773231755233
TCS,2026-03-20,BULLISH_TO_BEARISH,0.5,WEAK,-1.0,2383.75,-0.6313581541688592,-0.25380178290509414,-1.0256948085998874
TCS,2026-03-30,BEARISH_TO_BULLISH,10.0,WEAK,1.0,2408.2,1.7710323062868571,5.464662403454878,7.4952246491155226
TCS,2026-04-09,BULLISH_TO_BEARISH,40.0,MODERATE,-1.0,2524.3,2.0480925405062895,-2.0837459889870424,-2.1867448401536986
TCS,2026-04-16,BEARISH_TO_BULLISH,54.3,MODERATE,1.0,2581.5,-0.07747433662599264,-1.6656982374588416,-7.1508812705791165
TCS,2026-04-23,BULLISH_TO_BEARISH,11.7,WEAK,-1.0,2396.9,-2.1152321748925615,-3.2458592348449966,-1.435187116692398
TCS,2026-04-28,BEARISH_TO_BULLISH,28.9,WEAK,1.0,2474.7,-0.036368044611453355,-1.9153836828706365,-2.9619751889117767
TCS,2026-04-30,BULLISH_TO_BEARISH,25.3,WEAK,-1.0,2431.3,0.16452103812775057,1.2297947600049393,1.5794019660264094
TCS,2026-05-22,BEARISH_TO_BULLISH,12.7,WEAK,1.0,2308.2,-1.3863616670999048,-2.1358634433757793,6.009011350836162
TCS,2026-06-03,BULLISH_TO_BEARISH,75.0,STRONG,-1.0,2240.9,1.8742469543486993,4.016243473604355,4.699004864117104
TCS,2026-06-17,BEARISH_TO_BULLISH,55.9,MODERATE,1.0,2203.4,-3.558137423981124,-6.526277571026603,-4.9287464827085365
TCS,2026-06-19,BULLISH_TO_BEARISH,55.0,MODERATE,-1.0,2127.8,3.205188457561813,1.55089764075571,4.5211016072939305
TCS,2026-06-30,BEARISH_TO_BULLISH,11.8,WEAK,1.0,1982.6,4.307475032785237,3.782911328558459,3.777867446787052
TCS,2026-07-06,BULLISH_TO_BEARISH,44.2,MODERATE,-1.0,2096.1,1.8415151948857358,1.2928772482228859,-4.985449167501551
TCS,2026-07-17,BEARISH_TO_BULLISH,75.0,STRONG,1.0,2251.1,-1.3326818000088847,,
TCS,2026-07-21,BULLISH_TO_BEARISH,34.5,WEAK,-1.0,2208.3,,,
TECHM,2025-07-23,BEARISH_TO_BULLISH,9.6,WEAK,1.0,1498.6,-2.4489523555318176,-2.989456826371277,-2.3288402509008317
TECHM,2025-07-25,BULLISH_TO_BEARISH,46.8,MODERATE,-1.0,1450.6,-0.22059837308700164,-0.9030745898249095,-1.6820625947883698
TECHM,2025-07-29,BEARISH_TO_BULLISH,13.3,WEAK,1.0,1463.2,0.03417167851284855,0.8064516129032226,-0.2870420995079309
TECHM,2025-08-18,BULLISH_TO_BEARISH,33.0,WEAK,-1.0,1496.7,-1.8306941938932226,-0.554553350704881,-0.36747511191287496
TECHM,2025-08-20,BEARISH_TO_BULLISH,40.0,MODERATE,1.0,1521.3,-1.0714520475908733,-1.2555051600604688,-2.6227568526917677
TECHM,2025-08-28,BULLISH_TO_BEARISH,7.6,WEAK,-1.0,1481.4,-1.626839476171183,-1.809099500472523,0.23626299446469554
TECHM,2025-09-10,BEARISH_TO_BULLISH,38.0,MODERATE,1.0,1521.2,0.28267157507230833,0.67709702866158,1.939258480147252
TECHM,2025-09-24,BULLISH_TO_BEARISH,34.4,WEAK,-1.0,1444.3,2.534099563802528,3.0464584920030466,3.025687184103029
TECHM,2025-09-30,BEARISH_TO_BULLISH,8.0,WEAK,1.0,1416.0,-1.087570621468933,1.6137005649717449,3.5734463276836097
TECHM,2025-10-15,BULLISH_TO_BEARISH,16.7,WEAK,-1.0,1463.8,1.106708566744094,1.034977455936594,0.689984970624396
TECHM,2025-11-12,BEARISH_TO_BULLISH,37.2,MODERATE,1.0,1451.4,-0.8405677277111785,-2.0256304257957893,0.3203803224472829
TECHM,2025-11-19,BULLISH_TO_BEARISH,1.1,WEAK,-1.0,1456.05,-0.37430033309296007,-2.654441811750976,-3.691494110779163
TECHM,2025-11-24,BEARISH_TO_BULLISH,21.1,WEAK,1.0,1494.7,1.7194085769719707,1.5120090988158097,2.8099284137285077
TECHM,2025-12-09,BULLISH_TO_BEARISH,35.6,MODERATE,-1.0,1550.8,-1.1220015475883476,-1.5862780500386986,-1.8409852979107528
TECHM,2025-12-19,BEARISH_TO_BULLISH,3.4,WEAK,1.0,1646.7,-0.831966964231496,-2.089026537924339,-2.5566284083318234
TECHM,2025-12-29,BULLISH_TO_BEARISH,0.7,WEAK,-1.0,1604.6,0.8537953384020827,-0.4611741243923776,0.17449831733765142
TECHM,2026-01-05,BEARISH_TO_BULLISH,2.1,WEAK,1.0,1601.8,1.4608565363965595,-1.2236234236483898,0.8084654763391214
TECHM,2026-01-08,BULLISH_TO_BEARISH,48.5,MODERATE,-1.0,1582.2,-0.24333206927063009,-0.398179749715583,-8.601946656554158
TECHM,2026-01-19,BEARISH_TO_BULLISH,30.9,WEAK,1.0,1678.5,0.48853142686923123,1.3464402740542096,5.028299076556455
TECHM,2026-01-29,BULLISH_TO_BEARISH,4.4,WEAK,-1.0,1743.1,1.0957489530147386,5.610693591876539,7.067867592220746
TECHM,2026-03-16,BEARISH_TO_BULLISH,7.4,WEAK,1.0,1341.8,3.2344611715605973,3.2046504695185574,6.774482039052026
TECHM,2026-04-20,BULLISH_TO_BEARISH,4.6,WEAK,-1.0,1500.8,2.5453091684435,9.468283582089548,6.176705756929641
TECHM,2026-04-28,BEARISH_TO_BULLISH,24.3,WEAK,1.0,1459.8,0.9384847239347887,-0.5206192629127215,-0.7946294012878415
TECHM,2026-05-05,BULLISH_TO_BEARISH,32.7,WEAK,-1.0,1466.7,1.2613349696597804,0.6340764982614,6.252130633394698
TECHM,2026-05-19,BEARISH_TO_BULLISH,17.7,WEAK,1.0,1439.0,-1.320361362056984,-0.2432244614315497,1.153578874218201
TECHM,2026-05-21,BULLISH_TO_BEARISH,14.0,WEAK,-1.0,1422.2,-0.9351708620447162,-2.3484741949092856,-8.507945436647448
TECHM,2026-05-25,BEARISH_TO_BULLISH,9.8,WEAK,1.0,1458.7,-0.21251799547543268,5.792829231507506,0.9323370124083025
TECHM,2026-06-03,BULLISH_TO_BEARISH,52.0,MODERATE,-1.0,1487.3,0.2554965373495565,0.2353257580851207,1.492637665568483
TECHM,2026-06-17,BEARISH_TO_BULLISH,34.6,WEAK,1.0,1447.6,-2.625034539928157,-2.210555402044764,-0.7253384912959382
TECHM,2026-06-19,BULLISH_TO_BEARISH,42.1,MODERATE,-1.0,1435.2,1.3656633221850707,-0.13238573021180766,2.1251393534002228
TECHM,2026-06-23,BEARISH_TO_BULLISH,23.7,WEAK,1.0,1461.6,-1.6762452107279695,-3.8929939792008663,-2.7572523262178406
TECHM,2026-07-09,BULLISH_TO_BEARISH,12.2,WEAK,-1.0,1454.8,-3.416277151498491,-3.017596920538912,-8.10420676381634
TIINDIA,2025-09-23,BULLISH_TO_BEARISH,29.1,WEAK,-1.0,3276.6,1.9501922724775709,5.429408533235674,5.878044314228161
TIINDIA,2026-02-23,BEARISH_TO_BULLISH,0.7,WEAK,1.0,2562.75,2.1832016388644937,7.439274217149549,8.127987513413332
TIINDIA,2026-05-14,BULLISH_TO_BEARISH,21.6,WEAK,-1.0,2850.4,1.2419309570586616,-4.230985124894748,-5.6518383384788065
TITAGARH,2025-07-31,BEARISH_TO_BULLISH,2.6,WEAK,1.0,836.3,1.883295468133445,0.7174458926222648,-3.987803419825411
TITAGARH,2025-08-04,BULLISH_TO_BEARISH,22.8,WEAK,-1.0,857.65,1.7897743834897715,6.377893079927702,6.78598495889931
TITAGARH,2025-08-26,BEARISH_TO_BULLISH,33.2,WEAK,1.0,840.35,-1.7730707443327158,0.981733801392277,-0.3748438150770485
TITAGARH,2025-09-09,BULLISH_TO_BEARISH,5.4,WEAK,-1.0,908.8,0.8692781690140822,-4.346390845070423,-3.6751760563380387
TITAGARH,2025-09-19,BEARISH_TO_BULLISH,27.4,WEAK,1.0,933.6,-1.3389031705227077,-3.5186375321336785,-5.243144815766929
TITAGARH,2025-10-07,BULLISH_TO_BEARISH,10.5,WEAK,-1.0,899.0,-0.6674082313681869,0.30033370411568916,0.967741935483876
TITAGARH,2025-10-10,BEARISH_TO_BULLISH,0.1,WEAK,1.0,896.3,-1.472721187102525,-1.7125962289411927,-1.472721187102525
TITAGARH,2025-10-17,BULLISH_TO_BEARISH,32.9,WEAK,-1.0,883.1,0.19816555316498696,0.9511946551919349,-1.104065224776356
TITAGARH,2025-10-27,BEARISH_TO_BULLISH,21.2,WEAK,1.0,892.85,1.6520132161057288,-0.9296074368595025,-1.5176121408971348
TITAGARH,2025-10-30,BULLISH_TO_BEARISH,6.3,WEAK,-1.0,884.55,-2.532361087558656,3.244587643434507,4.165960092702494
TITAGARH,2025-11-12,BEARISH_TO_BULLISH,22.1,WEAK,1.0,862.95,0.4055854916275566,0.782200590996002,0.3708210209166153
TITAGARH,2025-11-17,BULLISH_TO_BEARISH,5.0,WEAK,-1.0,869.7,-0.22996435552489364,2.288145337472702,3.748418995055769
TITAGARH,2025-11-20,BEARISH_TO_BULLISH,4.9,WEAK,1.0,849.8,-0.6530948458460761,-0.22358201929865584,-2.7182866556836798
TITAGARH,2025-11-28,BULLISH_TO_BEARISH,33.5,WEAK,-1.0,822.9,1.8167456556082069,4.156033539919788,7.273058694859645
TITAGARH,2025-12-22,BEARISH_TO_BULLISH,49.0,MODERATE,1.0,837.1,2.0905507107872414,8.421932863457174,
TITAN,2025-07-22,BEARISH_TO_BULLISH,13.7,WEAK,1.0,3471.4,0.37448867891916804,-2.258454802097139,-2.7337673561099294
TITAN,2025-08-06,BULLISH_TO_BEARISH,5.8,WEAK,-1.0,3415.7,-1.3028076236203414,-2.081564540211388,-2.157683637321787
TITAN,2025-08-12,BEARISH_TO_BULLISH,7.2,WEAK,1.0,3466.8,0.6518980039229234,2.922002999884612,4.312334140994577
TITAN,2025-09-08,BULLISH_TO_BEARISH,3.2,WEAK,-1.0,3630.1,0.2617007795928487,1.6032616181372366,2.0192281204374463
TITAN,2025-09-30,BEARISH_TO_BULLISH,0.6,WEAK,1.0,3408.2,1.3232791502846184,0.2934100111495805,4.178158558770028
TITAN,2025-10-03,BULLISH_TO_BEARISH,10.4,WEAK,-1.0,3425.4,0.21019442984761702,-3.655047585683419,-3.158755181876564
TITAN,2025-10-17,BEARISH_TO_BULLISH,30.4,WEAK,1.0,3737.2,-0.21941560526596965,-0.5967034143208747,-0.5405116129722738
TITAN,2025-10-27,BULLISH_TO_BEARISH,0.6,WEAK,-1.0,3717.0,-0.8420769437718639,-0.7990314769975738,-2.5961797148237826
TITAN,2025-11-12,BEARISH_TO_BULLISH,35.1,MODERATE,1.0,3839.2,-0.263075640758489,1.0431860804334285,1.6409668680975205
TITAN,2025-11-14,BULLISH_TO_BEARISH,2.8,WEAK,-1.0,3868.6,-0.27529338778886653,-0.8685312516155692,-0.14734012304193436
TITAN,2025-11-26,BEARISH_TO_BULLISH,6.7,WEAK,1.0,3903.4,0.11272224214787341,-0.450888968591482,-2.6387252139160733
TITAN,2025-12-09,BULLISH_TO_BEARISH,0.8,WEAK,-1.0,3845.7,0.027303221780162968,-0.5330629014223679,-1.613490391866245
TITAN,2025-12-12,BEARISH_TO_BULLISH,6.4,WEAK,1.0,3866.2,1.6372665666546011,1.3734416222647654,1.7471936268170345
TITAN,2026-01-01,BULLISH_TO_BEARISH,1.4,WEAK,-1.0,4051.7,-0.6910679467877682,-5.466841079053237,-3.7046178147444375
TITAN,2026-01-07,BEARISH_TO_BULLISH,19.6,WEAK,1.0,4249.0,-1.1108496116733306,-0.23181925158861763,-1.2261708637326516
TITAN,2026-01-20,BULLISH_TO_BEARISH,16.3,WEAK,-1.0,4079.2,1.4855854089037046,2.0151010001961125,3.419788193763483
TITAN,2026-01-27,BEARISH_TO_BULLISH,4.4,WEAK,1.0,3975.25,-0.8942833784038786,-0.5546820954656986,4.200993648198226
TITAN,2026-01-30,BULLISH_TO_BEARISH,1.0,WEAK,-1.0,3953.2,-2.9178893048669523,-3.654001821309315,-7.703885459880608
TITAN,2026-02-18,BEARISH_TO_BULLISH,28.0,WEAK,1.0,4198.15,0.9111156104474591,2.295058537689229,3.4396103045389177
TITAN,2026-03-06,BULLISH_TO_BEARISH,14.9,WEAK,-1.0,4159.15,-1.465443660363313,0.7116838777153855,1.6421624610797814
TITAN,2026-03-25,BEARISH_TO_BULLISH,46.1,MODERATE,1.0,3981.5,-0.7559964837372826,2.905939972372217,6.256436016576676
TITAN,2026-04-15,BULLISH_TO_BEARISH,3.4,WEAK,-1.0,4461.4,-1.4457345227955352,-0.41018514367687686,0.10758954588244213
TITAN,2026-05-14,BEARISH_TO_BULLISH,11.7,WEAK,1.0,4169.1,0.014391595308326838,-1.50392170972154,-2.141949101724597
TITAN,2026-05-29,BULLISH_TO_BEARISH,13.4,WEAK,-1.0,4024.6,-1.3293246533817025,-5.12597525219897,-4.1693584455598005
TITAN,2026-06-15,BEARISH_TO_BULLISH,35.6,MODERATE,1.0,4338.0,0.9797141539880129,1.8879668049792446,-0.7538035961272435
TITAN,2026-06-23,BULLISH_TO_BEARISH,15.2,WEAK,-1.0,4324.2,0.7654595069608126,-1.8454280560566159,-3.6307293834697747
TITAN,2026-06-30,BEARISH_TO_BULLISH,27.5,WEAK,1.0,4398.5,1.880186427191084,1.9529385017619563,4.271910878708642
TMPV,2025-10-30,BULLISH_TO_BEARISH,12.2,WEAK,-1.0,410.0,-1.707317073170732,0.5243902439024335,-0.10975609756097285
TMPV,2025-12-12,BEARISH_TO_BULLISH,7.0,WEAK,1.0,347.15,-0.48970185798645793,-0.3888808872245329,3.456718997551491
TMPV,2025-12-16,BULLISH_TO_BEARISH,28.8,WEAK,-1.0,346.35,0.15879890284394724,-3.6956835570954105,-3.7101198209903172
TMPV,2025-12-18,BEARISH_TO_BULLISH,40.0,MODERATE,1.0,352.65,1.84318729618602,1.857365660002839,1.6872252942010624
TMPV,2025-12-31,BULLISH_TO_BEARISH,21.7,WEAK,-1.0,367.55,-0.7618011154944936,-0.3672969663991201,2.2037817983947825
TMPV,2026-01-02,BEARISH_TO_BULLISH,40.0,MODERATE,1.0,373.55,-1.2448132780083079,-3.774595101057428,-6.03667514388971
TMPV,2026-01-08,BULLISH_TO_BEARISH,29.8,WEAK,-1.0,354.15,0.8894536213468804,1.2282930961456915,2.866017224339963
TMPV,2026-01-16,BEARISH_TO_BULLISH,45.4,MODERATE,1.0,344.0,-1.7877906976744118,0.9593023255813987,-1.0029069767441827
TMPV,2026-01-30,BULLISH_TO_BEARISH,35.8,MODERATE,-1.0,362.9,-2.521355745384413,-3.100027555800496,-3.9955910719206393
TMPV,2026-02-03,BEARISH_TO_BULLISH,37.6,MODERATE,1.0,375.45,-0.3462511652683477,0.519376747902514,2.4637102144093754
TMPV,2026-02-05,BULLISH_TO_BEARISH,14.3,WEAK,-1.0,369.55,-2.1242051143282277,-4.09958057096468,-2.8954133405493137
TMPV,2026-02-23,BEARISH_TO_BULLISH,22.0,WEAK,1.0,377.55,1.1389219970864817,1.350814461660698,-6.97920805191366
TMPV,2026-02-25,BULLISH_TO_BEARISH,27.8,WEAK,-1.0,391.55,2.2730174945728603,10.30519729281063,10.420125143659815
TMPV,2026-03-18,BEARISH_TO_BULLISH,40.1,MODERATE,1.0,309.3,1.5518913676042714,0.6142903330100152,-1.9721952796637643
TMPV,2026-03-30,BULLISH_TO_BEARISH,71.5,STRONG,-1.0,302.95,-0.11553061561314498,-1.8980029707872585,-10.001650437365905
TMPV,2026-04-07,BEARISH_TO_BULLISH,28.3,WEAK,1.0,334.75,-0.4480955937266617,3.2113517550410755,6.437640029873043
TMPV,2026-04-16,BULLISH_TO_BEARISH,42.2,MODERATE,-1.0,360.1,1.2218828103304733,-0.48597611774507077,2.665926131630109
TMPV,2026-05-22,BEARISH_TO_BULLISH,62.8,STRONG,1.0,373.25,3.3087742799732145,5.532484929671796,4.54119223040857
TMPV,2026-06-01,BULLISH_TO_BEARISH,51.4,MODERATE,-1.0,390.2,-2.0374167093798023,-1.9477191184008262,0.6150691952844637
TMPV,2026-06-22,BEARISH_TO_BULLISH,18.1,WEAK,1.0,354.55,-1.3679311803694887,-2.679452827527852,-1.9038217458750526
TMPV,2026-06-24,BULLISH_TO_BEARISH,66.8,STRONG,-1.0,353.2,2.3074745186862904,1.528878822197049,2.576443941109843
TMPV,2026-06-29,BEARISH_TO_BULLISH,13.2,WEAK,1.0,352.2,-1.2492901760363364,-2.299829642248713,-2.8109028960817652
TMPV,2026-07-02,BULLISH_TO_BEARISH,62.7,STRONG,-1.0,344.1,-0.8573089218250476,3.5018889857599564,1.7872711421098617
TORNTPHARM,2025-07-28,BULLISH_TO_BEARISH,12.2,WEAK,-1.0,3768.1,0.9951965181391152,2.3858177861521748,4.7477508558690085
TORNTPHARM,2025-07-30,BEARISH_TO_BULLISH,21.0,WEAK,1.0,3741.9,-1.7023437291215766,-4.080814559448416,-3.880381624308513
TORNTPHARM,2025-10-03,BULLISH_TO_BEARISH,9.1,WEAK,-1.0,3526.0,-0.30913216108905534,-0.6948383437322746,0.22121384004538236
TORNTPHARM,2025-10-24,BEARISH_TO_BULLISH,20.6,WEAK,1.0,3596.4,-0.5533311088866669,0.1668335001668335,0.886998109220334
TORNTPHARM,2025-11-19,BULLISH_TO_BEARISH,10.7,WEAK,-1.0,3721.4,0.9378191003385846,-0.6395442575374786,-0.2418444671360241
TORNTPHARM,2025-12-24,BEARISH_TO_BULLISH,23.3,WEAK,1.0,3816.25,-0.5908942024238502,0.883065836881751,1.8093678349164803
TORNTPHARM,2026-02-12,BULLISH_TO_BEARISH,23.4,WEAK,-1.0,4077.95,-4.501036059784946,-3.2577643178557945,-4.014271876800839
TORNTPHARM,2026-02-17,BEARISH_TO_BULLISH,4.5,WEAK,1.0,4210.8,0.3692884962477482,2.298850574712648,4.942053766505164
TORNTPHARM,2026-04-06,BULLISH_TO_BEARISH,0.3,WEAK,-1.0,4051.2,0.5430489731437599,-2.567140600315956,-2.668345181674575
TORNTPOWER,2025-10-14,BEARISH_TO_BULLISH,5.4,WEAK,1.0,1309.75,2.1225424699370077,-0.42374498950180983,1.4239358656232175
TORNTPOWER,2025-10-20,BULLISH_TO_BEARISH,4.5,WEAK,-1.0,1319.2,-0.6973923590054613,-0.18950879320800484,0.4207095209217673
TORNTPOWER,2025-11-17,BEARISH_TO_BULLISH,8.9,WEAK,1.0,1313.1,-0.9367146447338326,-1.6525778691645585,-1.5307288096869935
TORNTPOWER,2026-01-06,BULLISH_TO_BEARISH,20.2,WEAK,-1.0,1396.8,2.656071019473075,3.271764032073314,3.701317296678125
TORNTPOWER,2026-01-21,BEARISH_TO_BULLISH,1.1,WEAK,1.0,1321.45,-3.840478262514662,0.8664724355821292,5.00586476976048
TORNTPOWER,2026-03-04,BULLISH_TO_BEARISH,41.8,MODERATE,-1.0,1503.75,1.4929343308395708,3.4713216957606012,-0.14962593516209477
TORNTPOWER,2026-04-23,BEARISH_TO_BULLISH,29.9,WEAK,1.0,1699.5,4.28949691085614,,
TRENT,2025-07-30,BEARISH_TO_BULLISH,15.8,WEAK,1.0,5018.0,3.2283778397768033,5.9685133519330416,5.689517736149861
TRENT,2025-08-20,BULLISH_TO_BEARISH,7.6,WEAK,-1.0,5452.5,0.6327372764786795,2.8885832187070153,2.8335625859697386
TRENT,2025-08-28,BEARISH_TO_BULLISH,5.1,WEAK,1.0,5298.0,2.8690071725179314,3.4163835409588525,4.350698376745942
TRENT,2025-09-05,BULLISH_TO_BEARISH,2.2,WEAK,-1.0,5315.5,1.8248518483679803,2.7184648668986924,3.4333552817232618
TRENT,2025-09-26,BEARISH_TO_BULLISH,5.8,WEAK,1.0,4730.5,-1.1203889652256631,1.8010781101363453,-0.9407039425007927
TRENT,2025-10-07,BULLISH_TO_BEARISH,30.2,WEAK,-1.0,4616.65,-0.9617363239578602,-1.4079473211094626,-2.325279152632328
TRENT,2025-10-10,BEARISH_TO_BULLISH,5.7,WEAK,1.0,4681.65,-1.3766513942733827,2.3848429506691136,2.5770828660835505
TRENT,2025-11-10,BULLISH_TO_BEARISH,55.0,MODERATE,-1.0,4315.8,-1.3879234440891521,-1.7459103758283387,-1.3473747625005708
TRENT,2025-11-12,BEARISH_TO_BULLISH,22.3,WEAK,1.0,4326.3,1.498971407438214,1.1014030464831297,1.4469639183597867
TRENT,2025-11-27,BULLISH_TO_BEARISH,10.1,WEAK,-1.0,4250.4,0.8093355919442791,1.463391680782981,1.5457368718238242
TRENT,2025-12-22,BEARISH_TO_BULLISH,29.6,WEAK,1.0,4189.4,2.3905571203513762,0.8736334558648103,2.1375375948823265
TRENT,2026-01-07,BULLISH_TO_BEARISH,31.3,WEAK,-1.0,3990.35,0.43605197539063223,1.7178944202889401,2.270477527033967
TRENT,2026-01-23,BEARISH_TO_BULLISH,13.6,WEAK,1.0,3794.95,1.8195233138776583,-0.2490151385393699,0.7338700114626112
TRENT,2026-01-29,BULLISH_TO_BEARISH,6.5,WEAK,-1.0,3785.5,1.7078325188218224,-5.9992075023114495,-8.679170519085991
TRENT,2026-02-12,BEARISH_TO_BULLISH,41.7,MODERATE,1.0,4252.0,-0.5291627469426152,-1.5251646284101685,-3.7876293508937016
TRENT,2026-02-16,BULLISH_TO_BEARISH,6.8,WEAK,-1.0,4174.95,-0.2922190684918339,2.012000143714296,5.834800416771457
TRENT,2026-02-23,BEARISH_TO_BULLISH,20.2,WEAK,1.0,3931.35,-0.22511351062611848,-0.8101542727053025,-4.43995065308354
TRENT,2026-02-25,BULLISH_TO_BEARISH,25.3,WEAK,-1.0,3856.05,-1.1268007416916228,2.5738774134152824,3.455608718766613
TRENT,2026-04-02,BEARISH_TO_BULLISH,26.3,WEAK,1.0,3833.6,-0.2765025041736203,0.44605592654423804,1.0903589315525926
TRENT,2026-04-23,BULLISH_TO_BEARISH,69.4,STRONG,-1.0,4297.4,0.8493507702331643,1.6079489924140051,3.2345138921208174
TRENT,2026-05-21,BEARISH_TO_BULLISH,17.2,WEAK,1.0,4296.5,0.07913417898288459,-1.1148609333178083,-3.2398463865937353
TRENT,2026-06-01,BULLISH_TO_BEARISH,32.5,WEAK,-1.0,4210.4,-1.1210336310089477,34.110773323199695,34.17965038951167
TRENT,2026-06-18,BEARISH_TO_BULLISH,39.1,MODERATE,1.0,3205.7,-0.7860997598028454,1.288330161899123,1.6408272764138994
TRENT,2026-06-22,BULLISH_TO_BEARISH,15.3,WEAK,-1.0,3142.9,-3.3122275605332625,-3.6717681122530177,-4.689936046326644
TRENT,2026-06-30,BEARISH_TO_BULLISH,30.8,WEAK,1.0,3290.3,0.8357900495395556,1.6259915509224083,-11.132723459866886
TRENT,2026-07-02,BULLISH_TO_BEARISH,0.9,WEAK,-1.0,3340.6,-0.09579117523798937,12.470813626294676,13.105430162246295
TVSMOTOR,2025-07-21,BULLISH_TO_BEARISH,25.2,WEAK,-1.0,2795.4,-0.2575660012878235,0.7512341704228375,-0.2289475567002966
TVSMOTOR,2025-07-28,BEARISH_TO_BULLISH,5.6,WEAK,1.0,2801.8,-0.2926689985009734,2.0129916482261274,6.474409308301793
TVSMOTOR,2025-08-05,BULLISH_TO_BEARISH,0.9,WEAK,-1.0,2952.7,-2.0557455887831573,-0.9652182747993362,-2.2521759745317844
TVSMOTOR,2025-08-07,BEARISH_TO_BULLISH,35.8,MODERATE,1.0,2968.9,0.4142948566809164,1.6942301862642637,8.447573175250083
TVSMOTOR,2025-08-13,BULLISH_TO_BEARISH,0.6,WEAK,-1.0,3020.3,-6.6019931794854685,-6.936397046650994,-9.081879283514875
TVSMOTOR,2025-09-30,BEARISH_TO_BULLISH,24.8,WEAK,1.0,3457.8,-0.04916420845625174,1.610850830007514,0.8343455376250768
TVSMOTOR,2025-10-27,BULLISH_TO_BEARISH,2.0,WEAK,-1.0,3561.8,1.7645572463361323,1.4908192486944905,2.4889101016340076
TVSMOTOR,2025-11-03,BEARISH_TO_BULLISH,1.3,WEAK,1.0,3473.15,-0.7586772814303991,0.5081842131782414,-0.5369765198738923
TVSMOTOR,2025-11-06,BULLISH_TO_BEARISH,29.6,WEAK,-1.0,3456.8,-0.983568618375376,0.06653552418422187,2.033672760934974
TVSMOTOR,2025-11-18,BEARISH_TO_BULLISH,2.6,WEAK,1.0,3477.7,0.2501653391609476,-1.0409178480029853,1.7511573741265805
TVSMOTOR,2025-12-04,BULLISH_TO_BEARISH,2.4,WEAK,-1.0,3665.4,1.4377694112511668,1.604190538549686,0.27964205816554805
TVSMOTOR,2025-12-12,BEARISH_TO_BULLISH,23.4,WEAK,1.0,3639.3,-0.5413128898414604,-1.2955788201027694,1.9316901601956342
TVSMOTOR,2025-12-26,BULLISH_TO_BEARISH,6.8,WEAK,-1.0,3574.2,-1.6898886464103882,-6.15802137541269,-8.112304851435294
TVSMOTOR,2026-02-17,BEARISH_TO_BULLISH,33.0,WEAK,1.0,3885.15,-1.418220660720948,-1.4426727410782128,1.2058736470921305
TVSMOTOR,2026-02-19,BULLISH_TO_BEARISH,13.7,WEAK,-1.0,3816.2,-0.33803259787223133,-3.0344321576437343,-1.4019181384623447
TVSMOTOR,2026-02-24,BEARISH_TO_BULLISH,4.7,WEAK,1.0,3932.0,0.564598168870799,-3.0239064089521897,-2.889114954221768
TVSMOTOR,2026-03-02,BULLISH_TO_BEARISH,32.2,WEAK,-1.0,3746.7,-1.9136840419569294,3.173459310860214,3.894093468919306
TVSMOTOR,2026-04-27,BEARISH_TO_BULLISH,33.3,WEAK,1.0,3495.9,1.6590863583054436,-0.011441974884867728,3.489802339883864
TVSMOTOR,2026-04-30,BULLISH_TO_BEARISH,11.0,WEAK,-1.0,3495.5,-1.1128593906451176,-6.042054069517946,-3.381490487769985
TVSMOTOR,2026-05-21,BEARISH_TO_BULLISH,10.3,WEAK,1.0,3417.5,1.5215801024140452,-1.3343087051938525,-2.1389904901243573
TVSMOTOR,2026-07-21,BULLISH_TO_BEARISH,14.2,WEAK,-1.0,3907.6,,,
ULTRACEMCO,2025-07-30,BEARISH_TO_BULLISH,6.2,WEAK,1.0,12249.0,-1.1102947179361582,0.40003265572699814,0.19593436198873376
ULTRACEMCO,2025-09-03,BULLISH_TO_BEARISH,21.1,WEAK,-1.0,12651.0,0.395225673859774,0.6244565646984428,2.047268990593629
ULTRACEMCO,2025-11-21,BEARISH_TO_BULLISH,1.3,WEAK,1.0,11584.0,-0.034962016574579355,0.28919198895027626,0.6828383977900584
ULTRACEMCO,2025-12-18,BULLISH_TO_BEARISH,5.5,WEAK,-1.0,11496.0,-0.31315240083507306,-2.3295059151008983,-2.6352644398051557
ULTRACEMCO,2025-12-24,BEARISH_TO_BULLISH,4.2,WEAK,1.0,11794.0,0.04197049347126274,-0.08478887569950823,0.8898592504663451
ULTRACEMCO,2026-01-08,BULLISH_TO_BEARISH,6.1,WEAK,-1.0,11941.95,-1.3071567038883811,-2.6222685574801403,-2.9714577602485233
ULTRACEMCO,2026-02-16,BEARISH_TO_BULLISH,1.5,WEAK,1.0,12984.0,0.5229513247073293,-1.678989525569932,-0.1852279728897048
ULTRACEMCO,2026-03-30,BULLISH_TO_BEARISH,37.8,MODERATE,-1.0,10714.0,0.8670897890610383,-2.072055254806795,-6.850849355982826
ULTRACEMCO,2026-05-22,BEARISH_TO_BULLISH,6.0,WEAK,1.0,11726.0,-0.8783899027801467,-2.0808459832850077,-4.784240150093809
ULTRACEMCO,2026-05-27,BULLISH_TO_BEARISH,0.2,WEAK,-1.0,11482.0,2.17732102421181,3.3182372408987986,4.964291935202926
ULTRACEMCO,2026-07-10,BEARISH_TO_BULLISH,30.3,WEAK,1.0,11572.0,-0.6567576909782233,1.7283097131005878,2.8603525751814725
UNIONBANK,2025-07-24,BEARISH_TO_BULLISH,45.0,MODERATE,1.0,136.22,-2.040816326530613,-4.00822199383351,-5.960945529290856
UNIONBANK,2025-07-28,BULLISH_TO_BEARISH,59.2,MODERATE,-1.0,132.73,1.4842160777518263,3.4882844873050525,3.5786935884878974
UNIONBANK,2025-08-12,BEARISH_TO_BULLISH,16.7,WEAK,1.0,135.69,-0.6264278870955814,1.3560321320657405,0.6190581472474046
UNIONBANK,2025-08-18,BULLISH_TO_BEARISH,4.2,WEAK,-1.0,137.53,0.45081073220388607,2.0141060132334836,5.7151167018105244
UNIONBANK,2025-08-20,BEARISH_TO_BULLISH,55.0,MODERATE,1.0,136.53,-1.296418369589109,-5.024536731853814,-8.576869552479314
UNIONBANK,2025-08-22,BULLISH_TO_BEARISH,22.8,WEAK,-1.0,133.04,2.5330727600721623,6.178592904389657,4.043896572459407
UNIONBANK,2025-10-21,BEARISH_TO_BULLISH,56.8,MODERATE,1.0,142.85,-0.7700385019250924,2.9401470073503795,-0.3850192509625362
UNIONBANK,2025-10-30,BULLISH_TO_BEARISH,73.0,STRONG,-1.0,148.65,-1.513622603430878,-1.0090817356205852,-3.767238479650181
UNIONBANK,2025-11-17,BEARISH_TO_BULLISH,45.7,MODERATE,1.0,153.1,0.9144350097975217,-1.4369693011103781,-0.16329196603527107
UNIONBANK,2025-11-28,BULLISH_TO_BEARISH,63.4,STRONG,-1.0,154.2,-1.0051880674448843,1.1348897535667966,3.7937743190661446
UNIONBANK,2025-12-12,BEARISH_TO_BULLISH,67.3,STRONG,1.0,153.65,-0.2928734136023541,0.3254149040026033,-0.553205336804422
UNIONBANK,2025-12-17,BULLISH_TO_BEARISH,28.1,WEAK,-1.0,154.15,0.0648718780408656,1.1676938047356544,2.5624391826143476
UNIONBANK,2025-12-24,BEARISH_TO_BULLISH,5.6,WEAK,1.0,150.2,-0.69906790945405,2.3635153129161193,4.327563249001331
UNIONBANK,2026-01-02,BULLISH_TO_BEARISH,40.0,MODERATE,-1.0,162.35,-2.0942408376963386,0.5543578688019746,-1.0163227594702837
UNIONBANK,2026-01-06,BEARISH_TO_BULLISH,30.4,WEAK,1.0,166.35,-2.945596633603851,-1.4126840997895969,7.784791103095892
UNIONBANK,2026-01-08,BULLISH_TO_BEARISH,74.7,STRONG,-1.0,162.25,-1.078582434514638,-10.508474576271192,-9.368258859784277
UNIONBANK,2026-01-12,BEARISH_TO_BULLISH,64.3,STRONG,1.0,166.2,7.88206979542721,6.768953068592058,3.7605294825511435
UNIONBANK,2026-01-19,BULLISH_TO_BEARISH,57.2,MODERATE,-1.0,175.7,1.8497438816163916,1.6789982925441027,-3.5571997723392146
UNIONBANK,2026-01-23,BEARISH_TO_BULLISH,57.0,MODERATE,1.0,175.2,3.8527397260273974,3.1678082191780885,-0.4566210045662003
UNIONBANK,2026-01-29,BULLISH_TO_BEARISH,29.7,WEAK,-1.0,180.75,5.311203319502072,2.5726141078838203,1.4384508990318088
UNIONBANK,2026-02-04,BEARISH_TO_BULLISH,18.3,WEAK,1.0,177.9,0.14052838673412027,0.7588532883642464,1.7425519955030884
UNIONBANK,2026-02-10,BULLISH_TO_BEARISH,22.1,WEAK,-1.0,180.35,-0.36041031327973705,-1.5248128638757972,-7.069586914333241
UNIONBANK,2026-02-16,BEARISH_TO_BULLISH,55.2,MODERATE,1.0,188.9,2.2233986236103696,2.699841185812596,6.193753308628898
UNIONBANK,2026-02-26,BULLISH_TO_BEARISH,2.3,WEAK,-1.0,202.25,2.02719406674907,5.463535228677385,11.470951792336212
UNIONBANK,2026-05-19,BEARISH_TO_BULLISH,40.2,MODERATE,1.0,159.0,0.7044025157232733,6.207547169811323,6.113207547169811
UNIONBANK,2026-06-11,BULLISH_TO_BEARISH,44.1,MODERATE,-1.0,170.05,-0.7350779182593354,-2.169950014701557,-3.3578359306086325
UNIONBANK,2026-06-15,BEARISH_TO_BULLISH,22.7,WEAK,1.0,170.56,1.8644465290806793,3.0487804878048714,2.673545966228894
UNIONBANK,2026-06-30,BULLISH_TO_BEARISH,12.3,WEAK,-1.0,174.88,0.30306495882891193,7.891125343092396,11.716605672461123
UNIONBANK,2026-07-20,BEARISH_TO_BULLISH,75.0,STRONG,1.0,176.11,-3.106013287150092,,
UNIONBANK,2026-07-22,BULLISH_TO_BEARISH,55.0,MODERATE,-1.0,,,,
UNITDSPR,2025-07-25,BEARISH_TO_BULLISH,3.0,WEAK,1.0,1316.0,0.60790273556231,1.8389057750759914,1.8009118541033469
UNITDSPR,2025-08-05,BULLISH_TO_BEARISH,29.9,WEAK,-1.0,1308.2,1.3912245833970376,0.45864546705396725,0.15288182235132242
UNITDSPR,2025-08-20,BEARISH_TO_BULLISH,4.3,WEAK,1.0,1337.0,-0.5310396409872782,-2.5579655946148128,-1.944652206432311
UNITDSPR,2025-09-04,BULLISH_TO_BEARISH,16.0,WEAK,-1.0,1312.1,1.2270406219038115,0.6554378477250141,0.18291288773720477
UNITDSPR,2025-09-16,BEARISH_TO_BULLISH,8.2,WEAK,1.0,1337.1,-0.7254506020491974,0.20940842121009515,1.0320843616782724
UNITDSPR,2025-09-18,BULLISH_TO_BEARISH,25.6,WEAK,-1.0,1328.2,-0.8808914320132545,-1.7090799578376785,2.3189278723083837
UNITDSPR,2025-09-29,BEARISH_TO_BULLISH,7.6,WEAK,1.0,1324.3,1.691459639054602,2.771275390772487,0.6645020010571588
UNITDSPR,2025-10-01,BULLISH_TO_BEARISH,10.6,WEAK,-1.0,1362.7,0.12475232993322415,2.1721582153078547,1.8859616936963415
UNITDSPR,2025-10-17,BEARISH_TO_BULLISH,24.2,WEAK,1.0,1365.6,-0.4320445225541787,-0.6004686584651303,-0.9812536613942491
UNITDSPR,2025-10-30,BULLISH_TO_BEARISH,4.0,WEAK,-1.0,1431.4,-1.1317591169484293,1.0409389408970302,1.5299706580969743
UNITDSPR,2025-11-21,BEARISH_TO_BULLISH,29.7,WEAK,1.0,1431.2,-0.05589714924538531,1.0201229737283335,1.1109558412520866
UNITDSPR,2025-12-23,BULLISH_TO_BEARISH,3.2,WEAK,-1.0,1422.1,-0.4430068208986838,-0.11954152309964457,1.2587019196962144
UNITDSPR,2025-12-29,BEARISH_TO_BULLISH,7.9,WEAK,1.0,1423.8,1.39766821182751,-2.9638994240764185,-3.315072341621018
UNITDSPR,2026-01-01,BULLISH_TO_BEARISH,19.2,WEAK,-1.0,1381.6,0.4415170816444636,0.2750434279096667,3.6624203821655987
UNITDSPR,2026-01-22,BEARISH_TO_BULLISH,15.5,WEAK,1.0,1333.0,-1.6129032258064515,-0.19504876219054082,1.0127531882970742
UNITDSPR,2026-02-20,BULLISH_TO_BEARISH,31.5,WEAK,-1.0,1416.9,-0.3246524101912562,1.9832027666031573,3.550003528830558
UNITDSPR,2026-04-22,BEARISH_TO_BULLISH,22.8,WEAK,1.0,1382.3,0.6944946827750949,-0.5715112493669872,-4.101859220140349
UNITDSPR,2026-05-07,BULLISH_TO_BEARISH,29.3,WEAK,-1.0,1280.8,1.1477201748906969,1.9050593379137934,-3.1152404747033176
UNITDSPR,2026-05-22,BEARISH_TO_BULLISH,12.8,WEAK,1.0,1284.1,0.7242426602289683,-1.0980453235729235,-0.7086675492562814
UNOMINDA,2025-07-29,BEARISH_TO_BULLISH,29.2,WEAK,1.0,1069.8,-2.654701813423057,-0.7197607029351324,1.5516919050289901
UNOMINDA,2025-09-22,BULLISH_TO_BEARISH,9.9,WEAK,-1.0,1317.1,0.630172348341049,3.6595550831371817,1.3894161415230397
UNOMINDA,2025-09-30,BEARISH_TO_BULLISH,13.7,WEAK,1.0,1324.4,-0.6342494714587806,3.1636967683479207,-4.866354575656905
UNOMINDA,2025-10-03,BULLISH_TO_BEARISH,4.9,WEAK,-1.0,1335.8,-2.2832759395119027,5.678245246294349,7.673304386884264
UNOMINDA,2025-10-17,BEARISH_TO_BULLISH,0.1,WEAK,1.0,1229.65,-0.29683243199285086,-3.0618468669946806,-2.3136664904647697
UNOMINDA,2025-10-31,BULLISH_TO_BEARISH,1.5,WEAK,-1.0,1264.55,0.9924479063698514,2.7559210786445703,-3.6811513977304147
UNOMINDA,2025-11-21,BEARISH_TO_BULLISH,0.9,WEAK,1.0,1279.55,0.4454691102340702,2.5673088195068687,2.3094056504239737
UNOMINDA,2025-11-27,BULLISH_TO_BEARISH,5.2,WEAK,-1.0,1306.8,-0.176002448729718,3.0532598714416794,2.6323844505662586
UNOMINDA,2025-12-22,BEARISH_TO_BULLISH,20.6,WEAK,1.0,1296.25,-0.3047251687560305,-2.117647058823533,-0.8061716489874674
UNOMINDA,2025-12-26,BULLISH_TO_BEARISH,17.9,WEAK,-1.0,1268.8,-0.3546658259773014,-1.4147225725094614,-5.343631778058004
UNOMINDA,2025-12-30,BEARISH_TO_BULLISH,7.2,WEAK,1.0,1285.8,0.07388396329133967,3.950847721263023,2.5198320111992607
UNOMINDA,2026-01-09,BULLISH_TO_BEARISH,30.8,WEAK,-1.0,1210.0,0.7644628099173554,2.1487603305785123,7.404958677685943
UNOMINDA,2026-01-21,BEARISH_TO_BULLISH,8.0,WEAK,1.0,1173.5,-3.357477631018329,-2.121857690668947,0.7498934810396212
UNOMINDA,2026-02-06,BULLISH_TO_BEARISH,54.6,MODERATE,-1.0,1204.0,-2.2591362126245884,-3.646179401993363,-1.1129568106312369
UNOMINDA,2026-02-10,BEARISH_TO_BULLISH,47.5,MODERATE,1.0,1245.8,0.16856638304704902,-2.279659656445647,-2.9699791298763847
UNOMINDA,2026-03-02,BULLISH_TO_BEARISH,40.2,MODERATE,-1.0,1124.45,0.5469340566499258,3.7707323580417174,3.8018586864689405
UNOMINDA,2026-05-22,BEARISH_TO_BULLISH,14.0,WEAK,1.0,1118.5,-0.3218596334376316,-1.5020116227089813,-2.5659365221278536
UPL,2025-07-23,BEARISH_TO_BULLISH,32.7,WEAK,1.0,726.55,-0.5987199779781033,-0.06881838827334663,-3.1312366664372724
UPL,2025-07-28,BULLISH_TO_BEARISH,8.8,WEAK,-1.0,726.05,0.5715859789270681,8.387852076303282,0.7712967426485654
UPL,2025-08-05,BEARISH_TO_BULLISH,29.1,WEAK,1.0,705.3,0.021267545725236207,-1.6446902027505896,-2.7364242166453927
UPL,2025-08-07,BULLISH_TO_BEARISH,24.0,WEAK,-1.0,688.75,-0.7186932849364858,0.3992740471869328,-0.3194192377495529
UPL,2025-08-25,BEARISH_TO_BULLISH,18.2,WEAK,1.0,723.1,-0.8850781358041734,0.6707232747891057,-1.0372009403955191
UPL,2025-09-05,BULLISH_TO_BEARISH,51.3,MODERATE,-1.0,705.8,0.25502975347123186,0.587985264947574,1.7285349957494947
UPL,2025-09-17,BEARISH_TO_BULLISH,21.1,WEAK,1.0,698.95,-1.1231132412905103,-3.1118105730023604,-4.270691751913588
UPL,2025-09-19,BULLISH_TO_BEARISH,49.3,MODERATE,-1.0,682.8,0.8201523140011584,2.0064440538957133,4.188635032220256
UPL,2025-09-25,BEARISH_TO_BULLISH,8.8,WEAK,1.0,648.0,0.9567901234567971,2.075617283950624,5.146604938271609
UPL,2025-10-01,BULLISH_TO_BEARISH,1.3,WEAK,-1.0,673.7,-1.1355202612438737,-0.16327742318538058,-1.1206768591361072
UPL,2025-10-27,BEARISH_TO_BULLISH,23.4,WEAK,1.0,702.6,2.483632223171069,2.4907486478793053,4.091944207230287
UPL,2025-10-31,BULLISH_TO_BEARISH,10.6,WEAK,-1.0,730.55,-0.10950653617138707,-2.381767161727478,-2.9840531106700525
UPL,2025-12-02,BEARISH_TO_BULLISH,2.0,WEAK,1.0,742.6,1.8650686776191787,-0.37032049555615404,-0.7675733907891255
UPL,2025-12-05,BULLISH_TO_BEARISH,5.2,WEAK,-1.0,739.85,0.020274379941877037,-0.8109751976752044,-3.487193350003373
UPL,2025-12-22,BEARISH_TO_BULLISH,56.0,MODERATE,1.0,781.0,-1.062740076824578,-1.2868117797695204,1.8117797695262454
UPL,2025-12-30,BULLISH_TO_BEARISH,27.2,WEAK,-1.0,795.15,-1.2827768345595227,-1.2513362258693386,-0.9872351128717881
UPL,2026-01-01,BEARISH_TO_BULLISH,19.7,WEAK,1.0,804.65,0.05592493630771708,-0.20505809979493908,-4.101161995898838
UPL,2026-01-07,BULLISH_TO_BEARISH,6.2,WEAK,-1.0,794.5,2.8760226557583413,2.6494650723725557,0.5412208936437954
UPL,2026-01-27,BEARISH_TO_BULLISH,36.9,MODERATE,1.0,715.1,0.1188644944763002,-2.314361627744381,6.097049363725357
UPL,2026-02-06,BULLISH_TO_BEARISH,45.2,MODERATE,-1.0,744.05,-0.26207916134668985,-0.11423963443317287,1.3775955916941065
UPL,2026-02-18,BEARISH_TO_BULLISH,24.0,WEAK,1.0,765.05,-1.6600222207698756,-17.580550290830665,-16.28651722109665
UPL,2026-02-23,BULLISH_TO_BEARISH,75.0,STRONG,-1.0,630.55,0.6898739195939908,-1.0863531837284948,2.608833558004906
UPL,2026-03-06,BEARISH_TO_BULLISH,10.8,WEAK,1.0,625.0,0.8479999999999926,0.6479999999999928,-2.592000000000007
UPL,2026-03-10,BULLISH_TO_BEARISH,28.3,WEAK,-1.0,625.85,-0.5113046257090248,2.724294958855967,-0.9027722297675125
UPL,2026-03-12,BEARISH_TO_BULLISH,15.4,WEAK,1.0,609.4,-0.09845749917952458,3.626517886445688,2.650147686248766
UPL,2026-03-27,BULLISH_TO_BEARISH,22.4,WEAK,-1.0,567.95,-4.674707280570464,-7.00765912492296,-12.729993837485685
UPL,2026-04-10,BEARISH_TO_BULLISH,10.3,WEAK,1.0,643.75,2.4932038834951387,3.2543689320388416,1.6388349514563034
UPL,2026-05-05,BULLISH_TO_BEARISH,25.7,WEAK,-1.0,660.0,1.4469696969696901,-1.3636363636363635,4.530303030303027
UPL,2026-05-14,BEARISH_TO_BULLISH,11.6,WEAK,1.0,632.25,0.8857255832344837,0.3321470937129336,-0.039541320680110716
UPL,2026-05-29,BULLISH_TO_BEARISH,33.9,WEAK,-1.0,645.25,0.5579232855482407,0.9453700116234053,3.1460674157303306
UPL,2026-07-03,BEARISH_TO_BULLISH,47.2,MODERATE,1.0,608.65,-1.2815246857799976,-4.4031873819107785,-2.7766368191900073
UPL,2026-07-09,BULLISH_TO_BEARISH,36.8,MODERATE,-1.0,594.75,0.5044136191677175,-0.4287515762925523,-3.673812526271546
VBL,2025-07-15,BEARISH_TO_BULLISH,35.2,MODERATE,1.0,480.1,2.0933138929389616,1.9162674442824386,1.5934180379087644
VBL,2025-08-08,BULLISH_TO_BEARISH,32.9,WEAK,-1.0,510.75,-0.6852667645619187,1.7425354870288747,1.0474791972589375
VBL,2025-08-12,BEARISH_TO_BULLISH,31.6,WEAK,1.0,511.1,-1.8098219526511445,-1.115241635687741,1.2032870279788646
VBL,2025-08-20,BULLISH_TO_BEARISH,23.4,WEAK,-1.0,517.25,0.12566457225712466,1.681971967133879,5.819236346060904
VBL,2025-08-22,BEARISH_TO_BULLISH,58.2,MODERATE,1.0,516.0,-1.443798449612401,-5.591085271317834,-3.2558139534883743
VBL,2025-09-04,BULLISH_TO_BEARISH,75.0,STRONG,-1.0,469.65,-0.936867880336428,-1.3094857872884136,-0.03193867773874888
VBL,2025-09-26,BEARISH_TO_BULLISH,8.4,WEAK,1.0,451.7,-1.7710870046491034,-1.826433473544388,-2.590214744299311
VBL,2025-10-01,BULLISH_TO_BEARISH,36.9,MODERATE,-1.0,443.45,1.0147705491036194,1.9393392716202427,-0.04510091329349163
VBL,2025-10-17,BEARISH_TO_BULLISH,17.1,WEAK,1.0,456.35,0.6793031664292684,1.106606771118649,-0.4820861181111089
VBL,2025-10-31,BULLISH_TO_BEARISH,75.0,STRONG,-1.0,474.75,0.7898894154818324,0.9583991574512926,0.8741442864665565
VBL,2025-11-19,BEARISH_TO_BULLISH,11.5,WEAK,1.0,451.5,-0.8527131782945787,-0.5426356589147262,3.499446290143967
VBL,2025-11-27,BULLISH_TO_BEARISH,40.0,MODERATE,-1.0,481.55,-0.5399231647803896,0.8410341605233124,0.3322604090956334
VBL,2025-12-18,BEARISH_TO_BULLISH,42.9,MODERATE,1.0,469.4,3.461866212185769,1.757562846186621,2.833404345973586
VBL,2026-01-05,BULLISH_TO_BEARISH,24.8,WEAK,-1.0,498.85,-2.1750025057632483,1.9745414453242502,-0.471083492031666
VBL,2026-01-07,BEARISH_TO_BULLISH,59.1,MODERATE,1.0,500.9,-2.375723697344775,0.059892194050711,-0.09982032341784787
VBL,2026-01-09,BULLISH_TO_BEARISH,40.8,MODERATE,-1.0,493.85,-1.488306165839823,-1.3263136579933086,0.9618305153386655
VBL,2026-01-14,BEARISH_TO_BULLISH,7.8,WEAK,1.0,500.4,-0.8792965627497956,-4.476418864908069,-5.255795363709024
VBL,2026-01-21,BULLISH_TO_BEARISH,28.7,WEAK,-1.0,487.1,2.668856497639088,3.828782590843776,3.253951960583047
VBL,2026-02-09,BEARISH_TO_BULLISH,75.0,STRONG,1.0,456.5,0.08762322015333565,-1.577217962760129,0.33953997809419745
VBL,2026-02-12,BULLISH_TO_BEARISH,13.7,WEAK,-1.0,449.3,-1.4578232806588052,-3.193857111061644,-1.012686401068331
VBL,2026-02-17,BEARISH_TO_BULLISH,41.7,MODERATE,1.0,463.65,-2.1891512994715794,-1.369567561738373,-1.6823034616628825
VBL,2026-03-05,BULLISH_TO_BEARISH,25.8,WEAK,-1.0,447.65,2.2115492013850058,3.6635764548196086,10.354071261029816
VBL,2026-03-19,BEARISH_TO_BULLISH,4.7,WEAK,1.0,401.45,-4.795117698343505,0.0,-4.32183335409141
VBL,2026-03-23,BULLISH_TO_BEARISH,56.2,MODERATE,-1.0,388.35,-3.3732457834427616,1.0943736320329598,-3.952620059224917
VBL,2026-03-25,BEARISH_TO_BULLISH,32.6,WEAK,1.0,389.25,-1.3230571612074442,3.7122671804752696,2.9800899165061074
VBL,2026-03-30,BULLISH_TO_BEARISH,36.3,MODERATE,-1.0,401.8,-0.47287207565952644,0.23643603782976322,-5.263812842210049
VBL,2026-04-10,BEARISH_TO_BULLISH,45.7,MODERATE,1.0,430.6,3.4602879702740306,10.055736182071517,12.656758012076171
VBL,2026-04-15,BULLISH_TO_BEARISH,6.7,WEAK,-1.0,460.45,-2.92105548919535,-5.353458573134985,-5.179715495710723
VBL,2026-04-28,BEARISH_TO_BULLISH,39.0,MODERATE,1.0,523.1,-1.7969795450200683,-2.179315618428605,-2.389600458803288
VBL,2026-05-12,BULLISH_TO_BEARISH,48.0,MODERATE,-1.0,489.15,-3.2709802719002354,-4.579372380660336,-5.080241234795057
VBL,2026-06-24,BEARISH_TO_BULLISH,27.4,WEAK,1.0,507.65,-0.6993006993006904,1.585738205456529,1.605436816704418
VBL,2026-07-03,BULLISH_TO_BEARISH,6.5,WEAK,-1.0,494.9,2.151949888866433,2.7278238027884423,5.213174378662347
VBL,2026-07-22,BEARISH_TO_BULLISH,40.0,MODERATE,1.0,,,,
VEDL,2025-07-14,BEARISH_TO_BULLISH,32.1,WEAK,1.0,449.95,-0.55561729081009,-0.9223247027447444,0.14446049561063098
VEDL,2025-07-17,BULLISH_TO_BEARISH,26.4,WEAK,-1.0,445.8,-1.805742485419473,-2.2095109914759905,0.5047106325706594
VEDL,2025-07-21,BEARISH_TO_BULLISH,54.8,MODERATE,1.0,450.6,1.1207279183311039,-1.56458055925433,-2.46338215712384
VEDL,2025-08-01,BULLISH_TO_BEARISH,61.4,STRONG,-1.0,431.45,-1.6224359717232586,-1.47178120292039,0.31289836597519205
VEDL,2025-08-19,BEARISH_TO_BULLISH,55.7,MODERATE,1.0,445.5,0.3142536475869758,1.0774410774410799,-4.713804713804714
VEDL,2025-09-01,BULLISH_TO_BEARISH,0.8,WEAK,-1.0,431.6,-1.8188137164040699,-3.2205746061167697,-0.2664504170528214
VEDL,2025-09-17,BEARISH_TO_BULLISH,33.3,WEAK,1.0,455.65,-0.01097333479643466,0.34017337868978637,1.3168001755733567
VEDL,2025-10-03,BULLISH_TO_BEARISH,32.3,WEAK,-1.0,470.8,-0.2230246389124918,-2.8462192013593834,-1.8054375531011044
VEDL,2025-10-09,BEARISH_TO_BULLISH,72.2,STRONG,1.0,482.2,-0.6014102032351675,0.1762754043965207,-1.6901700539195308
VEDL,2025-10-13,BULLISH_TO_BEARISH,23.1,WEAK,-1.0,480.05,-0.624934902614311,1.249869805228622,0.9165711905009967
VEDL,2025-10-23,BEARISH_TO_BULLISH,47.3,MODERATE,1.0,495.6,1.9471347861178323,4.1565778853914495,-0.4136400322841023
VEDL,2025-10-30,BULLISH_TO_BEARISH,26.4,WEAK,-1.0,493.55,-3.9408367946509952,-2.309796373214462,-5.278087326512007
VEDL,2025-12-11,BEARISH_TO_BULLISH,64.6,STRONG,1.0,543.6,1.0669610007358268,4.819720382634277,6.990434142752024
VEDL,2025-12-26,BULLISH_TO_BEARISH,40.0,MODERATE,-1.0,593.1,-2.0991401112797052,-1.6017534985668522,-3.802056988703415
VEDL,2026-01-13,BEARISH_TO_BULLISH,34.1,WEAK,1.0,675.75,1.0284868664446978,-0.5845357010728888,0.4291527931927454
VEDL,2026-01-20,BULLISH_TO_BEARISH,62.2,STRONG,-1.0,676.65,-0.2955737826054829,-4.256262469518965,-13.256484149855915
VEDL,2026-01-22,BEARISH_TO_BULLISH,9.4,WEAK,1.0,684.15,3.113352335014261,12.014909011181766,-3.4349192428560986
VEDL,2026-01-30,BULLISH_TO_BEARISH,75.0,STRONG,-1.0,660.65,-2.2704911829259067,0.8249451297964023,-2.891092106258991
VEDL,2026-02-04,BEARISH_TO_BULLISH,42.2,MODERATE,1.0,655.2,2.419108669108655,5.334249084249073,7.257326007325999
VEDL,2026-02-13,BULLISH_TO_BEARISH,75.0,STRONG,-1.0,679.8,1.706384230656062,0.5369226243012617,-0.21329802883201612
VEDL,2026-02-23,BEARISH_TO_BULLISH,40.0,MODERATE,1.0,695.1,4.704359085023728,3.35203567831966,0.8487987339951052
VEDL,2026-03-02,BULLISH_TO_BEARISH,17.1,WEAK,-1.0,701.0,-1.4621968616262482,-1.1982881597717514,-2.9243937232524964
VEDL,2026-03-25,BEARISH_TO_BULLISH,73.9,STRONG,1.0,649.4,0.8315368032029532,5.890052356020942,9.832152756390517
VEDL,2026-04-20,BULLISH_TO_BEARISH,70.5,STRONG,-1.0,766.8,1.278038601982258,5.979394887845581,3.5863328116849247
VEDL,2026-04-28,BEARISH_TO_BULLISH,40.0,MODERATE,1.0,773.55,-64.89561114342965,-60.713593174326164,-60.51968198565058
VEDL,2026-05-04,BULLISH_TO_BEARISH,36.7,MODERATE,-1.0,303.9,-4.113195129976967,2.451464297466268,-0.3784139519578921
VEDL,2026-05-06,BEARISH_TO_BULLISH,75.0,STRONG,1.0,305.4,-2.930582842174194,-0.11460379829730384,10.969220694171579
VEDL,2026-05-08,BULLISH_TO_BEARISH,74.7,STRONG,-1.0,298.4,-2.228552278820387,-13.572386058981234,-9.58445040214478
VEDL,2026-05-12,BEARISH_TO_BULLISH,71.1,STRONG,1.0,323.35,4.8090304623472875,1.1288077934127034,3.2163290552033326
VEDL,2026-05-18,BULLISH_TO_BEARISH,33.0,WEAK,-1.0,337.65,1.15504220346512,2.280467940174734,-2.147193839774915
VEDL,2026-05-25,BEARISH_TO_BULLISH,43.9,MODERATE,1.0,344.9,2.841403305305889,-2.2470281240939407,-4.841983183531456
VEDL,2026-06-02,BULLISH_TO_BEARISH,37.9,MODERATE,-1.0,328.2,0.2132845825715992,7.2973796465569745,8.805606337599018
VEDL,2026-06-30,BEARISH_TO_BULLISH,40.0,MODERATE,1.0,275.55,0.19960079840319772,2.34077299945563,-1.1794592632915986
VEDL,2026-07-02,BULLISH_TO_BEARISH,45.2,MODERATE,-1.0,280.4,-0.5706134094151294,2.888730385164039,2.7995720399429267
VEDL,2026-07-06,BEARISH_TO_BULLISH,5.7,WEAK,1.0,275.05,-0.9998182148700235,-0.9089256498818397,-2.6722414106526164
VEDL,2026-07-08,BULLISH_TO_BEARISH,41.9,MODERATE,-1.0,271.35,-0.4422332780541693,1.3451262207481238,4.956697991523878
VEDL,2026-07-21,BEARISH_TO_BULLISH,58.1,MODERATE,1.0,262.3,,,
VMM,2026-04-15,BEARISH_TO_BULLISH,38.6,MODERATE,1.0,117.55,1.1909825606125102,4.88302849851128,7.324542747766907
VMM,2026-04-20,BULLISH_TO_BEARISH,20.6,WEAK,-1.0,123.29,-1.0300916538243134,-0.04055478952064008,-2.1899586341146797
VMM,2026-05-08,BEARISH_TO_BULLISH,10.4,WEAK,1.0,122.0,-1.926229508196717,-3.4590163934426217,-0.3032786885245939
VMM,2026-05-19,BULLISH_TO_BEARISH,30.8,WEAK,-1.0,122.14,-0.9742917962993267,0.8924185361061105,0.5649254953332223
VMM,2026-05-21,BEARISH_TO_BULLISH,18.0,WEAK,1.0,121.66,-0.5013973368403744,-0.1726121979286485,-2.6056222258753916
VMM,2026-05-29,BULLISH_TO_BEARISH,29.6,WEAK,-1.0,118.49,-0.6667229302050859,0.1941092075280528,0.9621065068782181
VMM,2026-06-12,BEARISH_TO_BULLISH,27.2,WEAK,1.0,120.7,-3.1068765534382767,-2.3446561723280848,-1.4913007456503704
VMM,2026-06-16,BULLISH_TO_BEARISH,68.9,STRONG,-1.0,118.77,0.7577671129072927,-0.10945524964217368,-0.16839269175718014
VMM,2026-07-10,BEARISH_TO_BULLISH,19.8,WEAK,1.0,116.21,-1.6607865071852617,-3.226916788572412,-4.30255571809655
VMM,2026-07-14,BULLISH_TO_BEARISH,40.9,MODERATE,-1.0,113.94,1.2989292610145724,2.3959978936282287,1.6850974196945776
VMM,2026-07-20,BEARISH_TO_BULLISH,36.3,MODERATE,1.0,113.54,-1.3387352474898804,,
VOLTAS,2025-07-17,BULLISH_TO_BEARISH,4.5,WEAK,-1.0,1377.0,-0.6318082788671058,0.6826434277414736,4.45896877269427
VOLTAS,2025-09-19,BEARISH_TO_BULLISH,24.8,WEAK,1.0,1376.2,-0.25432349949135297,-0.27612265659060853,-0.12352855689580333
VOLTAS,2025-10-07,BULLISH_TO_BEARISH,11.5,WEAK,-1.0,1369.2,-0.9348524685947965,-0.6865322816242962,-3.1332164767747486
VOLTAS,2025-10-09,BEARISH_TO_BULLISH,31.4,WEAK,1.0,1417.3,-2.7305439920976537,-0.36689479997178054,0.65264940379595
VOLTAS,2025-11-06,BULLISH_TO_BEARISH,30.8,WEAK,-1.0,1321.45,-1.4567331340572856,-1.218358621211541,-2.2286125089863438
VOLTAS,2025-11-13,BEARISH_TO_BULLISH,24.9,WEAK,1.0,1350.9,1.7025686579317492,3.767858464727208,3.323710119179796
VOLTAS,2025-11-20,BULLISH_TO_BEARISH,0.7,WEAK,-1.0,1395.8,2.951712279696235,0.6304628170224928,1.3970482877203039
VOLTAS,2026-01-06,BEARISH_TO_BULLISH,8.0,WEAK,1.0,1507.55,-2.553812477198103,-2.6101953500713018,-4.487413352790943
VOLTAS,2026-02-19,BULLISH_TO_BEARISH,24.2,WEAK,-1.0,1546.9,0.562415152886421,1.5838127868640508,-0.9308940461568209
VOLTAS,2026-02-26,BEARISH_TO_BULLISH,14.1,WEAK,1.0,1561.3,-3.98385960417601,-4.867738423108948,-7.993338884263111
VOLTAS,2026-03-02,BULLISH_TO_BEARISH,26.3,WEAK,-1.0,1438.9,-3.2246855236639007,0.16679407881020855,-2.2586698172214885
VOLTAS,2026-03-25,BEARISH_TO_BULLISH,30.3,WEAK,1.0,1322.6,-3.7653107515499737,-6.593074247693923,-7.742325722062595
VOLTAS,2026-03-30,BULLISH_TO_BEARISH,42.2,MODERATE,-1.0,1249.7,1.1442746259102148,2.3605665359686325,-2.736656797631435
VOLTAS,2026-04-15,BEARISH_TO_BULLISH,41.3,MODERATE,1.0,1408.8,2.2217490062464478,3.43554798409995,2.6050539466212412
VOLTAS,2026-05-06,BULLISH_TO_BEARISH,24.8,WEAK,-1.0,1363.9,2.8667790893760636,6.913996627318732,5.161668744042824
VOLTAS,2026-05-19,BEARISH_TO_BULLISH,25.4,WEAK,1.0,1295.8,-1.720944590214536,-0.9106343571538783,-2.6238617070535577
WAAREEENER,2026-01-23,BEARISH_TO_BULLISH,6.7,WEAK,1.0,2695.15,2.0202957163794157,3.4265254253010005,15.110476225813036
WAAREEENER,2026-02-19,BULLISH_TO_BEARISH,39.9,MODERATE,-1.0,2897.5,-0.6315789473684273,6.522864538395168,6.495254529767035
WAAREEENER,2026-02-24,BEARISH_TO_BULLISH,19.6,WEAK,1.0,2708.5,0.34336348532398675,-2.4072364777552084,-2.300166143621938
WAAREEENER,2026-03-20,BULLISH_TO_BEARISH,5.2,WEAK,-1.0,3064.55,-0.7227814850467323,-0.9120425511086396,-0.8043595307630691
WAAREEENER,2026-04-21,BEARISH_TO_BULLISH,0.5,WEAK,1.0,3427.8,-0.431763813524715,-2.027539529727522,2.18799229826711
WAAREEENER,2026-04-30,BULLISH_TO_BEARISH,62.1,STRONG,-1.0,3136.5,-1.4442850310856108,-2.87262872628726,-2.305117168818753
WIPRO,2025-07-30,BEARISH_TO_BULLISH,40.0,MODERATE,1.0,248.3,-2.2351993556182084,-0.9625453080950521,-2.4043495771244454
WIPRO,2025-08-01,BULLISH_TO_BEARISH,71.2,STRONG,-1.0,246.05,0.05689900426743132,1.5118878276773007,1.800447063604961
WIPRO,2025-08-20,BEARISH_TO_BULLISH,47.9,MODERATE,1.0,249.91,-0.5081829458605138,0.8483053899403804,-0.20007202592933457
WIPRO,2025-08-29,BULLISH_TO_BEARISH,37.6,MODERATE,-1.0,250.36,-0.22767215210097186,2.152899824253081,3.13149065345902
WIPRO,2025-09-10,BEARISH_TO_BULLISH,73.2,STRONG,1.0,253.91,-0.7758654641408369,0.03938403371273062,1.1854594147532667
WIPRO,2025-09-12,BULLISH_TO_BEARISH,43.9,MODERATE,-1.0,251.28,-1.086437440305631,-2.2445081184336257,0.37806431072906266
WIPRO,2025-09-30,BEARISH_TO_BULLISH,11.8,WEAK,1.0,241.07,-0.03733355456921368,1.028746837018301,2.2109760650433534
WIPRO,2025-10-03,BULLISH_TO_BEARISH,19.3,WEAK,-1.0,242.15,-0.5781540367540804,-1.7551104687177368,-1.2389015073301672
WIPRO,2025-10-09,BEARISH_TO_BULLISH,36.2,MODERATE,1.0,248.7,-1.4274225975070298,0.6031363088057902,-3.1363088057901023
WIPRO,2025-10-20,BULLISH_TO_BEARISH,2.4,WEAK,-1.0,241.35,-1.2222912782266488,-1.0565568676196444,-0.3936192251916375
WIPRO,2025-10-23,BEARISH_TO_BULLISH,46.1,MODERATE,1.0,243.0,0.37037037037037274,-0.28806584362139454,-0.9670781893004092
WIPRO,2025-10-29,BULLISH_TO_BEARISH,29.2,WEAK,-1.0,241.9,0.5167424555601488,1.6535758577924762,2.232327408019845
WIPRO,2025-11-11,BEARISH_TO_BULLISH,38.4,MODERATE,1.0,245.2,0.06117455138662549,-0.46900489396410167,0.3466557911908739
WIPRO,2025-11-14,BULLISH_TO_BEARISH,42.0,MODERATE,-1.0,244.05,1.2907191149354662,-0.9014546199549226,-1.311206719934435
WIPRO,2025-11-20,BEARISH_TO_BULLISH,40.4,MODERATE,1.0,244.5,1.1247443762781186,2.3312883435582776,2.0654396728016406
WIPRO,2025-11-28,BULLISH_TO_BEARISH,40.0,MODERATE,-1.0,250.3,0.05992808629644654,-2.65681182580902,-4.434678385936862
WIPRO,2025-12-04,BEARISH_TO_BULLISH,64.4,STRONG,1.0,259.9,0.5771450557906888,-0.750288572527891,0.26933435936900557
WIPRO,2025-12-09,BULLISH_TO_BEARISH,58.4,MODERATE,-1.0,257.95,-0.5039736383020009,-1.4731537119596867,-1.240550494281833
WIPRO,2025-12-18,BEARISH_TO_BULLISH,65.2,STRONG,1.0,264.45,3.1007751937984454,1.3613159387407914,-0.07562866326337253
WIPRO,2025-12-24,BULLISH_TO_BEARISH,46.2,MODERATE,-1.0,266.3,0.7698084866691743,1.1265490048817124,-1.0138941043935368
WIPRO,2026-01-02,BEARISH_TO_BULLISH,36.0,MODERATE,1.0,263.3,0.873528294720855,-0.41777440182302417,-0.07595898214963488
WIPRO,2026-01-16,BULLISH_TO_BEARISH,40.0,MODERATE,-1.0,245.95,2.4598495629192856,2.1549095344582163,4.533441756454555
WIPRO,2026-01-23,BEARISH_TO_BULLISH,40.0,MODERATE,1.0,234.8,1.0860306643952227,0.894378194207834,3.364565587734232
WIPRO,2026-01-28,BULLISH_TO_BEARISH,40.0,MODERATE,-1.0,239.8,1.2093411175980007,-1.209341117597989,2.66889074228524
WIPRO,2026-03-11,BEARISH_TO_BULLISH,63.2,STRONG,1.0,202.5,-2.419753086419756,-5.530864197530859,-6.96296296296296
WIPRO,2026-03-13,BULLISH_TO_BEARISH,48.3,MODERATE,-1.0,195.1,1.9477191184008116,3.434136340338282,3.8698103536647785
WIPRO,2026-03-25,BEARISH_TO_BULLISH,35.4,MODERATE,1.0,191.6,-2.061586638830892,1.7223382045929079,6.847599164926933
WIPRO,2026-04-01,BULLISH_TO_BEARISH,4.8,WEAK,-1.0,194.9,-1.2262698819907576,-4.371472550025645,-5.120574653668543
WIPRO,2026-04-28,BEARISH_TO_BULLISH,40.0,MODERATE,1.0,200.68,-0.014949172812438278,-0.4484751843731342,-1.6543751245764367
WIPRO,2026-05-05,BULLISH_TO_BEARISH,37.5,MODERATE,-1.0,199.12,0.8838891120932055,1.2253917235837675,5.685014061872234
WIPRO,2026-05-18,BEARISH_TO_BULLISH,65.7,STRONG,1.0,195.17,0.9991289644925025,4.06824819388227,4.385919967208077
WIPRO,2026-05-29,BULLISH_TO_BEARISH,40.0,MODERATE,-1.0,206.41,-1.661741194709562,1.0125478416743392,11.942250859938959
WIPRO,2026-06-02,BEARISH_TO_BULLISH,68.3,STRONG,1.0,204.1,0.10779029887310086,-10.945614894659482,-12.332190102890735
WIPRO,2026-06-04,BULLISH_TO_BEARISH,40.0,MODERATE,-1.0,198.37,8.373241921661547,9.79986893179412,9.189897665977727
WIPRO,2026-06-29,BEARISH_TO_BULLISH,41.4,MODERATE,1.0,170.39,-0.15259111450201945,3.339397851986634,1.5317800340395644
WIPRO,2026-07-07,BULLISH_TO_BEARISH,43.8,MODERATE,-1.0,172.72,-0.02315886984714685,-3.305928670680875,-1.1174154701250618
YESBANK,2025-07-09,BEARISH_TO_BULLISH,10.8,WEAK,1.0,19.81,-0.75719333669863,3.2811711256941045,1.6658253407370112
YESBANK,2025-07-11,BULLISH_TO_BEARISH,34.4,WEAK,-1.0,19.99,-2.351175587793909,-0.7503751875938076,-0.8504252126063117
YESBANK,2025-07-24,BEARISH_TO_BULLISH,42.8,MODERATE,1.0,19.6,-1.3775510204081791,-1.9387755102040944,-5.10204081632653
YESBANK,2025-07-28,BULLISH_TO_BEARISH,51.4,MODERATE,-1.0,19.4,0.9278350515463903,4.123711340206171,2.7835051546391707
YESBANK,2025-08-19,BEARISH_TO_BULLISH,46.8,MODERATE,1.0,19.36,0.36157024793388576,0.9814049586776926,-3.5123966942148748
YESBANK,2025-08-26,BULLISH_TO_BEARISH,55.0,MODERATE,-1.0,18.68,-2.2483940042826642,-4.657387580299791,-8.618843683083508
YESBANK,2025-09-11,BEARISH_TO_BULLISH,65.1,STRONG,1.0,20.86,0.7190795781399911,1.3902205177372924,1.486097794822638
YESBANK,2025-09-17,BULLISH_TO_BEARISH,40.0,MODERATE,-1.0,21.07,-0.4746084480303817,-1.4712861888941562,-1.3289036544850552
YESBANK,2025-09-23,BEARISH_TO_BULLISH,64.0,STRONG,1.0,21.19,0.7550731477111852,-0.7078810759792455,2.689948088721096
YESBANK,2025-10-03,BULLISH_TO_BEARISH,33.0,WEAK,-1.0,21.93,-1.3223894208846292,-2.2343821249430094,-9.575923392612866
YESBANK,2025-10-09,BEARISH_TO_BULLISH,68.6,STRONG,1.0,24.0,0.12500000000000472,-2.833333333333332,-7.291666666666667
YESBANK,2025-10-14,BULLISH_TO_BEARISH,54.8,MODERATE,-1.0,23.32,0.8576329331046282,2.915951972555745,2.5728987993139
YESBANK,2025-11-14,BEARISH_TO_BULLISH,24.7,WEAK,1.0,23.16,-0.7340241796200419,-2.2884283246977595,-4.145077720207258
YESBANK,2025-11-27,BULLISH_TO_BEARISH,42.0,MODERATE,-1.0,22.93,2.0933275185346725,2.311382468382037,1.4391626689925787
YESBANK,2025-12-29,BEARISH_TO_BULLISH,60.0,STRONG,1.0,21.37,1.0762751520823604,4.3051006083294245,6.738418343472147
YESBANK,2025-12-31,BULLISH_TO_BEARISH,60.0,STRONG,-1.0,21.49,-3.722661703117733,-6.142391810144255,-5.723592368543511
YESBANK,2026-01-07,BEARISH_TO_BULLISH,75.0,STRONG,1.0,22.72,0.5281690140845114,0.30809859154929703,3.2570422535211354
YESBANK,2026-01-19,BULLISH_TO_BEARISH,74.9,STRONG,-1.0,21.69,0.13831258644537175,3.5500230520977385,0.9681881051175696
YESBANK,2026-02-20,BEARISH_TO_BULLISH,41.9,MODERATE,1.0,20.89,-0.3350885591191971,0.7180469123982698,-3.398755385351847
YESBANK,2026-02-25,BULLISH_TO_BEARISH,62.4,STRONG,-1.0,21.04,1.5209125475285186,4.895437262357403,4.3726235741444786
YESBANK,2026-03-18,BEARISH_TO_BULLISH,13.3,WEAK,1.0,18.39,1.03317020119629,-1.740076128330616,-1.4681892332789537
YESBANK,2026-03-30,BULLISH_TO_BEARISH,75.0,STRONG,-1.0,17.91,0.22333891680624873,-1.2283640424343878,-5.695142378559462
YESBANK,2026-04-08,BEARISH_TO_BULLISH,55.0,MODERATE,1.0,18.93,0.7923930269413555,2.271526677231906,6.6561014263074565
YESBANK,2026-04-20,BULLISH_TO_BEARISH,68.7,STRONG,-1.0,19.77,-1.1127971674253863,-0.3540718259989898,-1.0116337885685345
YESBANK,2026-04-23,BEARISH_TO_BULLISH,41.0,MODERATE,1.0,19.84,0.5040322580645233,2.1673387096774177,0.6048387096774244
YESBANK,2026-04-30,BULLISH_TO_BEARISH,48.4,MODERATE,-1.0,19.96,-2.605210420841681,-12.77555110220441,-13.727454909819631
YESBANK,2026-05-05,BEARISH_TO_BULLISH,73.0,STRONG,1.0,22.13,1.7171260732038074,2.5756891098056953,-0.09037505648440837
YESBANK,2026-05-11,BULLISH_TO_BEARISH,45.2,MODERATE,-1.0,22.06,-0.22665457842248737,-0.04533091568450392,0.4079782411604708
YESBANK,2026-05-26,BEARISH_TO_BULLISH,72.1,STRONG,1.0,22.76,1.7135325131810062,0.307557117750425,0.043936731107196876
YESBANK,2026-05-29,BULLISH_TO_BEARISH,40.0,MODERATE,-1.0,23.01,0.7822685788787624,1.0430247718383399,0.04345936549327059
YESBANK,2026-06-15,BEARISH_TO_BULLISH,75.0,STRONG,1.0,23.89,5.106739221431556,6.362494767685221,2.7626622017580584
YESBANK,2026-06-23,BULLISH_TO_BEARISH,68.2,STRONG,-1.0,24.94,0.2806736166800332,3.047313552526069,2.7666399358460354
YESBANK,2026-07-14,BEARISH_TO_BULLISH,23.2,WEAK,1.0,23.6,0.635593220338977,-2.8389830508474647,-1.525423728813572
YESBANK,2026-07-16,BULLISH_TO_BEARISH,60.0,STRONG,-1.0,23.61,2.8801355357899183,1.5671325709445194,
YESBANK,2026-07-22,BEARISH_TO_BULLISH,62.2,STRONG,1.0,,,,
ZYDUSLIFE,2025-07-24,BEARISH_TO_BULLISH,28.6,WEAK,1.0,976.45,0.3686824722207905,1.91510061959137,-2.8060832607916524
ZYDUSLIFE,2025-07-30,BULLISH_TO_BEARISH,2.7,WEAK,-1.0,969.8,2.139616415755826,0.9847391214683393,2.613941018766747
ZYDUSLIFE,2025-09-09,BEARISH_TO_BULLISH,37.7,MODERATE,1.0,1039.6,0.38476337052712584,-0.25971527510579245,-0.5530973451327434
ZYDUSLIFE,2025-09-22,BULLISH_TO_BEARISH,25.1,WEAK,-1.0,1044.85,0.8470115327558894,6.680384744221655,6.024788247116805
ZYDUSLIFE,2025-09-29,BEARISH_TO_BULLISH,16.5,WEAK,1.0,981.9,0.9420511253691822,1.2985029025358998,0.41246562786435165
ZYDUSLIFE,2025-10-07,BULLISH_TO_BEARISH,34.7,WEAK,-1.0,985.95,-0.8722551853542176,-0.9584664536741144,0.8773264364318769
ZYDUSLIFE,2025-10-21,BEARISH_TO_BULLISH,0.6,WEAK,1.0,1009.0,-0.4063429137760181,-0.7680872150644202,-2.2646184340931637
ZYDUSLIFE,2025-11-06,BULLISH_TO_BEARISH,75.0,STRONG,-1.0,944.1,-0.4554602266708987,-0.7732231755110639,-0.03707234403135502
ZYDUSLIFE,2025-11-20,BEARISH_TO_BULLISH,8.7,WEAK,1.0,924.3,0.2542464567781048,1.7580872011251758,1.9690576652602019
ZYDUSLIFE,2025-11-28,BULLISH_TO_BEARISH,7.0,WEAK,-1.0,936.45,-0.6674141705376688,0.07475038710022376,1.2654172673394226
ZYDUSLIFE,2026-01-07,BEARISH_TO_BULLISH,28.4,WEAK,1.0,907.55,-1.3938625971020855,-0.7547793509999349,-4.3468679411602595
ZYDUSLIFE,2026-01-16,BULLISH_TO_BEARISH,38.7,MODERATE,-1.0,881.1,0.8739076154806543,-0.4766768811712554,-1.3903075700828509
ZYDUSLIFE,2026-01-27,BEARISH_TO_BULLISH,12.5,WEAK,1.0,896.9,-0.6912699297580479,-1.9232913368268483,0.930984502174158
ZYDUSLIFE,2026-02-06,BULLISH_TO_BEARISH,39.7,MODERATE,-1.0,923.45,3.9146678217553834,0.2707239157507174,1.4077643619037306
ZYDUSLIFE,2026-02-12,BEARISH_TO_BULLISH,72.6,STRONG,1.0,904.7,0.6355698021443572,0.5913562506908266,-0.43660882060352
ZYDUSLIFE,2026-02-16,BULLISH_TO_BEARISH,6.7,WEAK,-1.0,906.65,-0.37500689350906935,0.6507472563833869,0.3088292064192306
ZYDUSLIFE,2026-02-18,BEARISH_TO_BULLISH,23.3,WEAK,1.0,902.4,-0.18284574468084855,0.16068262411348022,4.00044326241135
ZYDUSLIFE,2026-02-27,BULLISH_TO_BEARISH,14.2,WEAK,-1.0,906.9,1.1026574043444701,-0.6781343036718467,-1.7863049950380467
ZYDUSLIFE,2026-03-25,BEARISH_TO_BULLISH,20.5,WEAK,1.0,896.7,-2.8437604550016724,-3.6188245790119375,-2.5872644139623113
ZYDUSLIFE,2026-05-04,BULLISH_TO_BEARISH,4.8,WEAK,-1.0,912.25,-2.910386407234854,-3.0419292956974515,-2.0169909564264157
ZYDUSLIFE,2026-05-14,BEARISH_TO_BULLISH,34.6,WEAK,1.0,1011.7,-2.036176732232877,2.8812889196401956,2.6934862113274685
ZYDUSLIFE,2026-05-19,BULLISH_TO_BEARISH,40.0,MODERATE,-1.0,1040.85,0.4227314214343915,-3.084017870010101,-4.318585771244661
ZYDUSLIFE,2026-05-22,BEARISH_TO_BULLISH,41.2,MODERATE,1.0,1072.95,0.5685260263758711,0.4427046926697422,0.498625285428017
ZYDUSLIFE,2026-06-01,BULLISH_TO_BEARISH,21.3,WEAK,-1.0,1078.3,0.157655568951131,-0.9923026986923903,-2.5317629602151492
ZYDUSLIFE,2026-06-25,BEARISH_TO_BULLISH,6.9,WEAK,1.0,1121.3,-0.775885133327392,-1.9174172835102117,2.3722464995986923
